{
    "type": "FeatureCollection",
    "name": "In_Out_15min",
    "crs": {
        "type": "name",
        "properties": {
            "name": "urn:ogc:def:crs:EPSG::10731"
        }
    },
    "features": [
        {
            "type": "Feature",
            "properties": {
                "id": 1,
                "name": "entrance_bike_7.1",
                "zoneType": "inflow",
                "modality": "bike",
                "flowProfile": [
                    {
                        "slot": 0,
                        "timeLabel": "00:00",
                        "value": 0
                    },
                    {
                        "slot": 1,
                        "timeLabel": "00:15",
                        "value": 0
                    },
                    {
                        "slot": 2,
                        "timeLabel": "00:30",
                        "value": 0
                    },
                    {
                        "slot": 3,
                        "timeLabel": "00:45",
                        "value": 0
                    },
                    {
                        "slot": 4,
                        "timeLabel": "01:00",
                        "value": 0
                    },
                    {
                        "slot": 5,
                        "timeLabel": "01:15",
                        "value": 0
                    },
                    {
                        "slot": 6,
                        "timeLabel": "01:30",
                        "value": 0
                    },
                    {
                        "slot": 7,
                        "timeLabel": "01:45",
                        "value": 0
                    },
                    {
                        "slot": 8,
                        "timeLabel": "02:00",
                        "value": 0
                    },
                    {
                        "slot": 9,
                        "timeLabel": "02:15",
                        "value": 0
                    },
                    {
                        "slot": 10,
                        "timeLabel": "02:30",
                        "value": 0
                    },
                    {
                        "slot": 11,
                        "timeLabel": "02:45",
                        "value": 0
                    },
                    {
                        "slot": 12,
                        "timeLabel": "03:00",
                        "value": 0
                    },
                    {
                        "slot": 13,
                        "timeLabel": "03:15",
                        "value": 0
                    },
                    {
                        "slot": 14,
                        "timeLabel": "03:30",
                        "value": 0
                    },
                    {
                        "slot": 15,
                        "timeLabel": "03:45",
                        "value": 0
                    },
                    {
                        "slot": 16,
                        "timeLabel": "04:00",
                        "value": 0
                    },
                    {
                        "slot": 17,
                        "timeLabel": "04:15",
                        "value": 0
                    },
                    {
                        "slot": 18,
                        "timeLabel": "04:30",
                        "value": 0
                    },
                    {
                        "slot": 19,
                        "timeLabel": "04:45",
                        "value": 0
                    },
                    {
                        "slot": 20,
                        "timeLabel": "05:00",
                        "value": 0
                    },
                    {
                        "slot": 21,
                        "timeLabel": "05:15",
                        "value": 0
                    },
                    {
                        "slot": 22,
                        "timeLabel": "05:30",
                        "value": 0
                    },
                    {
                        "slot": 23,
                        "timeLabel": "05:45",
                        "value": 0
                    },
                    {
                        "slot": 24,
                        "timeLabel": "06:00",
                        "value": 0
                    },
                    {
                        "slot": 25,
                        "timeLabel": "06:15",
                        "value": 0
                    },
                    {
                        "slot": 26,
                        "timeLabel": "06:30",
                        "value": 0
                    },
                    {
                        "slot": 27,
                        "timeLabel": "06:45",
                        "value": 0
                    },
                    {
                        "slot": 28,
                        "timeLabel": "07:00",
                        "value": 0
                    },
                    {
                        "slot": 29,
                        "timeLabel": "07:15",
                        "value": 6
                    },
                    {
                        "slot": 30,
                        "timeLabel": "07:30",
                        "value": 20
                    },
                    {
                        "slot": 31,
                        "timeLabel": "07:45",
                        "value": 14
                    },
                    {
                        "slot": 32,
                        "timeLabel": "08:00",
                        "value": 13
                    },
                    {
                        "slot": 33,
                        "timeLabel": "08:15",
                        "value": 0
                    },
                    {
                        "slot": 34,
                        "timeLabel": "08:30",
                        "value": 0
                    },
                    {
                        "slot": 35,
                        "timeLabel": "08:45",
                        "value": 0
                    },
                    {
                        "slot": 36,
                        "timeLabel": "09:00",
                        "value": 0
                    },
                    {
                        "slot": 37,
                        "timeLabel": "09:15",
                        "value": 0
                    },
                    {
                        "slot": 38,
                        "timeLabel": "09:30",
                        "value": 11
                    },
                    {
                        "slot": 39,
                        "timeLabel": "09:45",
                        "value": 21
                    },
                    {
                        "slot": 40,
                        "timeLabel": "10:00",
                        "value": 20
                    },
                    {
                        "slot": 41,
                        "timeLabel": "10:15",
                        "value": 0
                    },
                    {
                        "slot": 42,
                        "timeLabel": "10:30",
                        "value": 0
                    },
                    {
                        "slot": 43,
                        "timeLabel": "10:45",
                        "value": 0
                    },
                    {
                        "slot": 44,
                        "timeLabel": "11:00",
                        "value": 0
                    },
                    {
                        "slot": 45,
                        "timeLabel": "11:15",
                        "value": 0
                    },
                    {
                        "slot": 46,
                        "timeLabel": "11:30",
                        "value": 6
                    },
                    {
                        "slot": 47,
                        "timeLabel": "11:45",
                        "value": 35
                    },
                    {
                        "slot": 48,
                        "timeLabel": "12:00",
                        "value": 58
                    },
                    {
                        "slot": 49,
                        "timeLabel": "12:15",
                        "value": 1
                    },
                    {
                        "slot": 50,
                        "timeLabel": "12:30",
                        "value": 0
                    },
                    {
                        "slot": 51,
                        "timeLabel": "12:45",
                        "value": 0
                    },
                    {
                        "slot": 52,
                        "timeLabel": "13:00",
                        "value": 4
                    },
                    {
                        "slot": 53,
                        "timeLabel": "13:15",
                        "value": 19
                    },
                    {
                        "slot": 54,
                        "timeLabel": "13:30",
                        "value": 7
                    },
                    {
                        "slot": 55,
                        "timeLabel": "13:45",
                        "value": 0
                    },
                    {
                        "slot": 56,
                        "timeLabel": "14:00",
                        "value": 0
                    },
                    {
                        "slot": 57,
                        "timeLabel": "14:15",
                        "value": 0
                    },
                    {
                        "slot": 58,
                        "timeLabel": "14:30",
                        "value": 0
                    },
                    {
                        "slot": 59,
                        "timeLabel": "14:45",
                        "value": 0
                    },
                    {
                        "slot": 60,
                        "timeLabel": "15:00",
                        "value": 0
                    },
                    {
                        "slot": 61,
                        "timeLabel": "15:15",
                        "value": 6
                    },
                    {
                        "slot": 62,
                        "timeLabel": "15:30",
                        "value": 8
                    },
                    {
                        "slot": 63,
                        "timeLabel": "15:45",
                        "value": 15
                    },
                    {
                        "slot": 64,
                        "timeLabel": "16:00",
                        "value": 0
                    },
                    {
                        "slot": 65,
                        "timeLabel": "16:15",
                        "value": 0
                    },
                    {
                        "slot": 66,
                        "timeLabel": "16:30",
                        "value": 0
                    },
                    {
                        "slot": 67,
                        "timeLabel": "16:45",
                        "value": 0
                    },
                    {
                        "slot": 68,
                        "timeLabel": "17:00",
                        "value": 0
                    },
                    {
                        "slot": 69,
                        "timeLabel": "17:15",
                        "value": 0
                    },
                    {
                        "slot": 70,
                        "timeLabel": "17:30",
                        "value": 6
                    },
                    {
                        "slot": 71,
                        "timeLabel": "17:45",
                        "value": 48
                    },
                    {
                        "slot": 72,
                        "timeLabel": "18:00",
                        "value": 36
                    },
                    {
                        "slot": 73,
                        "timeLabel": "18:15",
                        "value": 0
                    },
                    {
                        "slot": 74,
                        "timeLabel": "18:30",
                        "value": 0
                    },
                    {
                        "slot": 75,
                        "timeLabel": "18:45",
                        "value": 0
                    },
                    {
                        "slot": 76,
                        "timeLabel": "19:00",
                        "value": 0
                    },
                    {
                        "slot": 77,
                        "timeLabel": "19:15",
                        "value": 0
                    },
                    {
                        "slot": 78,
                        "timeLabel": "19:30",
                        "value": 0
                    },
                    {
                        "slot": 79,
                        "timeLabel": "19:45",
                        "value": 0
                    },
                    {
                        "slot": 80,
                        "timeLabel": "20:00",
                        "value": 0
                    },
                    {
                        "slot": 81,
                        "timeLabel": "20:15",
                        "value": 0
                    },
                    {
                        "slot": 82,
                        "timeLabel": "20:30",
                        "value": 0
                    },
                    {
                        "slot": 83,
                        "timeLabel": "20:45",
                        "value": 0
                    },
                    {
                        "slot": 84,
                        "timeLabel": "21:00",
                        "value": 0
                    },
                    {
                        "slot": 85,
                        "timeLabel": "21:15",
                        "value": 0
                    },
                    {
                        "slot": 86,
                        "timeLabel": "21:30",
                        "value": 0
                    },
                    {
                        "slot": 87,
                        "timeLabel": "21:45",
                        "value": 0
                    },
                    {
                        "slot": 88,
                        "timeLabel": "22:00",
                        "value": 0
                    },
                    {
                        "slot": 89,
                        "timeLabel": "22:15",
                        "value": 0
                    },
                    {
                        "slot": 90,
                        "timeLabel": "22:30",
                        "value": 0
                    },
                    {
                        "slot": 91,
                        "timeLabel": "22:45",
                        "value": 0
                    },
                    {
                        "slot": 92,
                        "timeLabel": "23:00",
                        "value": 0
                    },
                    {
                        "slot": 93,
                        "timeLabel": "23:15",
                        "value": 0
                    },
                    {
                        "slot": 94,
                        "timeLabel": "23:30",
                        "value": 0
                    },
                    {
                        "slot": 95,
                        "timeLabel": "23:45",
                        "value": 0
                    }
                ],
                "totalFlow": 354
            },
            "geometry": {
                "type": "Point",
                "coordinates": [
                    376468.716478067624848,
                    4824737.840276175178587
                ]
            }
        },
        {
            "type": "Feature",
            "properties": {
                "id": 2,
                "name": "entrance_foot_7.1",
                "zoneType": "inflow",
                "modality": "pedestrian",
                "flowProfile": [
                    {
                        "slot": 0,
                        "timeLabel": "00:00",
                        "value": 0
                    },
                    {
                        "slot": 1,
                        "timeLabel": "00:15",
                        "value": 0
                    },
                    {
                        "slot": 2,
                        "timeLabel": "00:30",
                        "value": 0
                    },
                    {
                        "slot": 3,
                        "timeLabel": "00:45",
                        "value": 0
                    },
                    {
                        "slot": 4,
                        "timeLabel": "01:00",
                        "value": 0
                    },
                    {
                        "slot": 5,
                        "timeLabel": "01:15",
                        "value": 0
                    },
                    {
                        "slot": 6,
                        "timeLabel": "01:30",
                        "value": 0
                    },
                    {
                        "slot": 7,
                        "timeLabel": "01:45",
                        "value": 0
                    },
                    {
                        "slot": 8,
                        "timeLabel": "02:00",
                        "value": 0
                    },
                    {
                        "slot": 9,
                        "timeLabel": "02:15",
                        "value": 0
                    },
                    {
                        "slot": 10,
                        "timeLabel": "02:30",
                        "value": 0
                    },
                    {
                        "slot": 11,
                        "timeLabel": "02:45",
                        "value": 0
                    },
                    {
                        "slot": 12,
                        "timeLabel": "03:00",
                        "value": 0
                    },
                    {
                        "slot": 13,
                        "timeLabel": "03:15",
                        "value": 0
                    },
                    {
                        "slot": 14,
                        "timeLabel": "03:30",
                        "value": 0
                    },
                    {
                        "slot": 15,
                        "timeLabel": "03:45",
                        "value": 0
                    },
                    {
                        "slot": 16,
                        "timeLabel": "04:00",
                        "value": 0
                    },
                    {
                        "slot": 17,
                        "timeLabel": "04:15",
                        "value": 0
                    },
                    {
                        "slot": 18,
                        "timeLabel": "04:30",
                        "value": 0
                    },
                    {
                        "slot": 19,
                        "timeLabel": "04:45",
                        "value": 0
                    },
                    {
                        "slot": 20,
                        "timeLabel": "05:00",
                        "value": 0
                    },
                    {
                        "slot": 21,
                        "timeLabel": "05:15",
                        "value": 0
                    },
                    {
                        "slot": 22,
                        "timeLabel": "05:30",
                        "value": 0
                    },
                    {
                        "slot": 23,
                        "timeLabel": "05:45",
                        "value": 0
                    },
                    {
                        "slot": 24,
                        "timeLabel": "06:00",
                        "value": 0
                    },
                    {
                        "slot": 25,
                        "timeLabel": "06:15",
                        "value": 0
                    },
                    {
                        "slot": 26,
                        "timeLabel": "06:30",
                        "value": 0
                    },
                    {
                        "slot": 27,
                        "timeLabel": "06:45",
                        "value": 0
                    },
                    {
                        "slot": 28,
                        "timeLabel": "07:00",
                        "value": 0
                    },
                    {
                        "slot": 29,
                        "timeLabel": "07:15",
                        "value": 10
                    },
                    {
                        "slot": 30,
                        "timeLabel": "07:30",
                        "value": 43
                    },
                    {
                        "slot": 31,
                        "timeLabel": "07:45",
                        "value": 37
                    },
                    {
                        "slot": 32,
                        "timeLabel": "08:00",
                        "value": 25
                    },
                    {
                        "slot": 33,
                        "timeLabel": "08:15",
                        "value": 0
                    },
                    {
                        "slot": 34,
                        "timeLabel": "08:30",
                        "value": 0
                    },
                    {
                        "slot": 35,
                        "timeLabel": "08:45",
                        "value": 0
                    },
                    {
                        "slot": 36,
                        "timeLabel": "09:00",
                        "value": 0
                    },
                    {
                        "slot": 37,
                        "timeLabel": "09:15",
                        "value": 0
                    },
                    {
                        "slot": 38,
                        "timeLabel": "09:30",
                        "value": 14
                    },
                    {
                        "slot": 39,
                        "timeLabel": "09:45",
                        "value": 58
                    },
                    {
                        "slot": 40,
                        "timeLabel": "10:00",
                        "value": 23
                    },
                    {
                        "slot": 41,
                        "timeLabel": "10:15",
                        "value": 0
                    },
                    {
                        "slot": 42,
                        "timeLabel": "10:30",
                        "value": 0
                    },
                    {
                        "slot": 43,
                        "timeLabel": "10:45",
                        "value": 0
                    },
                    {
                        "slot": 44,
                        "timeLabel": "11:00",
                        "value": 0
                    },
                    {
                        "slot": 45,
                        "timeLabel": "11:15",
                        "value": 0
                    },
                    {
                        "slot": 46,
                        "timeLabel": "11:30",
                        "value": 4
                    },
                    {
                        "slot": 47,
                        "timeLabel": "11:45",
                        "value": 43
                    },
                    {
                        "slot": 48,
                        "timeLabel": "12:00",
                        "value": 57
                    },
                    {
                        "slot": 49,
                        "timeLabel": "12:15",
                        "value": 0
                    },
                    {
                        "slot": 50,
                        "timeLabel": "12:30",
                        "value": 0
                    },
                    {
                        "slot": 51,
                        "timeLabel": "12:45",
                        "value": 0
                    },
                    {
                        "slot": 52,
                        "timeLabel": "13:00",
                        "value": 5
                    },
                    {
                        "slot": 53,
                        "timeLabel": "13:15",
                        "value": 43
                    },
                    {
                        "slot": 54,
                        "timeLabel": "13:30",
                        "value": 21
                    },
                    {
                        "slot": 55,
                        "timeLabel": "13:45",
                        "value": 0
                    },
                    {
                        "slot": 56,
                        "timeLabel": "14:00",
                        "value": 0
                    },
                    {
                        "slot": 57,
                        "timeLabel": "14:15",
                        "value": 0
                    },
                    {
                        "slot": 58,
                        "timeLabel": "14:30",
                        "value": 0
                    },
                    {
                        "slot": 59,
                        "timeLabel": "14:45",
                        "value": 0
                    },
                    {
                        "slot": 60,
                        "timeLabel": "15:00",
                        "value": 0
                    },
                    {
                        "slot": 61,
                        "timeLabel": "15:15",
                        "value": 13
                    },
                    {
                        "slot": 62,
                        "timeLabel": "15:30",
                        "value": 24
                    },
                    {
                        "slot": 63,
                        "timeLabel": "15:45",
                        "value": 13
                    },
                    {
                        "slot": 64,
                        "timeLabel": "16:00",
                        "value": 0
                    },
                    {
                        "slot": 65,
                        "timeLabel": "16:15",
                        "value": 0
                    },
                    {
                        "slot": 66,
                        "timeLabel": "16:30",
                        "value": 0
                    },
                    {
                        "slot": 67,
                        "timeLabel": "16:45",
                        "value": 0
                    },
                    {
                        "slot": 68,
                        "timeLabel": "17:00",
                        "value": 0
                    },
                    {
                        "slot": 69,
                        "timeLabel": "17:15",
                        "value": 0
                    },
                    {
                        "slot": 70,
                        "timeLabel": "17:30",
                        "value": 23
                    },
                    {
                        "slot": 71,
                        "timeLabel": "17:45",
                        "value": 58
                    },
                    {
                        "slot": 72,
                        "timeLabel": "18:00",
                        "value": 39
                    },
                    {
                        "slot": 73,
                        "timeLabel": "18:15",
                        "value": 0
                    },
                    {
                        "slot": 74,
                        "timeLabel": "18:30",
                        "value": 0
                    },
                    {
                        "slot": 75,
                        "timeLabel": "18:45",
                        "value": 0
                    },
                    {
                        "slot": 76,
                        "timeLabel": "19:00",
                        "value": 0
                    },
                    {
                        "slot": 77,
                        "timeLabel": "19:15",
                        "value": 0
                    },
                    {
                        "slot": 78,
                        "timeLabel": "19:30",
                        "value": 0
                    },
                    {
                        "slot": 79,
                        "timeLabel": "19:45",
                        "value": 0
                    },
                    {
                        "slot": 80,
                        "timeLabel": "20:00",
                        "value": 0
                    },
                    {
                        "slot": 81,
                        "timeLabel": "20:15",
                        "value": 0
                    },
                    {
                        "slot": 82,
                        "timeLabel": "20:30",
                        "value": 0
                    },
                    {
                        "slot": 83,
                        "timeLabel": "20:45",
                        "value": 0
                    },
                    {
                        "slot": 84,
                        "timeLabel": "21:00",
                        "value": 0
                    },
                    {
                        "slot": 85,
                        "timeLabel": "21:15",
                        "value": 0
                    },
                    {
                        "slot": 86,
                        "timeLabel": "21:30",
                        "value": 0
                    },
                    {
                        "slot": 87,
                        "timeLabel": "21:45",
                        "value": 0
                    },
                    {
                        "slot": 88,
                        "timeLabel": "22:00",
                        "value": 0
                    },
                    {
                        "slot": 89,
                        "timeLabel": "22:15",
                        "value": 0
                    },
                    {
                        "slot": 90,
                        "timeLabel": "22:30",
                        "value": 0
                    },
                    {
                        "slot": 91,
                        "timeLabel": "22:45",
                        "value": 0
                    },
                    {
                        "slot": 92,
                        "timeLabel": "23:00",
                        "value": 0
                    },
                    {
                        "slot": 93,
                        "timeLabel": "23:15",
                        "value": 0
                    },
                    {
                        "slot": 94,
                        "timeLabel": "23:30",
                        "value": 0
                    },
                    {
                        "slot": 95,
                        "timeLabel": "23:45",
                        "value": 0
                    }
                ],
                "totalFlow": 553
            },
            "geometry": {
                "type": "Point",
                "coordinates": [
                    376468.716478067624848,
                    4824737.840276175178587
                ]
            }
        },
        {
            "type": "Feature",
            "properties": {
                "id": 3,
                "name": "entrance_vehicle_7.1",
                "zoneType": "inflow",
                "modality": "vehicle",
                "flowProfile": [
                    {
                        "slot": 0,
                        "timeLabel": "00:00",
                        "value": 0
                    },
                    {
                        "slot": 1,
                        "timeLabel": "00:15",
                        "value": 0
                    },
                    {
                        "slot": 2,
                        "timeLabel": "00:30",
                        "value": 0
                    },
                    {
                        "slot": 3,
                        "timeLabel": "00:45",
                        "value": 0
                    },
                    {
                        "slot": 4,
                        "timeLabel": "01:00",
                        "value": 0
                    },
                    {
                        "slot": 5,
                        "timeLabel": "01:15",
                        "value": 0
                    },
                    {
                        "slot": 6,
                        "timeLabel": "01:30",
                        "value": 0
                    },
                    {
                        "slot": 7,
                        "timeLabel": "01:45",
                        "value": 0
                    },
                    {
                        "slot": 8,
                        "timeLabel": "02:00",
                        "value": 0
                    },
                    {
                        "slot": 9,
                        "timeLabel": "02:15",
                        "value": 0
                    },
                    {
                        "slot": 10,
                        "timeLabel": "02:30",
                        "value": 0
                    },
                    {
                        "slot": 11,
                        "timeLabel": "02:45",
                        "value": 0
                    },
                    {
                        "slot": 12,
                        "timeLabel": "03:00",
                        "value": 0
                    },
                    {
                        "slot": 13,
                        "timeLabel": "03:15",
                        "value": 0
                    },
                    {
                        "slot": 14,
                        "timeLabel": "03:30",
                        "value": 0
                    },
                    {
                        "slot": 15,
                        "timeLabel": "03:45",
                        "value": 0
                    },
                    {
                        "slot": 16,
                        "timeLabel": "04:00",
                        "value": 0
                    },
                    {
                        "slot": 17,
                        "timeLabel": "04:15",
                        "value": 0
                    },
                    {
                        "slot": 18,
                        "timeLabel": "04:30",
                        "value": 0
                    },
                    {
                        "slot": 19,
                        "timeLabel": "04:45",
                        "value": 0
                    },
                    {
                        "slot": 20,
                        "timeLabel": "05:00",
                        "value": 0
                    },
                    {
                        "slot": 21,
                        "timeLabel": "05:15",
                        "value": 0
                    },
                    {
                        "slot": 22,
                        "timeLabel": "05:30",
                        "value": 0
                    },
                    {
                        "slot": 23,
                        "timeLabel": "05:45",
                        "value": 0
                    },
                    {
                        "slot": 24,
                        "timeLabel": "06:00",
                        "value": 0
                    },
                    {
                        "slot": 25,
                        "timeLabel": "06:15",
                        "value": 0
                    },
                    {
                        "slot": 26,
                        "timeLabel": "06:30",
                        "value": 0
                    },
                    {
                        "slot": 27,
                        "timeLabel": "06:45",
                        "value": 0
                    },
                    {
                        "slot": 28,
                        "timeLabel": "07:00",
                        "value": 0
                    },
                    {
                        "slot": 29,
                        "timeLabel": "07:15",
                        "value": 49
                    },
                    {
                        "slot": 30,
                        "timeLabel": "07:30",
                        "value": 134
                    },
                    {
                        "slot": 31,
                        "timeLabel": "07:45",
                        "value": 163
                    },
                    {
                        "slot": 32,
                        "timeLabel": "08:00",
                        "value": 50
                    },
                    {
                        "slot": 33,
                        "timeLabel": "08:15",
                        "value": 0
                    },
                    {
                        "slot": 34,
                        "timeLabel": "08:30",
                        "value": 0
                    },
                    {
                        "slot": 35,
                        "timeLabel": "08:45",
                        "value": 0
                    },
                    {
                        "slot": 36,
                        "timeLabel": "09:00",
                        "value": 0
                    },
                    {
                        "slot": 37,
                        "timeLabel": "09:15",
                        "value": 0
                    },
                    {
                        "slot": 38,
                        "timeLabel": "09:30",
                        "value": 24
                    },
                    {
                        "slot": 39,
                        "timeLabel": "09:45",
                        "value": 90
                    },
                    {
                        "slot": 40,
                        "timeLabel": "10:00",
                        "value": 29
                    },
                    {
                        "slot": 41,
                        "timeLabel": "10:15",
                        "value": 0
                    },
                    {
                        "slot": 42,
                        "timeLabel": "10:30",
                        "value": 0
                    },
                    {
                        "slot": 43,
                        "timeLabel": "10:45",
                        "value": 0
                    },
                    {
                        "slot": 44,
                        "timeLabel": "11:00",
                        "value": 0
                    },
                    {
                        "slot": 45,
                        "timeLabel": "11:15",
                        "value": 0
                    },
                    {
                        "slot": 46,
                        "timeLabel": "11:30",
                        "value": 4
                    },
                    {
                        "slot": 47,
                        "timeLabel": "11:45",
                        "value": 68
                    },
                    {
                        "slot": 48,
                        "timeLabel": "12:00",
                        "value": 105
                    },
                    {
                        "slot": 49,
                        "timeLabel": "12:15",
                        "value": 10
                    },
                    {
                        "slot": 50,
                        "timeLabel": "12:30",
                        "value": 0
                    },
                    {
                        "slot": 51,
                        "timeLabel": "12:45",
                        "value": 0
                    },
                    {
                        "slot": 52,
                        "timeLabel": "13:00",
                        "value": 16
                    },
                    {
                        "slot": 53,
                        "timeLabel": "13:15",
                        "value": 78
                    },
                    {
                        "slot": 54,
                        "timeLabel": "13:30",
                        "value": 49
                    },
                    {
                        "slot": 55,
                        "timeLabel": "13:45",
                        "value": 0
                    },
                    {
                        "slot": 56,
                        "timeLabel": "14:00",
                        "value": 0
                    },
                    {
                        "slot": 57,
                        "timeLabel": "14:15",
                        "value": 0
                    },
                    {
                        "slot": 58,
                        "timeLabel": "14:30",
                        "value": 0
                    },
                    {
                        "slot": 59,
                        "timeLabel": "14:45",
                        "value": 0
                    },
                    {
                        "slot": 60,
                        "timeLabel": "15:00",
                        "value": 0
                    },
                    {
                        "slot": 61,
                        "timeLabel": "15:15",
                        "value": 28
                    },
                    {
                        "slot": 62,
                        "timeLabel": "15:30",
                        "value": 56
                    },
                    {
                        "slot": 63,
                        "timeLabel": "15:45",
                        "value": 42
                    },
                    {
                        "slot": 64,
                        "timeLabel": "16:00",
                        "value": 0
                    },
                    {
                        "slot": 65,
                        "timeLabel": "16:15",
                        "value": 0
                    },
                    {
                        "slot": 66,
                        "timeLabel": "16:30",
                        "value": 0
                    },
                    {
                        "slot": 67,
                        "timeLabel": "16:45",
                        "value": 0
                    },
                    {
                        "slot": 68,
                        "timeLabel": "17:00",
                        "value": 0
                    },
                    {
                        "slot": 69,
                        "timeLabel": "17:15",
                        "value": 0
                    },
                    {
                        "slot": 70,
                        "timeLabel": "17:30",
                        "value": 75
                    },
                    {
                        "slot": 71,
                        "timeLabel": "17:45",
                        "value": 201
                    },
                    {
                        "slot": 72,
                        "timeLabel": "18:00",
                        "value": 107
                    },
                    {
                        "slot": 73,
                        "timeLabel": "18:15",
                        "value": 0
                    },
                    {
                        "slot": 74,
                        "timeLabel": "18:30",
                        "value": 0
                    },
                    {
                        "slot": 75,
                        "timeLabel": "18:45",
                        "value": 0
                    },
                    {
                        "slot": 76,
                        "timeLabel": "19:00",
                        "value": 0
                    },
                    {
                        "slot": 77,
                        "timeLabel": "19:15",
                        "value": 0
                    },
                    {
                        "slot": 78,
                        "timeLabel": "19:30",
                        "value": 0
                    },
                    {
                        "slot": 79,
                        "timeLabel": "19:45",
                        "value": 0
                    },
                    {
                        "slot": 80,
                        "timeLabel": "20:00",
                        "value": 0
                    },
                    {
                        "slot": 81,
                        "timeLabel": "20:15",
                        "value": 0
                    },
                    {
                        "slot": 82,
                        "timeLabel": "20:30",
                        "value": 0
                    },
                    {
                        "slot": 83,
                        "timeLabel": "20:45",
                        "value": 0
                    },
                    {
                        "slot": 84,
                        "timeLabel": "21:00",
                        "value": 0
                    },
                    {
                        "slot": 85,
                        "timeLabel": "21:15",
                        "value": 0
                    },
                    {
                        "slot": 86,
                        "timeLabel": "21:30",
                        "value": 0
                    },
                    {
                        "slot": 87,
                        "timeLabel": "21:45",
                        "value": 0
                    },
                    {
                        "slot": 88,
                        "timeLabel": "22:00",
                        "value": 0
                    },
                    {
                        "slot": 89,
                        "timeLabel": "22:15",
                        "value": 0
                    },
                    {
                        "slot": 90,
                        "timeLabel": "22:30",
                        "value": 0
                    },
                    {
                        "slot": 91,
                        "timeLabel": "22:45",
                        "value": 0
                    },
                    {
                        "slot": 92,
                        "timeLabel": "23:00",
                        "value": 0
                    },
                    {
                        "slot": 93,
                        "timeLabel": "23:15",
                        "value": 0
                    },
                    {
                        "slot": 94,
                        "timeLabel": "23:30",
                        "value": 0
                    },
                    {
                        "slot": 95,
                        "timeLabel": "23:45",
                        "value": 0
                    }
                ],
                "totalFlow": 1378
            },
            "geometry": {
                "type": "Point",
                "coordinates": [
                    376468.716478067624848,
                    4824737.840276175178587
                ]
            }
        },
        {
            "type": "Feature",
            "properties": {
                "id": 4,
                "name": "exit_bike_7.1",
                "zoneType": "outflow",
                "modality": "bike",
                "flowProfile": [
                    {
                        "slot": 0,
                        "timeLabel": "00:00",
                        "value": 0
                    },
                    {
                        "slot": 1,
                        "timeLabel": "00:15",
                        "value": 0
                    },
                    {
                        "slot": 2,
                        "timeLabel": "00:30",
                        "value": 0
                    },
                    {
                        "slot": 3,
                        "timeLabel": "00:45",
                        "value": 0
                    },
                    {
                        "slot": 4,
                        "timeLabel": "01:00",
                        "value": 0
                    },
                    {
                        "slot": 5,
                        "timeLabel": "01:15",
                        "value": 0
                    },
                    {
                        "slot": 6,
                        "timeLabel": "01:30",
                        "value": 0
                    },
                    {
                        "slot": 7,
                        "timeLabel": "01:45",
                        "value": 0
                    },
                    {
                        "slot": 8,
                        "timeLabel": "02:00",
                        "value": 0
                    },
                    {
                        "slot": 9,
                        "timeLabel": "02:15",
                        "value": 0
                    },
                    {
                        "slot": 10,
                        "timeLabel": "02:30",
                        "value": 0
                    },
                    {
                        "slot": 11,
                        "timeLabel": "02:45",
                        "value": 0
                    },
                    {
                        "slot": 12,
                        "timeLabel": "03:00",
                        "value": 0
                    },
                    {
                        "slot": 13,
                        "timeLabel": "03:15",
                        "value": 0
                    },
                    {
                        "slot": 14,
                        "timeLabel": "03:30",
                        "value": 0
                    },
                    {
                        "slot": 15,
                        "timeLabel": "03:45",
                        "value": 0
                    },
                    {
                        "slot": 16,
                        "timeLabel": "04:00",
                        "value": 0
                    },
                    {
                        "slot": 17,
                        "timeLabel": "04:15",
                        "value": 0
                    },
                    {
                        "slot": 18,
                        "timeLabel": "04:30",
                        "value": 0
                    },
                    {
                        "slot": 19,
                        "timeLabel": "04:45",
                        "value": 0
                    },
                    {
                        "slot": 20,
                        "timeLabel": "05:00",
                        "value": 0
                    },
                    {
                        "slot": 21,
                        "timeLabel": "05:15",
                        "value": 0
                    },
                    {
                        "slot": 22,
                        "timeLabel": "05:30",
                        "value": 0
                    },
                    {
                        "slot": 23,
                        "timeLabel": "05:45",
                        "value": 0
                    },
                    {
                        "slot": 24,
                        "timeLabel": "06:00",
                        "value": 0
                    },
                    {
                        "slot": 25,
                        "timeLabel": "06:15",
                        "value": 0
                    },
                    {
                        "slot": 26,
                        "timeLabel": "06:30",
                        "value": 0
                    },
                    {
                        "slot": 27,
                        "timeLabel": "06:45",
                        "value": 0
                    },
                    {
                        "slot": 28,
                        "timeLabel": "07:00",
                        "value": 0
                    },
                    {
                        "slot": 29,
                        "timeLabel": "07:15",
                        "value": 2
                    },
                    {
                        "slot": 30,
                        "timeLabel": "07:30",
                        "value": 22
                    },
                    {
                        "slot": 31,
                        "timeLabel": "07:45",
                        "value": 36
                    },
                    {
                        "slot": 32,
                        "timeLabel": "08:00",
                        "value": 8
                    },
                    {
                        "slot": 33,
                        "timeLabel": "08:15",
                        "value": 0
                    },
                    {
                        "slot": 34,
                        "timeLabel": "08:30",
                        "value": 0
                    },
                    {
                        "slot": 35,
                        "timeLabel": "08:45",
                        "value": 0
                    },
                    {
                        "slot": 36,
                        "timeLabel": "09:00",
                        "value": 0
                    },
                    {
                        "slot": 37,
                        "timeLabel": "09:15",
                        "value": 0
                    },
                    {
                        "slot": 38,
                        "timeLabel": "09:30",
                        "value": 13
                    },
                    {
                        "slot": 39,
                        "timeLabel": "09:45",
                        "value": 17
                    },
                    {
                        "slot": 40,
                        "timeLabel": "10:00",
                        "value": 10
                    },
                    {
                        "slot": 41,
                        "timeLabel": "10:15",
                        "value": 0
                    },
                    {
                        "slot": 42,
                        "timeLabel": "10:30",
                        "value": 0
                    },
                    {
                        "slot": 43,
                        "timeLabel": "10:45",
                        "value": 0
                    },
                    {
                        "slot": 44,
                        "timeLabel": "11:00",
                        "value": 0
                    },
                    {
                        "slot": 45,
                        "timeLabel": "11:15",
                        "value": 0
                    },
                    {
                        "slot": 46,
                        "timeLabel": "11:30",
                        "value": 2
                    },
                    {
                        "slot": 47,
                        "timeLabel": "11:45",
                        "value": 8
                    },
                    {
                        "slot": 48,
                        "timeLabel": "12:00",
                        "value": 28
                    },
                    {
                        "slot": 49,
                        "timeLabel": "12:15",
                        "value": 11
                    },
                    {
                        "slot": 50,
                        "timeLabel": "12:30",
                        "value": 0
                    },
                    {
                        "slot": 51,
                        "timeLabel": "12:45",
                        "value": 0
                    },
                    {
                        "slot": 52,
                        "timeLabel": "13:00",
                        "value": 11
                    },
                    {
                        "slot": 53,
                        "timeLabel": "13:15",
                        "value": 11
                    },
                    {
                        "slot": 54,
                        "timeLabel": "13:30",
                        "value": 18
                    },
                    {
                        "slot": 55,
                        "timeLabel": "13:45",
                        "value": 0
                    },
                    {
                        "slot": 56,
                        "timeLabel": "14:00",
                        "value": 0
                    },
                    {
                        "slot": 57,
                        "timeLabel": "14:15",
                        "value": 0
                    },
                    {
                        "slot": 58,
                        "timeLabel": "14:30",
                        "value": 0
                    },
                    {
                        "slot": 59,
                        "timeLabel": "14:45",
                        "value": 0
                    },
                    {
                        "slot": 60,
                        "timeLabel": "15:00",
                        "value": 0
                    },
                    {
                        "slot": 61,
                        "timeLabel": "15:15",
                        "value": 2
                    },
                    {
                        "slot": 62,
                        "timeLabel": "15:30",
                        "value": 26
                    },
                    {
                        "slot": 63,
                        "timeLabel": "15:45",
                        "value": 9
                    },
                    {
                        "slot": 64,
                        "timeLabel": "16:00",
                        "value": 0
                    },
                    {
                        "slot": 65,
                        "timeLabel": "16:15",
                        "value": 0
                    },
                    {
                        "slot": 66,
                        "timeLabel": "16:30",
                        "value": 0
                    },
                    {
                        "slot": 67,
                        "timeLabel": "16:45",
                        "value": 0
                    },
                    {
                        "slot": 68,
                        "timeLabel": "17:00",
                        "value": 0
                    },
                    {
                        "slot": 69,
                        "timeLabel": "17:15",
                        "value": 0
                    },
                    {
                        "slot": 70,
                        "timeLabel": "17:30",
                        "value": 14
                    },
                    {
                        "slot": 71,
                        "timeLabel": "17:45",
                        "value": 14
                    },
                    {
                        "slot": 72,
                        "timeLabel": "18:00",
                        "value": 8
                    },
                    {
                        "slot": 73,
                        "timeLabel": "18:15",
                        "value": 0
                    },
                    {
                        "slot": 74,
                        "timeLabel": "18:30",
                        "value": 0
                    },
                    {
                        "slot": 75,
                        "timeLabel": "18:45",
                        "value": 0
                    },
                    {
                        "slot": 76,
                        "timeLabel": "19:00",
                        "value": 0
                    },
                    {
                        "slot": 77,
                        "timeLabel": "19:15",
                        "value": 0
                    },
                    {
                        "slot": 78,
                        "timeLabel": "19:30",
                        "value": 0
                    },
                    {
                        "slot": 79,
                        "timeLabel": "19:45",
                        "value": 0
                    },
                    {
                        "slot": 80,
                        "timeLabel": "20:00",
                        "value": 0
                    },
                    {
                        "slot": 81,
                        "timeLabel": "20:15",
                        "value": 0
                    },
                    {
                        "slot": 82,
                        "timeLabel": "20:30",
                        "value": 0
                    },
                    {
                        "slot": 83,
                        "timeLabel": "20:45",
                        "value": 0
                    },
                    {
                        "slot": 84,
                        "timeLabel": "21:00",
                        "value": 0
                    },
                    {
                        "slot": 85,
                        "timeLabel": "21:15",
                        "value": 0
                    },
                    {
                        "slot": 86,
                        "timeLabel": "21:30",
                        "value": 0
                    },
                    {
                        "slot": 87,
                        "timeLabel": "21:45",
                        "value": 0
                    },
                    {
                        "slot": 88,
                        "timeLabel": "22:00",
                        "value": 0
                    },
                    {
                        "slot": 89,
                        "timeLabel": "22:15",
                        "value": 0
                    },
                    {
                        "slot": 90,
                        "timeLabel": "22:30",
                        "value": 0
                    },
                    {
                        "slot": 91,
                        "timeLabel": "22:45",
                        "value": 0
                    },
                    {
                        "slot": 92,
                        "timeLabel": "23:00",
                        "value": 0
                    },
                    {
                        "slot": 93,
                        "timeLabel": "23:15",
                        "value": 0
                    },
                    {
                        "slot": 94,
                        "timeLabel": "23:30",
                        "value": 0
                    },
                    {
                        "slot": 95,
                        "timeLabel": "23:45",
                        "value": 0
                    }
                ],
                "totalFlow": 270
            },
            "geometry": {
                "type": "Point",
                "coordinates": [
                    376468.716478067624848,
                    4824737.840276175178587
                ]
            }
        },
        {
            "type": "Feature",
            "properties": {
                "id": 5,
                "name": "exit_foot_7.1",
                "zoneType": "outflow",
                "modality": "pedestrian",
                "flowProfile": [
                    {
                        "slot": 0,
                        "timeLabel": "00:00",
                        "value": 0
                    },
                    {
                        "slot": 1,
                        "timeLabel": "00:15",
                        "value": 0
                    },
                    {
                        "slot": 2,
                        "timeLabel": "00:30",
                        "value": 0
                    },
                    {
                        "slot": 3,
                        "timeLabel": "00:45",
                        "value": 0
                    },
                    {
                        "slot": 4,
                        "timeLabel": "01:00",
                        "value": 0
                    },
                    {
                        "slot": 5,
                        "timeLabel": "01:15",
                        "value": 0
                    },
                    {
                        "slot": 6,
                        "timeLabel": "01:30",
                        "value": 0
                    },
                    {
                        "slot": 7,
                        "timeLabel": "01:45",
                        "value": 0
                    },
                    {
                        "slot": 8,
                        "timeLabel": "02:00",
                        "value": 0
                    },
                    {
                        "slot": 9,
                        "timeLabel": "02:15",
                        "value": 0
                    },
                    {
                        "slot": 10,
                        "timeLabel": "02:30",
                        "value": 0
                    },
                    {
                        "slot": 11,
                        "timeLabel": "02:45",
                        "value": 0
                    },
                    {
                        "slot": 12,
                        "timeLabel": "03:00",
                        "value": 0
                    },
                    {
                        "slot": 13,
                        "timeLabel": "03:15",
                        "value": 0
                    },
                    {
                        "slot": 14,
                        "timeLabel": "03:30",
                        "value": 0
                    },
                    {
                        "slot": 15,
                        "timeLabel": "03:45",
                        "value": 0
                    },
                    {
                        "slot": 16,
                        "timeLabel": "04:00",
                        "value": 0
                    },
                    {
                        "slot": 17,
                        "timeLabel": "04:15",
                        "value": 0
                    },
                    {
                        "slot": 18,
                        "timeLabel": "04:30",
                        "value": 0
                    },
                    {
                        "slot": 19,
                        "timeLabel": "04:45",
                        "value": 0
                    },
                    {
                        "slot": 20,
                        "timeLabel": "05:00",
                        "value": 0
                    },
                    {
                        "slot": 21,
                        "timeLabel": "05:15",
                        "value": 0
                    },
                    {
                        "slot": 22,
                        "timeLabel": "05:30",
                        "value": 0
                    },
                    {
                        "slot": 23,
                        "timeLabel": "05:45",
                        "value": 0
                    },
                    {
                        "slot": 24,
                        "timeLabel": "06:00",
                        "value": 0
                    },
                    {
                        "slot": 25,
                        "timeLabel": "06:15",
                        "value": 0
                    },
                    {
                        "slot": 26,
                        "timeLabel": "06:30",
                        "value": 0
                    },
                    {
                        "slot": 27,
                        "timeLabel": "06:45",
                        "value": 0
                    },
                    {
                        "slot": 28,
                        "timeLabel": "07:00",
                        "value": 0
                    },
                    {
                        "slot": 29,
                        "timeLabel": "07:15",
                        "value": 4
                    },
                    {
                        "slot": 30,
                        "timeLabel": "07:30",
                        "value": 34
                    },
                    {
                        "slot": 31,
                        "timeLabel": "07:45",
                        "value": 40
                    },
                    {
                        "slot": 32,
                        "timeLabel": "08:00",
                        "value": 16
                    },
                    {
                        "slot": 33,
                        "timeLabel": "08:15",
                        "value": 0
                    },
                    {
                        "slot": 34,
                        "timeLabel": "08:30",
                        "value": 0
                    },
                    {
                        "slot": 35,
                        "timeLabel": "08:45",
                        "value": 0
                    },
                    {
                        "slot": 36,
                        "timeLabel": "09:00",
                        "value": 0
                    },
                    {
                        "slot": 37,
                        "timeLabel": "09:15",
                        "value": 0
                    },
                    {
                        "slot": 38,
                        "timeLabel": "09:30",
                        "value": 21
                    },
                    {
                        "slot": 39,
                        "timeLabel": "09:45",
                        "value": 26
                    },
                    {
                        "slot": 40,
                        "timeLabel": "10:00",
                        "value": 15
                    },
                    {
                        "slot": 41,
                        "timeLabel": "10:15",
                        "value": 0
                    },
                    {
                        "slot": 42,
                        "timeLabel": "10:30",
                        "value": 0
                    },
                    {
                        "slot": 43,
                        "timeLabel": "10:45",
                        "value": 0
                    },
                    {
                        "slot": 44,
                        "timeLabel": "11:00",
                        "value": 0
                    },
                    {
                        "slot": 45,
                        "timeLabel": "11:15",
                        "value": 0
                    },
                    {
                        "slot": 46,
                        "timeLabel": "11:30",
                        "value": 3
                    },
                    {
                        "slot": 47,
                        "timeLabel": "11:45",
                        "value": 20
                    },
                    {
                        "slot": 48,
                        "timeLabel": "12:00",
                        "value": 48
                    },
                    {
                        "slot": 49,
                        "timeLabel": "12:15",
                        "value": 20
                    },
                    {
                        "slot": 50,
                        "timeLabel": "12:30",
                        "value": 0
                    },
                    {
                        "slot": 51,
                        "timeLabel": "12:45",
                        "value": 0
                    },
                    {
                        "slot": 52,
                        "timeLabel": "13:00",
                        "value": 9
                    },
                    {
                        "slot": 53,
                        "timeLabel": "13:15",
                        "value": 40
                    },
                    {
                        "slot": 54,
                        "timeLabel": "13:30",
                        "value": 34
                    },
                    {
                        "slot": 55,
                        "timeLabel": "13:45",
                        "value": 0
                    },
                    {
                        "slot": 56,
                        "timeLabel": "14:00",
                        "value": 0
                    },
                    {
                        "slot": 57,
                        "timeLabel": "14:15",
                        "value": 0
                    },
                    {
                        "slot": 58,
                        "timeLabel": "14:30",
                        "value": 0
                    },
                    {
                        "slot": 59,
                        "timeLabel": "14:45",
                        "value": 0
                    },
                    {
                        "slot": 60,
                        "timeLabel": "15:00",
                        "value": 0
                    },
                    {
                        "slot": 61,
                        "timeLabel": "15:15",
                        "value": 3
                    },
                    {
                        "slot": 62,
                        "timeLabel": "15:30",
                        "value": 48
                    },
                    {
                        "slot": 63,
                        "timeLabel": "15:45",
                        "value": 13
                    },
                    {
                        "slot": 64,
                        "timeLabel": "16:00",
                        "value": 0
                    },
                    {
                        "slot": 65,
                        "timeLabel": "16:15",
                        "value": 0
                    },
                    {
                        "slot": 66,
                        "timeLabel": "16:30",
                        "value": 0
                    },
                    {
                        "slot": 67,
                        "timeLabel": "16:45",
                        "value": 0
                    },
                    {
                        "slot": 68,
                        "timeLabel": "17:00",
                        "value": 0
                    },
                    {
                        "slot": 69,
                        "timeLabel": "17:15",
                        "value": 0
                    },
                    {
                        "slot": 70,
                        "timeLabel": "17:30",
                        "value": 25
                    },
                    {
                        "slot": 71,
                        "timeLabel": "17:45",
                        "value": 38
                    },
                    {
                        "slot": 72,
                        "timeLabel": "18:00",
                        "value": 23
                    },
                    {
                        "slot": 73,
                        "timeLabel": "18:15",
                        "value": 0
                    },
                    {
                        "slot": 74,
                        "timeLabel": "18:30",
                        "value": 0
                    },
                    {
                        "slot": 75,
                        "timeLabel": "18:45",
                        "value": 0
                    },
                    {
                        "slot": 76,
                        "timeLabel": "19:00",
                        "value": 0
                    },
                    {
                        "slot": 77,
                        "timeLabel": "19:15",
                        "value": 0
                    },
                    {
                        "slot": 78,
                        "timeLabel": "19:30",
                        "value": 0
                    },
                    {
                        "slot": 79,
                        "timeLabel": "19:45",
                        "value": 0
                    },
                    {
                        "slot": 80,
                        "timeLabel": "20:00",
                        "value": 0
                    },
                    {
                        "slot": 81,
                        "timeLabel": "20:15",
                        "value": 0
                    },
                    {
                        "slot": 82,
                        "timeLabel": "20:30",
                        "value": 0
                    },
                    {
                        "slot": 83,
                        "timeLabel": "20:45",
                        "value": 0
                    },
                    {
                        "slot": 84,
                        "timeLabel": "21:00",
                        "value": 0
                    },
                    {
                        "slot": 85,
                        "timeLabel": "21:15",
                        "value": 0
                    },
                    {
                        "slot": 86,
                        "timeLabel": "21:30",
                        "value": 0
                    },
                    {
                        "slot": 87,
                        "timeLabel": "21:45",
                        "value": 0
                    },
                    {
                        "slot": 88,
                        "timeLabel": "22:00",
                        "value": 0
                    },
                    {
                        "slot": 89,
                        "timeLabel": "22:15",
                        "value": 0
                    },
                    {
                        "slot": 90,
                        "timeLabel": "22:30",
                        "value": 0
                    },
                    {
                        "slot": 91,
                        "timeLabel": "22:45",
                        "value": 0
                    },
                    {
                        "slot": 92,
                        "timeLabel": "23:00",
                        "value": 0
                    },
                    {
                        "slot": 93,
                        "timeLabel": "23:15",
                        "value": 0
                    },
                    {
                        "slot": 94,
                        "timeLabel": "23:30",
                        "value": 0
                    },
                    {
                        "slot": 95,
                        "timeLabel": "23:45",
                        "value": 0
                    }
                ],
                "totalFlow": 480
            },
            "geometry": {
                "type": "Point",
                "coordinates": [
                    376468.716478067624848,
                    4824737.840276175178587
                ]
            }
        },
        {
            "type": "Feature",
            "properties": {
                "id": 6,
                "name": "exit_vehicle_7.1",
                "zoneType": "outflow",
                "modality": "vehicle",
                "flowProfile": [
                    {
                        "slot": 0,
                        "timeLabel": "00:00",
                        "value": 0
                    },
                    {
                        "slot": 1,
                        "timeLabel": "00:15",
                        "value": 0
                    },
                    {
                        "slot": 2,
                        "timeLabel": "00:30",
                        "value": 0
                    },
                    {
                        "slot": 3,
                        "timeLabel": "00:45",
                        "value": 0
                    },
                    {
                        "slot": 4,
                        "timeLabel": "01:00",
                        "value": 0
                    },
                    {
                        "slot": 5,
                        "timeLabel": "01:15",
                        "value": 0
                    },
                    {
                        "slot": 6,
                        "timeLabel": "01:30",
                        "value": 0
                    },
                    {
                        "slot": 7,
                        "timeLabel": "01:45",
                        "value": 0
                    },
                    {
                        "slot": 8,
                        "timeLabel": "02:00",
                        "value": 0
                    },
                    {
                        "slot": 9,
                        "timeLabel": "02:15",
                        "value": 0
                    },
                    {
                        "slot": 10,
                        "timeLabel": "02:30",
                        "value": 0
                    },
                    {
                        "slot": 11,
                        "timeLabel": "02:45",
                        "value": 0
                    },
                    {
                        "slot": 12,
                        "timeLabel": "03:00",
                        "value": 0
                    },
                    {
                        "slot": 13,
                        "timeLabel": "03:15",
                        "value": 0
                    },
                    {
                        "slot": 14,
                        "timeLabel": "03:30",
                        "value": 0
                    },
                    {
                        "slot": 15,
                        "timeLabel": "03:45",
                        "value": 0
                    },
                    {
                        "slot": 16,
                        "timeLabel": "04:00",
                        "value": 0
                    },
                    {
                        "slot": 17,
                        "timeLabel": "04:15",
                        "value": 0
                    },
                    {
                        "slot": 18,
                        "timeLabel": "04:30",
                        "value": 0
                    },
                    {
                        "slot": 19,
                        "timeLabel": "04:45",
                        "value": 0
                    },
                    {
                        "slot": 20,
                        "timeLabel": "05:00",
                        "value": 0
                    },
                    {
                        "slot": 21,
                        "timeLabel": "05:15",
                        "value": 0
                    },
                    {
                        "slot": 22,
                        "timeLabel": "05:30",
                        "value": 0
                    },
                    {
                        "slot": 23,
                        "timeLabel": "05:45",
                        "value": 0
                    },
                    {
                        "slot": 24,
                        "timeLabel": "06:00",
                        "value": 0
                    },
                    {
                        "slot": 25,
                        "timeLabel": "06:15",
                        "value": 0
                    },
                    {
                        "slot": 26,
                        "timeLabel": "06:30",
                        "value": 0
                    },
                    {
                        "slot": 27,
                        "timeLabel": "06:45",
                        "value": 0
                    },
                    {
                        "slot": 28,
                        "timeLabel": "07:00",
                        "value": 0
                    },
                    {
                        "slot": 29,
                        "timeLabel": "07:15",
                        "value": 13
                    },
                    {
                        "slot": 30,
                        "timeLabel": "07:30",
                        "value": 68
                    },
                    {
                        "slot": 31,
                        "timeLabel": "07:45",
                        "value": 89
                    },
                    {
                        "slot": 32,
                        "timeLabel": "08:00",
                        "value": 33
                    },
                    {
                        "slot": 33,
                        "timeLabel": "08:15",
                        "value": 0
                    },
                    {
                        "slot": 34,
                        "timeLabel": "08:30",
                        "value": 0
                    },
                    {
                        "slot": 35,
                        "timeLabel": "08:45",
                        "value": 0
                    },
                    {
                        "slot": 36,
                        "timeLabel": "09:00",
                        "value": 0
                    },
                    {
                        "slot": 37,
                        "timeLabel": "09:15",
                        "value": 0
                    },
                    {
                        "slot": 38,
                        "timeLabel": "09:30",
                        "value": 13
                    },
                    {
                        "slot": 39,
                        "timeLabel": "09:45",
                        "value": 54
                    },
                    {
                        "slot": 40,
                        "timeLabel": "10:00",
                        "value": 23
                    },
                    {
                        "slot": 41,
                        "timeLabel": "10:15",
                        "value": 0
                    },
                    {
                        "slot": 42,
                        "timeLabel": "10:30",
                        "value": 0
                    },
                    {
                        "slot": 43,
                        "timeLabel": "10:45",
                        "value": 0
                    },
                    {
                        "slot": 44,
                        "timeLabel": "11:00",
                        "value": 0
                    },
                    {
                        "slot": 45,
                        "timeLabel": "11:15",
                        "value": 0
                    },
                    {
                        "slot": 46,
                        "timeLabel": "11:30",
                        "value": 13
                    },
                    {
                        "slot": 47,
                        "timeLabel": "11:45",
                        "value": 83
                    },
                    {
                        "slot": 48,
                        "timeLabel": "12:00",
                        "value": 95
                    },
                    {
                        "slot": 49,
                        "timeLabel": "12:15",
                        "value": 18
                    },
                    {
                        "slot": 50,
                        "timeLabel": "12:30",
                        "value": 0
                    },
                    {
                        "slot": 51,
                        "timeLabel": "12:45",
                        "value": 0
                    },
                    {
                        "slot": 52,
                        "timeLabel": "13:00",
                        "value": 8
                    },
                    {
                        "slot": 53,
                        "timeLabel": "13:15",
                        "value": 77
                    },
                    {
                        "slot": 54,
                        "timeLabel": "13:30",
                        "value": 71
                    },
                    {
                        "slot": 55,
                        "timeLabel": "13:45",
                        "value": 0
                    },
                    {
                        "slot": 56,
                        "timeLabel": "14:00",
                        "value": 0
                    },
                    {
                        "slot": 57,
                        "timeLabel": "14:15",
                        "value": 0
                    },
                    {
                        "slot": 58,
                        "timeLabel": "14:30",
                        "value": 0
                    },
                    {
                        "slot": 59,
                        "timeLabel": "14:45",
                        "value": 0
                    },
                    {
                        "slot": 60,
                        "timeLabel": "15:00",
                        "value": 0
                    },
                    {
                        "slot": 61,
                        "timeLabel": "15:15",
                        "value": 19
                    },
                    {
                        "slot": 62,
                        "timeLabel": "15:30",
                        "value": 85
                    },
                    {
                        "slot": 63,
                        "timeLabel": "15:45",
                        "value": 45
                    },
                    {
                        "slot": 64,
                        "timeLabel": "16:00",
                        "value": 0
                    },
                    {
                        "slot": 65,
                        "timeLabel": "16:15",
                        "value": 0
                    },
                    {
                        "slot": 66,
                        "timeLabel": "16:30",
                        "value": 0
                    },
                    {
                        "slot": 67,
                        "timeLabel": "16:45",
                        "value": 0
                    },
                    {
                        "slot": 68,
                        "timeLabel": "17:00",
                        "value": 0
                    },
                    {
                        "slot": 69,
                        "timeLabel": "17:15",
                        "value": 0
                    },
                    {
                        "slot": 70,
                        "timeLabel": "17:30",
                        "value": 58
                    },
                    {
                        "slot": 71,
                        "timeLabel": "17:45",
                        "value": 107
                    },
                    {
                        "slot": 72,
                        "timeLabel": "18:00",
                        "value": 68
                    },
                    {
                        "slot": 73,
                        "timeLabel": "18:15",
                        "value": 0
                    },
                    {
                        "slot": 74,
                        "timeLabel": "18:30",
                        "value": 0
                    },
                    {
                        "slot": 75,
                        "timeLabel": "18:45",
                        "value": 0
                    },
                    {
                        "slot": 76,
                        "timeLabel": "19:00",
                        "value": 0
                    },
                    {
                        "slot": 77,
                        "timeLabel": "19:15",
                        "value": 0
                    },
                    {
                        "slot": 78,
                        "timeLabel": "19:30",
                        "value": 0
                    },
                    {
                        "slot": 79,
                        "timeLabel": "19:45",
                        "value": 0
                    },
                    {
                        "slot": 80,
                        "timeLabel": "20:00",
                        "value": 0
                    },
                    {
                        "slot": 81,
                        "timeLabel": "20:15",
                        "value": 0
                    },
                    {
                        "slot": 82,
                        "timeLabel": "20:30",
                        "value": 0
                    },
                    {
                        "slot": 83,
                        "timeLabel": "20:45",
                        "value": 0
                    },
                    {
                        "slot": 84,
                        "timeLabel": "21:00",
                        "value": 0
                    },
                    {
                        "slot": 85,
                        "timeLabel": "21:15",
                        "value": 0
                    },
                    {
                        "slot": 86,
                        "timeLabel": "21:30",
                        "value": 0
                    },
                    {
                        "slot": 87,
                        "timeLabel": "21:45",
                        "value": 0
                    },
                    {
                        "slot": 88,
                        "timeLabel": "22:00",
                        "value": 0
                    },
                    {
                        "slot": 89,
                        "timeLabel": "22:15",
                        "value": 0
                    },
                    {
                        "slot": 90,
                        "timeLabel": "22:30",
                        "value": 0
                    },
                    {
                        "slot": 91,
                        "timeLabel": "22:45",
                        "value": 0
                    },
                    {
                        "slot": 92,
                        "timeLabel": "23:00",
                        "value": 0
                    },
                    {
                        "slot": 93,
                        "timeLabel": "23:15",
                        "value": 0
                    },
                    {
                        "slot": 94,
                        "timeLabel": "23:30",
                        "value": 0
                    },
                    {
                        "slot": 95,
                        "timeLabel": "23:45",
                        "value": 0
                    }
                ],
                "totalFlow": 1040
            },
            "geometry": {
                "type": "Point",
                "coordinates": [
                    376468.716478067624848,
                    4824737.840276175178587
                ]
            }
        },
        {
            "type": "Feature",
            "properties": {
                "id": 7,
                "name": "entrance_bike_7.3",
                "zoneType": "inflow",
                "modality": "bike",
                "flowProfile": [
                    {
                        "slot": 0,
                        "timeLabel": "00:00",
                        "value": 0
                    },
                    {
                        "slot": 1,
                        "timeLabel": "00:15",
                        "value": 0
                    },
                    {
                        "slot": 2,
                        "timeLabel": "00:30",
                        "value": 0
                    },
                    {
                        "slot": 3,
                        "timeLabel": "00:45",
                        "value": 0
                    },
                    {
                        "slot": 4,
                        "timeLabel": "01:00",
                        "value": 0
                    },
                    {
                        "slot": 5,
                        "timeLabel": "01:15",
                        "value": 0
                    },
                    {
                        "slot": 6,
                        "timeLabel": "01:30",
                        "value": 0
                    },
                    {
                        "slot": 7,
                        "timeLabel": "01:45",
                        "value": 0
                    },
                    {
                        "slot": 8,
                        "timeLabel": "02:00",
                        "value": 0
                    },
                    {
                        "slot": 9,
                        "timeLabel": "02:15",
                        "value": 0
                    },
                    {
                        "slot": 10,
                        "timeLabel": "02:30",
                        "value": 0
                    },
                    {
                        "slot": 11,
                        "timeLabel": "02:45",
                        "value": 0
                    },
                    {
                        "slot": 12,
                        "timeLabel": "03:00",
                        "value": 0
                    },
                    {
                        "slot": 13,
                        "timeLabel": "03:15",
                        "value": 0
                    },
                    {
                        "slot": 14,
                        "timeLabel": "03:30",
                        "value": 0
                    },
                    {
                        "slot": 15,
                        "timeLabel": "03:45",
                        "value": 0
                    },
                    {
                        "slot": 16,
                        "timeLabel": "04:00",
                        "value": 0
                    },
                    {
                        "slot": 17,
                        "timeLabel": "04:15",
                        "value": 0
                    },
                    {
                        "slot": 18,
                        "timeLabel": "04:30",
                        "value": 0
                    },
                    {
                        "slot": 19,
                        "timeLabel": "04:45",
                        "value": 0
                    },
                    {
                        "slot": 20,
                        "timeLabel": "05:00",
                        "value": 0
                    },
                    {
                        "slot": 21,
                        "timeLabel": "05:15",
                        "value": 0
                    },
                    {
                        "slot": 22,
                        "timeLabel": "05:30",
                        "value": 0
                    },
                    {
                        "slot": 23,
                        "timeLabel": "05:45",
                        "value": 0
                    },
                    {
                        "slot": 24,
                        "timeLabel": "06:00",
                        "value": 0
                    },
                    {
                        "slot": 25,
                        "timeLabel": "06:15",
                        "value": 0
                    },
                    {
                        "slot": 26,
                        "timeLabel": "06:30",
                        "value": 0
                    },
                    {
                        "slot": 27,
                        "timeLabel": "06:45",
                        "value": 0
                    },
                    {
                        "slot": 28,
                        "timeLabel": "07:00",
                        "value": 0
                    },
                    {
                        "slot": 29,
                        "timeLabel": "07:15",
                        "value": 0
                    },
                    {
                        "slot": 30,
                        "timeLabel": "07:30",
                        "value": 0
                    },
                    {
                        "slot": 31,
                        "timeLabel": "07:45",
                        "value": 0
                    },
                    {
                        "slot": 32,
                        "timeLabel": "08:00",
                        "value": 0
                    },
                    {
                        "slot": 33,
                        "timeLabel": "08:15",
                        "value": 0
                    },
                    {
                        "slot": 34,
                        "timeLabel": "08:30",
                        "value": 0
                    },
                    {
                        "slot": 35,
                        "timeLabel": "08:45",
                        "value": 0
                    },
                    {
                        "slot": 36,
                        "timeLabel": "09:00",
                        "value": 0
                    },
                    {
                        "slot": 37,
                        "timeLabel": "09:15",
                        "value": 0
                    },
                    {
                        "slot": 38,
                        "timeLabel": "09:30",
                        "value": 0
                    },
                    {
                        "slot": 39,
                        "timeLabel": "09:45",
                        "value": 1
                    },
                    {
                        "slot": 40,
                        "timeLabel": "10:00",
                        "value": 0
                    },
                    {
                        "slot": 41,
                        "timeLabel": "10:15",
                        "value": 0
                    },
                    {
                        "slot": 42,
                        "timeLabel": "10:30",
                        "value": 0
                    },
                    {
                        "slot": 43,
                        "timeLabel": "10:45",
                        "value": 0
                    },
                    {
                        "slot": 44,
                        "timeLabel": "11:00",
                        "value": 0
                    },
                    {
                        "slot": 45,
                        "timeLabel": "11:15",
                        "value": 0
                    },
                    {
                        "slot": 46,
                        "timeLabel": "11:30",
                        "value": 0
                    },
                    {
                        "slot": 47,
                        "timeLabel": "11:45",
                        "value": 0
                    },
                    {
                        "slot": 48,
                        "timeLabel": "12:00",
                        "value": 0
                    },
                    {
                        "slot": 49,
                        "timeLabel": "12:15",
                        "value": 1
                    },
                    {
                        "slot": 50,
                        "timeLabel": "12:30",
                        "value": 0
                    },
                    {
                        "slot": 51,
                        "timeLabel": "12:45",
                        "value": 0
                    },
                    {
                        "slot": 52,
                        "timeLabel": "13:00",
                        "value": 6
                    },
                    {
                        "slot": 53,
                        "timeLabel": "13:15",
                        "value": 5
                    },
                    {
                        "slot": 54,
                        "timeLabel": "13:30",
                        "value": 1
                    },
                    {
                        "slot": 55,
                        "timeLabel": "13:45",
                        "value": 0
                    },
                    {
                        "slot": 56,
                        "timeLabel": "14:00",
                        "value": 0
                    },
                    {
                        "slot": 57,
                        "timeLabel": "14:15",
                        "value": 0
                    },
                    {
                        "slot": 58,
                        "timeLabel": "14:30",
                        "value": 0
                    },
                    {
                        "slot": 59,
                        "timeLabel": "14:45",
                        "value": 0
                    },
                    {
                        "slot": 60,
                        "timeLabel": "15:00",
                        "value": 0
                    },
                    {
                        "slot": 61,
                        "timeLabel": "15:15",
                        "value": 1
                    },
                    {
                        "slot": 62,
                        "timeLabel": "15:30",
                        "value": 2
                    },
                    {
                        "slot": 63,
                        "timeLabel": "15:45",
                        "value": 5
                    },
                    {
                        "slot": 64,
                        "timeLabel": "16:00",
                        "value": 0
                    },
                    {
                        "slot": 65,
                        "timeLabel": "16:15",
                        "value": 0
                    },
                    {
                        "slot": 66,
                        "timeLabel": "16:30",
                        "value": 0
                    },
                    {
                        "slot": 67,
                        "timeLabel": "16:45",
                        "value": 0
                    },
                    {
                        "slot": 68,
                        "timeLabel": "17:00",
                        "value": 0
                    },
                    {
                        "slot": 69,
                        "timeLabel": "17:15",
                        "value": 0
                    },
                    {
                        "slot": 70,
                        "timeLabel": "17:30",
                        "value": 13
                    },
                    {
                        "slot": 71,
                        "timeLabel": "17:45",
                        "value": 4
                    },
                    {
                        "slot": 72,
                        "timeLabel": "18:00",
                        "value": 1
                    },
                    {
                        "slot": 73,
                        "timeLabel": "18:15",
                        "value": 0
                    },
                    {
                        "slot": 74,
                        "timeLabel": "18:30",
                        "value": 0
                    },
                    {
                        "slot": 75,
                        "timeLabel": "18:45",
                        "value": 0
                    },
                    {
                        "slot": 76,
                        "timeLabel": "19:00",
                        "value": 0
                    },
                    {
                        "slot": 77,
                        "timeLabel": "19:15",
                        "value": 0
                    },
                    {
                        "slot": 78,
                        "timeLabel": "19:30",
                        "value": 0
                    },
                    {
                        "slot": 79,
                        "timeLabel": "19:45",
                        "value": 0
                    },
                    {
                        "slot": 80,
                        "timeLabel": "20:00",
                        "value": 0
                    },
                    {
                        "slot": 81,
                        "timeLabel": "20:15",
                        "value": 0
                    },
                    {
                        "slot": 82,
                        "timeLabel": "20:30",
                        "value": 0
                    },
                    {
                        "slot": 83,
                        "timeLabel": "20:45",
                        "value": 0
                    },
                    {
                        "slot": 84,
                        "timeLabel": "21:00",
                        "value": 0
                    },
                    {
                        "slot": 85,
                        "timeLabel": "21:15",
                        "value": 0
                    },
                    {
                        "slot": 86,
                        "timeLabel": "21:30",
                        "value": 0
                    },
                    {
                        "slot": 87,
                        "timeLabel": "21:45",
                        "value": 0
                    },
                    {
                        "slot": 88,
                        "timeLabel": "22:00",
                        "value": 0
                    },
                    {
                        "slot": 89,
                        "timeLabel": "22:15",
                        "value": 0
                    },
                    {
                        "slot": 90,
                        "timeLabel": "22:30",
                        "value": 0
                    },
                    {
                        "slot": 91,
                        "timeLabel": "22:45",
                        "value": 0
                    },
                    {
                        "slot": 92,
                        "timeLabel": "23:00",
                        "value": 0
                    },
                    {
                        "slot": 93,
                        "timeLabel": "23:15",
                        "value": 0
                    },
                    {
                        "slot": 94,
                        "timeLabel": "23:30",
                        "value": 0
                    },
                    {
                        "slot": 95,
                        "timeLabel": "23:45",
                        "value": 0
                    }
                ],
                "totalFlow": 40
            },
            "geometry": {
                "type": "Point",
                "coordinates": [
                    376376.44744211633224,
                    4824507.27096151560545
                ]
            }
        },
        {
            "type": "Feature",
            "properties": {
                "id": 8,
                "name": "entrance_foot_7.3",
                "zoneType": "inflow",
                "modality": "pedestrian",
                "flowProfile": [
                    {
                        "slot": 0,
                        "timeLabel": "00:00",
                        "value": 0
                    },
                    {
                        "slot": 1,
                        "timeLabel": "00:15",
                        "value": 0
                    },
                    {
                        "slot": 2,
                        "timeLabel": "00:30",
                        "value": 0
                    },
                    {
                        "slot": 3,
                        "timeLabel": "00:45",
                        "value": 0
                    },
                    {
                        "slot": 4,
                        "timeLabel": "01:00",
                        "value": 0
                    },
                    {
                        "slot": 5,
                        "timeLabel": "01:15",
                        "value": 0
                    },
                    {
                        "slot": 6,
                        "timeLabel": "01:30",
                        "value": 0
                    },
                    {
                        "slot": 7,
                        "timeLabel": "01:45",
                        "value": 0
                    },
                    {
                        "slot": 8,
                        "timeLabel": "02:00",
                        "value": 0
                    },
                    {
                        "slot": 9,
                        "timeLabel": "02:15",
                        "value": 0
                    },
                    {
                        "slot": 10,
                        "timeLabel": "02:30",
                        "value": 0
                    },
                    {
                        "slot": 11,
                        "timeLabel": "02:45",
                        "value": 0
                    },
                    {
                        "slot": 12,
                        "timeLabel": "03:00",
                        "value": 0
                    },
                    {
                        "slot": 13,
                        "timeLabel": "03:15",
                        "value": 0
                    },
                    {
                        "slot": 14,
                        "timeLabel": "03:30",
                        "value": 0
                    },
                    {
                        "slot": 15,
                        "timeLabel": "03:45",
                        "value": 0
                    },
                    {
                        "slot": 16,
                        "timeLabel": "04:00",
                        "value": 0
                    },
                    {
                        "slot": 17,
                        "timeLabel": "04:15",
                        "value": 0
                    },
                    {
                        "slot": 18,
                        "timeLabel": "04:30",
                        "value": 0
                    },
                    {
                        "slot": 19,
                        "timeLabel": "04:45",
                        "value": 0
                    },
                    {
                        "slot": 20,
                        "timeLabel": "05:00",
                        "value": 0
                    },
                    {
                        "slot": 21,
                        "timeLabel": "05:15",
                        "value": 0
                    },
                    {
                        "slot": 22,
                        "timeLabel": "05:30",
                        "value": 0
                    },
                    {
                        "slot": 23,
                        "timeLabel": "05:45",
                        "value": 0
                    },
                    {
                        "slot": 24,
                        "timeLabel": "06:00",
                        "value": 0
                    },
                    {
                        "slot": 25,
                        "timeLabel": "06:15",
                        "value": 0
                    },
                    {
                        "slot": 26,
                        "timeLabel": "06:30",
                        "value": 0
                    },
                    {
                        "slot": 27,
                        "timeLabel": "06:45",
                        "value": 0
                    },
                    {
                        "slot": 28,
                        "timeLabel": "07:00",
                        "value": 0
                    },
                    {
                        "slot": 29,
                        "timeLabel": "07:15",
                        "value": 0
                    },
                    {
                        "slot": 30,
                        "timeLabel": "07:30",
                        "value": 0
                    },
                    {
                        "slot": 31,
                        "timeLabel": "07:45",
                        "value": 0
                    },
                    {
                        "slot": 32,
                        "timeLabel": "08:00",
                        "value": 0
                    },
                    {
                        "slot": 33,
                        "timeLabel": "08:15",
                        "value": 0
                    },
                    {
                        "slot": 34,
                        "timeLabel": "08:30",
                        "value": 0
                    },
                    {
                        "slot": 35,
                        "timeLabel": "08:45",
                        "value": 0
                    },
                    {
                        "slot": 36,
                        "timeLabel": "09:00",
                        "value": 0
                    },
                    {
                        "slot": 37,
                        "timeLabel": "09:15",
                        "value": 0
                    },
                    {
                        "slot": 38,
                        "timeLabel": "09:30",
                        "value": 11
                    },
                    {
                        "slot": 39,
                        "timeLabel": "09:45",
                        "value": 29
                    },
                    {
                        "slot": 40,
                        "timeLabel": "10:00",
                        "value": 2
                    },
                    {
                        "slot": 41,
                        "timeLabel": "10:15",
                        "value": 0
                    },
                    {
                        "slot": 42,
                        "timeLabel": "10:30",
                        "value": 0
                    },
                    {
                        "slot": 43,
                        "timeLabel": "10:45",
                        "value": 0
                    },
                    {
                        "slot": 44,
                        "timeLabel": "11:00",
                        "value": 0
                    },
                    {
                        "slot": 45,
                        "timeLabel": "11:15",
                        "value": 0
                    },
                    {
                        "slot": 46,
                        "timeLabel": "11:30",
                        "value": 0
                    },
                    {
                        "slot": 47,
                        "timeLabel": "11:45",
                        "value": 15
                    },
                    {
                        "slot": 48,
                        "timeLabel": "12:00",
                        "value": 76
                    },
                    {
                        "slot": 49,
                        "timeLabel": "12:15",
                        "value": 7
                    },
                    {
                        "slot": 50,
                        "timeLabel": "12:30",
                        "value": 0
                    },
                    {
                        "slot": 51,
                        "timeLabel": "12:45",
                        "value": 0
                    },
                    {
                        "slot": 52,
                        "timeLabel": "13:00",
                        "value": 17
                    },
                    {
                        "slot": 53,
                        "timeLabel": "13:15",
                        "value": 22
                    },
                    {
                        "slot": 54,
                        "timeLabel": "13:30",
                        "value": 19
                    },
                    {
                        "slot": 55,
                        "timeLabel": "13:45",
                        "value": 0
                    },
                    {
                        "slot": 56,
                        "timeLabel": "14:00",
                        "value": 0
                    },
                    {
                        "slot": 57,
                        "timeLabel": "14:15",
                        "value": 0
                    },
                    {
                        "slot": 58,
                        "timeLabel": "14:30",
                        "value": 0
                    },
                    {
                        "slot": 59,
                        "timeLabel": "14:45",
                        "value": 0
                    },
                    {
                        "slot": 60,
                        "timeLabel": "15:00",
                        "value": 0
                    },
                    {
                        "slot": 61,
                        "timeLabel": "15:15",
                        "value": 8
                    },
                    {
                        "slot": 62,
                        "timeLabel": "15:30",
                        "value": 44
                    },
                    {
                        "slot": 63,
                        "timeLabel": "15:45",
                        "value": 35
                    },
                    {
                        "slot": 64,
                        "timeLabel": "16:00",
                        "value": 0
                    },
                    {
                        "slot": 65,
                        "timeLabel": "16:15",
                        "value": 0
                    },
                    {
                        "slot": 66,
                        "timeLabel": "16:30",
                        "value": 0
                    },
                    {
                        "slot": 67,
                        "timeLabel": "16:45",
                        "value": 0
                    },
                    {
                        "slot": 68,
                        "timeLabel": "17:00",
                        "value": 0
                    },
                    {
                        "slot": 69,
                        "timeLabel": "17:15",
                        "value": 0
                    },
                    {
                        "slot": 70,
                        "timeLabel": "17:30",
                        "value": 15
                    },
                    {
                        "slot": 71,
                        "timeLabel": "17:45",
                        "value": 26
                    },
                    {
                        "slot": 72,
                        "timeLabel": "18:00",
                        "value": 3
                    },
                    {
                        "slot": 73,
                        "timeLabel": "18:15",
                        "value": 0
                    },
                    {
                        "slot": 74,
                        "timeLabel": "18:30",
                        "value": 0
                    },
                    {
                        "slot": 75,
                        "timeLabel": "18:45",
                        "value": 0
                    },
                    {
                        "slot": 76,
                        "timeLabel": "19:00",
                        "value": 0
                    },
                    {
                        "slot": 77,
                        "timeLabel": "19:15",
                        "value": 0
                    },
                    {
                        "slot": 78,
                        "timeLabel": "19:30",
                        "value": 0
                    },
                    {
                        "slot": 79,
                        "timeLabel": "19:45",
                        "value": 0
                    },
                    {
                        "slot": 80,
                        "timeLabel": "20:00",
                        "value": 0
                    },
                    {
                        "slot": 81,
                        "timeLabel": "20:15",
                        "value": 0
                    },
                    {
                        "slot": 82,
                        "timeLabel": "20:30",
                        "value": 0
                    },
                    {
                        "slot": 83,
                        "timeLabel": "20:45",
                        "value": 0
                    },
                    {
                        "slot": 84,
                        "timeLabel": "21:00",
                        "value": 0
                    },
                    {
                        "slot": 85,
                        "timeLabel": "21:15",
                        "value": 0
                    },
                    {
                        "slot": 86,
                        "timeLabel": "21:30",
                        "value": 0
                    },
                    {
                        "slot": 87,
                        "timeLabel": "21:45",
                        "value": 0
                    },
                    {
                        "slot": 88,
                        "timeLabel": "22:00",
                        "value": 0
                    },
                    {
                        "slot": 89,
                        "timeLabel": "22:15",
                        "value": 0
                    },
                    {
                        "slot": 90,
                        "timeLabel": "22:30",
                        "value": 0
                    },
                    {
                        "slot": 91,
                        "timeLabel": "22:45",
                        "value": 0
                    },
                    {
                        "slot": 92,
                        "timeLabel": "23:00",
                        "value": 0
                    },
                    {
                        "slot": 93,
                        "timeLabel": "23:15",
                        "value": 0
                    },
                    {
                        "slot": 94,
                        "timeLabel": "23:30",
                        "value": 0
                    },
                    {
                        "slot": 95,
                        "timeLabel": "23:45",
                        "value": 0
                    }
                ],
                "totalFlow": 329
            },
            "geometry": {
                "type": "Point",
                "coordinates": [
                    376376.44744211633224,
                    4824507.27096151560545
                ]
            }
        },
        {
            "type": "Feature",
            "properties": {
                "id": 9,
                "name": "entrance_vehicle_7.3",
                "zoneType": "inflow",
                "modality": "vehicle",
                "flowProfile": [
                    {
                        "slot": 0,
                        "timeLabel": "00:00",
                        "value": 0
                    },
                    {
                        "slot": 1,
                        "timeLabel": "00:15",
                        "value": 0
                    },
                    {
                        "slot": 2,
                        "timeLabel": "00:30",
                        "value": 0
                    },
                    {
                        "slot": 3,
                        "timeLabel": "00:45",
                        "value": 0
                    },
                    {
                        "slot": 4,
                        "timeLabel": "01:00",
                        "value": 0
                    },
                    {
                        "slot": 5,
                        "timeLabel": "01:15",
                        "value": 0
                    },
                    {
                        "slot": 6,
                        "timeLabel": "01:30",
                        "value": 0
                    },
                    {
                        "slot": 7,
                        "timeLabel": "01:45",
                        "value": 0
                    },
                    {
                        "slot": 8,
                        "timeLabel": "02:00",
                        "value": 0
                    },
                    {
                        "slot": 9,
                        "timeLabel": "02:15",
                        "value": 0
                    },
                    {
                        "slot": 10,
                        "timeLabel": "02:30",
                        "value": 0
                    },
                    {
                        "slot": 11,
                        "timeLabel": "02:45",
                        "value": 0
                    },
                    {
                        "slot": 12,
                        "timeLabel": "03:00",
                        "value": 0
                    },
                    {
                        "slot": 13,
                        "timeLabel": "03:15",
                        "value": 0
                    },
                    {
                        "slot": 14,
                        "timeLabel": "03:30",
                        "value": 0
                    },
                    {
                        "slot": 15,
                        "timeLabel": "03:45",
                        "value": 0
                    },
                    {
                        "slot": 16,
                        "timeLabel": "04:00",
                        "value": 0
                    },
                    {
                        "slot": 17,
                        "timeLabel": "04:15",
                        "value": 0
                    },
                    {
                        "slot": 18,
                        "timeLabel": "04:30",
                        "value": 0
                    },
                    {
                        "slot": 19,
                        "timeLabel": "04:45",
                        "value": 0
                    },
                    {
                        "slot": 20,
                        "timeLabel": "05:00",
                        "value": 0
                    },
                    {
                        "slot": 21,
                        "timeLabel": "05:15",
                        "value": 0
                    },
                    {
                        "slot": 22,
                        "timeLabel": "05:30",
                        "value": 0
                    },
                    {
                        "slot": 23,
                        "timeLabel": "05:45",
                        "value": 0
                    },
                    {
                        "slot": 24,
                        "timeLabel": "06:00",
                        "value": 0
                    },
                    {
                        "slot": 25,
                        "timeLabel": "06:15",
                        "value": 0
                    },
                    {
                        "slot": 26,
                        "timeLabel": "06:30",
                        "value": 0
                    },
                    {
                        "slot": 27,
                        "timeLabel": "06:45",
                        "value": 0
                    },
                    {
                        "slot": 28,
                        "timeLabel": "07:00",
                        "value": 0
                    },
                    {
                        "slot": 29,
                        "timeLabel": "07:15",
                        "value": 0
                    },
                    {
                        "slot": 30,
                        "timeLabel": "07:30",
                        "value": 0
                    },
                    {
                        "slot": 31,
                        "timeLabel": "07:45",
                        "value": 0
                    },
                    {
                        "slot": 32,
                        "timeLabel": "08:00",
                        "value": 0
                    },
                    {
                        "slot": 33,
                        "timeLabel": "08:15",
                        "value": 0
                    },
                    {
                        "slot": 34,
                        "timeLabel": "08:30",
                        "value": 0
                    },
                    {
                        "slot": 35,
                        "timeLabel": "08:45",
                        "value": 0
                    },
                    {
                        "slot": 36,
                        "timeLabel": "09:00",
                        "value": 0
                    },
                    {
                        "slot": 37,
                        "timeLabel": "09:15",
                        "value": 0
                    },
                    {
                        "slot": 38,
                        "timeLabel": "09:30",
                        "value": 9
                    },
                    {
                        "slot": 39,
                        "timeLabel": "09:45",
                        "value": 19
                    },
                    {
                        "slot": 40,
                        "timeLabel": "10:00",
                        "value": 1
                    },
                    {
                        "slot": 41,
                        "timeLabel": "10:15",
                        "value": 0
                    },
                    {
                        "slot": 42,
                        "timeLabel": "10:30",
                        "value": 0
                    },
                    {
                        "slot": 43,
                        "timeLabel": "10:45",
                        "value": 0
                    },
                    {
                        "slot": 44,
                        "timeLabel": "11:00",
                        "value": 0
                    },
                    {
                        "slot": 45,
                        "timeLabel": "11:15",
                        "value": 0
                    },
                    {
                        "slot": 46,
                        "timeLabel": "11:30",
                        "value": 0
                    },
                    {
                        "slot": 47,
                        "timeLabel": "11:45",
                        "value": 13
                    },
                    {
                        "slot": 48,
                        "timeLabel": "12:00",
                        "value": 36
                    },
                    {
                        "slot": 49,
                        "timeLabel": "12:15",
                        "value": 10
                    },
                    {
                        "slot": 50,
                        "timeLabel": "12:30",
                        "value": 0
                    },
                    {
                        "slot": 51,
                        "timeLabel": "12:45",
                        "value": 0
                    },
                    {
                        "slot": 52,
                        "timeLabel": "13:00",
                        "value": 7
                    },
                    {
                        "slot": 53,
                        "timeLabel": "13:15",
                        "value": 20
                    },
                    {
                        "slot": 54,
                        "timeLabel": "13:30",
                        "value": 14
                    },
                    {
                        "slot": 55,
                        "timeLabel": "13:45",
                        "value": 0
                    },
                    {
                        "slot": 56,
                        "timeLabel": "14:00",
                        "value": 0
                    },
                    {
                        "slot": 57,
                        "timeLabel": "14:15",
                        "value": 0
                    },
                    {
                        "slot": 58,
                        "timeLabel": "14:30",
                        "value": 0
                    },
                    {
                        "slot": 59,
                        "timeLabel": "14:45",
                        "value": 0
                    },
                    {
                        "slot": 60,
                        "timeLabel": "15:00",
                        "value": 0
                    },
                    {
                        "slot": 61,
                        "timeLabel": "15:15",
                        "value": 8
                    },
                    {
                        "slot": 62,
                        "timeLabel": "15:30",
                        "value": 42
                    },
                    {
                        "slot": 63,
                        "timeLabel": "15:45",
                        "value": 30
                    },
                    {
                        "slot": 64,
                        "timeLabel": "16:00",
                        "value": 0
                    },
                    {
                        "slot": 65,
                        "timeLabel": "16:15",
                        "value": 0
                    },
                    {
                        "slot": 66,
                        "timeLabel": "16:30",
                        "value": 0
                    },
                    {
                        "slot": 67,
                        "timeLabel": "16:45",
                        "value": 0
                    },
                    {
                        "slot": 68,
                        "timeLabel": "17:00",
                        "value": 0
                    },
                    {
                        "slot": 69,
                        "timeLabel": "17:15",
                        "value": 0
                    },
                    {
                        "slot": 70,
                        "timeLabel": "17:30",
                        "value": 15
                    },
                    {
                        "slot": 71,
                        "timeLabel": "17:45",
                        "value": 26
                    },
                    {
                        "slot": 72,
                        "timeLabel": "18:00",
                        "value": 14
                    },
                    {
                        "slot": 73,
                        "timeLabel": "18:15",
                        "value": 0
                    },
                    {
                        "slot": 74,
                        "timeLabel": "18:30",
                        "value": 0
                    },
                    {
                        "slot": 75,
                        "timeLabel": "18:45",
                        "value": 0
                    },
                    {
                        "slot": 76,
                        "timeLabel": "19:00",
                        "value": 0
                    },
                    {
                        "slot": 77,
                        "timeLabel": "19:15",
                        "value": 0
                    },
                    {
                        "slot": 78,
                        "timeLabel": "19:30",
                        "value": 0
                    },
                    {
                        "slot": 79,
                        "timeLabel": "19:45",
                        "value": 0
                    },
                    {
                        "slot": 80,
                        "timeLabel": "20:00",
                        "value": 0
                    },
                    {
                        "slot": 81,
                        "timeLabel": "20:15",
                        "value": 0
                    },
                    {
                        "slot": 82,
                        "timeLabel": "20:30",
                        "value": 0
                    },
                    {
                        "slot": 83,
                        "timeLabel": "20:45",
                        "value": 0
                    },
                    {
                        "slot": 84,
                        "timeLabel": "21:00",
                        "value": 0
                    },
                    {
                        "slot": 85,
                        "timeLabel": "21:15",
                        "value": 0
                    },
                    {
                        "slot": 86,
                        "timeLabel": "21:30",
                        "value": 0
                    },
                    {
                        "slot": 87,
                        "timeLabel": "21:45",
                        "value": 0
                    },
                    {
                        "slot": 88,
                        "timeLabel": "22:00",
                        "value": 0
                    },
                    {
                        "slot": 89,
                        "timeLabel": "22:15",
                        "value": 0
                    },
                    {
                        "slot": 90,
                        "timeLabel": "22:30",
                        "value": 0
                    },
                    {
                        "slot": 91,
                        "timeLabel": "22:45",
                        "value": 0
                    },
                    {
                        "slot": 92,
                        "timeLabel": "23:00",
                        "value": 0
                    },
                    {
                        "slot": 93,
                        "timeLabel": "23:15",
                        "value": 0
                    },
                    {
                        "slot": 94,
                        "timeLabel": "23:30",
                        "value": 0
                    },
                    {
                        "slot": 95,
                        "timeLabel": "23:45",
                        "value": 0
                    }
                ],
                "totalFlow": 264
            },
            "geometry": {
                "type": "Point",
                "coordinates": [
                    376376.44744211633224,
                    4824507.27096151560545
                ]
            }
        },
        {
            "type": "Feature",
            "properties": {
                "id": 10,
                "name": "exit_bike_7.3",
                "zoneType": "outflow",
                "modality": "bike",
                "flowProfile": [
                    {
                        "slot": 0,
                        "timeLabel": "00:00",
                        "value": 0
                    },
                    {
                        "slot": 1,
                        "timeLabel": "00:15",
                        "value": 0
                    },
                    {
                        "slot": 2,
                        "timeLabel": "00:30",
                        "value": 0
                    },
                    {
                        "slot": 3,
                        "timeLabel": "00:45",
                        "value": 0
                    },
                    {
                        "slot": 4,
                        "timeLabel": "01:00",
                        "value": 0
                    },
                    {
                        "slot": 5,
                        "timeLabel": "01:15",
                        "value": 0
                    },
                    {
                        "slot": 6,
                        "timeLabel": "01:30",
                        "value": 0
                    },
                    {
                        "slot": 7,
                        "timeLabel": "01:45",
                        "value": 0
                    },
                    {
                        "slot": 8,
                        "timeLabel": "02:00",
                        "value": 0
                    },
                    {
                        "slot": 9,
                        "timeLabel": "02:15",
                        "value": 0
                    },
                    {
                        "slot": 10,
                        "timeLabel": "02:30",
                        "value": 0
                    },
                    {
                        "slot": 11,
                        "timeLabel": "02:45",
                        "value": 0
                    },
                    {
                        "slot": 12,
                        "timeLabel": "03:00",
                        "value": 0
                    },
                    {
                        "slot": 13,
                        "timeLabel": "03:15",
                        "value": 0
                    },
                    {
                        "slot": 14,
                        "timeLabel": "03:30",
                        "value": 0
                    },
                    {
                        "slot": 15,
                        "timeLabel": "03:45",
                        "value": 0
                    },
                    {
                        "slot": 16,
                        "timeLabel": "04:00",
                        "value": 0
                    },
                    {
                        "slot": 17,
                        "timeLabel": "04:15",
                        "value": 0
                    },
                    {
                        "slot": 18,
                        "timeLabel": "04:30",
                        "value": 0
                    },
                    {
                        "slot": 19,
                        "timeLabel": "04:45",
                        "value": 0
                    },
                    {
                        "slot": 20,
                        "timeLabel": "05:00",
                        "value": 0
                    },
                    {
                        "slot": 21,
                        "timeLabel": "05:15",
                        "value": 0
                    },
                    {
                        "slot": 22,
                        "timeLabel": "05:30",
                        "value": 0
                    },
                    {
                        "slot": 23,
                        "timeLabel": "05:45",
                        "value": 0
                    },
                    {
                        "slot": 24,
                        "timeLabel": "06:00",
                        "value": 0
                    },
                    {
                        "slot": 25,
                        "timeLabel": "06:15",
                        "value": 0
                    },
                    {
                        "slot": 26,
                        "timeLabel": "06:30",
                        "value": 0
                    },
                    {
                        "slot": 27,
                        "timeLabel": "06:45",
                        "value": 0
                    },
                    {
                        "slot": 28,
                        "timeLabel": "07:00",
                        "value": 0
                    },
                    {
                        "slot": 29,
                        "timeLabel": "07:15",
                        "value": 0
                    },
                    {
                        "slot": 30,
                        "timeLabel": "07:30",
                        "value": 0
                    },
                    {
                        "slot": 31,
                        "timeLabel": "07:45",
                        "value": 0
                    },
                    {
                        "slot": 32,
                        "timeLabel": "08:00",
                        "value": 0
                    },
                    {
                        "slot": 33,
                        "timeLabel": "08:15",
                        "value": 0
                    },
                    {
                        "slot": 34,
                        "timeLabel": "08:30",
                        "value": 0
                    },
                    {
                        "slot": 35,
                        "timeLabel": "08:45",
                        "value": 0
                    },
                    {
                        "slot": 36,
                        "timeLabel": "09:00",
                        "value": 0
                    },
                    {
                        "slot": 37,
                        "timeLabel": "09:15",
                        "value": 0
                    },
                    {
                        "slot": 38,
                        "timeLabel": "09:30",
                        "value": 0
                    },
                    {
                        "slot": 39,
                        "timeLabel": "09:45",
                        "value": 2
                    },
                    {
                        "slot": 40,
                        "timeLabel": "10:00",
                        "value": 3
                    },
                    {
                        "slot": 41,
                        "timeLabel": "10:15",
                        "value": 0
                    },
                    {
                        "slot": 42,
                        "timeLabel": "10:30",
                        "value": 0
                    },
                    {
                        "slot": 43,
                        "timeLabel": "10:45",
                        "value": 0
                    },
                    {
                        "slot": 44,
                        "timeLabel": "11:00",
                        "value": 0
                    },
                    {
                        "slot": 45,
                        "timeLabel": "11:15",
                        "value": 0
                    },
                    {
                        "slot": 46,
                        "timeLabel": "11:30",
                        "value": 0
                    },
                    {
                        "slot": 47,
                        "timeLabel": "11:45",
                        "value": 0
                    },
                    {
                        "slot": 48,
                        "timeLabel": "12:00",
                        "value": 1
                    },
                    {
                        "slot": 49,
                        "timeLabel": "12:15",
                        "value": 2
                    },
                    {
                        "slot": 50,
                        "timeLabel": "12:30",
                        "value": 0
                    },
                    {
                        "slot": 51,
                        "timeLabel": "12:45",
                        "value": 0
                    },
                    {
                        "slot": 52,
                        "timeLabel": "13:00",
                        "value": 5
                    },
                    {
                        "slot": 53,
                        "timeLabel": "13:15",
                        "value": 2
                    },
                    {
                        "slot": 54,
                        "timeLabel": "13:30",
                        "value": 0
                    },
                    {
                        "slot": 55,
                        "timeLabel": "13:45",
                        "value": 0
                    },
                    {
                        "slot": 56,
                        "timeLabel": "14:00",
                        "value": 0
                    },
                    {
                        "slot": 57,
                        "timeLabel": "14:15",
                        "value": 0
                    },
                    {
                        "slot": 58,
                        "timeLabel": "14:30",
                        "value": 0
                    },
                    {
                        "slot": 59,
                        "timeLabel": "14:45",
                        "value": 0
                    },
                    {
                        "slot": 60,
                        "timeLabel": "15:00",
                        "value": 0
                    },
                    {
                        "slot": 61,
                        "timeLabel": "15:15",
                        "value": 2
                    },
                    {
                        "slot": 62,
                        "timeLabel": "15:30",
                        "value": 1
                    },
                    {
                        "slot": 63,
                        "timeLabel": "15:45",
                        "value": 0
                    },
                    {
                        "slot": 64,
                        "timeLabel": "16:00",
                        "value": 0
                    },
                    {
                        "slot": 65,
                        "timeLabel": "16:15",
                        "value": 0
                    },
                    {
                        "slot": 66,
                        "timeLabel": "16:30",
                        "value": 0
                    },
                    {
                        "slot": 67,
                        "timeLabel": "16:45",
                        "value": 0
                    },
                    {
                        "slot": 68,
                        "timeLabel": "17:00",
                        "value": 0
                    },
                    {
                        "slot": 69,
                        "timeLabel": "17:15",
                        "value": 0
                    },
                    {
                        "slot": 70,
                        "timeLabel": "17:30",
                        "value": 1
                    },
                    {
                        "slot": 71,
                        "timeLabel": "17:45",
                        "value": 1
                    },
                    {
                        "slot": 72,
                        "timeLabel": "18:00",
                        "value": 1
                    },
                    {
                        "slot": 73,
                        "timeLabel": "18:15",
                        "value": 0
                    },
                    {
                        "slot": 74,
                        "timeLabel": "18:30",
                        "value": 0
                    },
                    {
                        "slot": 75,
                        "timeLabel": "18:45",
                        "value": 0
                    },
                    {
                        "slot": 76,
                        "timeLabel": "19:00",
                        "value": 0
                    },
                    {
                        "slot": 77,
                        "timeLabel": "19:15",
                        "value": 0
                    },
                    {
                        "slot": 78,
                        "timeLabel": "19:30",
                        "value": 0
                    },
                    {
                        "slot": 79,
                        "timeLabel": "19:45",
                        "value": 0
                    },
                    {
                        "slot": 80,
                        "timeLabel": "20:00",
                        "value": 0
                    },
                    {
                        "slot": 81,
                        "timeLabel": "20:15",
                        "value": 0
                    },
                    {
                        "slot": 82,
                        "timeLabel": "20:30",
                        "value": 0
                    },
                    {
                        "slot": 83,
                        "timeLabel": "20:45",
                        "value": 0
                    },
                    {
                        "slot": 84,
                        "timeLabel": "21:00",
                        "value": 0
                    },
                    {
                        "slot": 85,
                        "timeLabel": "21:15",
                        "value": 0
                    },
                    {
                        "slot": 86,
                        "timeLabel": "21:30",
                        "value": 0
                    },
                    {
                        "slot": 87,
                        "timeLabel": "21:45",
                        "value": 0
                    },
                    {
                        "slot": 88,
                        "timeLabel": "22:00",
                        "value": 0
                    },
                    {
                        "slot": 89,
                        "timeLabel": "22:15",
                        "value": 0
                    },
                    {
                        "slot": 90,
                        "timeLabel": "22:30",
                        "value": 0
                    },
                    {
                        "slot": 91,
                        "timeLabel": "22:45",
                        "value": 0
                    },
                    {
                        "slot": 92,
                        "timeLabel": "23:00",
                        "value": 0
                    },
                    {
                        "slot": 93,
                        "timeLabel": "23:15",
                        "value": 0
                    },
                    {
                        "slot": 94,
                        "timeLabel": "23:30",
                        "value": 0
                    },
                    {
                        "slot": 95,
                        "timeLabel": "23:45",
                        "value": 0
                    }
                ],
                "totalFlow": 21
            },
            "geometry": {
                "type": "Point",
                "coordinates": [
                    376376.44744211633224,
                    4824507.27096151560545
                ]
            }
        },
        {
            "type": "Feature",
            "properties": {
                "id": 11,
                "name": "exit_foot_7.3",
                "zoneType": "outflow",
                "modality": "pedestrian",
                "flowProfile": [
                    {
                        "slot": 0,
                        "timeLabel": "00:00",
                        "value": 0
                    },
                    {
                        "slot": 1,
                        "timeLabel": "00:15",
                        "value": 0
                    },
                    {
                        "slot": 2,
                        "timeLabel": "00:30",
                        "value": 0
                    },
                    {
                        "slot": 3,
                        "timeLabel": "00:45",
                        "value": 0
                    },
                    {
                        "slot": 4,
                        "timeLabel": "01:00",
                        "value": 0
                    },
                    {
                        "slot": 5,
                        "timeLabel": "01:15",
                        "value": 0
                    },
                    {
                        "slot": 6,
                        "timeLabel": "01:30",
                        "value": 0
                    },
                    {
                        "slot": 7,
                        "timeLabel": "01:45",
                        "value": 0
                    },
                    {
                        "slot": 8,
                        "timeLabel": "02:00",
                        "value": 0
                    },
                    {
                        "slot": 9,
                        "timeLabel": "02:15",
                        "value": 0
                    },
                    {
                        "slot": 10,
                        "timeLabel": "02:30",
                        "value": 0
                    },
                    {
                        "slot": 11,
                        "timeLabel": "02:45",
                        "value": 0
                    },
                    {
                        "slot": 12,
                        "timeLabel": "03:00",
                        "value": 0
                    },
                    {
                        "slot": 13,
                        "timeLabel": "03:15",
                        "value": 0
                    },
                    {
                        "slot": 14,
                        "timeLabel": "03:30",
                        "value": 0
                    },
                    {
                        "slot": 15,
                        "timeLabel": "03:45",
                        "value": 0
                    },
                    {
                        "slot": 16,
                        "timeLabel": "04:00",
                        "value": 0
                    },
                    {
                        "slot": 17,
                        "timeLabel": "04:15",
                        "value": 0
                    },
                    {
                        "slot": 18,
                        "timeLabel": "04:30",
                        "value": 0
                    },
                    {
                        "slot": 19,
                        "timeLabel": "04:45",
                        "value": 0
                    },
                    {
                        "slot": 20,
                        "timeLabel": "05:00",
                        "value": 0
                    },
                    {
                        "slot": 21,
                        "timeLabel": "05:15",
                        "value": 0
                    },
                    {
                        "slot": 22,
                        "timeLabel": "05:30",
                        "value": 0
                    },
                    {
                        "slot": 23,
                        "timeLabel": "05:45",
                        "value": 0
                    },
                    {
                        "slot": 24,
                        "timeLabel": "06:00",
                        "value": 0
                    },
                    {
                        "slot": 25,
                        "timeLabel": "06:15",
                        "value": 0
                    },
                    {
                        "slot": 26,
                        "timeLabel": "06:30",
                        "value": 0
                    },
                    {
                        "slot": 27,
                        "timeLabel": "06:45",
                        "value": 0
                    },
                    {
                        "slot": 28,
                        "timeLabel": "07:00",
                        "value": 0
                    },
                    {
                        "slot": 29,
                        "timeLabel": "07:15",
                        "value": 0
                    },
                    {
                        "slot": 30,
                        "timeLabel": "07:30",
                        "value": 0
                    },
                    {
                        "slot": 31,
                        "timeLabel": "07:45",
                        "value": 0
                    },
                    {
                        "slot": 32,
                        "timeLabel": "08:00",
                        "value": 0
                    },
                    {
                        "slot": 33,
                        "timeLabel": "08:15",
                        "value": 0
                    },
                    {
                        "slot": 34,
                        "timeLabel": "08:30",
                        "value": 0
                    },
                    {
                        "slot": 35,
                        "timeLabel": "08:45",
                        "value": 0
                    },
                    {
                        "slot": 36,
                        "timeLabel": "09:00",
                        "value": 0
                    },
                    {
                        "slot": 37,
                        "timeLabel": "09:15",
                        "value": 0
                    },
                    {
                        "slot": 38,
                        "timeLabel": "09:30",
                        "value": 22
                    },
                    {
                        "slot": 39,
                        "timeLabel": "09:45",
                        "value": 31
                    },
                    {
                        "slot": 40,
                        "timeLabel": "10:00",
                        "value": 6
                    },
                    {
                        "slot": 41,
                        "timeLabel": "10:15",
                        "value": 0
                    },
                    {
                        "slot": 42,
                        "timeLabel": "10:30",
                        "value": 0
                    },
                    {
                        "slot": 43,
                        "timeLabel": "10:45",
                        "value": 0
                    },
                    {
                        "slot": 44,
                        "timeLabel": "11:00",
                        "value": 0
                    },
                    {
                        "slot": 45,
                        "timeLabel": "11:15",
                        "value": 0
                    },
                    {
                        "slot": 46,
                        "timeLabel": "11:30",
                        "value": 0
                    },
                    {
                        "slot": 47,
                        "timeLabel": "11:45",
                        "value": 14
                    },
                    {
                        "slot": 48,
                        "timeLabel": "12:00",
                        "value": 38
                    },
                    {
                        "slot": 49,
                        "timeLabel": "12:15",
                        "value": 13
                    },
                    {
                        "slot": 50,
                        "timeLabel": "12:30",
                        "value": 0
                    },
                    {
                        "slot": 51,
                        "timeLabel": "12:45",
                        "value": 0
                    },
                    {
                        "slot": 52,
                        "timeLabel": "13:00",
                        "value": 22
                    },
                    {
                        "slot": 53,
                        "timeLabel": "13:15",
                        "value": 53
                    },
                    {
                        "slot": 54,
                        "timeLabel": "13:30",
                        "value": 7
                    },
                    {
                        "slot": 55,
                        "timeLabel": "13:45",
                        "value": 0
                    },
                    {
                        "slot": 56,
                        "timeLabel": "14:00",
                        "value": 0
                    },
                    {
                        "slot": 57,
                        "timeLabel": "14:15",
                        "value": 0
                    },
                    {
                        "slot": 58,
                        "timeLabel": "14:30",
                        "value": 0
                    },
                    {
                        "slot": 59,
                        "timeLabel": "14:45",
                        "value": 0
                    },
                    {
                        "slot": 60,
                        "timeLabel": "15:00",
                        "value": 0
                    },
                    {
                        "slot": 61,
                        "timeLabel": "15:15",
                        "value": 11
                    },
                    {
                        "slot": 62,
                        "timeLabel": "15:30",
                        "value": 25
                    },
                    {
                        "slot": 63,
                        "timeLabel": "15:45",
                        "value": 10
                    },
                    {
                        "slot": 64,
                        "timeLabel": "16:00",
                        "value": 0
                    },
                    {
                        "slot": 65,
                        "timeLabel": "16:15",
                        "value": 0
                    },
                    {
                        "slot": 66,
                        "timeLabel": "16:30",
                        "value": 0
                    },
                    {
                        "slot": 67,
                        "timeLabel": "16:45",
                        "value": 0
                    },
                    {
                        "slot": 68,
                        "timeLabel": "17:00",
                        "value": 0
                    },
                    {
                        "slot": 69,
                        "timeLabel": "17:15",
                        "value": 0
                    },
                    {
                        "slot": 70,
                        "timeLabel": "17:30",
                        "value": 10
                    },
                    {
                        "slot": 71,
                        "timeLabel": "17:45",
                        "value": 17
                    },
                    {
                        "slot": 72,
                        "timeLabel": "18:00",
                        "value": 12
                    },
                    {
                        "slot": 73,
                        "timeLabel": "18:15",
                        "value": 0
                    },
                    {
                        "slot": 74,
                        "timeLabel": "18:30",
                        "value": 0
                    },
                    {
                        "slot": 75,
                        "timeLabel": "18:45",
                        "value": 0
                    },
                    {
                        "slot": 76,
                        "timeLabel": "19:00",
                        "value": 0
                    },
                    {
                        "slot": 77,
                        "timeLabel": "19:15",
                        "value": 0
                    },
                    {
                        "slot": 78,
                        "timeLabel": "19:30",
                        "value": 0
                    },
                    {
                        "slot": 79,
                        "timeLabel": "19:45",
                        "value": 0
                    },
                    {
                        "slot": 80,
                        "timeLabel": "20:00",
                        "value": 0
                    },
                    {
                        "slot": 81,
                        "timeLabel": "20:15",
                        "value": 0
                    },
                    {
                        "slot": 82,
                        "timeLabel": "20:30",
                        "value": 0
                    },
                    {
                        "slot": 83,
                        "timeLabel": "20:45",
                        "value": 0
                    },
                    {
                        "slot": 84,
                        "timeLabel": "21:00",
                        "value": 0
                    },
                    {
                        "slot": 85,
                        "timeLabel": "21:15",
                        "value": 0
                    },
                    {
                        "slot": 86,
                        "timeLabel": "21:30",
                        "value": 0
                    },
                    {
                        "slot": 87,
                        "timeLabel": "21:45",
                        "value": 0
                    },
                    {
                        "slot": 88,
                        "timeLabel": "22:00",
                        "value": 0
                    },
                    {
                        "slot": 89,
                        "timeLabel": "22:15",
                        "value": 0
                    },
                    {
                        "slot": 90,
                        "timeLabel": "22:30",
                        "value": 0
                    },
                    {
                        "slot": 91,
                        "timeLabel": "22:45",
                        "value": 0
                    },
                    {
                        "slot": 92,
                        "timeLabel": "23:00",
                        "value": 0
                    },
                    {
                        "slot": 93,
                        "timeLabel": "23:15",
                        "value": 0
                    },
                    {
                        "slot": 94,
                        "timeLabel": "23:30",
                        "value": 0
                    },
                    {
                        "slot": 95,
                        "timeLabel": "23:45",
                        "value": 0
                    }
                ],
                "totalFlow": 291
            },
            "geometry": {
                "type": "Point",
                "coordinates": [
                    376376.44744211633224,
                    4824507.27096151560545
                ]
            }
        },
        {
            "type": "Feature",
            "properties": {
                "id": 12,
                "name": "exit_vehicle_7.3",
                "zoneType": "outflow",
                "modality": "vehicle",
                "flowProfile": [
                    {
                        "slot": 0,
                        "timeLabel": "00:00",
                        "value": 0
                    },
                    {
                        "slot": 1,
                        "timeLabel": "00:15",
                        "value": 0
                    },
                    {
                        "slot": 2,
                        "timeLabel": "00:30",
                        "value": 0
                    },
                    {
                        "slot": 3,
                        "timeLabel": "00:45",
                        "value": 0
                    },
                    {
                        "slot": 4,
                        "timeLabel": "01:00",
                        "value": 0
                    },
                    {
                        "slot": 5,
                        "timeLabel": "01:15",
                        "value": 0
                    },
                    {
                        "slot": 6,
                        "timeLabel": "01:30",
                        "value": 0
                    },
                    {
                        "slot": 7,
                        "timeLabel": "01:45",
                        "value": 0
                    },
                    {
                        "slot": 8,
                        "timeLabel": "02:00",
                        "value": 0
                    },
                    {
                        "slot": 9,
                        "timeLabel": "02:15",
                        "value": 0
                    },
                    {
                        "slot": 10,
                        "timeLabel": "02:30",
                        "value": 0
                    },
                    {
                        "slot": 11,
                        "timeLabel": "02:45",
                        "value": 0
                    },
                    {
                        "slot": 12,
                        "timeLabel": "03:00",
                        "value": 0
                    },
                    {
                        "slot": 13,
                        "timeLabel": "03:15",
                        "value": 0
                    },
                    {
                        "slot": 14,
                        "timeLabel": "03:30",
                        "value": 0
                    },
                    {
                        "slot": 15,
                        "timeLabel": "03:45",
                        "value": 0
                    },
                    {
                        "slot": 16,
                        "timeLabel": "04:00",
                        "value": 0
                    },
                    {
                        "slot": 17,
                        "timeLabel": "04:15",
                        "value": 0
                    },
                    {
                        "slot": 18,
                        "timeLabel": "04:30",
                        "value": 0
                    },
                    {
                        "slot": 19,
                        "timeLabel": "04:45",
                        "value": 0
                    },
                    {
                        "slot": 20,
                        "timeLabel": "05:00",
                        "value": 0
                    },
                    {
                        "slot": 21,
                        "timeLabel": "05:15",
                        "value": 0
                    },
                    {
                        "slot": 22,
                        "timeLabel": "05:30",
                        "value": 0
                    },
                    {
                        "slot": 23,
                        "timeLabel": "05:45",
                        "value": 0
                    },
                    {
                        "slot": 24,
                        "timeLabel": "06:00",
                        "value": 0
                    },
                    {
                        "slot": 25,
                        "timeLabel": "06:15",
                        "value": 0
                    },
                    {
                        "slot": 26,
                        "timeLabel": "06:30",
                        "value": 0
                    },
                    {
                        "slot": 27,
                        "timeLabel": "06:45",
                        "value": 0
                    },
                    {
                        "slot": 28,
                        "timeLabel": "07:00",
                        "value": 0
                    },
                    {
                        "slot": 29,
                        "timeLabel": "07:15",
                        "value": 0
                    },
                    {
                        "slot": 30,
                        "timeLabel": "07:30",
                        "value": 0
                    },
                    {
                        "slot": 31,
                        "timeLabel": "07:45",
                        "value": 0
                    },
                    {
                        "slot": 32,
                        "timeLabel": "08:00",
                        "value": 0
                    },
                    {
                        "slot": 33,
                        "timeLabel": "08:15",
                        "value": 0
                    },
                    {
                        "slot": 34,
                        "timeLabel": "08:30",
                        "value": 0
                    },
                    {
                        "slot": 35,
                        "timeLabel": "08:45",
                        "value": 0
                    },
                    {
                        "slot": 36,
                        "timeLabel": "09:00",
                        "value": 0
                    },
                    {
                        "slot": 37,
                        "timeLabel": "09:15",
                        "value": 0
                    },
                    {
                        "slot": 38,
                        "timeLabel": "09:30",
                        "value": 28
                    },
                    {
                        "slot": 39,
                        "timeLabel": "09:45",
                        "value": 23
                    },
                    {
                        "slot": 40,
                        "timeLabel": "10:00",
                        "value": 8
                    },
                    {
                        "slot": 41,
                        "timeLabel": "10:15",
                        "value": 0
                    },
                    {
                        "slot": 42,
                        "timeLabel": "10:30",
                        "value": 0
                    },
                    {
                        "slot": 43,
                        "timeLabel": "10:45",
                        "value": 0
                    },
                    {
                        "slot": 44,
                        "timeLabel": "11:00",
                        "value": 0
                    },
                    {
                        "slot": 45,
                        "timeLabel": "11:15",
                        "value": 0
                    },
                    {
                        "slot": 46,
                        "timeLabel": "11:30",
                        "value": 0
                    },
                    {
                        "slot": 47,
                        "timeLabel": "11:45",
                        "value": 12
                    },
                    {
                        "slot": 48,
                        "timeLabel": "12:00",
                        "value": 28
                    },
                    {
                        "slot": 49,
                        "timeLabel": "12:15",
                        "value": 12
                    },
                    {
                        "slot": 50,
                        "timeLabel": "12:30",
                        "value": 0
                    },
                    {
                        "slot": 51,
                        "timeLabel": "12:45",
                        "value": 0
                    },
                    {
                        "slot": 52,
                        "timeLabel": "13:00",
                        "value": 19
                    },
                    {
                        "slot": 53,
                        "timeLabel": "13:15",
                        "value": 19
                    },
                    {
                        "slot": 54,
                        "timeLabel": "13:30",
                        "value": 7
                    },
                    {
                        "slot": 55,
                        "timeLabel": "13:45",
                        "value": 0
                    },
                    {
                        "slot": 56,
                        "timeLabel": "14:00",
                        "value": 0
                    },
                    {
                        "slot": 57,
                        "timeLabel": "14:15",
                        "value": 0
                    },
                    {
                        "slot": 58,
                        "timeLabel": "14:30",
                        "value": 0
                    },
                    {
                        "slot": 59,
                        "timeLabel": "14:45",
                        "value": 0
                    },
                    {
                        "slot": 60,
                        "timeLabel": "15:00",
                        "value": 0
                    },
                    {
                        "slot": 61,
                        "timeLabel": "15:15",
                        "value": 8
                    },
                    {
                        "slot": 62,
                        "timeLabel": "15:30",
                        "value": 26
                    },
                    {
                        "slot": 63,
                        "timeLabel": "15:45",
                        "value": 15
                    },
                    {
                        "slot": 64,
                        "timeLabel": "16:00",
                        "value": 0
                    },
                    {
                        "slot": 65,
                        "timeLabel": "16:15",
                        "value": 0
                    },
                    {
                        "slot": 66,
                        "timeLabel": "16:30",
                        "value": 0
                    },
                    {
                        "slot": 67,
                        "timeLabel": "16:45",
                        "value": 0
                    },
                    {
                        "slot": 68,
                        "timeLabel": "17:00",
                        "value": 0
                    },
                    {
                        "slot": 69,
                        "timeLabel": "17:15",
                        "value": 0
                    },
                    {
                        "slot": 70,
                        "timeLabel": "17:30",
                        "value": 19
                    },
                    {
                        "slot": 71,
                        "timeLabel": "17:45",
                        "value": 21
                    },
                    {
                        "slot": 72,
                        "timeLabel": "18:00",
                        "value": 11
                    },
                    {
                        "slot": 73,
                        "timeLabel": "18:15",
                        "value": 0
                    },
                    {
                        "slot": 74,
                        "timeLabel": "18:30",
                        "value": 0
                    },
                    {
                        "slot": 75,
                        "timeLabel": "18:45",
                        "value": 0
                    },
                    {
                        "slot": 76,
                        "timeLabel": "19:00",
                        "value": 0
                    },
                    {
                        "slot": 77,
                        "timeLabel": "19:15",
                        "value": 0
                    },
                    {
                        "slot": 78,
                        "timeLabel": "19:30",
                        "value": 0
                    },
                    {
                        "slot": 79,
                        "timeLabel": "19:45",
                        "value": 0
                    },
                    {
                        "slot": 80,
                        "timeLabel": "20:00",
                        "value": 0
                    },
                    {
                        "slot": 81,
                        "timeLabel": "20:15",
                        "value": 0
                    },
                    {
                        "slot": 82,
                        "timeLabel": "20:30",
                        "value": 0
                    },
                    {
                        "slot": 83,
                        "timeLabel": "20:45",
                        "value": 0
                    },
                    {
                        "slot": 84,
                        "timeLabel": "21:00",
                        "value": 0
                    },
                    {
                        "slot": 85,
                        "timeLabel": "21:15",
                        "value": 0
                    },
                    {
                        "slot": 86,
                        "timeLabel": "21:30",
                        "value": 0
                    },
                    {
                        "slot": 87,
                        "timeLabel": "21:45",
                        "value": 0
                    },
                    {
                        "slot": 88,
                        "timeLabel": "22:00",
                        "value": 0
                    },
                    {
                        "slot": 89,
                        "timeLabel": "22:15",
                        "value": 0
                    },
                    {
                        "slot": 90,
                        "timeLabel": "22:30",
                        "value": 0
                    },
                    {
                        "slot": 91,
                        "timeLabel": "22:45",
                        "value": 0
                    },
                    {
                        "slot": 92,
                        "timeLabel": "23:00",
                        "value": 0
                    },
                    {
                        "slot": 93,
                        "timeLabel": "23:15",
                        "value": 0
                    },
                    {
                        "slot": 94,
                        "timeLabel": "23:30",
                        "value": 0
                    },
                    {
                        "slot": 95,
                        "timeLabel": "23:45",
                        "value": 0
                    }
                ],
                "totalFlow": 256
            },
            "geometry": {
                "type": "Point",
                "coordinates": [
                    376376.44744211633224,
                    4824507.27096151560545
                ]
            }
        },
        {
            "type": "Feature",
            "properties": {
                "id": 13,
                "name": "entrance_bike_7.4",
                "zoneType": "inflow",
                "modality": "bike",
                "flowProfile": [
                    {
                        "slot": 0,
                        "timeLabel": "00:00",
                        "value": 0
                    },
                    {
                        "slot": 1,
                        "timeLabel": "00:15",
                        "value": 0
                    },
                    {
                        "slot": 2,
                        "timeLabel": "00:30",
                        "value": 0
                    },
                    {
                        "slot": 3,
                        "timeLabel": "00:45",
                        "value": 0
                    },
                    {
                        "slot": 4,
                        "timeLabel": "01:00",
                        "value": 0
                    },
                    {
                        "slot": 5,
                        "timeLabel": "01:15",
                        "value": 0
                    },
                    {
                        "slot": 6,
                        "timeLabel": "01:30",
                        "value": 0
                    },
                    {
                        "slot": 7,
                        "timeLabel": "01:45",
                        "value": 0
                    },
                    {
                        "slot": 8,
                        "timeLabel": "02:00",
                        "value": 0
                    },
                    {
                        "slot": 9,
                        "timeLabel": "02:15",
                        "value": 0
                    },
                    {
                        "slot": 10,
                        "timeLabel": "02:30",
                        "value": 0
                    },
                    {
                        "slot": 11,
                        "timeLabel": "02:45",
                        "value": 0
                    },
                    {
                        "slot": 12,
                        "timeLabel": "03:00",
                        "value": 0
                    },
                    {
                        "slot": 13,
                        "timeLabel": "03:15",
                        "value": 0
                    },
                    {
                        "slot": 14,
                        "timeLabel": "03:30",
                        "value": 0
                    },
                    {
                        "slot": 15,
                        "timeLabel": "03:45",
                        "value": 0
                    },
                    {
                        "slot": 16,
                        "timeLabel": "04:00",
                        "value": 0
                    },
                    {
                        "slot": 17,
                        "timeLabel": "04:15",
                        "value": 0
                    },
                    {
                        "slot": 18,
                        "timeLabel": "04:30",
                        "value": 0
                    },
                    {
                        "slot": 19,
                        "timeLabel": "04:45",
                        "value": 0
                    },
                    {
                        "slot": 20,
                        "timeLabel": "05:00",
                        "value": 0
                    },
                    {
                        "slot": 21,
                        "timeLabel": "05:15",
                        "value": 0
                    },
                    {
                        "slot": 22,
                        "timeLabel": "05:30",
                        "value": 0
                    },
                    {
                        "slot": 23,
                        "timeLabel": "05:45",
                        "value": 0
                    },
                    {
                        "slot": 24,
                        "timeLabel": "06:00",
                        "value": 0
                    },
                    {
                        "slot": 25,
                        "timeLabel": "06:15",
                        "value": 0
                    },
                    {
                        "slot": 26,
                        "timeLabel": "06:30",
                        "value": 0
                    },
                    {
                        "slot": 27,
                        "timeLabel": "06:45",
                        "value": 0
                    },
                    {
                        "slot": 28,
                        "timeLabel": "07:00",
                        "value": 0
                    },
                    {
                        "slot": 29,
                        "timeLabel": "07:15",
                        "value": 0
                    },
                    {
                        "slot": 30,
                        "timeLabel": "07:30",
                        "value": 0
                    },
                    {
                        "slot": 31,
                        "timeLabel": "07:45",
                        "value": 1
                    },
                    {
                        "slot": 32,
                        "timeLabel": "08:00",
                        "value": 0
                    },
                    {
                        "slot": 33,
                        "timeLabel": "08:15",
                        "value": 0
                    },
                    {
                        "slot": 34,
                        "timeLabel": "08:30",
                        "value": 0
                    },
                    {
                        "slot": 35,
                        "timeLabel": "08:45",
                        "value": 0
                    },
                    {
                        "slot": 36,
                        "timeLabel": "09:00",
                        "value": 0
                    },
                    {
                        "slot": 37,
                        "timeLabel": "09:15",
                        "value": 0
                    },
                    {
                        "slot": 38,
                        "timeLabel": "09:30",
                        "value": 0
                    },
                    {
                        "slot": 39,
                        "timeLabel": "09:45",
                        "value": 1
                    },
                    {
                        "slot": 40,
                        "timeLabel": "10:00",
                        "value": 2
                    },
                    {
                        "slot": 41,
                        "timeLabel": "10:15",
                        "value": 0
                    },
                    {
                        "slot": 42,
                        "timeLabel": "10:30",
                        "value": 0
                    },
                    {
                        "slot": 43,
                        "timeLabel": "10:45",
                        "value": 0
                    },
                    {
                        "slot": 44,
                        "timeLabel": "11:00",
                        "value": 0
                    },
                    {
                        "slot": 45,
                        "timeLabel": "11:15",
                        "value": 0
                    },
                    {
                        "slot": 46,
                        "timeLabel": "11:30",
                        "value": 0
                    },
                    {
                        "slot": 47,
                        "timeLabel": "11:45",
                        "value": 0
                    },
                    {
                        "slot": 48,
                        "timeLabel": "12:00",
                        "value": 0
                    },
                    {
                        "slot": 49,
                        "timeLabel": "12:15",
                        "value": 0
                    },
                    {
                        "slot": 50,
                        "timeLabel": "12:30",
                        "value": 0
                    },
                    {
                        "slot": 51,
                        "timeLabel": "12:45",
                        "value": 0
                    },
                    {
                        "slot": 52,
                        "timeLabel": "13:00",
                        "value": 0
                    },
                    {
                        "slot": 53,
                        "timeLabel": "13:15",
                        "value": 0
                    },
                    {
                        "slot": 54,
                        "timeLabel": "13:30",
                        "value": 0
                    },
                    {
                        "slot": 55,
                        "timeLabel": "13:45",
                        "value": 0
                    },
                    {
                        "slot": 56,
                        "timeLabel": "14:00",
                        "value": 0
                    },
                    {
                        "slot": 57,
                        "timeLabel": "14:15",
                        "value": 0
                    },
                    {
                        "slot": 58,
                        "timeLabel": "14:30",
                        "value": 0
                    },
                    {
                        "slot": 59,
                        "timeLabel": "14:45",
                        "value": 0
                    },
                    {
                        "slot": 60,
                        "timeLabel": "15:00",
                        "value": 0
                    },
                    {
                        "slot": 61,
                        "timeLabel": "15:15",
                        "value": 0
                    },
                    {
                        "slot": 62,
                        "timeLabel": "15:30",
                        "value": 0
                    },
                    {
                        "slot": 63,
                        "timeLabel": "15:45",
                        "value": 0
                    },
                    {
                        "slot": 64,
                        "timeLabel": "16:00",
                        "value": 0
                    },
                    {
                        "slot": 65,
                        "timeLabel": "16:15",
                        "value": 0
                    },
                    {
                        "slot": 66,
                        "timeLabel": "16:30",
                        "value": 0
                    },
                    {
                        "slot": 67,
                        "timeLabel": "16:45",
                        "value": 0
                    },
                    {
                        "slot": 68,
                        "timeLabel": "17:00",
                        "value": 0
                    },
                    {
                        "slot": 69,
                        "timeLabel": "17:15",
                        "value": 0
                    },
                    {
                        "slot": 70,
                        "timeLabel": "17:30",
                        "value": 0
                    },
                    {
                        "slot": 71,
                        "timeLabel": "17:45",
                        "value": 0
                    },
                    {
                        "slot": 72,
                        "timeLabel": "18:00",
                        "value": 0
                    },
                    {
                        "slot": 73,
                        "timeLabel": "18:15",
                        "value": 0
                    },
                    {
                        "slot": 74,
                        "timeLabel": "18:30",
                        "value": 0
                    },
                    {
                        "slot": 75,
                        "timeLabel": "18:45",
                        "value": 0
                    },
                    {
                        "slot": 76,
                        "timeLabel": "19:00",
                        "value": 0
                    },
                    {
                        "slot": 77,
                        "timeLabel": "19:15",
                        "value": 0
                    },
                    {
                        "slot": 78,
                        "timeLabel": "19:30",
                        "value": 0
                    },
                    {
                        "slot": 79,
                        "timeLabel": "19:45",
                        "value": 0
                    },
                    {
                        "slot": 80,
                        "timeLabel": "20:00",
                        "value": 0
                    },
                    {
                        "slot": 81,
                        "timeLabel": "20:15",
                        "value": 0
                    },
                    {
                        "slot": 82,
                        "timeLabel": "20:30",
                        "value": 0
                    },
                    {
                        "slot": 83,
                        "timeLabel": "20:45",
                        "value": 0
                    },
                    {
                        "slot": 84,
                        "timeLabel": "21:00",
                        "value": 0
                    },
                    {
                        "slot": 85,
                        "timeLabel": "21:15",
                        "value": 0
                    },
                    {
                        "slot": 86,
                        "timeLabel": "21:30",
                        "value": 0
                    },
                    {
                        "slot": 87,
                        "timeLabel": "21:45",
                        "value": 0
                    },
                    {
                        "slot": 88,
                        "timeLabel": "22:00",
                        "value": 0
                    },
                    {
                        "slot": 89,
                        "timeLabel": "22:15",
                        "value": 0
                    },
                    {
                        "slot": 90,
                        "timeLabel": "22:30",
                        "value": 0
                    },
                    {
                        "slot": 91,
                        "timeLabel": "22:45",
                        "value": 0
                    },
                    {
                        "slot": 92,
                        "timeLabel": "23:00",
                        "value": 0
                    },
                    {
                        "slot": 93,
                        "timeLabel": "23:15",
                        "value": 0
                    },
                    {
                        "slot": 94,
                        "timeLabel": "23:30",
                        "value": 0
                    },
                    {
                        "slot": 95,
                        "timeLabel": "23:45",
                        "value": 0
                    }
                ],
                "totalFlow": 4
            },
            "geometry": {
                "type": "Point",
                "coordinates": [
                    376320.217322291457094,
                    4824477.172353099100292
                ]
            }
        },
        {
            "type": "Feature",
            "properties": {
                "id": 14,
                "name": "entrance_foot_7.4",
                "zoneType": "inflow",
                "modality": "pedestrian",
                "flowProfile": [
                    {
                        "slot": 0,
                        "timeLabel": "00:00",
                        "value": 0
                    },
                    {
                        "slot": 1,
                        "timeLabel": "00:15",
                        "value": 0
                    },
                    {
                        "slot": 2,
                        "timeLabel": "00:30",
                        "value": 0
                    },
                    {
                        "slot": 3,
                        "timeLabel": "00:45",
                        "value": 0
                    },
                    {
                        "slot": 4,
                        "timeLabel": "01:00",
                        "value": 0
                    },
                    {
                        "slot": 5,
                        "timeLabel": "01:15",
                        "value": 0
                    },
                    {
                        "slot": 6,
                        "timeLabel": "01:30",
                        "value": 0
                    },
                    {
                        "slot": 7,
                        "timeLabel": "01:45",
                        "value": 0
                    },
                    {
                        "slot": 8,
                        "timeLabel": "02:00",
                        "value": 0
                    },
                    {
                        "slot": 9,
                        "timeLabel": "02:15",
                        "value": 0
                    },
                    {
                        "slot": 10,
                        "timeLabel": "02:30",
                        "value": 0
                    },
                    {
                        "slot": 11,
                        "timeLabel": "02:45",
                        "value": 0
                    },
                    {
                        "slot": 12,
                        "timeLabel": "03:00",
                        "value": 0
                    },
                    {
                        "slot": 13,
                        "timeLabel": "03:15",
                        "value": 0
                    },
                    {
                        "slot": 14,
                        "timeLabel": "03:30",
                        "value": 0
                    },
                    {
                        "slot": 15,
                        "timeLabel": "03:45",
                        "value": 0
                    },
                    {
                        "slot": 16,
                        "timeLabel": "04:00",
                        "value": 0
                    },
                    {
                        "slot": 17,
                        "timeLabel": "04:15",
                        "value": 0
                    },
                    {
                        "slot": 18,
                        "timeLabel": "04:30",
                        "value": 0
                    },
                    {
                        "slot": 19,
                        "timeLabel": "04:45",
                        "value": 0
                    },
                    {
                        "slot": 20,
                        "timeLabel": "05:00",
                        "value": 0
                    },
                    {
                        "slot": 21,
                        "timeLabel": "05:15",
                        "value": 0
                    },
                    {
                        "slot": 22,
                        "timeLabel": "05:30",
                        "value": 0
                    },
                    {
                        "slot": 23,
                        "timeLabel": "05:45",
                        "value": 0
                    },
                    {
                        "slot": 24,
                        "timeLabel": "06:00",
                        "value": 0
                    },
                    {
                        "slot": 25,
                        "timeLabel": "06:15",
                        "value": 0
                    },
                    {
                        "slot": 26,
                        "timeLabel": "06:30",
                        "value": 0
                    },
                    {
                        "slot": 27,
                        "timeLabel": "06:45",
                        "value": 0
                    },
                    {
                        "slot": 28,
                        "timeLabel": "07:00",
                        "value": 0
                    },
                    {
                        "slot": 29,
                        "timeLabel": "07:15",
                        "value": 0
                    },
                    {
                        "slot": 30,
                        "timeLabel": "07:30",
                        "value": 4
                    },
                    {
                        "slot": 31,
                        "timeLabel": "07:45",
                        "value": 1
                    },
                    {
                        "slot": 32,
                        "timeLabel": "08:00",
                        "value": 0
                    },
                    {
                        "slot": 33,
                        "timeLabel": "08:15",
                        "value": 0
                    },
                    {
                        "slot": 34,
                        "timeLabel": "08:30",
                        "value": 0
                    },
                    {
                        "slot": 35,
                        "timeLabel": "08:45",
                        "value": 0
                    },
                    {
                        "slot": 36,
                        "timeLabel": "09:00",
                        "value": 0
                    },
                    {
                        "slot": 37,
                        "timeLabel": "09:15",
                        "value": 0
                    },
                    {
                        "slot": 38,
                        "timeLabel": "09:30",
                        "value": 6
                    },
                    {
                        "slot": 39,
                        "timeLabel": "09:45",
                        "value": 34
                    },
                    {
                        "slot": 40,
                        "timeLabel": "10:00",
                        "value": 5
                    },
                    {
                        "slot": 41,
                        "timeLabel": "10:15",
                        "value": 0
                    },
                    {
                        "slot": 42,
                        "timeLabel": "10:30",
                        "value": 0
                    },
                    {
                        "slot": 43,
                        "timeLabel": "10:45",
                        "value": 0
                    },
                    {
                        "slot": 44,
                        "timeLabel": "11:00",
                        "value": 0
                    },
                    {
                        "slot": 45,
                        "timeLabel": "11:15",
                        "value": 0
                    },
                    {
                        "slot": 46,
                        "timeLabel": "11:30",
                        "value": 4
                    },
                    {
                        "slot": 47,
                        "timeLabel": "11:45",
                        "value": 54
                    },
                    {
                        "slot": 48,
                        "timeLabel": "12:00",
                        "value": 42
                    },
                    {
                        "slot": 49,
                        "timeLabel": "12:15",
                        "value": 4
                    },
                    {
                        "slot": 50,
                        "timeLabel": "12:30",
                        "value": 0
                    },
                    {
                        "slot": 51,
                        "timeLabel": "12:45",
                        "value": 0
                    },
                    {
                        "slot": 52,
                        "timeLabel": "13:00",
                        "value": 2
                    },
                    {
                        "slot": 53,
                        "timeLabel": "13:15",
                        "value": 12
                    },
                    {
                        "slot": 54,
                        "timeLabel": "13:30",
                        "value": 10
                    },
                    {
                        "slot": 55,
                        "timeLabel": "13:45",
                        "value": 0
                    },
                    {
                        "slot": 56,
                        "timeLabel": "14:00",
                        "value": 0
                    },
                    {
                        "slot": 57,
                        "timeLabel": "14:15",
                        "value": 0
                    },
                    {
                        "slot": 58,
                        "timeLabel": "14:30",
                        "value": 0
                    },
                    {
                        "slot": 59,
                        "timeLabel": "14:45",
                        "value": 0
                    },
                    {
                        "slot": 60,
                        "timeLabel": "15:00",
                        "value": 0
                    },
                    {
                        "slot": 61,
                        "timeLabel": "15:15",
                        "value": 13
                    },
                    {
                        "slot": 62,
                        "timeLabel": "15:30",
                        "value": 15
                    },
                    {
                        "slot": 63,
                        "timeLabel": "15:45",
                        "value": 7
                    },
                    {
                        "slot": 64,
                        "timeLabel": "16:00",
                        "value": 0
                    },
                    {
                        "slot": 65,
                        "timeLabel": "16:15",
                        "value": 0
                    },
                    {
                        "slot": 66,
                        "timeLabel": "16:30",
                        "value": 0
                    },
                    {
                        "slot": 67,
                        "timeLabel": "16:45",
                        "value": 0
                    },
                    {
                        "slot": 68,
                        "timeLabel": "17:00",
                        "value": 0
                    },
                    {
                        "slot": 69,
                        "timeLabel": "17:15",
                        "value": 0
                    },
                    {
                        "slot": 70,
                        "timeLabel": "17:30",
                        "value": 14
                    },
                    {
                        "slot": 71,
                        "timeLabel": "17:45",
                        "value": 8
                    },
                    {
                        "slot": 72,
                        "timeLabel": "18:00",
                        "value": 1
                    },
                    {
                        "slot": 73,
                        "timeLabel": "18:15",
                        "value": 0
                    },
                    {
                        "slot": 74,
                        "timeLabel": "18:30",
                        "value": 0
                    },
                    {
                        "slot": 75,
                        "timeLabel": "18:45",
                        "value": 0
                    },
                    {
                        "slot": 76,
                        "timeLabel": "19:00",
                        "value": 0
                    },
                    {
                        "slot": 77,
                        "timeLabel": "19:15",
                        "value": 0
                    },
                    {
                        "slot": 78,
                        "timeLabel": "19:30",
                        "value": 0
                    },
                    {
                        "slot": 79,
                        "timeLabel": "19:45",
                        "value": 0
                    },
                    {
                        "slot": 80,
                        "timeLabel": "20:00",
                        "value": 0
                    },
                    {
                        "slot": 81,
                        "timeLabel": "20:15",
                        "value": 0
                    },
                    {
                        "slot": 82,
                        "timeLabel": "20:30",
                        "value": 0
                    },
                    {
                        "slot": 83,
                        "timeLabel": "20:45",
                        "value": 0
                    },
                    {
                        "slot": 84,
                        "timeLabel": "21:00",
                        "value": 0
                    },
                    {
                        "slot": 85,
                        "timeLabel": "21:15",
                        "value": 0
                    },
                    {
                        "slot": 86,
                        "timeLabel": "21:30",
                        "value": 0
                    },
                    {
                        "slot": 87,
                        "timeLabel": "21:45",
                        "value": 0
                    },
                    {
                        "slot": 88,
                        "timeLabel": "22:00",
                        "value": 0
                    },
                    {
                        "slot": 89,
                        "timeLabel": "22:15",
                        "value": 0
                    },
                    {
                        "slot": 90,
                        "timeLabel": "22:30",
                        "value": 0
                    },
                    {
                        "slot": 91,
                        "timeLabel": "22:45",
                        "value": 0
                    },
                    {
                        "slot": 92,
                        "timeLabel": "23:00",
                        "value": 0
                    },
                    {
                        "slot": 93,
                        "timeLabel": "23:15",
                        "value": 0
                    },
                    {
                        "slot": 94,
                        "timeLabel": "23:30",
                        "value": 0
                    },
                    {
                        "slot": 95,
                        "timeLabel": "23:45",
                        "value": 0
                    }
                ],
                "totalFlow": 236
            },
            "geometry": {
                "type": "Point",
                "coordinates": [
                    376320.217322291457094,
                    4824477.172353099100292
                ]
            }
        },
        {
            "type": "Feature",
            "properties": {
                "id": 15,
                "name": "exit_bike_7.4",
                "zoneType": "outflow",
                "modality": "bike",
                "flowProfile": [
                    {
                        "slot": 0,
                        "timeLabel": "00:00",
                        "value": 0
                    },
                    {
                        "slot": 1,
                        "timeLabel": "00:15",
                        "value": 0
                    },
                    {
                        "slot": 2,
                        "timeLabel": "00:30",
                        "value": 0
                    },
                    {
                        "slot": 3,
                        "timeLabel": "00:45",
                        "value": 0
                    },
                    {
                        "slot": 4,
                        "timeLabel": "01:00",
                        "value": 0
                    },
                    {
                        "slot": 5,
                        "timeLabel": "01:15",
                        "value": 0
                    },
                    {
                        "slot": 6,
                        "timeLabel": "01:30",
                        "value": 0
                    },
                    {
                        "slot": 7,
                        "timeLabel": "01:45",
                        "value": 0
                    },
                    {
                        "slot": 8,
                        "timeLabel": "02:00",
                        "value": 0
                    },
                    {
                        "slot": 9,
                        "timeLabel": "02:15",
                        "value": 0
                    },
                    {
                        "slot": 10,
                        "timeLabel": "02:30",
                        "value": 0
                    },
                    {
                        "slot": 11,
                        "timeLabel": "02:45",
                        "value": 0
                    },
                    {
                        "slot": 12,
                        "timeLabel": "03:00",
                        "value": 0
                    },
                    {
                        "slot": 13,
                        "timeLabel": "03:15",
                        "value": 0
                    },
                    {
                        "slot": 14,
                        "timeLabel": "03:30",
                        "value": 0
                    },
                    {
                        "slot": 15,
                        "timeLabel": "03:45",
                        "value": 0
                    },
                    {
                        "slot": 16,
                        "timeLabel": "04:00",
                        "value": 0
                    },
                    {
                        "slot": 17,
                        "timeLabel": "04:15",
                        "value": 0
                    },
                    {
                        "slot": 18,
                        "timeLabel": "04:30",
                        "value": 0
                    },
                    {
                        "slot": 19,
                        "timeLabel": "04:45",
                        "value": 0
                    },
                    {
                        "slot": 20,
                        "timeLabel": "05:00",
                        "value": 0
                    },
                    {
                        "slot": 21,
                        "timeLabel": "05:15",
                        "value": 0
                    },
                    {
                        "slot": 22,
                        "timeLabel": "05:30",
                        "value": 0
                    },
                    {
                        "slot": 23,
                        "timeLabel": "05:45",
                        "value": 0
                    },
                    {
                        "slot": 24,
                        "timeLabel": "06:00",
                        "value": 0
                    },
                    {
                        "slot": 25,
                        "timeLabel": "06:15",
                        "value": 0
                    },
                    {
                        "slot": 26,
                        "timeLabel": "06:30",
                        "value": 0
                    },
                    {
                        "slot": 27,
                        "timeLabel": "06:45",
                        "value": 0
                    },
                    {
                        "slot": 28,
                        "timeLabel": "07:00",
                        "value": 0
                    },
                    {
                        "slot": 29,
                        "timeLabel": "07:15",
                        "value": 0
                    },
                    {
                        "slot": 30,
                        "timeLabel": "07:30",
                        "value": 0
                    },
                    {
                        "slot": 31,
                        "timeLabel": "07:45",
                        "value": 0
                    },
                    {
                        "slot": 32,
                        "timeLabel": "08:00",
                        "value": 0
                    },
                    {
                        "slot": 33,
                        "timeLabel": "08:15",
                        "value": 0
                    },
                    {
                        "slot": 34,
                        "timeLabel": "08:30",
                        "value": 0
                    },
                    {
                        "slot": 35,
                        "timeLabel": "08:45",
                        "value": 0
                    },
                    {
                        "slot": 36,
                        "timeLabel": "09:00",
                        "value": 0
                    },
                    {
                        "slot": 37,
                        "timeLabel": "09:15",
                        "value": 0
                    },
                    {
                        "slot": 38,
                        "timeLabel": "09:30",
                        "value": 0
                    },
                    {
                        "slot": 39,
                        "timeLabel": "09:45",
                        "value": 0
                    },
                    {
                        "slot": 40,
                        "timeLabel": "10:00",
                        "value": 0
                    },
                    {
                        "slot": 41,
                        "timeLabel": "10:15",
                        "value": 0
                    },
                    {
                        "slot": 42,
                        "timeLabel": "10:30",
                        "value": 0
                    },
                    {
                        "slot": 43,
                        "timeLabel": "10:45",
                        "value": 0
                    },
                    {
                        "slot": 44,
                        "timeLabel": "11:00",
                        "value": 0
                    },
                    {
                        "slot": 45,
                        "timeLabel": "11:15",
                        "value": 0
                    },
                    {
                        "slot": 46,
                        "timeLabel": "11:30",
                        "value": 0
                    },
                    {
                        "slot": 47,
                        "timeLabel": "11:45",
                        "value": 0
                    },
                    {
                        "slot": 48,
                        "timeLabel": "12:00",
                        "value": 4
                    },
                    {
                        "slot": 49,
                        "timeLabel": "12:15",
                        "value": 0
                    },
                    {
                        "slot": 50,
                        "timeLabel": "12:30",
                        "value": 0
                    },
                    {
                        "slot": 51,
                        "timeLabel": "12:45",
                        "value": 0
                    },
                    {
                        "slot": 52,
                        "timeLabel": "13:00",
                        "value": 0
                    },
                    {
                        "slot": 53,
                        "timeLabel": "13:15",
                        "value": 1
                    },
                    {
                        "slot": 54,
                        "timeLabel": "13:30",
                        "value": 1
                    },
                    {
                        "slot": 55,
                        "timeLabel": "13:45",
                        "value": 0
                    },
                    {
                        "slot": 56,
                        "timeLabel": "14:00",
                        "value": 0
                    },
                    {
                        "slot": 57,
                        "timeLabel": "14:15",
                        "value": 0
                    },
                    {
                        "slot": 58,
                        "timeLabel": "14:30",
                        "value": 0
                    },
                    {
                        "slot": 59,
                        "timeLabel": "14:45",
                        "value": 0
                    },
                    {
                        "slot": 60,
                        "timeLabel": "15:00",
                        "value": 0
                    },
                    {
                        "slot": 61,
                        "timeLabel": "15:15",
                        "value": 0
                    },
                    {
                        "slot": 62,
                        "timeLabel": "15:30",
                        "value": 3
                    },
                    {
                        "slot": 63,
                        "timeLabel": "15:45",
                        "value": 1
                    },
                    {
                        "slot": 64,
                        "timeLabel": "16:00",
                        "value": 0
                    },
                    {
                        "slot": 65,
                        "timeLabel": "16:15",
                        "value": 0
                    },
                    {
                        "slot": 66,
                        "timeLabel": "16:30",
                        "value": 0
                    },
                    {
                        "slot": 67,
                        "timeLabel": "16:45",
                        "value": 0
                    },
                    {
                        "slot": 68,
                        "timeLabel": "17:00",
                        "value": 0
                    },
                    {
                        "slot": 69,
                        "timeLabel": "17:15",
                        "value": 0
                    },
                    {
                        "slot": 70,
                        "timeLabel": "17:30",
                        "value": 0
                    },
                    {
                        "slot": 71,
                        "timeLabel": "17:45",
                        "value": 0
                    },
                    {
                        "slot": 72,
                        "timeLabel": "18:00",
                        "value": 0
                    },
                    {
                        "slot": 73,
                        "timeLabel": "18:15",
                        "value": 0
                    },
                    {
                        "slot": 74,
                        "timeLabel": "18:30",
                        "value": 0
                    },
                    {
                        "slot": 75,
                        "timeLabel": "18:45",
                        "value": 0
                    },
                    {
                        "slot": 76,
                        "timeLabel": "19:00",
                        "value": 0
                    },
                    {
                        "slot": 77,
                        "timeLabel": "19:15",
                        "value": 0
                    },
                    {
                        "slot": 78,
                        "timeLabel": "19:30",
                        "value": 0
                    },
                    {
                        "slot": 79,
                        "timeLabel": "19:45",
                        "value": 0
                    },
                    {
                        "slot": 80,
                        "timeLabel": "20:00",
                        "value": 0
                    },
                    {
                        "slot": 81,
                        "timeLabel": "20:15",
                        "value": 0
                    },
                    {
                        "slot": 82,
                        "timeLabel": "20:30",
                        "value": 0
                    },
                    {
                        "slot": 83,
                        "timeLabel": "20:45",
                        "value": 0
                    },
                    {
                        "slot": 84,
                        "timeLabel": "21:00",
                        "value": 0
                    },
                    {
                        "slot": 85,
                        "timeLabel": "21:15",
                        "value": 0
                    },
                    {
                        "slot": 86,
                        "timeLabel": "21:30",
                        "value": 0
                    },
                    {
                        "slot": 87,
                        "timeLabel": "21:45",
                        "value": 0
                    },
                    {
                        "slot": 88,
                        "timeLabel": "22:00",
                        "value": 0
                    },
                    {
                        "slot": 89,
                        "timeLabel": "22:15",
                        "value": 0
                    },
                    {
                        "slot": 90,
                        "timeLabel": "22:30",
                        "value": 0
                    },
                    {
                        "slot": 91,
                        "timeLabel": "22:45",
                        "value": 0
                    },
                    {
                        "slot": 92,
                        "timeLabel": "23:00",
                        "value": 0
                    },
                    {
                        "slot": 93,
                        "timeLabel": "23:15",
                        "value": 0
                    },
                    {
                        "slot": 94,
                        "timeLabel": "23:30",
                        "value": 0
                    },
                    {
                        "slot": 95,
                        "timeLabel": "23:45",
                        "value": 0
                    }
                ],
                "totalFlow": 10
            },
            "geometry": {
                "type": "Point",
                "coordinates": [
                    376320.217322291457094,
                    4824477.172353099100292
                ]
            }
        },
        {
            "type": "Feature",
            "properties": {
                "id": 16,
                "name": "exit_foot_7.4",
                "zoneType": "outflow",
                "modality": "pedestrian",
                "flowProfile": [
                    {
                        "slot": 0,
                        "timeLabel": "00:00",
                        "value": 0
                    },
                    {
                        "slot": 1,
                        "timeLabel": "00:15",
                        "value": 0
                    },
                    {
                        "slot": 2,
                        "timeLabel": "00:30",
                        "value": 0
                    },
                    {
                        "slot": 3,
                        "timeLabel": "00:45",
                        "value": 0
                    },
                    {
                        "slot": 4,
                        "timeLabel": "01:00",
                        "value": 0
                    },
                    {
                        "slot": 5,
                        "timeLabel": "01:15",
                        "value": 0
                    },
                    {
                        "slot": 6,
                        "timeLabel": "01:30",
                        "value": 0
                    },
                    {
                        "slot": 7,
                        "timeLabel": "01:45",
                        "value": 0
                    },
                    {
                        "slot": 8,
                        "timeLabel": "02:00",
                        "value": 0
                    },
                    {
                        "slot": 9,
                        "timeLabel": "02:15",
                        "value": 0
                    },
                    {
                        "slot": 10,
                        "timeLabel": "02:30",
                        "value": 0
                    },
                    {
                        "slot": 11,
                        "timeLabel": "02:45",
                        "value": 0
                    },
                    {
                        "slot": 12,
                        "timeLabel": "03:00",
                        "value": 0
                    },
                    {
                        "slot": 13,
                        "timeLabel": "03:15",
                        "value": 0
                    },
                    {
                        "slot": 14,
                        "timeLabel": "03:30",
                        "value": 0
                    },
                    {
                        "slot": 15,
                        "timeLabel": "03:45",
                        "value": 0
                    },
                    {
                        "slot": 16,
                        "timeLabel": "04:00",
                        "value": 0
                    },
                    {
                        "slot": 17,
                        "timeLabel": "04:15",
                        "value": 0
                    },
                    {
                        "slot": 18,
                        "timeLabel": "04:30",
                        "value": 0
                    },
                    {
                        "slot": 19,
                        "timeLabel": "04:45",
                        "value": 0
                    },
                    {
                        "slot": 20,
                        "timeLabel": "05:00",
                        "value": 0
                    },
                    {
                        "slot": 21,
                        "timeLabel": "05:15",
                        "value": 0
                    },
                    {
                        "slot": 22,
                        "timeLabel": "05:30",
                        "value": 0
                    },
                    {
                        "slot": 23,
                        "timeLabel": "05:45",
                        "value": 0
                    },
                    {
                        "slot": 24,
                        "timeLabel": "06:00",
                        "value": 0
                    },
                    {
                        "slot": 25,
                        "timeLabel": "06:15",
                        "value": 0
                    },
                    {
                        "slot": 26,
                        "timeLabel": "06:30",
                        "value": 0
                    },
                    {
                        "slot": 27,
                        "timeLabel": "06:45",
                        "value": 0
                    },
                    {
                        "slot": 28,
                        "timeLabel": "07:00",
                        "value": 0
                    },
                    {
                        "slot": 29,
                        "timeLabel": "07:15",
                        "value": 3
                    },
                    {
                        "slot": 30,
                        "timeLabel": "07:30",
                        "value": 35
                    },
                    {
                        "slot": 31,
                        "timeLabel": "07:45",
                        "value": 12
                    },
                    {
                        "slot": 32,
                        "timeLabel": "08:00",
                        "value": 1
                    },
                    {
                        "slot": 33,
                        "timeLabel": "08:15",
                        "value": 0
                    },
                    {
                        "slot": 34,
                        "timeLabel": "08:30",
                        "value": 0
                    },
                    {
                        "slot": 35,
                        "timeLabel": "08:45",
                        "value": 0
                    },
                    {
                        "slot": 36,
                        "timeLabel": "09:00",
                        "value": 0
                    },
                    {
                        "slot": 37,
                        "timeLabel": "09:15",
                        "value": 0
                    },
                    {
                        "slot": 38,
                        "timeLabel": "09:30",
                        "value": 27
                    },
                    {
                        "slot": 39,
                        "timeLabel": "09:45",
                        "value": 45
                    },
                    {
                        "slot": 40,
                        "timeLabel": "10:00",
                        "value": 9
                    },
                    {
                        "slot": 41,
                        "timeLabel": "10:15",
                        "value": 0
                    },
                    {
                        "slot": 42,
                        "timeLabel": "10:30",
                        "value": 0
                    },
                    {
                        "slot": 43,
                        "timeLabel": "10:45",
                        "value": 0
                    },
                    {
                        "slot": 44,
                        "timeLabel": "11:00",
                        "value": 0
                    },
                    {
                        "slot": 45,
                        "timeLabel": "11:15",
                        "value": 0
                    },
                    {
                        "slot": 46,
                        "timeLabel": "11:30",
                        "value": 6
                    },
                    {
                        "slot": 47,
                        "timeLabel": "11:45",
                        "value": 11
                    },
                    {
                        "slot": 48,
                        "timeLabel": "12:00",
                        "value": 23
                    },
                    {
                        "slot": 49,
                        "timeLabel": "12:15",
                        "value": 5
                    },
                    {
                        "slot": 50,
                        "timeLabel": "12:30",
                        "value": 0
                    },
                    {
                        "slot": 51,
                        "timeLabel": "12:45",
                        "value": 0
                    },
                    {
                        "slot": 52,
                        "timeLabel": "13:00",
                        "value": 13
                    },
                    {
                        "slot": 53,
                        "timeLabel": "13:15",
                        "value": 40
                    },
                    {
                        "slot": 54,
                        "timeLabel": "13:30",
                        "value": 6
                    },
                    {
                        "slot": 55,
                        "timeLabel": "13:45",
                        "value": 0
                    },
                    {
                        "slot": 56,
                        "timeLabel": "14:00",
                        "value": 0
                    },
                    {
                        "slot": 57,
                        "timeLabel": "14:15",
                        "value": 0
                    },
                    {
                        "slot": 58,
                        "timeLabel": "14:30",
                        "value": 0
                    },
                    {
                        "slot": 59,
                        "timeLabel": "14:45",
                        "value": 0
                    },
                    {
                        "slot": 60,
                        "timeLabel": "15:00",
                        "value": 0
                    },
                    {
                        "slot": 61,
                        "timeLabel": "15:15",
                        "value": 9
                    },
                    {
                        "slot": 62,
                        "timeLabel": "15:30",
                        "value": 24
                    },
                    {
                        "slot": 63,
                        "timeLabel": "15:45",
                        "value": 3
                    },
                    {
                        "slot": 64,
                        "timeLabel": "16:00",
                        "value": 0
                    },
                    {
                        "slot": 65,
                        "timeLabel": "16:15",
                        "value": 0
                    },
                    {
                        "slot": 66,
                        "timeLabel": "16:30",
                        "value": 0
                    },
                    {
                        "slot": 67,
                        "timeLabel": "16:45",
                        "value": 0
                    },
                    {
                        "slot": 68,
                        "timeLabel": "17:00",
                        "value": 0
                    },
                    {
                        "slot": 69,
                        "timeLabel": "17:15",
                        "value": 0
                    },
                    {
                        "slot": 70,
                        "timeLabel": "17:30",
                        "value": 5
                    },
                    {
                        "slot": 71,
                        "timeLabel": "17:45",
                        "value": 4
                    },
                    {
                        "slot": 72,
                        "timeLabel": "18:00",
                        "value": 0
                    },
                    {
                        "slot": 73,
                        "timeLabel": "18:15",
                        "value": 0
                    },
                    {
                        "slot": 74,
                        "timeLabel": "18:30",
                        "value": 0
                    },
                    {
                        "slot": 75,
                        "timeLabel": "18:45",
                        "value": 0
                    },
                    {
                        "slot": 76,
                        "timeLabel": "19:00",
                        "value": 0
                    },
                    {
                        "slot": 77,
                        "timeLabel": "19:15",
                        "value": 0
                    },
                    {
                        "slot": 78,
                        "timeLabel": "19:30",
                        "value": 0
                    },
                    {
                        "slot": 79,
                        "timeLabel": "19:45",
                        "value": 0
                    },
                    {
                        "slot": 80,
                        "timeLabel": "20:00",
                        "value": 0
                    },
                    {
                        "slot": 81,
                        "timeLabel": "20:15",
                        "value": 0
                    },
                    {
                        "slot": 82,
                        "timeLabel": "20:30",
                        "value": 0
                    },
                    {
                        "slot": 83,
                        "timeLabel": "20:45",
                        "value": 0
                    },
                    {
                        "slot": 84,
                        "timeLabel": "21:00",
                        "value": 0
                    },
                    {
                        "slot": 85,
                        "timeLabel": "21:15",
                        "value": 0
                    },
                    {
                        "slot": 86,
                        "timeLabel": "21:30",
                        "value": 0
                    },
                    {
                        "slot": 87,
                        "timeLabel": "21:45",
                        "value": 0
                    },
                    {
                        "slot": 88,
                        "timeLabel": "22:00",
                        "value": 0
                    },
                    {
                        "slot": 89,
                        "timeLabel": "22:15",
                        "value": 0
                    },
                    {
                        "slot": 90,
                        "timeLabel": "22:30",
                        "value": 0
                    },
                    {
                        "slot": 91,
                        "timeLabel": "22:45",
                        "value": 0
                    },
                    {
                        "slot": 92,
                        "timeLabel": "23:00",
                        "value": 0
                    },
                    {
                        "slot": 93,
                        "timeLabel": "23:15",
                        "value": 0
                    },
                    {
                        "slot": 94,
                        "timeLabel": "23:30",
                        "value": 0
                    },
                    {
                        "slot": 95,
                        "timeLabel": "23:45",
                        "value": 0
                    }
                ],
                "totalFlow": 281
            },
            "geometry": {
                "type": "Point",
                "coordinates": [
                    376320.217322291457094,
                    4824477.172353099100292
                ]
            }
        },
        {
            "type": "Feature",
            "properties": {
                "id": 17,
                "name": "entrance_bike_7.5",
                "zoneType": "inflow",
                "modality": "bike",
                "flowProfile": [
                    {
                        "slot": 0,
                        "timeLabel": "00:00",
                        "value": 0
                    },
                    {
                        "slot": 1,
                        "timeLabel": "00:15",
                        "value": 0
                    },
                    {
                        "slot": 2,
                        "timeLabel": "00:30",
                        "value": 0
                    },
                    {
                        "slot": 3,
                        "timeLabel": "00:45",
                        "value": 0
                    },
                    {
                        "slot": 4,
                        "timeLabel": "01:00",
                        "value": 0
                    },
                    {
                        "slot": 5,
                        "timeLabel": "01:15",
                        "value": 0
                    },
                    {
                        "slot": 6,
                        "timeLabel": "01:30",
                        "value": 0
                    },
                    {
                        "slot": 7,
                        "timeLabel": "01:45",
                        "value": 0
                    },
                    {
                        "slot": 8,
                        "timeLabel": "02:00",
                        "value": 0
                    },
                    {
                        "slot": 9,
                        "timeLabel": "02:15",
                        "value": 0
                    },
                    {
                        "slot": 10,
                        "timeLabel": "02:30",
                        "value": 0
                    },
                    {
                        "slot": 11,
                        "timeLabel": "02:45",
                        "value": 0
                    },
                    {
                        "slot": 12,
                        "timeLabel": "03:00",
                        "value": 0
                    },
                    {
                        "slot": 13,
                        "timeLabel": "03:15",
                        "value": 0
                    },
                    {
                        "slot": 14,
                        "timeLabel": "03:30",
                        "value": 0
                    },
                    {
                        "slot": 15,
                        "timeLabel": "03:45",
                        "value": 0
                    },
                    {
                        "slot": 16,
                        "timeLabel": "04:00",
                        "value": 0
                    },
                    {
                        "slot": 17,
                        "timeLabel": "04:15",
                        "value": 0
                    },
                    {
                        "slot": 18,
                        "timeLabel": "04:30",
                        "value": 0
                    },
                    {
                        "slot": 19,
                        "timeLabel": "04:45",
                        "value": 0
                    },
                    {
                        "slot": 20,
                        "timeLabel": "05:00",
                        "value": 0
                    },
                    {
                        "slot": 21,
                        "timeLabel": "05:15",
                        "value": 0
                    },
                    {
                        "slot": 22,
                        "timeLabel": "05:30",
                        "value": 0
                    },
                    {
                        "slot": 23,
                        "timeLabel": "05:45",
                        "value": 0
                    },
                    {
                        "slot": 24,
                        "timeLabel": "06:00",
                        "value": 0
                    },
                    {
                        "slot": 25,
                        "timeLabel": "06:15",
                        "value": 0
                    },
                    {
                        "slot": 26,
                        "timeLabel": "06:30",
                        "value": 0
                    },
                    {
                        "slot": 27,
                        "timeLabel": "06:45",
                        "value": 0
                    },
                    {
                        "slot": 28,
                        "timeLabel": "07:00",
                        "value": 0
                    },
                    {
                        "slot": 29,
                        "timeLabel": "07:15",
                        "value": 0
                    },
                    {
                        "slot": 30,
                        "timeLabel": "07:30",
                        "value": 0
                    },
                    {
                        "slot": 31,
                        "timeLabel": "07:45",
                        "value": 0
                    },
                    {
                        "slot": 32,
                        "timeLabel": "08:00",
                        "value": 0
                    },
                    {
                        "slot": 33,
                        "timeLabel": "08:15",
                        "value": 0
                    },
                    {
                        "slot": 34,
                        "timeLabel": "08:30",
                        "value": 0
                    },
                    {
                        "slot": 35,
                        "timeLabel": "08:45",
                        "value": 0
                    },
                    {
                        "slot": 36,
                        "timeLabel": "09:00",
                        "value": 0
                    },
                    {
                        "slot": 37,
                        "timeLabel": "09:15",
                        "value": 0
                    },
                    {
                        "slot": 38,
                        "timeLabel": "09:30",
                        "value": 1
                    },
                    {
                        "slot": 39,
                        "timeLabel": "09:45",
                        "value": 4
                    },
                    {
                        "slot": 40,
                        "timeLabel": "10:00",
                        "value": 3
                    },
                    {
                        "slot": 41,
                        "timeLabel": "10:15",
                        "value": 0
                    },
                    {
                        "slot": 42,
                        "timeLabel": "10:30",
                        "value": 0
                    },
                    {
                        "slot": 43,
                        "timeLabel": "10:45",
                        "value": 0
                    },
                    {
                        "slot": 44,
                        "timeLabel": "11:00",
                        "value": 0
                    },
                    {
                        "slot": 45,
                        "timeLabel": "11:15",
                        "value": 0
                    },
                    {
                        "slot": 46,
                        "timeLabel": "11:30",
                        "value": 0
                    },
                    {
                        "slot": 47,
                        "timeLabel": "11:45",
                        "value": 1
                    },
                    {
                        "slot": 48,
                        "timeLabel": "12:00",
                        "value": 5
                    },
                    {
                        "slot": 49,
                        "timeLabel": "12:15",
                        "value": 1
                    },
                    {
                        "slot": 50,
                        "timeLabel": "12:30",
                        "value": 0
                    },
                    {
                        "slot": 51,
                        "timeLabel": "12:45",
                        "value": 0
                    },
                    {
                        "slot": 52,
                        "timeLabel": "13:00",
                        "value": 2
                    },
                    {
                        "slot": 53,
                        "timeLabel": "13:15",
                        "value": 1
                    },
                    {
                        "slot": 54,
                        "timeLabel": "13:30",
                        "value": 0
                    },
                    {
                        "slot": 55,
                        "timeLabel": "13:45",
                        "value": 0
                    },
                    {
                        "slot": 56,
                        "timeLabel": "14:00",
                        "value": 0
                    },
                    {
                        "slot": 57,
                        "timeLabel": "14:15",
                        "value": 0
                    },
                    {
                        "slot": 58,
                        "timeLabel": "14:30",
                        "value": 0
                    },
                    {
                        "slot": 59,
                        "timeLabel": "14:45",
                        "value": 0
                    },
                    {
                        "slot": 60,
                        "timeLabel": "15:00",
                        "value": 0
                    },
                    {
                        "slot": 61,
                        "timeLabel": "15:15",
                        "value": 0
                    },
                    {
                        "slot": 62,
                        "timeLabel": "15:30",
                        "value": 3
                    },
                    {
                        "slot": 63,
                        "timeLabel": "15:45",
                        "value": 1
                    },
                    {
                        "slot": 64,
                        "timeLabel": "16:00",
                        "value": 0
                    },
                    {
                        "slot": 65,
                        "timeLabel": "16:15",
                        "value": 0
                    },
                    {
                        "slot": 66,
                        "timeLabel": "16:30",
                        "value": 0
                    },
                    {
                        "slot": 67,
                        "timeLabel": "16:45",
                        "value": 0
                    },
                    {
                        "slot": 68,
                        "timeLabel": "17:00",
                        "value": 0
                    },
                    {
                        "slot": 69,
                        "timeLabel": "17:15",
                        "value": 0
                    },
                    {
                        "slot": 70,
                        "timeLabel": "17:30",
                        "value": 4
                    },
                    {
                        "slot": 71,
                        "timeLabel": "17:45",
                        "value": 9
                    },
                    {
                        "slot": 72,
                        "timeLabel": "18:00",
                        "value": 0
                    },
                    {
                        "slot": 73,
                        "timeLabel": "18:15",
                        "value": 0
                    },
                    {
                        "slot": 74,
                        "timeLabel": "18:30",
                        "value": 0
                    },
                    {
                        "slot": 75,
                        "timeLabel": "18:45",
                        "value": 0
                    },
                    {
                        "slot": 76,
                        "timeLabel": "19:00",
                        "value": 0
                    },
                    {
                        "slot": 77,
                        "timeLabel": "19:15",
                        "value": 0
                    },
                    {
                        "slot": 78,
                        "timeLabel": "19:30",
                        "value": 0
                    },
                    {
                        "slot": 79,
                        "timeLabel": "19:45",
                        "value": 0
                    },
                    {
                        "slot": 80,
                        "timeLabel": "20:00",
                        "value": 0
                    },
                    {
                        "slot": 81,
                        "timeLabel": "20:15",
                        "value": 0
                    },
                    {
                        "slot": 82,
                        "timeLabel": "20:30",
                        "value": 0
                    },
                    {
                        "slot": 83,
                        "timeLabel": "20:45",
                        "value": 0
                    },
                    {
                        "slot": 84,
                        "timeLabel": "21:00",
                        "value": 0
                    },
                    {
                        "slot": 85,
                        "timeLabel": "21:15",
                        "value": 0
                    },
                    {
                        "slot": 86,
                        "timeLabel": "21:30",
                        "value": 0
                    },
                    {
                        "slot": 87,
                        "timeLabel": "21:45",
                        "value": 0
                    },
                    {
                        "slot": 88,
                        "timeLabel": "22:00",
                        "value": 0
                    },
                    {
                        "slot": 89,
                        "timeLabel": "22:15",
                        "value": 0
                    },
                    {
                        "slot": 90,
                        "timeLabel": "22:30",
                        "value": 0
                    },
                    {
                        "slot": 91,
                        "timeLabel": "22:45",
                        "value": 0
                    },
                    {
                        "slot": 92,
                        "timeLabel": "23:00",
                        "value": 0
                    },
                    {
                        "slot": 93,
                        "timeLabel": "23:15",
                        "value": 0
                    },
                    {
                        "slot": 94,
                        "timeLabel": "23:30",
                        "value": 0
                    },
                    {
                        "slot": 95,
                        "timeLabel": "23:45",
                        "value": 0
                    }
                ],
                "totalFlow": 35
            },
            "geometry": {
                "type": "Point",
                "coordinates": [
                    376272.736915525223594,
                    4824496.205352402292192
                ]
            }
        },
        {
            "type": "Feature",
            "properties": {
                "id": 18,
                "name": "entrance_foot_7.5",
                "zoneType": "inflow",
                "modality": "pedestrian",
                "flowProfile": [
                    {
                        "slot": 0,
                        "timeLabel": "00:00",
                        "value": 0
                    },
                    {
                        "slot": 1,
                        "timeLabel": "00:15",
                        "value": 0
                    },
                    {
                        "slot": 2,
                        "timeLabel": "00:30",
                        "value": 0
                    },
                    {
                        "slot": 3,
                        "timeLabel": "00:45",
                        "value": 0
                    },
                    {
                        "slot": 4,
                        "timeLabel": "01:00",
                        "value": 0
                    },
                    {
                        "slot": 5,
                        "timeLabel": "01:15",
                        "value": 0
                    },
                    {
                        "slot": 6,
                        "timeLabel": "01:30",
                        "value": 0
                    },
                    {
                        "slot": 7,
                        "timeLabel": "01:45",
                        "value": 0
                    },
                    {
                        "slot": 8,
                        "timeLabel": "02:00",
                        "value": 0
                    },
                    {
                        "slot": 9,
                        "timeLabel": "02:15",
                        "value": 0
                    },
                    {
                        "slot": 10,
                        "timeLabel": "02:30",
                        "value": 0
                    },
                    {
                        "slot": 11,
                        "timeLabel": "02:45",
                        "value": 0
                    },
                    {
                        "slot": 12,
                        "timeLabel": "03:00",
                        "value": 0
                    },
                    {
                        "slot": 13,
                        "timeLabel": "03:15",
                        "value": 0
                    },
                    {
                        "slot": 14,
                        "timeLabel": "03:30",
                        "value": 0
                    },
                    {
                        "slot": 15,
                        "timeLabel": "03:45",
                        "value": 0
                    },
                    {
                        "slot": 16,
                        "timeLabel": "04:00",
                        "value": 0
                    },
                    {
                        "slot": 17,
                        "timeLabel": "04:15",
                        "value": 0
                    },
                    {
                        "slot": 18,
                        "timeLabel": "04:30",
                        "value": 0
                    },
                    {
                        "slot": 19,
                        "timeLabel": "04:45",
                        "value": 0
                    },
                    {
                        "slot": 20,
                        "timeLabel": "05:00",
                        "value": 0
                    },
                    {
                        "slot": 21,
                        "timeLabel": "05:15",
                        "value": 0
                    },
                    {
                        "slot": 22,
                        "timeLabel": "05:30",
                        "value": 0
                    },
                    {
                        "slot": 23,
                        "timeLabel": "05:45",
                        "value": 0
                    },
                    {
                        "slot": 24,
                        "timeLabel": "06:00",
                        "value": 0
                    },
                    {
                        "slot": 25,
                        "timeLabel": "06:15",
                        "value": 0
                    },
                    {
                        "slot": 26,
                        "timeLabel": "06:30",
                        "value": 0
                    },
                    {
                        "slot": 27,
                        "timeLabel": "06:45",
                        "value": 0
                    },
                    {
                        "slot": 28,
                        "timeLabel": "07:00",
                        "value": 0
                    },
                    {
                        "slot": 29,
                        "timeLabel": "07:15",
                        "value": 0
                    },
                    {
                        "slot": 30,
                        "timeLabel": "07:30",
                        "value": 9
                    },
                    {
                        "slot": 31,
                        "timeLabel": "07:45",
                        "value": 12
                    },
                    {
                        "slot": 32,
                        "timeLabel": "08:00",
                        "value": 3
                    },
                    {
                        "slot": 33,
                        "timeLabel": "08:15",
                        "value": 0
                    },
                    {
                        "slot": 34,
                        "timeLabel": "08:30",
                        "value": 0
                    },
                    {
                        "slot": 35,
                        "timeLabel": "08:45",
                        "value": 0
                    },
                    {
                        "slot": 36,
                        "timeLabel": "09:00",
                        "value": 0
                    },
                    {
                        "slot": 37,
                        "timeLabel": "09:15",
                        "value": 0
                    },
                    {
                        "slot": 38,
                        "timeLabel": "09:30",
                        "value": 38
                    },
                    {
                        "slot": 39,
                        "timeLabel": "09:45",
                        "value": 86
                    },
                    {
                        "slot": 40,
                        "timeLabel": "10:00",
                        "value": 21
                    },
                    {
                        "slot": 41,
                        "timeLabel": "10:15",
                        "value": 0
                    },
                    {
                        "slot": 42,
                        "timeLabel": "10:30",
                        "value": 0
                    },
                    {
                        "slot": 43,
                        "timeLabel": "10:45",
                        "value": 0
                    },
                    {
                        "slot": 44,
                        "timeLabel": "11:00",
                        "value": 0
                    },
                    {
                        "slot": 45,
                        "timeLabel": "11:15",
                        "value": 0
                    },
                    {
                        "slot": 46,
                        "timeLabel": "11:30",
                        "value": 0
                    },
                    {
                        "slot": 47,
                        "timeLabel": "11:45",
                        "value": 159
                    },
                    {
                        "slot": 48,
                        "timeLabel": "12:00",
                        "value": 224
                    },
                    {
                        "slot": 49,
                        "timeLabel": "12:15",
                        "value": 28
                    },
                    {
                        "slot": 50,
                        "timeLabel": "12:30",
                        "value": 0
                    },
                    {
                        "slot": 51,
                        "timeLabel": "12:45",
                        "value": 0
                    },
                    {
                        "slot": 52,
                        "timeLabel": "13:00",
                        "value": 46
                    },
                    {
                        "slot": 53,
                        "timeLabel": "13:15",
                        "value": 60
                    },
                    {
                        "slot": 54,
                        "timeLabel": "13:30",
                        "value": 20
                    },
                    {
                        "slot": 55,
                        "timeLabel": "13:45",
                        "value": 0
                    },
                    {
                        "slot": 56,
                        "timeLabel": "14:00",
                        "value": 0
                    },
                    {
                        "slot": 57,
                        "timeLabel": "14:15",
                        "value": 0
                    },
                    {
                        "slot": 58,
                        "timeLabel": "14:30",
                        "value": 0
                    },
                    {
                        "slot": 59,
                        "timeLabel": "14:45",
                        "value": 0
                    },
                    {
                        "slot": 60,
                        "timeLabel": "15:00",
                        "value": 0
                    },
                    {
                        "slot": 61,
                        "timeLabel": "15:15",
                        "value": 31
                    },
                    {
                        "slot": 62,
                        "timeLabel": "15:30",
                        "value": 205
                    },
                    {
                        "slot": 63,
                        "timeLabel": "15:45",
                        "value": 46
                    },
                    {
                        "slot": 64,
                        "timeLabel": "16:00",
                        "value": 0
                    },
                    {
                        "slot": 65,
                        "timeLabel": "16:15",
                        "value": 0
                    },
                    {
                        "slot": 66,
                        "timeLabel": "16:30",
                        "value": 0
                    },
                    {
                        "slot": 67,
                        "timeLabel": "16:45",
                        "value": 0
                    },
                    {
                        "slot": 68,
                        "timeLabel": "17:00",
                        "value": 0
                    },
                    {
                        "slot": 69,
                        "timeLabel": "17:15",
                        "value": 0
                    },
                    {
                        "slot": 70,
                        "timeLabel": "17:30",
                        "value": 46
                    },
                    {
                        "slot": 71,
                        "timeLabel": "17:45",
                        "value": 183
                    },
                    {
                        "slot": 72,
                        "timeLabel": "18:00",
                        "value": 37
                    },
                    {
                        "slot": 73,
                        "timeLabel": "18:15",
                        "value": 0
                    },
                    {
                        "slot": 74,
                        "timeLabel": "18:30",
                        "value": 0
                    },
                    {
                        "slot": 75,
                        "timeLabel": "18:45",
                        "value": 0
                    },
                    {
                        "slot": 76,
                        "timeLabel": "19:00",
                        "value": 0
                    },
                    {
                        "slot": 77,
                        "timeLabel": "19:15",
                        "value": 0
                    },
                    {
                        "slot": 78,
                        "timeLabel": "19:30",
                        "value": 0
                    },
                    {
                        "slot": 79,
                        "timeLabel": "19:45",
                        "value": 0
                    },
                    {
                        "slot": 80,
                        "timeLabel": "20:00",
                        "value": 0
                    },
                    {
                        "slot": 81,
                        "timeLabel": "20:15",
                        "value": 0
                    },
                    {
                        "slot": 82,
                        "timeLabel": "20:30",
                        "value": 0
                    },
                    {
                        "slot": 83,
                        "timeLabel": "20:45",
                        "value": 0
                    },
                    {
                        "slot": 84,
                        "timeLabel": "21:00",
                        "value": 0
                    },
                    {
                        "slot": 85,
                        "timeLabel": "21:15",
                        "value": 0
                    },
                    {
                        "slot": 86,
                        "timeLabel": "21:30",
                        "value": 0
                    },
                    {
                        "slot": 87,
                        "timeLabel": "21:45",
                        "value": 0
                    },
                    {
                        "slot": 88,
                        "timeLabel": "22:00",
                        "value": 0
                    },
                    {
                        "slot": 89,
                        "timeLabel": "22:15",
                        "value": 0
                    },
                    {
                        "slot": 90,
                        "timeLabel": "22:30",
                        "value": 0
                    },
                    {
                        "slot": 91,
                        "timeLabel": "22:45",
                        "value": 0
                    },
                    {
                        "slot": 92,
                        "timeLabel": "23:00",
                        "value": 0
                    },
                    {
                        "slot": 93,
                        "timeLabel": "23:15",
                        "value": 0
                    },
                    {
                        "slot": 94,
                        "timeLabel": "23:30",
                        "value": 0
                    },
                    {
                        "slot": 95,
                        "timeLabel": "23:45",
                        "value": 0
                    }
                ],
                "totalFlow": 1254
            },
            "geometry": {
                "type": "Point",
                "coordinates": [
                    376272.736915525223594,
                    4824496.205352402292192
                ]
            }
        },
        {
            "type": "Feature",
            "properties": {
                "id": 19,
                "name": "entrance_vehicle_7.5",
                "zoneType": "inflow",
                "modality": "vehicle",
                "flowProfile": [
                    {
                        "slot": 0,
                        "timeLabel": "00:00",
                        "value": 0
                    },
                    {
                        "slot": 1,
                        "timeLabel": "00:15",
                        "value": 0
                    },
                    {
                        "slot": 2,
                        "timeLabel": "00:30",
                        "value": 0
                    },
                    {
                        "slot": 3,
                        "timeLabel": "00:45",
                        "value": 0
                    },
                    {
                        "slot": 4,
                        "timeLabel": "01:00",
                        "value": 0
                    },
                    {
                        "slot": 5,
                        "timeLabel": "01:15",
                        "value": 0
                    },
                    {
                        "slot": 6,
                        "timeLabel": "01:30",
                        "value": 0
                    },
                    {
                        "slot": 7,
                        "timeLabel": "01:45",
                        "value": 0
                    },
                    {
                        "slot": 8,
                        "timeLabel": "02:00",
                        "value": 0
                    },
                    {
                        "slot": 9,
                        "timeLabel": "02:15",
                        "value": 0
                    },
                    {
                        "slot": 10,
                        "timeLabel": "02:30",
                        "value": 0
                    },
                    {
                        "slot": 11,
                        "timeLabel": "02:45",
                        "value": 0
                    },
                    {
                        "slot": 12,
                        "timeLabel": "03:00",
                        "value": 0
                    },
                    {
                        "slot": 13,
                        "timeLabel": "03:15",
                        "value": 0
                    },
                    {
                        "slot": 14,
                        "timeLabel": "03:30",
                        "value": 0
                    },
                    {
                        "slot": 15,
                        "timeLabel": "03:45",
                        "value": 0
                    },
                    {
                        "slot": 16,
                        "timeLabel": "04:00",
                        "value": 0
                    },
                    {
                        "slot": 17,
                        "timeLabel": "04:15",
                        "value": 0
                    },
                    {
                        "slot": 18,
                        "timeLabel": "04:30",
                        "value": 0
                    },
                    {
                        "slot": 19,
                        "timeLabel": "04:45",
                        "value": 0
                    },
                    {
                        "slot": 20,
                        "timeLabel": "05:00",
                        "value": 0
                    },
                    {
                        "slot": 21,
                        "timeLabel": "05:15",
                        "value": 0
                    },
                    {
                        "slot": 22,
                        "timeLabel": "05:30",
                        "value": 0
                    },
                    {
                        "slot": 23,
                        "timeLabel": "05:45",
                        "value": 0
                    },
                    {
                        "slot": 24,
                        "timeLabel": "06:00",
                        "value": 0
                    },
                    {
                        "slot": 25,
                        "timeLabel": "06:15",
                        "value": 0
                    },
                    {
                        "slot": 26,
                        "timeLabel": "06:30",
                        "value": 0
                    },
                    {
                        "slot": 27,
                        "timeLabel": "06:45",
                        "value": 0
                    },
                    {
                        "slot": 28,
                        "timeLabel": "07:00",
                        "value": 0
                    },
                    {
                        "slot": 29,
                        "timeLabel": "07:15",
                        "value": 0
                    },
                    {
                        "slot": 30,
                        "timeLabel": "07:30",
                        "value": 6
                    },
                    {
                        "slot": 31,
                        "timeLabel": "07:45",
                        "value": 7
                    },
                    {
                        "slot": 32,
                        "timeLabel": "08:00",
                        "value": 0
                    },
                    {
                        "slot": 33,
                        "timeLabel": "08:15",
                        "value": 0
                    },
                    {
                        "slot": 34,
                        "timeLabel": "08:30",
                        "value": 0
                    },
                    {
                        "slot": 35,
                        "timeLabel": "08:45",
                        "value": 0
                    },
                    {
                        "slot": 36,
                        "timeLabel": "09:00",
                        "value": 0
                    },
                    {
                        "slot": 37,
                        "timeLabel": "09:15",
                        "value": 0
                    },
                    {
                        "slot": 38,
                        "timeLabel": "09:30",
                        "value": 2
                    },
                    {
                        "slot": 39,
                        "timeLabel": "09:45",
                        "value": 17
                    },
                    {
                        "slot": 40,
                        "timeLabel": "10:00",
                        "value": 2
                    },
                    {
                        "slot": 41,
                        "timeLabel": "10:15",
                        "value": 0
                    },
                    {
                        "slot": 42,
                        "timeLabel": "10:30",
                        "value": 0
                    },
                    {
                        "slot": 43,
                        "timeLabel": "10:45",
                        "value": 0
                    },
                    {
                        "slot": 44,
                        "timeLabel": "11:00",
                        "value": 0
                    },
                    {
                        "slot": 45,
                        "timeLabel": "11:15",
                        "value": 0
                    },
                    {
                        "slot": 46,
                        "timeLabel": "11:30",
                        "value": 0
                    },
                    {
                        "slot": 47,
                        "timeLabel": "11:45",
                        "value": 6
                    },
                    {
                        "slot": 48,
                        "timeLabel": "12:00",
                        "value": 2
                    },
                    {
                        "slot": 49,
                        "timeLabel": "12:15",
                        "value": 1
                    },
                    {
                        "slot": 50,
                        "timeLabel": "12:30",
                        "value": 0
                    },
                    {
                        "slot": 51,
                        "timeLabel": "12:45",
                        "value": 0
                    },
                    {
                        "slot": 52,
                        "timeLabel": "13:00",
                        "value": 5
                    },
                    {
                        "slot": 53,
                        "timeLabel": "13:15",
                        "value": 10
                    },
                    {
                        "slot": 54,
                        "timeLabel": "13:30",
                        "value": 3
                    },
                    {
                        "slot": 55,
                        "timeLabel": "13:45",
                        "value": 0
                    },
                    {
                        "slot": 56,
                        "timeLabel": "14:00",
                        "value": 0
                    },
                    {
                        "slot": 57,
                        "timeLabel": "14:15",
                        "value": 0
                    },
                    {
                        "slot": 58,
                        "timeLabel": "14:30",
                        "value": 0
                    },
                    {
                        "slot": 59,
                        "timeLabel": "14:45",
                        "value": 0
                    },
                    {
                        "slot": 60,
                        "timeLabel": "15:00",
                        "value": 0
                    },
                    {
                        "slot": 61,
                        "timeLabel": "15:15",
                        "value": 0
                    },
                    {
                        "slot": 62,
                        "timeLabel": "15:30",
                        "value": 19
                    },
                    {
                        "slot": 63,
                        "timeLabel": "15:45",
                        "value": 4
                    },
                    {
                        "slot": 64,
                        "timeLabel": "16:00",
                        "value": 0
                    },
                    {
                        "slot": 65,
                        "timeLabel": "16:15",
                        "value": 0
                    },
                    {
                        "slot": 66,
                        "timeLabel": "16:30",
                        "value": 0
                    },
                    {
                        "slot": 67,
                        "timeLabel": "16:45",
                        "value": 0
                    },
                    {
                        "slot": 68,
                        "timeLabel": "17:00",
                        "value": 0
                    },
                    {
                        "slot": 69,
                        "timeLabel": "17:15",
                        "value": 0
                    },
                    {
                        "slot": 70,
                        "timeLabel": "17:30",
                        "value": 2
                    },
                    {
                        "slot": 71,
                        "timeLabel": "17:45",
                        "value": 3
                    },
                    {
                        "slot": 72,
                        "timeLabel": "18:00",
                        "value": 0
                    },
                    {
                        "slot": 73,
                        "timeLabel": "18:15",
                        "value": 0
                    },
                    {
                        "slot": 74,
                        "timeLabel": "18:30",
                        "value": 0
                    },
                    {
                        "slot": 75,
                        "timeLabel": "18:45",
                        "value": 0
                    },
                    {
                        "slot": 76,
                        "timeLabel": "19:00",
                        "value": 0
                    },
                    {
                        "slot": 77,
                        "timeLabel": "19:15",
                        "value": 0
                    },
                    {
                        "slot": 78,
                        "timeLabel": "19:30",
                        "value": 0
                    },
                    {
                        "slot": 79,
                        "timeLabel": "19:45",
                        "value": 0
                    },
                    {
                        "slot": 80,
                        "timeLabel": "20:00",
                        "value": 0
                    },
                    {
                        "slot": 81,
                        "timeLabel": "20:15",
                        "value": 0
                    },
                    {
                        "slot": 82,
                        "timeLabel": "20:30",
                        "value": 0
                    },
                    {
                        "slot": 83,
                        "timeLabel": "20:45",
                        "value": 0
                    },
                    {
                        "slot": 84,
                        "timeLabel": "21:00",
                        "value": 0
                    },
                    {
                        "slot": 85,
                        "timeLabel": "21:15",
                        "value": 0
                    },
                    {
                        "slot": 86,
                        "timeLabel": "21:30",
                        "value": 0
                    },
                    {
                        "slot": 87,
                        "timeLabel": "21:45",
                        "value": 0
                    },
                    {
                        "slot": 88,
                        "timeLabel": "22:00",
                        "value": 0
                    },
                    {
                        "slot": 89,
                        "timeLabel": "22:15",
                        "value": 0
                    },
                    {
                        "slot": 90,
                        "timeLabel": "22:30",
                        "value": 0
                    },
                    {
                        "slot": 91,
                        "timeLabel": "22:45",
                        "value": 0
                    },
                    {
                        "slot": 92,
                        "timeLabel": "23:00",
                        "value": 0
                    },
                    {
                        "slot": 93,
                        "timeLabel": "23:15",
                        "value": 0
                    },
                    {
                        "slot": 94,
                        "timeLabel": "23:30",
                        "value": 0
                    },
                    {
                        "slot": 95,
                        "timeLabel": "23:45",
                        "value": 0
                    }
                ],
                "totalFlow": 89
            },
            "geometry": {
                "type": "Point",
                "coordinates": [
                    376272.736915525223594,
                    4824496.205352402292192
                ]
            }
        },
        {
            "type": "Feature",
            "properties": {
                "id": 20,
                "name": "exit_bike_7.5",
                "zoneType": "outflow",
                "modality": "bike",
                "flowProfile": [
                    {
                        "slot": 0,
                        "timeLabel": "00:00",
                        "value": 0
                    },
                    {
                        "slot": 1,
                        "timeLabel": "00:15",
                        "value": 0
                    },
                    {
                        "slot": 2,
                        "timeLabel": "00:30",
                        "value": 0
                    },
                    {
                        "slot": 3,
                        "timeLabel": "00:45",
                        "value": 0
                    },
                    {
                        "slot": 4,
                        "timeLabel": "01:00",
                        "value": 0
                    },
                    {
                        "slot": 5,
                        "timeLabel": "01:15",
                        "value": 0
                    },
                    {
                        "slot": 6,
                        "timeLabel": "01:30",
                        "value": 0
                    },
                    {
                        "slot": 7,
                        "timeLabel": "01:45",
                        "value": 0
                    },
                    {
                        "slot": 8,
                        "timeLabel": "02:00",
                        "value": 0
                    },
                    {
                        "slot": 9,
                        "timeLabel": "02:15",
                        "value": 0
                    },
                    {
                        "slot": 10,
                        "timeLabel": "02:30",
                        "value": 0
                    },
                    {
                        "slot": 11,
                        "timeLabel": "02:45",
                        "value": 0
                    },
                    {
                        "slot": 12,
                        "timeLabel": "03:00",
                        "value": 0
                    },
                    {
                        "slot": 13,
                        "timeLabel": "03:15",
                        "value": 0
                    },
                    {
                        "slot": 14,
                        "timeLabel": "03:30",
                        "value": 0
                    },
                    {
                        "slot": 15,
                        "timeLabel": "03:45",
                        "value": 0
                    },
                    {
                        "slot": 16,
                        "timeLabel": "04:00",
                        "value": 0
                    },
                    {
                        "slot": 17,
                        "timeLabel": "04:15",
                        "value": 0
                    },
                    {
                        "slot": 18,
                        "timeLabel": "04:30",
                        "value": 0
                    },
                    {
                        "slot": 19,
                        "timeLabel": "04:45",
                        "value": 0
                    },
                    {
                        "slot": 20,
                        "timeLabel": "05:00",
                        "value": 0
                    },
                    {
                        "slot": 21,
                        "timeLabel": "05:15",
                        "value": 0
                    },
                    {
                        "slot": 22,
                        "timeLabel": "05:30",
                        "value": 0
                    },
                    {
                        "slot": 23,
                        "timeLabel": "05:45",
                        "value": 0
                    },
                    {
                        "slot": 24,
                        "timeLabel": "06:00",
                        "value": 0
                    },
                    {
                        "slot": 25,
                        "timeLabel": "06:15",
                        "value": 0
                    },
                    {
                        "slot": 26,
                        "timeLabel": "06:30",
                        "value": 0
                    },
                    {
                        "slot": 27,
                        "timeLabel": "06:45",
                        "value": 0
                    },
                    {
                        "slot": 28,
                        "timeLabel": "07:00",
                        "value": 0
                    },
                    {
                        "slot": 29,
                        "timeLabel": "07:15",
                        "value": 0
                    },
                    {
                        "slot": 30,
                        "timeLabel": "07:30",
                        "value": 9
                    },
                    {
                        "slot": 31,
                        "timeLabel": "07:45",
                        "value": 4
                    },
                    {
                        "slot": 32,
                        "timeLabel": "08:00",
                        "value": 0
                    },
                    {
                        "slot": 33,
                        "timeLabel": "08:15",
                        "value": 0
                    },
                    {
                        "slot": 34,
                        "timeLabel": "08:30",
                        "value": 0
                    },
                    {
                        "slot": 35,
                        "timeLabel": "08:45",
                        "value": 0
                    },
                    {
                        "slot": 36,
                        "timeLabel": "09:00",
                        "value": 0
                    },
                    {
                        "slot": 37,
                        "timeLabel": "09:15",
                        "value": 0
                    },
                    {
                        "slot": 38,
                        "timeLabel": "09:30",
                        "value": 1
                    },
                    {
                        "slot": 39,
                        "timeLabel": "09:45",
                        "value": 4
                    },
                    {
                        "slot": 40,
                        "timeLabel": "10:00",
                        "value": 2
                    },
                    {
                        "slot": 41,
                        "timeLabel": "10:15",
                        "value": 0
                    },
                    {
                        "slot": 42,
                        "timeLabel": "10:30",
                        "value": 0
                    },
                    {
                        "slot": 43,
                        "timeLabel": "10:45",
                        "value": 0
                    },
                    {
                        "slot": 44,
                        "timeLabel": "11:00",
                        "value": 0
                    },
                    {
                        "slot": 45,
                        "timeLabel": "11:15",
                        "value": 0
                    },
                    {
                        "slot": 46,
                        "timeLabel": "11:30",
                        "value": 0
                    },
                    {
                        "slot": 47,
                        "timeLabel": "11:45",
                        "value": 3
                    },
                    {
                        "slot": 48,
                        "timeLabel": "12:00",
                        "value": 0
                    },
                    {
                        "slot": 49,
                        "timeLabel": "12:15",
                        "value": 2
                    },
                    {
                        "slot": 50,
                        "timeLabel": "12:30",
                        "value": 0
                    },
                    {
                        "slot": 51,
                        "timeLabel": "12:45",
                        "value": 0
                    },
                    {
                        "slot": 52,
                        "timeLabel": "13:00",
                        "value": 0
                    },
                    {
                        "slot": 53,
                        "timeLabel": "13:15",
                        "value": 3
                    },
                    {
                        "slot": 54,
                        "timeLabel": "13:30",
                        "value": 1
                    },
                    {
                        "slot": 55,
                        "timeLabel": "13:45",
                        "value": 0
                    },
                    {
                        "slot": 56,
                        "timeLabel": "14:00",
                        "value": 0
                    },
                    {
                        "slot": 57,
                        "timeLabel": "14:15",
                        "value": 0
                    },
                    {
                        "slot": 58,
                        "timeLabel": "14:30",
                        "value": 0
                    },
                    {
                        "slot": 59,
                        "timeLabel": "14:45",
                        "value": 0
                    },
                    {
                        "slot": 60,
                        "timeLabel": "15:00",
                        "value": 0
                    },
                    {
                        "slot": 61,
                        "timeLabel": "15:15",
                        "value": 0
                    },
                    {
                        "slot": 62,
                        "timeLabel": "15:30",
                        "value": 4
                    },
                    {
                        "slot": 63,
                        "timeLabel": "15:45",
                        "value": 1
                    },
                    {
                        "slot": 64,
                        "timeLabel": "16:00",
                        "value": 0
                    },
                    {
                        "slot": 65,
                        "timeLabel": "16:15",
                        "value": 0
                    },
                    {
                        "slot": 66,
                        "timeLabel": "16:30",
                        "value": 0
                    },
                    {
                        "slot": 67,
                        "timeLabel": "16:45",
                        "value": 0
                    },
                    {
                        "slot": 68,
                        "timeLabel": "17:00",
                        "value": 0
                    },
                    {
                        "slot": 69,
                        "timeLabel": "17:15",
                        "value": 0
                    },
                    {
                        "slot": 70,
                        "timeLabel": "17:30",
                        "value": 4
                    },
                    {
                        "slot": 71,
                        "timeLabel": "17:45",
                        "value": 9
                    },
                    {
                        "slot": 72,
                        "timeLabel": "18:00",
                        "value": 3
                    },
                    {
                        "slot": 73,
                        "timeLabel": "18:15",
                        "value": 0
                    },
                    {
                        "slot": 74,
                        "timeLabel": "18:30",
                        "value": 0
                    },
                    {
                        "slot": 75,
                        "timeLabel": "18:45",
                        "value": 0
                    },
                    {
                        "slot": 76,
                        "timeLabel": "19:00",
                        "value": 0
                    },
                    {
                        "slot": 77,
                        "timeLabel": "19:15",
                        "value": 0
                    },
                    {
                        "slot": 78,
                        "timeLabel": "19:30",
                        "value": 0
                    },
                    {
                        "slot": 79,
                        "timeLabel": "19:45",
                        "value": 0
                    },
                    {
                        "slot": 80,
                        "timeLabel": "20:00",
                        "value": 0
                    },
                    {
                        "slot": 81,
                        "timeLabel": "20:15",
                        "value": 0
                    },
                    {
                        "slot": 82,
                        "timeLabel": "20:30",
                        "value": 0
                    },
                    {
                        "slot": 83,
                        "timeLabel": "20:45",
                        "value": 0
                    },
                    {
                        "slot": 84,
                        "timeLabel": "21:00",
                        "value": 0
                    },
                    {
                        "slot": 85,
                        "timeLabel": "21:15",
                        "value": 0
                    },
                    {
                        "slot": 86,
                        "timeLabel": "21:30",
                        "value": 0
                    },
                    {
                        "slot": 87,
                        "timeLabel": "21:45",
                        "value": 0
                    },
                    {
                        "slot": 88,
                        "timeLabel": "22:00",
                        "value": 0
                    },
                    {
                        "slot": 89,
                        "timeLabel": "22:15",
                        "value": 0
                    },
                    {
                        "slot": 90,
                        "timeLabel": "22:30",
                        "value": 0
                    },
                    {
                        "slot": 91,
                        "timeLabel": "22:45",
                        "value": 0
                    },
                    {
                        "slot": 92,
                        "timeLabel": "23:00",
                        "value": 0
                    },
                    {
                        "slot": 93,
                        "timeLabel": "23:15",
                        "value": 0
                    },
                    {
                        "slot": 94,
                        "timeLabel": "23:30",
                        "value": 0
                    },
                    {
                        "slot": 95,
                        "timeLabel": "23:45",
                        "value": 0
                    }
                ],
                "totalFlow": 50
            },
            "geometry": {
                "type": "Point",
                "coordinates": [
                    376272.736915525223594,
                    4824496.205352402292192
                ]
            }
        },
        {
            "type": "Feature",
            "properties": {
                "id": 21,
                "name": "exit_foot_7.5",
                "zoneType": "outflow",
                "modality": "pedestrian",
                "flowProfile": [
                    {
                        "slot": 0,
                        "timeLabel": "00:00",
                        "value": 0
                    },
                    {
                        "slot": 1,
                        "timeLabel": "00:15",
                        "value": 0
                    },
                    {
                        "slot": 2,
                        "timeLabel": "00:30",
                        "value": 0
                    },
                    {
                        "slot": 3,
                        "timeLabel": "00:45",
                        "value": 0
                    },
                    {
                        "slot": 4,
                        "timeLabel": "01:00",
                        "value": 0
                    },
                    {
                        "slot": 5,
                        "timeLabel": "01:15",
                        "value": 0
                    },
                    {
                        "slot": 6,
                        "timeLabel": "01:30",
                        "value": 0
                    },
                    {
                        "slot": 7,
                        "timeLabel": "01:45",
                        "value": 0
                    },
                    {
                        "slot": 8,
                        "timeLabel": "02:00",
                        "value": 0
                    },
                    {
                        "slot": 9,
                        "timeLabel": "02:15",
                        "value": 0
                    },
                    {
                        "slot": 10,
                        "timeLabel": "02:30",
                        "value": 0
                    },
                    {
                        "slot": 11,
                        "timeLabel": "02:45",
                        "value": 0
                    },
                    {
                        "slot": 12,
                        "timeLabel": "03:00",
                        "value": 0
                    },
                    {
                        "slot": 13,
                        "timeLabel": "03:15",
                        "value": 0
                    },
                    {
                        "slot": 14,
                        "timeLabel": "03:30",
                        "value": 0
                    },
                    {
                        "slot": 15,
                        "timeLabel": "03:45",
                        "value": 0
                    },
                    {
                        "slot": 16,
                        "timeLabel": "04:00",
                        "value": 0
                    },
                    {
                        "slot": 17,
                        "timeLabel": "04:15",
                        "value": 0
                    },
                    {
                        "slot": 18,
                        "timeLabel": "04:30",
                        "value": 0
                    },
                    {
                        "slot": 19,
                        "timeLabel": "04:45",
                        "value": 0
                    },
                    {
                        "slot": 20,
                        "timeLabel": "05:00",
                        "value": 0
                    },
                    {
                        "slot": 21,
                        "timeLabel": "05:15",
                        "value": 0
                    },
                    {
                        "slot": 22,
                        "timeLabel": "05:30",
                        "value": 0
                    },
                    {
                        "slot": 23,
                        "timeLabel": "05:45",
                        "value": 0
                    },
                    {
                        "slot": 24,
                        "timeLabel": "06:00",
                        "value": 0
                    },
                    {
                        "slot": 25,
                        "timeLabel": "06:15",
                        "value": 0
                    },
                    {
                        "slot": 26,
                        "timeLabel": "06:30",
                        "value": 0
                    },
                    {
                        "slot": 27,
                        "timeLabel": "06:45",
                        "value": 0
                    },
                    {
                        "slot": 28,
                        "timeLabel": "07:00",
                        "value": 0
                    },
                    {
                        "slot": 29,
                        "timeLabel": "07:15",
                        "value": 0
                    },
                    {
                        "slot": 30,
                        "timeLabel": "07:30",
                        "value": 172
                    },
                    {
                        "slot": 31,
                        "timeLabel": "07:45",
                        "value": 92
                    },
                    {
                        "slot": 32,
                        "timeLabel": "08:00",
                        "value": 5
                    },
                    {
                        "slot": 33,
                        "timeLabel": "08:15",
                        "value": 0
                    },
                    {
                        "slot": 34,
                        "timeLabel": "08:30",
                        "value": 0
                    },
                    {
                        "slot": 35,
                        "timeLabel": "08:45",
                        "value": 0
                    },
                    {
                        "slot": 36,
                        "timeLabel": "09:00",
                        "value": 0
                    },
                    {
                        "slot": 37,
                        "timeLabel": "09:15",
                        "value": 0
                    },
                    {
                        "slot": 38,
                        "timeLabel": "09:30",
                        "value": 65
                    },
                    {
                        "slot": 39,
                        "timeLabel": "09:45",
                        "value": 180
                    },
                    {
                        "slot": 40,
                        "timeLabel": "10:00",
                        "value": 52
                    },
                    {
                        "slot": 41,
                        "timeLabel": "10:15",
                        "value": 0
                    },
                    {
                        "slot": 42,
                        "timeLabel": "10:30",
                        "value": 0
                    },
                    {
                        "slot": 43,
                        "timeLabel": "10:45",
                        "value": 0
                    },
                    {
                        "slot": 44,
                        "timeLabel": "11:00",
                        "value": 0
                    },
                    {
                        "slot": 45,
                        "timeLabel": "11:15",
                        "value": 0
                    },
                    {
                        "slot": 46,
                        "timeLabel": "11:30",
                        "value": 0
                    },
                    {
                        "slot": 47,
                        "timeLabel": "11:45",
                        "value": 56
                    },
                    {
                        "slot": 48,
                        "timeLabel": "12:00",
                        "value": 66
                    },
                    {
                        "slot": 49,
                        "timeLabel": "12:15",
                        "value": 45
                    },
                    {
                        "slot": 50,
                        "timeLabel": "12:30",
                        "value": 0
                    },
                    {
                        "slot": 51,
                        "timeLabel": "12:45",
                        "value": 0
                    },
                    {
                        "slot": 52,
                        "timeLabel": "13:00",
                        "value": 115
                    },
                    {
                        "slot": 53,
                        "timeLabel": "13:15",
                        "value": 191
                    },
                    {
                        "slot": 54,
                        "timeLabel": "13:30",
                        "value": 63
                    },
                    {
                        "slot": 55,
                        "timeLabel": "13:45",
                        "value": 0
                    },
                    {
                        "slot": 56,
                        "timeLabel": "14:00",
                        "value": 0
                    },
                    {
                        "slot": 57,
                        "timeLabel": "14:15",
                        "value": 0
                    },
                    {
                        "slot": 58,
                        "timeLabel": "14:30",
                        "value": 0
                    },
                    {
                        "slot": 59,
                        "timeLabel": "14:45",
                        "value": 0
                    },
                    {
                        "slot": 60,
                        "timeLabel": "15:00",
                        "value": 0
                    },
                    {
                        "slot": 61,
                        "timeLabel": "15:15",
                        "value": 16
                    },
                    {
                        "slot": 62,
                        "timeLabel": "15:30",
                        "value": 188
                    },
                    {
                        "slot": 63,
                        "timeLabel": "15:45",
                        "value": 81
                    },
                    {
                        "slot": 64,
                        "timeLabel": "16:00",
                        "value": 0
                    },
                    {
                        "slot": 65,
                        "timeLabel": "16:15",
                        "value": 0
                    },
                    {
                        "slot": 66,
                        "timeLabel": "16:30",
                        "value": 0
                    },
                    {
                        "slot": 67,
                        "timeLabel": "16:45",
                        "value": 0
                    },
                    {
                        "slot": 68,
                        "timeLabel": "17:00",
                        "value": 0
                    },
                    {
                        "slot": 69,
                        "timeLabel": "17:15",
                        "value": 0
                    },
                    {
                        "slot": 70,
                        "timeLabel": "17:30",
                        "value": 30
                    },
                    {
                        "slot": 71,
                        "timeLabel": "17:45",
                        "value": 58
                    },
                    {
                        "slot": 72,
                        "timeLabel": "18:00",
                        "value": 15
                    },
                    {
                        "slot": 73,
                        "timeLabel": "18:15",
                        "value": 0
                    },
                    {
                        "slot": 74,
                        "timeLabel": "18:30",
                        "value": 0
                    },
                    {
                        "slot": 75,
                        "timeLabel": "18:45",
                        "value": 0
                    },
                    {
                        "slot": 76,
                        "timeLabel": "19:00",
                        "value": 0
                    },
                    {
                        "slot": 77,
                        "timeLabel": "19:15",
                        "value": 0
                    },
                    {
                        "slot": 78,
                        "timeLabel": "19:30",
                        "value": 0
                    },
                    {
                        "slot": 79,
                        "timeLabel": "19:45",
                        "value": 0
                    },
                    {
                        "slot": 80,
                        "timeLabel": "20:00",
                        "value": 0
                    },
                    {
                        "slot": 81,
                        "timeLabel": "20:15",
                        "value": 0
                    },
                    {
                        "slot": 82,
                        "timeLabel": "20:30",
                        "value": 0
                    },
                    {
                        "slot": 83,
                        "timeLabel": "20:45",
                        "value": 0
                    },
                    {
                        "slot": 84,
                        "timeLabel": "21:00",
                        "value": 0
                    },
                    {
                        "slot": 85,
                        "timeLabel": "21:15",
                        "value": 0
                    },
                    {
                        "slot": 86,
                        "timeLabel": "21:30",
                        "value": 0
                    },
                    {
                        "slot": 87,
                        "timeLabel": "21:45",
                        "value": 0
                    },
                    {
                        "slot": 88,
                        "timeLabel": "22:00",
                        "value": 0
                    },
                    {
                        "slot": 89,
                        "timeLabel": "22:15",
                        "value": 0
                    },
                    {
                        "slot": 90,
                        "timeLabel": "22:30",
                        "value": 0
                    },
                    {
                        "slot": 91,
                        "timeLabel": "22:45",
                        "value": 0
                    },
                    {
                        "slot": 92,
                        "timeLabel": "23:00",
                        "value": 0
                    },
                    {
                        "slot": 93,
                        "timeLabel": "23:15",
                        "value": 0
                    },
                    {
                        "slot": 94,
                        "timeLabel": "23:30",
                        "value": 0
                    },
                    {
                        "slot": 95,
                        "timeLabel": "23:45",
                        "value": 0
                    }
                ],
                "totalFlow": 1490
            },
            "geometry": {
                "type": "Point",
                "coordinates": [
                    376272.736915525223594,
                    4824496.205352402292192
                ]
            }
        },
        {
            "type": "Feature",
            "properties": {
                "id": 22,
                "name": "exit_vehicle_7.5",
                "zoneType": "outflow",
                "modality": "vehicle",
                "flowProfile": [
                    {
                        "slot": 0,
                        "timeLabel": "00:00",
                        "value": 0
                    },
                    {
                        "slot": 1,
                        "timeLabel": "00:15",
                        "value": 0
                    },
                    {
                        "slot": 2,
                        "timeLabel": "00:30",
                        "value": 0
                    },
                    {
                        "slot": 3,
                        "timeLabel": "00:45",
                        "value": 0
                    },
                    {
                        "slot": 4,
                        "timeLabel": "01:00",
                        "value": 0
                    },
                    {
                        "slot": 5,
                        "timeLabel": "01:15",
                        "value": 0
                    },
                    {
                        "slot": 6,
                        "timeLabel": "01:30",
                        "value": 0
                    },
                    {
                        "slot": 7,
                        "timeLabel": "01:45",
                        "value": 0
                    },
                    {
                        "slot": 8,
                        "timeLabel": "02:00",
                        "value": 0
                    },
                    {
                        "slot": 9,
                        "timeLabel": "02:15",
                        "value": 0
                    },
                    {
                        "slot": 10,
                        "timeLabel": "02:30",
                        "value": 0
                    },
                    {
                        "slot": 11,
                        "timeLabel": "02:45",
                        "value": 0
                    },
                    {
                        "slot": 12,
                        "timeLabel": "03:00",
                        "value": 0
                    },
                    {
                        "slot": 13,
                        "timeLabel": "03:15",
                        "value": 0
                    },
                    {
                        "slot": 14,
                        "timeLabel": "03:30",
                        "value": 0
                    },
                    {
                        "slot": 15,
                        "timeLabel": "03:45",
                        "value": 0
                    },
                    {
                        "slot": 16,
                        "timeLabel": "04:00",
                        "value": 0
                    },
                    {
                        "slot": 17,
                        "timeLabel": "04:15",
                        "value": 0
                    },
                    {
                        "slot": 18,
                        "timeLabel": "04:30",
                        "value": 0
                    },
                    {
                        "slot": 19,
                        "timeLabel": "04:45",
                        "value": 0
                    },
                    {
                        "slot": 20,
                        "timeLabel": "05:00",
                        "value": 0
                    },
                    {
                        "slot": 21,
                        "timeLabel": "05:15",
                        "value": 0
                    },
                    {
                        "slot": 22,
                        "timeLabel": "05:30",
                        "value": 0
                    },
                    {
                        "slot": 23,
                        "timeLabel": "05:45",
                        "value": 0
                    },
                    {
                        "slot": 24,
                        "timeLabel": "06:00",
                        "value": 0
                    },
                    {
                        "slot": 25,
                        "timeLabel": "06:15",
                        "value": 0
                    },
                    {
                        "slot": 26,
                        "timeLabel": "06:30",
                        "value": 0
                    },
                    {
                        "slot": 27,
                        "timeLabel": "06:45",
                        "value": 0
                    },
                    {
                        "slot": 28,
                        "timeLabel": "07:00",
                        "value": 0
                    },
                    {
                        "slot": 29,
                        "timeLabel": "07:15",
                        "value": 0
                    },
                    {
                        "slot": 30,
                        "timeLabel": "07:30",
                        "value": 1
                    },
                    {
                        "slot": 31,
                        "timeLabel": "07:45",
                        "value": 1
                    },
                    {
                        "slot": 32,
                        "timeLabel": "08:00",
                        "value": 0
                    },
                    {
                        "slot": 33,
                        "timeLabel": "08:15",
                        "value": 0
                    },
                    {
                        "slot": 34,
                        "timeLabel": "08:30",
                        "value": 0
                    },
                    {
                        "slot": 35,
                        "timeLabel": "08:45",
                        "value": 0
                    },
                    {
                        "slot": 36,
                        "timeLabel": "09:00",
                        "value": 0
                    },
                    {
                        "slot": 37,
                        "timeLabel": "09:15",
                        "value": 0
                    },
                    {
                        "slot": 38,
                        "timeLabel": "09:30",
                        "value": 1
                    },
                    {
                        "slot": 39,
                        "timeLabel": "09:45",
                        "value": 13
                    },
                    {
                        "slot": 40,
                        "timeLabel": "10:00",
                        "value": 2
                    },
                    {
                        "slot": 41,
                        "timeLabel": "10:15",
                        "value": 0
                    },
                    {
                        "slot": 42,
                        "timeLabel": "10:30",
                        "value": 0
                    },
                    {
                        "slot": 43,
                        "timeLabel": "10:45",
                        "value": 0
                    },
                    {
                        "slot": 44,
                        "timeLabel": "11:00",
                        "value": 0
                    },
                    {
                        "slot": 45,
                        "timeLabel": "11:15",
                        "value": 0
                    },
                    {
                        "slot": 46,
                        "timeLabel": "11:30",
                        "value": 0
                    },
                    {
                        "slot": 47,
                        "timeLabel": "11:45",
                        "value": 3
                    },
                    {
                        "slot": 48,
                        "timeLabel": "12:00",
                        "value": 6
                    },
                    {
                        "slot": 49,
                        "timeLabel": "12:15",
                        "value": 2
                    },
                    {
                        "slot": 50,
                        "timeLabel": "12:30",
                        "value": 0
                    },
                    {
                        "slot": 51,
                        "timeLabel": "12:45",
                        "value": 0
                    },
                    {
                        "slot": 52,
                        "timeLabel": "13:00",
                        "value": 9
                    },
                    {
                        "slot": 53,
                        "timeLabel": "13:15",
                        "value": 11
                    },
                    {
                        "slot": 54,
                        "timeLabel": "13:30",
                        "value": 1
                    },
                    {
                        "slot": 55,
                        "timeLabel": "13:45",
                        "value": 0
                    },
                    {
                        "slot": 56,
                        "timeLabel": "14:00",
                        "value": 0
                    },
                    {
                        "slot": 57,
                        "timeLabel": "14:15",
                        "value": 0
                    },
                    {
                        "slot": 58,
                        "timeLabel": "14:30",
                        "value": 0
                    },
                    {
                        "slot": 59,
                        "timeLabel": "14:45",
                        "value": 0
                    },
                    {
                        "slot": 60,
                        "timeLabel": "15:00",
                        "value": 0
                    },
                    {
                        "slot": 61,
                        "timeLabel": "15:15",
                        "value": 3
                    },
                    {
                        "slot": 62,
                        "timeLabel": "15:30",
                        "value": 17
                    },
                    {
                        "slot": 63,
                        "timeLabel": "15:45",
                        "value": 6
                    },
                    {
                        "slot": 64,
                        "timeLabel": "16:00",
                        "value": 0
                    },
                    {
                        "slot": 65,
                        "timeLabel": "16:15",
                        "value": 0
                    },
                    {
                        "slot": 66,
                        "timeLabel": "16:30",
                        "value": 0
                    },
                    {
                        "slot": 67,
                        "timeLabel": "16:45",
                        "value": 0
                    },
                    {
                        "slot": 68,
                        "timeLabel": "17:00",
                        "value": 0
                    },
                    {
                        "slot": 69,
                        "timeLabel": "17:15",
                        "value": 0
                    },
                    {
                        "slot": 70,
                        "timeLabel": "17:30",
                        "value": 4
                    },
                    {
                        "slot": 71,
                        "timeLabel": "17:45",
                        "value": 6
                    },
                    {
                        "slot": 72,
                        "timeLabel": "18:00",
                        "value": 1
                    },
                    {
                        "slot": 73,
                        "timeLabel": "18:15",
                        "value": 0
                    },
                    {
                        "slot": 74,
                        "timeLabel": "18:30",
                        "value": 0
                    },
                    {
                        "slot": 75,
                        "timeLabel": "18:45",
                        "value": 0
                    },
                    {
                        "slot": 76,
                        "timeLabel": "19:00",
                        "value": 0
                    },
                    {
                        "slot": 77,
                        "timeLabel": "19:15",
                        "value": 0
                    },
                    {
                        "slot": 78,
                        "timeLabel": "19:30",
                        "value": 0
                    },
                    {
                        "slot": 79,
                        "timeLabel": "19:45",
                        "value": 0
                    },
                    {
                        "slot": 80,
                        "timeLabel": "20:00",
                        "value": 0
                    },
                    {
                        "slot": 81,
                        "timeLabel": "20:15",
                        "value": 0
                    },
                    {
                        "slot": 82,
                        "timeLabel": "20:30",
                        "value": 0
                    },
                    {
                        "slot": 83,
                        "timeLabel": "20:45",
                        "value": 0
                    },
                    {
                        "slot": 84,
                        "timeLabel": "21:00",
                        "value": 0
                    },
                    {
                        "slot": 85,
                        "timeLabel": "21:15",
                        "value": 0
                    },
                    {
                        "slot": 86,
                        "timeLabel": "21:30",
                        "value": 0
                    },
                    {
                        "slot": 87,
                        "timeLabel": "21:45",
                        "value": 0
                    },
                    {
                        "slot": 88,
                        "timeLabel": "22:00",
                        "value": 0
                    },
                    {
                        "slot": 89,
                        "timeLabel": "22:15",
                        "value": 0
                    },
                    {
                        "slot": 90,
                        "timeLabel": "22:30",
                        "value": 0
                    },
                    {
                        "slot": 91,
                        "timeLabel": "22:45",
                        "value": 0
                    },
                    {
                        "slot": 92,
                        "timeLabel": "23:00",
                        "value": 0
                    },
                    {
                        "slot": 93,
                        "timeLabel": "23:15",
                        "value": 0
                    },
                    {
                        "slot": 94,
                        "timeLabel": "23:30",
                        "value": 0
                    },
                    {
                        "slot": 95,
                        "timeLabel": "23:45",
                        "value": 0
                    }
                ],
                "totalFlow": 87
            },
            "geometry": {
                "type": "Point",
                "coordinates": [
                    376272.736915525223594,
                    4824496.205352402292192
                ]
            }
        },
        {
            "type": "Feature",
            "properties": {
                "id": 23,
                "name": "entrance_bike_7.6",
                "zoneType": "inflow",
                "modality": "bike",
                "flowProfile": [
                    {
                        "slot": 0,
                        "timeLabel": "00:00",
                        "value": 0
                    },
                    {
                        "slot": 1,
                        "timeLabel": "00:15",
                        "value": 0
                    },
                    {
                        "slot": 2,
                        "timeLabel": "00:30",
                        "value": 0
                    },
                    {
                        "slot": 3,
                        "timeLabel": "00:45",
                        "value": 0
                    },
                    {
                        "slot": 4,
                        "timeLabel": "01:00",
                        "value": 0
                    },
                    {
                        "slot": 5,
                        "timeLabel": "01:15",
                        "value": 0
                    },
                    {
                        "slot": 6,
                        "timeLabel": "01:30",
                        "value": 0
                    },
                    {
                        "slot": 7,
                        "timeLabel": "01:45",
                        "value": 0
                    },
                    {
                        "slot": 8,
                        "timeLabel": "02:00",
                        "value": 0
                    },
                    {
                        "slot": 9,
                        "timeLabel": "02:15",
                        "value": 0
                    },
                    {
                        "slot": 10,
                        "timeLabel": "02:30",
                        "value": 0
                    },
                    {
                        "slot": 11,
                        "timeLabel": "02:45",
                        "value": 0
                    },
                    {
                        "slot": 12,
                        "timeLabel": "03:00",
                        "value": 0
                    },
                    {
                        "slot": 13,
                        "timeLabel": "03:15",
                        "value": 0
                    },
                    {
                        "slot": 14,
                        "timeLabel": "03:30",
                        "value": 0
                    },
                    {
                        "slot": 15,
                        "timeLabel": "03:45",
                        "value": 0
                    },
                    {
                        "slot": 16,
                        "timeLabel": "04:00",
                        "value": 0
                    },
                    {
                        "slot": 17,
                        "timeLabel": "04:15",
                        "value": 0
                    },
                    {
                        "slot": 18,
                        "timeLabel": "04:30",
                        "value": 0
                    },
                    {
                        "slot": 19,
                        "timeLabel": "04:45",
                        "value": 0
                    },
                    {
                        "slot": 20,
                        "timeLabel": "05:00",
                        "value": 0
                    },
                    {
                        "slot": 21,
                        "timeLabel": "05:15",
                        "value": 0
                    },
                    {
                        "slot": 22,
                        "timeLabel": "05:30",
                        "value": 0
                    },
                    {
                        "slot": 23,
                        "timeLabel": "05:45",
                        "value": 0
                    },
                    {
                        "slot": 24,
                        "timeLabel": "06:00",
                        "value": 0
                    },
                    {
                        "slot": 25,
                        "timeLabel": "06:15",
                        "value": 0
                    },
                    {
                        "slot": 26,
                        "timeLabel": "06:30",
                        "value": 0
                    },
                    {
                        "slot": 27,
                        "timeLabel": "06:45",
                        "value": 0
                    },
                    {
                        "slot": 28,
                        "timeLabel": "07:00",
                        "value": 0
                    },
                    {
                        "slot": 29,
                        "timeLabel": "07:15",
                        "value": 0
                    },
                    {
                        "slot": 30,
                        "timeLabel": "07:30",
                        "value": 5
                    },
                    {
                        "slot": 31,
                        "timeLabel": "07:45",
                        "value": 11
                    },
                    {
                        "slot": 32,
                        "timeLabel": "08:00",
                        "value": 1
                    },
                    {
                        "slot": 33,
                        "timeLabel": "08:15",
                        "value": 2
                    },
                    {
                        "slot": 34,
                        "timeLabel": "08:30",
                        "value": 0
                    },
                    {
                        "slot": 35,
                        "timeLabel": "08:45",
                        "value": 0
                    },
                    {
                        "slot": 36,
                        "timeLabel": "09:00",
                        "value": 0
                    },
                    {
                        "slot": 37,
                        "timeLabel": "09:15",
                        "value": 0
                    },
                    {
                        "slot": 38,
                        "timeLabel": "09:30",
                        "value": 5
                    },
                    {
                        "slot": 39,
                        "timeLabel": "09:45",
                        "value": 8
                    },
                    {
                        "slot": 40,
                        "timeLabel": "10:00",
                        "value": 4
                    },
                    {
                        "slot": 41,
                        "timeLabel": "10:15",
                        "value": 0
                    },
                    {
                        "slot": 42,
                        "timeLabel": "10:30",
                        "value": 0
                    },
                    {
                        "slot": 43,
                        "timeLabel": "10:45",
                        "value": 0
                    },
                    {
                        "slot": 44,
                        "timeLabel": "11:00",
                        "value": 0
                    },
                    {
                        "slot": 45,
                        "timeLabel": "11:15",
                        "value": 0
                    },
                    {
                        "slot": 46,
                        "timeLabel": "11:30",
                        "value": 0
                    },
                    {
                        "slot": 47,
                        "timeLabel": "11:45",
                        "value": 0
                    },
                    {
                        "slot": 48,
                        "timeLabel": "12:00",
                        "value": 0
                    },
                    {
                        "slot": 49,
                        "timeLabel": "12:15",
                        "value": 0
                    },
                    {
                        "slot": 50,
                        "timeLabel": "12:30",
                        "value": 0
                    },
                    {
                        "slot": 51,
                        "timeLabel": "12:45",
                        "value": 0
                    },
                    {
                        "slot": 52,
                        "timeLabel": "13:00",
                        "value": 4
                    },
                    {
                        "slot": 53,
                        "timeLabel": "13:15",
                        "value": 6
                    },
                    {
                        "slot": 54,
                        "timeLabel": "13:30",
                        "value": 2
                    },
                    {
                        "slot": 55,
                        "timeLabel": "13:45",
                        "value": 0
                    },
                    {
                        "slot": 56,
                        "timeLabel": "14:00",
                        "value": 0
                    },
                    {
                        "slot": 57,
                        "timeLabel": "14:15",
                        "value": 0
                    },
                    {
                        "slot": 58,
                        "timeLabel": "14:30",
                        "value": 0
                    },
                    {
                        "slot": 59,
                        "timeLabel": "14:45",
                        "value": 0
                    },
                    {
                        "slot": 60,
                        "timeLabel": "15:00",
                        "value": 0
                    },
                    {
                        "slot": 61,
                        "timeLabel": "15:15",
                        "value": 0
                    },
                    {
                        "slot": 62,
                        "timeLabel": "15:30",
                        "value": 2
                    },
                    {
                        "slot": 63,
                        "timeLabel": "15:45",
                        "value": 1
                    },
                    {
                        "slot": 64,
                        "timeLabel": "16:00",
                        "value": 0
                    },
                    {
                        "slot": 65,
                        "timeLabel": "16:15",
                        "value": 0
                    },
                    {
                        "slot": 66,
                        "timeLabel": "16:30",
                        "value": 0
                    },
                    {
                        "slot": 67,
                        "timeLabel": "16:45",
                        "value": 0
                    },
                    {
                        "slot": 68,
                        "timeLabel": "17:00",
                        "value": 0
                    },
                    {
                        "slot": 69,
                        "timeLabel": "17:15",
                        "value": 0
                    },
                    {
                        "slot": 70,
                        "timeLabel": "17:30",
                        "value": 4
                    },
                    {
                        "slot": 71,
                        "timeLabel": "17:45",
                        "value": 8
                    },
                    {
                        "slot": 72,
                        "timeLabel": "18:00",
                        "value": 3
                    },
                    {
                        "slot": 73,
                        "timeLabel": "18:15",
                        "value": 0
                    },
                    {
                        "slot": 74,
                        "timeLabel": "18:30",
                        "value": 0
                    },
                    {
                        "slot": 75,
                        "timeLabel": "18:45",
                        "value": 0
                    },
                    {
                        "slot": 76,
                        "timeLabel": "19:00",
                        "value": 0
                    },
                    {
                        "slot": 77,
                        "timeLabel": "19:15",
                        "value": 0
                    },
                    {
                        "slot": 78,
                        "timeLabel": "19:30",
                        "value": 0
                    },
                    {
                        "slot": 79,
                        "timeLabel": "19:45",
                        "value": 0
                    },
                    {
                        "slot": 80,
                        "timeLabel": "20:00",
                        "value": 0
                    },
                    {
                        "slot": 81,
                        "timeLabel": "20:15",
                        "value": 0
                    },
                    {
                        "slot": 82,
                        "timeLabel": "20:30",
                        "value": 0
                    },
                    {
                        "slot": 83,
                        "timeLabel": "20:45",
                        "value": 0
                    },
                    {
                        "slot": 84,
                        "timeLabel": "21:00",
                        "value": 0
                    },
                    {
                        "slot": 85,
                        "timeLabel": "21:15",
                        "value": 0
                    },
                    {
                        "slot": 86,
                        "timeLabel": "21:30",
                        "value": 0
                    },
                    {
                        "slot": 87,
                        "timeLabel": "21:45",
                        "value": 0
                    },
                    {
                        "slot": 88,
                        "timeLabel": "22:00",
                        "value": 0
                    },
                    {
                        "slot": 89,
                        "timeLabel": "22:15",
                        "value": 0
                    },
                    {
                        "slot": 90,
                        "timeLabel": "22:30",
                        "value": 0
                    },
                    {
                        "slot": 91,
                        "timeLabel": "22:45",
                        "value": 0
                    },
                    {
                        "slot": 92,
                        "timeLabel": "23:00",
                        "value": 0
                    },
                    {
                        "slot": 93,
                        "timeLabel": "23:15",
                        "value": 0
                    },
                    {
                        "slot": 94,
                        "timeLabel": "23:30",
                        "value": 0
                    },
                    {
                        "slot": 95,
                        "timeLabel": "23:45",
                        "value": 0
                    }
                ],
                "totalFlow": 66
            },
            "geometry": {
                "type": "Point",
                "coordinates": [
                    376249.797507302602753,
                    4824600.31698022224009
                ]
            }
        },
        {
            "type": "Feature",
            "properties": {
                "id": 24,
                "name": "entrance_foot_7.6",
                "zoneType": "inflow",
                "modality": "pedestrian",
                "flowProfile": [
                    {
                        "slot": 0,
                        "timeLabel": "00:00",
                        "value": 0
                    },
                    {
                        "slot": 1,
                        "timeLabel": "00:15",
                        "value": 0
                    },
                    {
                        "slot": 2,
                        "timeLabel": "00:30",
                        "value": 0
                    },
                    {
                        "slot": 3,
                        "timeLabel": "00:45",
                        "value": 0
                    },
                    {
                        "slot": 4,
                        "timeLabel": "01:00",
                        "value": 0
                    },
                    {
                        "slot": 5,
                        "timeLabel": "01:15",
                        "value": 0
                    },
                    {
                        "slot": 6,
                        "timeLabel": "01:30",
                        "value": 0
                    },
                    {
                        "slot": 7,
                        "timeLabel": "01:45",
                        "value": 0
                    },
                    {
                        "slot": 8,
                        "timeLabel": "02:00",
                        "value": 0
                    },
                    {
                        "slot": 9,
                        "timeLabel": "02:15",
                        "value": 0
                    },
                    {
                        "slot": 10,
                        "timeLabel": "02:30",
                        "value": 0
                    },
                    {
                        "slot": 11,
                        "timeLabel": "02:45",
                        "value": 0
                    },
                    {
                        "slot": 12,
                        "timeLabel": "03:00",
                        "value": 0
                    },
                    {
                        "slot": 13,
                        "timeLabel": "03:15",
                        "value": 0
                    },
                    {
                        "slot": 14,
                        "timeLabel": "03:30",
                        "value": 0
                    },
                    {
                        "slot": 15,
                        "timeLabel": "03:45",
                        "value": 0
                    },
                    {
                        "slot": 16,
                        "timeLabel": "04:00",
                        "value": 0
                    },
                    {
                        "slot": 17,
                        "timeLabel": "04:15",
                        "value": 0
                    },
                    {
                        "slot": 18,
                        "timeLabel": "04:30",
                        "value": 0
                    },
                    {
                        "slot": 19,
                        "timeLabel": "04:45",
                        "value": 0
                    },
                    {
                        "slot": 20,
                        "timeLabel": "05:00",
                        "value": 0
                    },
                    {
                        "slot": 21,
                        "timeLabel": "05:15",
                        "value": 0
                    },
                    {
                        "slot": 22,
                        "timeLabel": "05:30",
                        "value": 0
                    },
                    {
                        "slot": 23,
                        "timeLabel": "05:45",
                        "value": 0
                    },
                    {
                        "slot": 24,
                        "timeLabel": "06:00",
                        "value": 0
                    },
                    {
                        "slot": 25,
                        "timeLabel": "06:15",
                        "value": 0
                    },
                    {
                        "slot": 26,
                        "timeLabel": "06:30",
                        "value": 0
                    },
                    {
                        "slot": 27,
                        "timeLabel": "06:45",
                        "value": 0
                    },
                    {
                        "slot": 28,
                        "timeLabel": "07:00",
                        "value": 0
                    },
                    {
                        "slot": 29,
                        "timeLabel": "07:15",
                        "value": 0
                    },
                    {
                        "slot": 30,
                        "timeLabel": "07:30",
                        "value": 108
                    },
                    {
                        "slot": 31,
                        "timeLabel": "07:45",
                        "value": 48
                    },
                    {
                        "slot": 32,
                        "timeLabel": "08:00",
                        "value": 13
                    },
                    {
                        "slot": 33,
                        "timeLabel": "08:15",
                        "value": 5
                    },
                    {
                        "slot": 34,
                        "timeLabel": "08:30",
                        "value": 0
                    },
                    {
                        "slot": 35,
                        "timeLabel": "08:45",
                        "value": 0
                    },
                    {
                        "slot": 36,
                        "timeLabel": "09:00",
                        "value": 0
                    },
                    {
                        "slot": 37,
                        "timeLabel": "09:15",
                        "value": 0
                    },
                    {
                        "slot": 38,
                        "timeLabel": "09:30",
                        "value": 17
                    },
                    {
                        "slot": 39,
                        "timeLabel": "09:45",
                        "value": 69
                    },
                    {
                        "slot": 40,
                        "timeLabel": "10:00",
                        "value": 21
                    },
                    {
                        "slot": 41,
                        "timeLabel": "10:15",
                        "value": 0
                    },
                    {
                        "slot": 42,
                        "timeLabel": "10:30",
                        "value": 0
                    },
                    {
                        "slot": 43,
                        "timeLabel": "10:45",
                        "value": 0
                    },
                    {
                        "slot": 44,
                        "timeLabel": "11:00",
                        "value": 0
                    },
                    {
                        "slot": 45,
                        "timeLabel": "11:15",
                        "value": 0
                    },
                    {
                        "slot": 46,
                        "timeLabel": "11:30",
                        "value": 0
                    },
                    {
                        "slot": 47,
                        "timeLabel": "11:45",
                        "value": 0
                    },
                    {
                        "slot": 48,
                        "timeLabel": "12:00",
                        "value": 4
                    },
                    {
                        "slot": 49,
                        "timeLabel": "12:15",
                        "value": 0
                    },
                    {
                        "slot": 50,
                        "timeLabel": "12:30",
                        "value": 0
                    },
                    {
                        "slot": 51,
                        "timeLabel": "12:45",
                        "value": 0
                    },
                    {
                        "slot": 52,
                        "timeLabel": "13:00",
                        "value": 27
                    },
                    {
                        "slot": 53,
                        "timeLabel": "13:15",
                        "value": 62
                    },
                    {
                        "slot": 54,
                        "timeLabel": "13:30",
                        "value": 7
                    },
                    {
                        "slot": 55,
                        "timeLabel": "13:45",
                        "value": 0
                    },
                    {
                        "slot": 56,
                        "timeLabel": "14:00",
                        "value": 0
                    },
                    {
                        "slot": 57,
                        "timeLabel": "14:15",
                        "value": 0
                    },
                    {
                        "slot": 58,
                        "timeLabel": "14:30",
                        "value": 0
                    },
                    {
                        "slot": 59,
                        "timeLabel": "14:45",
                        "value": 0
                    },
                    {
                        "slot": 60,
                        "timeLabel": "15:00",
                        "value": 0
                    },
                    {
                        "slot": 61,
                        "timeLabel": "15:15",
                        "value": 2
                    },
                    {
                        "slot": 62,
                        "timeLabel": "15:30",
                        "value": 19
                    },
                    {
                        "slot": 63,
                        "timeLabel": "15:45",
                        "value": 15
                    },
                    {
                        "slot": 64,
                        "timeLabel": "16:00",
                        "value": 0
                    },
                    {
                        "slot": 65,
                        "timeLabel": "16:15",
                        "value": 0
                    },
                    {
                        "slot": 66,
                        "timeLabel": "16:30",
                        "value": 0
                    },
                    {
                        "slot": 67,
                        "timeLabel": "16:45",
                        "value": 0
                    },
                    {
                        "slot": 68,
                        "timeLabel": "17:00",
                        "value": 0
                    },
                    {
                        "slot": 69,
                        "timeLabel": "17:15",
                        "value": 0
                    },
                    {
                        "slot": 70,
                        "timeLabel": "17:30",
                        "value": 7
                    },
                    {
                        "slot": 71,
                        "timeLabel": "17:45",
                        "value": 20
                    },
                    {
                        "slot": 72,
                        "timeLabel": "18:00",
                        "value": 7
                    },
                    {
                        "slot": 73,
                        "timeLabel": "18:15",
                        "value": 0
                    },
                    {
                        "slot": 74,
                        "timeLabel": "18:30",
                        "value": 0
                    },
                    {
                        "slot": 75,
                        "timeLabel": "18:45",
                        "value": 0
                    },
                    {
                        "slot": 76,
                        "timeLabel": "19:00",
                        "value": 0
                    },
                    {
                        "slot": 77,
                        "timeLabel": "19:15",
                        "value": 0
                    },
                    {
                        "slot": 78,
                        "timeLabel": "19:30",
                        "value": 0
                    },
                    {
                        "slot": 79,
                        "timeLabel": "19:45",
                        "value": 0
                    },
                    {
                        "slot": 80,
                        "timeLabel": "20:00",
                        "value": 0
                    },
                    {
                        "slot": 81,
                        "timeLabel": "20:15",
                        "value": 0
                    },
                    {
                        "slot": 82,
                        "timeLabel": "20:30",
                        "value": 0
                    },
                    {
                        "slot": 83,
                        "timeLabel": "20:45",
                        "value": 0
                    },
                    {
                        "slot": 84,
                        "timeLabel": "21:00",
                        "value": 0
                    },
                    {
                        "slot": 85,
                        "timeLabel": "21:15",
                        "value": 0
                    },
                    {
                        "slot": 86,
                        "timeLabel": "21:30",
                        "value": 0
                    },
                    {
                        "slot": 87,
                        "timeLabel": "21:45",
                        "value": 0
                    },
                    {
                        "slot": 88,
                        "timeLabel": "22:00",
                        "value": 0
                    },
                    {
                        "slot": 89,
                        "timeLabel": "22:15",
                        "value": 0
                    },
                    {
                        "slot": 90,
                        "timeLabel": "22:30",
                        "value": 0
                    },
                    {
                        "slot": 91,
                        "timeLabel": "22:45",
                        "value": 0
                    },
                    {
                        "slot": 92,
                        "timeLabel": "23:00",
                        "value": 0
                    },
                    {
                        "slot": 93,
                        "timeLabel": "23:15",
                        "value": 0
                    },
                    {
                        "slot": 94,
                        "timeLabel": "23:30",
                        "value": 0
                    },
                    {
                        "slot": 95,
                        "timeLabel": "23:45",
                        "value": 0
                    }
                ],
                "totalFlow": 451
            },
            "geometry": {
                "type": "Point",
                "coordinates": [
                    376249.797507302602753,
                    4824600.31698022224009
                ]
            }
        },
        {
            "type": "Feature",
            "properties": {
                "id": 25,
                "name": "entrance_vehicle_7.6",
                "zoneType": "inflow",
                "modality": "vehicle",
                "flowProfile": [
                    {
                        "slot": 0,
                        "timeLabel": "00:00",
                        "value": 0
                    },
                    {
                        "slot": 1,
                        "timeLabel": "00:15",
                        "value": 0
                    },
                    {
                        "slot": 2,
                        "timeLabel": "00:30",
                        "value": 0
                    },
                    {
                        "slot": 3,
                        "timeLabel": "00:45",
                        "value": 0
                    },
                    {
                        "slot": 4,
                        "timeLabel": "01:00",
                        "value": 0
                    },
                    {
                        "slot": 5,
                        "timeLabel": "01:15",
                        "value": 0
                    },
                    {
                        "slot": 6,
                        "timeLabel": "01:30",
                        "value": 0
                    },
                    {
                        "slot": 7,
                        "timeLabel": "01:45",
                        "value": 0
                    },
                    {
                        "slot": 8,
                        "timeLabel": "02:00",
                        "value": 0
                    },
                    {
                        "slot": 9,
                        "timeLabel": "02:15",
                        "value": 0
                    },
                    {
                        "slot": 10,
                        "timeLabel": "02:30",
                        "value": 0
                    },
                    {
                        "slot": 11,
                        "timeLabel": "02:45",
                        "value": 0
                    },
                    {
                        "slot": 12,
                        "timeLabel": "03:00",
                        "value": 0
                    },
                    {
                        "slot": 13,
                        "timeLabel": "03:15",
                        "value": 0
                    },
                    {
                        "slot": 14,
                        "timeLabel": "03:30",
                        "value": 0
                    },
                    {
                        "slot": 15,
                        "timeLabel": "03:45",
                        "value": 0
                    },
                    {
                        "slot": 16,
                        "timeLabel": "04:00",
                        "value": 0
                    },
                    {
                        "slot": 17,
                        "timeLabel": "04:15",
                        "value": 0
                    },
                    {
                        "slot": 18,
                        "timeLabel": "04:30",
                        "value": 0
                    },
                    {
                        "slot": 19,
                        "timeLabel": "04:45",
                        "value": 0
                    },
                    {
                        "slot": 20,
                        "timeLabel": "05:00",
                        "value": 0
                    },
                    {
                        "slot": 21,
                        "timeLabel": "05:15",
                        "value": 0
                    },
                    {
                        "slot": 22,
                        "timeLabel": "05:30",
                        "value": 0
                    },
                    {
                        "slot": 23,
                        "timeLabel": "05:45",
                        "value": 0
                    },
                    {
                        "slot": 24,
                        "timeLabel": "06:00",
                        "value": 0
                    },
                    {
                        "slot": 25,
                        "timeLabel": "06:15",
                        "value": 0
                    },
                    {
                        "slot": 26,
                        "timeLabel": "06:30",
                        "value": 0
                    },
                    {
                        "slot": 27,
                        "timeLabel": "06:45",
                        "value": 0
                    },
                    {
                        "slot": 28,
                        "timeLabel": "07:00",
                        "value": 0
                    },
                    {
                        "slot": 29,
                        "timeLabel": "07:15",
                        "value": 0
                    },
                    {
                        "slot": 30,
                        "timeLabel": "07:30",
                        "value": 4
                    },
                    {
                        "slot": 31,
                        "timeLabel": "07:45",
                        "value": 9
                    },
                    {
                        "slot": 32,
                        "timeLabel": "08:00",
                        "value": 9
                    },
                    {
                        "slot": 33,
                        "timeLabel": "08:15",
                        "value": 12
                    },
                    {
                        "slot": 34,
                        "timeLabel": "08:30",
                        "value": 0
                    },
                    {
                        "slot": 35,
                        "timeLabel": "08:45",
                        "value": 0
                    },
                    {
                        "slot": 36,
                        "timeLabel": "09:00",
                        "value": 0
                    },
                    {
                        "slot": 37,
                        "timeLabel": "09:15",
                        "value": 0
                    },
                    {
                        "slot": 38,
                        "timeLabel": "09:30",
                        "value": 1
                    },
                    {
                        "slot": 39,
                        "timeLabel": "09:45",
                        "value": 4
                    },
                    {
                        "slot": 40,
                        "timeLabel": "10:00",
                        "value": 1
                    },
                    {
                        "slot": 41,
                        "timeLabel": "10:15",
                        "value": 0
                    },
                    {
                        "slot": 42,
                        "timeLabel": "10:30",
                        "value": 0
                    },
                    {
                        "slot": 43,
                        "timeLabel": "10:45",
                        "value": 0
                    },
                    {
                        "slot": 44,
                        "timeLabel": "11:00",
                        "value": 0
                    },
                    {
                        "slot": 45,
                        "timeLabel": "11:15",
                        "value": 0
                    },
                    {
                        "slot": 46,
                        "timeLabel": "11:30",
                        "value": 0
                    },
                    {
                        "slot": 47,
                        "timeLabel": "11:45",
                        "value": 0
                    },
                    {
                        "slot": 48,
                        "timeLabel": "12:00",
                        "value": 0
                    },
                    {
                        "slot": 49,
                        "timeLabel": "12:15",
                        "value": 0
                    },
                    {
                        "slot": 50,
                        "timeLabel": "12:30",
                        "value": 0
                    },
                    {
                        "slot": 51,
                        "timeLabel": "12:45",
                        "value": 0
                    },
                    {
                        "slot": 52,
                        "timeLabel": "13:00",
                        "value": 2
                    },
                    {
                        "slot": 53,
                        "timeLabel": "13:15",
                        "value": 8
                    },
                    {
                        "slot": 54,
                        "timeLabel": "13:30",
                        "value": 2
                    },
                    {
                        "slot": 55,
                        "timeLabel": "13:45",
                        "value": 0
                    },
                    {
                        "slot": 56,
                        "timeLabel": "14:00",
                        "value": 0
                    },
                    {
                        "slot": 57,
                        "timeLabel": "14:15",
                        "value": 0
                    },
                    {
                        "slot": 58,
                        "timeLabel": "14:30",
                        "value": 0
                    },
                    {
                        "slot": 59,
                        "timeLabel": "14:45",
                        "value": 0
                    },
                    {
                        "slot": 60,
                        "timeLabel": "15:00",
                        "value": 0
                    },
                    {
                        "slot": 61,
                        "timeLabel": "15:15",
                        "value": 0
                    },
                    {
                        "slot": 62,
                        "timeLabel": "15:30",
                        "value": 2
                    },
                    {
                        "slot": 63,
                        "timeLabel": "15:45",
                        "value": 3
                    },
                    {
                        "slot": 64,
                        "timeLabel": "16:00",
                        "value": 0
                    },
                    {
                        "slot": 65,
                        "timeLabel": "16:15",
                        "value": 0
                    },
                    {
                        "slot": 66,
                        "timeLabel": "16:30",
                        "value": 0
                    },
                    {
                        "slot": 67,
                        "timeLabel": "16:45",
                        "value": 0
                    },
                    {
                        "slot": 68,
                        "timeLabel": "17:00",
                        "value": 0
                    },
                    {
                        "slot": 69,
                        "timeLabel": "17:15",
                        "value": 0
                    },
                    {
                        "slot": 70,
                        "timeLabel": "17:30",
                        "value": 3
                    },
                    {
                        "slot": 71,
                        "timeLabel": "17:45",
                        "value": 12
                    },
                    {
                        "slot": 72,
                        "timeLabel": "18:00",
                        "value": 7
                    },
                    {
                        "slot": 73,
                        "timeLabel": "18:15",
                        "value": 0
                    },
                    {
                        "slot": 74,
                        "timeLabel": "18:30",
                        "value": 0
                    },
                    {
                        "slot": 75,
                        "timeLabel": "18:45",
                        "value": 0
                    },
                    {
                        "slot": 76,
                        "timeLabel": "19:00",
                        "value": 0
                    },
                    {
                        "slot": 77,
                        "timeLabel": "19:15",
                        "value": 0
                    },
                    {
                        "slot": 78,
                        "timeLabel": "19:30",
                        "value": 0
                    },
                    {
                        "slot": 79,
                        "timeLabel": "19:45",
                        "value": 0
                    },
                    {
                        "slot": 80,
                        "timeLabel": "20:00",
                        "value": 0
                    },
                    {
                        "slot": 81,
                        "timeLabel": "20:15",
                        "value": 0
                    },
                    {
                        "slot": 82,
                        "timeLabel": "20:30",
                        "value": 0
                    },
                    {
                        "slot": 83,
                        "timeLabel": "20:45",
                        "value": 0
                    },
                    {
                        "slot": 84,
                        "timeLabel": "21:00",
                        "value": 0
                    },
                    {
                        "slot": 85,
                        "timeLabel": "21:15",
                        "value": 0
                    },
                    {
                        "slot": 86,
                        "timeLabel": "21:30",
                        "value": 0
                    },
                    {
                        "slot": 87,
                        "timeLabel": "21:45",
                        "value": 0
                    },
                    {
                        "slot": 88,
                        "timeLabel": "22:00",
                        "value": 0
                    },
                    {
                        "slot": 89,
                        "timeLabel": "22:15",
                        "value": 0
                    },
                    {
                        "slot": 90,
                        "timeLabel": "22:30",
                        "value": 0
                    },
                    {
                        "slot": 91,
                        "timeLabel": "22:45",
                        "value": 0
                    },
                    {
                        "slot": 92,
                        "timeLabel": "23:00",
                        "value": 0
                    },
                    {
                        "slot": 93,
                        "timeLabel": "23:15",
                        "value": 0
                    },
                    {
                        "slot": 94,
                        "timeLabel": "23:30",
                        "value": 0
                    },
                    {
                        "slot": 95,
                        "timeLabel": "23:45",
                        "value": 0
                    }
                ],
                "totalFlow": 79
            },
            "geometry": {
                "type": "Point",
                "coordinates": [
                    376249.797507302602753,
                    4824600.31698022224009
                ]
            }
        },
        {
            "type": "Feature",
            "properties": {
                "id": 26,
                "name": "exit_bike_7.6",
                "zoneType": "outflow",
                "modality": "bike",
                "flowProfile": [
                    {
                        "slot": 0,
                        "timeLabel": "00:00",
                        "value": 0
                    },
                    {
                        "slot": 1,
                        "timeLabel": "00:15",
                        "value": 0
                    },
                    {
                        "slot": 2,
                        "timeLabel": "00:30",
                        "value": 0
                    },
                    {
                        "slot": 3,
                        "timeLabel": "00:45",
                        "value": 0
                    },
                    {
                        "slot": 4,
                        "timeLabel": "01:00",
                        "value": 0
                    },
                    {
                        "slot": 5,
                        "timeLabel": "01:15",
                        "value": 0
                    },
                    {
                        "slot": 6,
                        "timeLabel": "01:30",
                        "value": 0
                    },
                    {
                        "slot": 7,
                        "timeLabel": "01:45",
                        "value": 0
                    },
                    {
                        "slot": 8,
                        "timeLabel": "02:00",
                        "value": 0
                    },
                    {
                        "slot": 9,
                        "timeLabel": "02:15",
                        "value": 0
                    },
                    {
                        "slot": 10,
                        "timeLabel": "02:30",
                        "value": 0
                    },
                    {
                        "slot": 11,
                        "timeLabel": "02:45",
                        "value": 0
                    },
                    {
                        "slot": 12,
                        "timeLabel": "03:00",
                        "value": 0
                    },
                    {
                        "slot": 13,
                        "timeLabel": "03:15",
                        "value": 0
                    },
                    {
                        "slot": 14,
                        "timeLabel": "03:30",
                        "value": 0
                    },
                    {
                        "slot": 15,
                        "timeLabel": "03:45",
                        "value": 0
                    },
                    {
                        "slot": 16,
                        "timeLabel": "04:00",
                        "value": 0
                    },
                    {
                        "slot": 17,
                        "timeLabel": "04:15",
                        "value": 0
                    },
                    {
                        "slot": 18,
                        "timeLabel": "04:30",
                        "value": 0
                    },
                    {
                        "slot": 19,
                        "timeLabel": "04:45",
                        "value": 0
                    },
                    {
                        "slot": 20,
                        "timeLabel": "05:00",
                        "value": 0
                    },
                    {
                        "slot": 21,
                        "timeLabel": "05:15",
                        "value": 0
                    },
                    {
                        "slot": 22,
                        "timeLabel": "05:30",
                        "value": 0
                    },
                    {
                        "slot": 23,
                        "timeLabel": "05:45",
                        "value": 0
                    },
                    {
                        "slot": 24,
                        "timeLabel": "06:00",
                        "value": 0
                    },
                    {
                        "slot": 25,
                        "timeLabel": "06:15",
                        "value": 0
                    },
                    {
                        "slot": 26,
                        "timeLabel": "06:30",
                        "value": 0
                    },
                    {
                        "slot": 27,
                        "timeLabel": "06:45",
                        "value": 0
                    },
                    {
                        "slot": 28,
                        "timeLabel": "07:00",
                        "value": 0
                    },
                    {
                        "slot": 29,
                        "timeLabel": "07:15",
                        "value": 0
                    },
                    {
                        "slot": 30,
                        "timeLabel": "07:30",
                        "value": 11
                    },
                    {
                        "slot": 31,
                        "timeLabel": "07:45",
                        "value": 16
                    },
                    {
                        "slot": 32,
                        "timeLabel": "08:00",
                        "value": 5
                    },
                    {
                        "slot": 33,
                        "timeLabel": "08:15",
                        "value": 2
                    },
                    {
                        "slot": 34,
                        "timeLabel": "08:30",
                        "value": 0
                    },
                    {
                        "slot": 35,
                        "timeLabel": "08:45",
                        "value": 0
                    },
                    {
                        "slot": 36,
                        "timeLabel": "09:00",
                        "value": 0
                    },
                    {
                        "slot": 37,
                        "timeLabel": "09:15",
                        "value": 0
                    },
                    {
                        "slot": 38,
                        "timeLabel": "09:30",
                        "value": 5
                    },
                    {
                        "slot": 39,
                        "timeLabel": "09:45",
                        "value": 0
                    },
                    {
                        "slot": 40,
                        "timeLabel": "10:00",
                        "value": 3
                    },
                    {
                        "slot": 41,
                        "timeLabel": "10:15",
                        "value": 0
                    },
                    {
                        "slot": 42,
                        "timeLabel": "10:30",
                        "value": 0
                    },
                    {
                        "slot": 43,
                        "timeLabel": "10:45",
                        "value": 0
                    },
                    {
                        "slot": 44,
                        "timeLabel": "11:00",
                        "value": 0
                    },
                    {
                        "slot": 45,
                        "timeLabel": "11:15",
                        "value": 0
                    },
                    {
                        "slot": 46,
                        "timeLabel": "11:30",
                        "value": 0
                    },
                    {
                        "slot": 47,
                        "timeLabel": "11:45",
                        "value": 0
                    },
                    {
                        "slot": 48,
                        "timeLabel": "12:00",
                        "value": 0
                    },
                    {
                        "slot": 49,
                        "timeLabel": "12:15",
                        "value": 0
                    },
                    {
                        "slot": 50,
                        "timeLabel": "12:30",
                        "value": 0
                    },
                    {
                        "slot": 51,
                        "timeLabel": "12:45",
                        "value": 0
                    },
                    {
                        "slot": 52,
                        "timeLabel": "13:00",
                        "value": 1
                    },
                    {
                        "slot": 53,
                        "timeLabel": "13:15",
                        "value": 4
                    },
                    {
                        "slot": 54,
                        "timeLabel": "13:30",
                        "value": 3
                    },
                    {
                        "slot": 55,
                        "timeLabel": "13:45",
                        "value": 0
                    },
                    {
                        "slot": 56,
                        "timeLabel": "14:00",
                        "value": 0
                    },
                    {
                        "slot": 57,
                        "timeLabel": "14:15",
                        "value": 0
                    },
                    {
                        "slot": 58,
                        "timeLabel": "14:30",
                        "value": 0
                    },
                    {
                        "slot": 59,
                        "timeLabel": "14:45",
                        "value": 0
                    },
                    {
                        "slot": 60,
                        "timeLabel": "15:00",
                        "value": 0
                    },
                    {
                        "slot": 61,
                        "timeLabel": "15:15",
                        "value": 0
                    },
                    {
                        "slot": 62,
                        "timeLabel": "15:30",
                        "value": 1
                    },
                    {
                        "slot": 63,
                        "timeLabel": "15:45",
                        "value": 1
                    },
                    {
                        "slot": 64,
                        "timeLabel": "16:00",
                        "value": 0
                    },
                    {
                        "slot": 65,
                        "timeLabel": "16:15",
                        "value": 0
                    },
                    {
                        "slot": 66,
                        "timeLabel": "16:30",
                        "value": 0
                    },
                    {
                        "slot": 67,
                        "timeLabel": "16:45",
                        "value": 0
                    },
                    {
                        "slot": 68,
                        "timeLabel": "17:00",
                        "value": 0
                    },
                    {
                        "slot": 69,
                        "timeLabel": "17:15",
                        "value": 0
                    },
                    {
                        "slot": 70,
                        "timeLabel": "17:30",
                        "value": 4
                    },
                    {
                        "slot": 71,
                        "timeLabel": "17:45",
                        "value": 4
                    },
                    {
                        "slot": 72,
                        "timeLabel": "18:00",
                        "value": 5
                    },
                    {
                        "slot": 73,
                        "timeLabel": "18:15",
                        "value": 0
                    },
                    {
                        "slot": 74,
                        "timeLabel": "18:30",
                        "value": 0
                    },
                    {
                        "slot": 75,
                        "timeLabel": "18:45",
                        "value": 0
                    },
                    {
                        "slot": 76,
                        "timeLabel": "19:00",
                        "value": 0
                    },
                    {
                        "slot": 77,
                        "timeLabel": "19:15",
                        "value": 0
                    },
                    {
                        "slot": 78,
                        "timeLabel": "19:30",
                        "value": 0
                    },
                    {
                        "slot": 79,
                        "timeLabel": "19:45",
                        "value": 0
                    },
                    {
                        "slot": 80,
                        "timeLabel": "20:00",
                        "value": 0
                    },
                    {
                        "slot": 81,
                        "timeLabel": "20:15",
                        "value": 0
                    },
                    {
                        "slot": 82,
                        "timeLabel": "20:30",
                        "value": 0
                    },
                    {
                        "slot": 83,
                        "timeLabel": "20:45",
                        "value": 0
                    },
                    {
                        "slot": 84,
                        "timeLabel": "21:00",
                        "value": 0
                    },
                    {
                        "slot": 85,
                        "timeLabel": "21:15",
                        "value": 0
                    },
                    {
                        "slot": 86,
                        "timeLabel": "21:30",
                        "value": 0
                    },
                    {
                        "slot": 87,
                        "timeLabel": "21:45",
                        "value": 0
                    },
                    {
                        "slot": 88,
                        "timeLabel": "22:00",
                        "value": 0
                    },
                    {
                        "slot": 89,
                        "timeLabel": "22:15",
                        "value": 0
                    },
                    {
                        "slot": 90,
                        "timeLabel": "22:30",
                        "value": 0
                    },
                    {
                        "slot": 91,
                        "timeLabel": "22:45",
                        "value": 0
                    },
                    {
                        "slot": 92,
                        "timeLabel": "23:00",
                        "value": 0
                    },
                    {
                        "slot": 93,
                        "timeLabel": "23:15",
                        "value": 0
                    },
                    {
                        "slot": 94,
                        "timeLabel": "23:30",
                        "value": 0
                    },
                    {
                        "slot": 95,
                        "timeLabel": "23:45",
                        "value": 0
                    }
                ],
                "totalFlow": 65
            },
            "geometry": {
                "type": "Point",
                "coordinates": [
                    376249.797507302602753,
                    4824600.31698022224009
                ]
            }
        },
        {
            "type": "Feature",
            "properties": {
                "id": 27,
                "name": "exit_foot_7.6",
                "zoneType": "outflow",
                "modality": "pedestrian",
                "flowProfile": [
                    {
                        "slot": 0,
                        "timeLabel": "00:00",
                        "value": 0
                    },
                    {
                        "slot": 1,
                        "timeLabel": "00:15",
                        "value": 0
                    },
                    {
                        "slot": 2,
                        "timeLabel": "00:30",
                        "value": 0
                    },
                    {
                        "slot": 3,
                        "timeLabel": "00:45",
                        "value": 0
                    },
                    {
                        "slot": 4,
                        "timeLabel": "01:00",
                        "value": 0
                    },
                    {
                        "slot": 5,
                        "timeLabel": "01:15",
                        "value": 0
                    },
                    {
                        "slot": 6,
                        "timeLabel": "01:30",
                        "value": 0
                    },
                    {
                        "slot": 7,
                        "timeLabel": "01:45",
                        "value": 0
                    },
                    {
                        "slot": 8,
                        "timeLabel": "02:00",
                        "value": 0
                    },
                    {
                        "slot": 9,
                        "timeLabel": "02:15",
                        "value": 0
                    },
                    {
                        "slot": 10,
                        "timeLabel": "02:30",
                        "value": 0
                    },
                    {
                        "slot": 11,
                        "timeLabel": "02:45",
                        "value": 0
                    },
                    {
                        "slot": 12,
                        "timeLabel": "03:00",
                        "value": 0
                    },
                    {
                        "slot": 13,
                        "timeLabel": "03:15",
                        "value": 0
                    },
                    {
                        "slot": 14,
                        "timeLabel": "03:30",
                        "value": 0
                    },
                    {
                        "slot": 15,
                        "timeLabel": "03:45",
                        "value": 0
                    },
                    {
                        "slot": 16,
                        "timeLabel": "04:00",
                        "value": 0
                    },
                    {
                        "slot": 17,
                        "timeLabel": "04:15",
                        "value": 0
                    },
                    {
                        "slot": 18,
                        "timeLabel": "04:30",
                        "value": 0
                    },
                    {
                        "slot": 19,
                        "timeLabel": "04:45",
                        "value": 0
                    },
                    {
                        "slot": 20,
                        "timeLabel": "05:00",
                        "value": 0
                    },
                    {
                        "slot": 21,
                        "timeLabel": "05:15",
                        "value": 0
                    },
                    {
                        "slot": 22,
                        "timeLabel": "05:30",
                        "value": 0
                    },
                    {
                        "slot": 23,
                        "timeLabel": "05:45",
                        "value": 0
                    },
                    {
                        "slot": 24,
                        "timeLabel": "06:00",
                        "value": 0
                    },
                    {
                        "slot": 25,
                        "timeLabel": "06:15",
                        "value": 0
                    },
                    {
                        "slot": 26,
                        "timeLabel": "06:30",
                        "value": 0
                    },
                    {
                        "slot": 27,
                        "timeLabel": "06:45",
                        "value": 0
                    },
                    {
                        "slot": 28,
                        "timeLabel": "07:00",
                        "value": 0
                    },
                    {
                        "slot": 29,
                        "timeLabel": "07:15",
                        "value": 0
                    },
                    {
                        "slot": 30,
                        "timeLabel": "07:30",
                        "value": 35
                    },
                    {
                        "slot": 31,
                        "timeLabel": "07:45",
                        "value": 61
                    },
                    {
                        "slot": 32,
                        "timeLabel": "08:00",
                        "value": 64
                    },
                    {
                        "slot": 33,
                        "timeLabel": "08:15",
                        "value": 6
                    },
                    {
                        "slot": 34,
                        "timeLabel": "08:30",
                        "value": 0
                    },
                    {
                        "slot": 35,
                        "timeLabel": "08:45",
                        "value": 0
                    },
                    {
                        "slot": 36,
                        "timeLabel": "09:00",
                        "value": 0
                    },
                    {
                        "slot": 37,
                        "timeLabel": "09:15",
                        "value": 0
                    },
                    {
                        "slot": 38,
                        "timeLabel": "09:30",
                        "value": 19
                    },
                    {
                        "slot": 39,
                        "timeLabel": "09:45",
                        "value": 51
                    },
                    {
                        "slot": 40,
                        "timeLabel": "10:00",
                        "value": 12
                    },
                    {
                        "slot": 41,
                        "timeLabel": "10:15",
                        "value": 0
                    },
                    {
                        "slot": 42,
                        "timeLabel": "10:30",
                        "value": 0
                    },
                    {
                        "slot": 43,
                        "timeLabel": "10:45",
                        "value": 0
                    },
                    {
                        "slot": 44,
                        "timeLabel": "11:00",
                        "value": 0
                    },
                    {
                        "slot": 45,
                        "timeLabel": "11:15",
                        "value": 0
                    },
                    {
                        "slot": 46,
                        "timeLabel": "11:30",
                        "value": 0
                    },
                    {
                        "slot": 47,
                        "timeLabel": "11:45",
                        "value": 1
                    },
                    {
                        "slot": 48,
                        "timeLabel": "12:00",
                        "value": 0
                    },
                    {
                        "slot": 49,
                        "timeLabel": "12:15",
                        "value": 0
                    },
                    {
                        "slot": 50,
                        "timeLabel": "12:30",
                        "value": 0
                    },
                    {
                        "slot": 51,
                        "timeLabel": "12:45",
                        "value": 0
                    },
                    {
                        "slot": 52,
                        "timeLabel": "13:00",
                        "value": 33
                    },
                    {
                        "slot": 53,
                        "timeLabel": "13:15",
                        "value": 36
                    },
                    {
                        "slot": 54,
                        "timeLabel": "13:30",
                        "value": 5
                    },
                    {
                        "slot": 55,
                        "timeLabel": "13:45",
                        "value": 0
                    },
                    {
                        "slot": 56,
                        "timeLabel": "14:00",
                        "value": 0
                    },
                    {
                        "slot": 57,
                        "timeLabel": "14:15",
                        "value": 0
                    },
                    {
                        "slot": 58,
                        "timeLabel": "14:30",
                        "value": 0
                    },
                    {
                        "slot": 59,
                        "timeLabel": "14:45",
                        "value": 0
                    },
                    {
                        "slot": 60,
                        "timeLabel": "15:00",
                        "value": 0
                    },
                    {
                        "slot": 61,
                        "timeLabel": "15:15",
                        "value": 2
                    },
                    {
                        "slot": 62,
                        "timeLabel": "15:30",
                        "value": 8
                    },
                    {
                        "slot": 63,
                        "timeLabel": "15:45",
                        "value": 7
                    },
                    {
                        "slot": 64,
                        "timeLabel": "16:00",
                        "value": 0
                    },
                    {
                        "slot": 65,
                        "timeLabel": "16:15",
                        "value": 0
                    },
                    {
                        "slot": 66,
                        "timeLabel": "16:30",
                        "value": 0
                    },
                    {
                        "slot": 67,
                        "timeLabel": "16:45",
                        "value": 0
                    },
                    {
                        "slot": 68,
                        "timeLabel": "17:00",
                        "value": 0
                    },
                    {
                        "slot": 69,
                        "timeLabel": "17:15",
                        "value": 0
                    },
                    {
                        "slot": 70,
                        "timeLabel": "17:30",
                        "value": 7
                    },
                    {
                        "slot": 71,
                        "timeLabel": "17:45",
                        "value": 12
                    },
                    {
                        "slot": 72,
                        "timeLabel": "18:00",
                        "value": 7
                    },
                    {
                        "slot": 73,
                        "timeLabel": "18:15",
                        "value": 0
                    },
                    {
                        "slot": 74,
                        "timeLabel": "18:30",
                        "value": 0
                    },
                    {
                        "slot": 75,
                        "timeLabel": "18:45",
                        "value": 0
                    },
                    {
                        "slot": 76,
                        "timeLabel": "19:00",
                        "value": 0
                    },
                    {
                        "slot": 77,
                        "timeLabel": "19:15",
                        "value": 0
                    },
                    {
                        "slot": 78,
                        "timeLabel": "19:30",
                        "value": 0
                    },
                    {
                        "slot": 79,
                        "timeLabel": "19:45",
                        "value": 0
                    },
                    {
                        "slot": 80,
                        "timeLabel": "20:00",
                        "value": 0
                    },
                    {
                        "slot": 81,
                        "timeLabel": "20:15",
                        "value": 0
                    },
                    {
                        "slot": 82,
                        "timeLabel": "20:30",
                        "value": 0
                    },
                    {
                        "slot": 83,
                        "timeLabel": "20:45",
                        "value": 0
                    },
                    {
                        "slot": 84,
                        "timeLabel": "21:00",
                        "value": 0
                    },
                    {
                        "slot": 85,
                        "timeLabel": "21:15",
                        "value": 0
                    },
                    {
                        "slot": 86,
                        "timeLabel": "21:30",
                        "value": 0
                    },
                    {
                        "slot": 87,
                        "timeLabel": "21:45",
                        "value": 0
                    },
                    {
                        "slot": 88,
                        "timeLabel": "22:00",
                        "value": 0
                    },
                    {
                        "slot": 89,
                        "timeLabel": "22:15",
                        "value": 0
                    },
                    {
                        "slot": 90,
                        "timeLabel": "22:30",
                        "value": 0
                    },
                    {
                        "slot": 91,
                        "timeLabel": "22:45",
                        "value": 0
                    },
                    {
                        "slot": 92,
                        "timeLabel": "23:00",
                        "value": 0
                    },
                    {
                        "slot": 93,
                        "timeLabel": "23:15",
                        "value": 0
                    },
                    {
                        "slot": 94,
                        "timeLabel": "23:30",
                        "value": 0
                    },
                    {
                        "slot": 95,
                        "timeLabel": "23:45",
                        "value": 0
                    }
                ],
                "totalFlow": 366
            },
            "geometry": {
                "type": "Point",
                "coordinates": [
                    376249.797507302602753,
                    4824600.31698022224009
                ]
            }
        },
        {
            "type": "Feature",
            "properties": {
                "id": 28,
                "name": "exit_vehicle_7.6",
                "zoneType": "outflow",
                "modality": "vehicle",
                "flowProfile": [
                    {
                        "slot": 0,
                        "timeLabel": "00:00",
                        "value": 0
                    },
                    {
                        "slot": 1,
                        "timeLabel": "00:15",
                        "value": 0
                    },
                    {
                        "slot": 2,
                        "timeLabel": "00:30",
                        "value": 0
                    },
                    {
                        "slot": 3,
                        "timeLabel": "00:45",
                        "value": 0
                    },
                    {
                        "slot": 4,
                        "timeLabel": "01:00",
                        "value": 0
                    },
                    {
                        "slot": 5,
                        "timeLabel": "01:15",
                        "value": 0
                    },
                    {
                        "slot": 6,
                        "timeLabel": "01:30",
                        "value": 0
                    },
                    {
                        "slot": 7,
                        "timeLabel": "01:45",
                        "value": 0
                    },
                    {
                        "slot": 8,
                        "timeLabel": "02:00",
                        "value": 0
                    },
                    {
                        "slot": 9,
                        "timeLabel": "02:15",
                        "value": 0
                    },
                    {
                        "slot": 10,
                        "timeLabel": "02:30",
                        "value": 0
                    },
                    {
                        "slot": 11,
                        "timeLabel": "02:45",
                        "value": 0
                    },
                    {
                        "slot": 12,
                        "timeLabel": "03:00",
                        "value": 0
                    },
                    {
                        "slot": 13,
                        "timeLabel": "03:15",
                        "value": 0
                    },
                    {
                        "slot": 14,
                        "timeLabel": "03:30",
                        "value": 0
                    },
                    {
                        "slot": 15,
                        "timeLabel": "03:45",
                        "value": 0
                    },
                    {
                        "slot": 16,
                        "timeLabel": "04:00",
                        "value": 0
                    },
                    {
                        "slot": 17,
                        "timeLabel": "04:15",
                        "value": 0
                    },
                    {
                        "slot": 18,
                        "timeLabel": "04:30",
                        "value": 0
                    },
                    {
                        "slot": 19,
                        "timeLabel": "04:45",
                        "value": 0
                    },
                    {
                        "slot": 20,
                        "timeLabel": "05:00",
                        "value": 0
                    },
                    {
                        "slot": 21,
                        "timeLabel": "05:15",
                        "value": 0
                    },
                    {
                        "slot": 22,
                        "timeLabel": "05:30",
                        "value": 0
                    },
                    {
                        "slot": 23,
                        "timeLabel": "05:45",
                        "value": 0
                    },
                    {
                        "slot": 24,
                        "timeLabel": "06:00",
                        "value": 0
                    },
                    {
                        "slot": 25,
                        "timeLabel": "06:15",
                        "value": 0
                    },
                    {
                        "slot": 26,
                        "timeLabel": "06:30",
                        "value": 0
                    },
                    {
                        "slot": 27,
                        "timeLabel": "06:45",
                        "value": 0
                    },
                    {
                        "slot": 28,
                        "timeLabel": "07:00",
                        "value": 0
                    },
                    {
                        "slot": 29,
                        "timeLabel": "07:15",
                        "value": 0
                    },
                    {
                        "slot": 30,
                        "timeLabel": "07:30",
                        "value": 28
                    },
                    {
                        "slot": 31,
                        "timeLabel": "07:45",
                        "value": 37
                    },
                    {
                        "slot": 32,
                        "timeLabel": "08:00",
                        "value": 13
                    },
                    {
                        "slot": 33,
                        "timeLabel": "08:15",
                        "value": 4
                    },
                    {
                        "slot": 34,
                        "timeLabel": "08:30",
                        "value": 0
                    },
                    {
                        "slot": 35,
                        "timeLabel": "08:45",
                        "value": 0
                    },
                    {
                        "slot": 36,
                        "timeLabel": "09:00",
                        "value": 0
                    },
                    {
                        "slot": 37,
                        "timeLabel": "09:15",
                        "value": 0
                    },
                    {
                        "slot": 38,
                        "timeLabel": "09:30",
                        "value": 8
                    },
                    {
                        "slot": 39,
                        "timeLabel": "09:45",
                        "value": 12
                    },
                    {
                        "slot": 40,
                        "timeLabel": "10:00",
                        "value": 6
                    },
                    {
                        "slot": 41,
                        "timeLabel": "10:15",
                        "value": 0
                    },
                    {
                        "slot": 42,
                        "timeLabel": "10:30",
                        "value": 0
                    },
                    {
                        "slot": 43,
                        "timeLabel": "10:45",
                        "value": 0
                    },
                    {
                        "slot": 44,
                        "timeLabel": "11:00",
                        "value": 0
                    },
                    {
                        "slot": 45,
                        "timeLabel": "11:15",
                        "value": 0
                    },
                    {
                        "slot": 46,
                        "timeLabel": "11:30",
                        "value": 0
                    },
                    {
                        "slot": 47,
                        "timeLabel": "11:45",
                        "value": 0
                    },
                    {
                        "slot": 48,
                        "timeLabel": "12:00",
                        "value": 0
                    },
                    {
                        "slot": 49,
                        "timeLabel": "12:15",
                        "value": 0
                    },
                    {
                        "slot": 50,
                        "timeLabel": "12:30",
                        "value": 0
                    },
                    {
                        "slot": 51,
                        "timeLabel": "12:45",
                        "value": 0
                    },
                    {
                        "slot": 52,
                        "timeLabel": "13:00",
                        "value": 5
                    },
                    {
                        "slot": 53,
                        "timeLabel": "13:15",
                        "value": 10
                    },
                    {
                        "slot": 54,
                        "timeLabel": "13:30",
                        "value": 3
                    },
                    {
                        "slot": 55,
                        "timeLabel": "13:45",
                        "value": 0
                    },
                    {
                        "slot": 56,
                        "timeLabel": "14:00",
                        "value": 0
                    },
                    {
                        "slot": 57,
                        "timeLabel": "14:15",
                        "value": 0
                    },
                    {
                        "slot": 58,
                        "timeLabel": "14:30",
                        "value": 0
                    },
                    {
                        "slot": 59,
                        "timeLabel": "14:45",
                        "value": 0
                    },
                    {
                        "slot": 60,
                        "timeLabel": "15:00",
                        "value": 0
                    },
                    {
                        "slot": 61,
                        "timeLabel": "15:15",
                        "value": 2
                    },
                    {
                        "slot": 62,
                        "timeLabel": "15:30",
                        "value": 5
                    },
                    {
                        "slot": 63,
                        "timeLabel": "15:45",
                        "value": 3
                    },
                    {
                        "slot": 64,
                        "timeLabel": "16:00",
                        "value": 0
                    },
                    {
                        "slot": 65,
                        "timeLabel": "16:15",
                        "value": 0
                    },
                    {
                        "slot": 66,
                        "timeLabel": "16:30",
                        "value": 0
                    },
                    {
                        "slot": 67,
                        "timeLabel": "16:45",
                        "value": 0
                    },
                    {
                        "slot": 68,
                        "timeLabel": "17:00",
                        "value": 0
                    },
                    {
                        "slot": 69,
                        "timeLabel": "17:15",
                        "value": 0
                    },
                    {
                        "slot": 70,
                        "timeLabel": "17:30",
                        "value": 1
                    },
                    {
                        "slot": 71,
                        "timeLabel": "17:45",
                        "value": 2
                    },
                    {
                        "slot": 72,
                        "timeLabel": "18:00",
                        "value": 1
                    },
                    {
                        "slot": 73,
                        "timeLabel": "18:15",
                        "value": 0
                    },
                    {
                        "slot": 74,
                        "timeLabel": "18:30",
                        "value": 0
                    },
                    {
                        "slot": 75,
                        "timeLabel": "18:45",
                        "value": 0
                    },
                    {
                        "slot": 76,
                        "timeLabel": "19:00",
                        "value": 0
                    },
                    {
                        "slot": 77,
                        "timeLabel": "19:15",
                        "value": 0
                    },
                    {
                        "slot": 78,
                        "timeLabel": "19:30",
                        "value": 0
                    },
                    {
                        "slot": 79,
                        "timeLabel": "19:45",
                        "value": 0
                    },
                    {
                        "slot": 80,
                        "timeLabel": "20:00",
                        "value": 0
                    },
                    {
                        "slot": 81,
                        "timeLabel": "20:15",
                        "value": 0
                    },
                    {
                        "slot": 82,
                        "timeLabel": "20:30",
                        "value": 0
                    },
                    {
                        "slot": 83,
                        "timeLabel": "20:45",
                        "value": 0
                    },
                    {
                        "slot": 84,
                        "timeLabel": "21:00",
                        "value": 0
                    },
                    {
                        "slot": 85,
                        "timeLabel": "21:15",
                        "value": 0
                    },
                    {
                        "slot": 86,
                        "timeLabel": "21:30",
                        "value": 0
                    },
                    {
                        "slot": 87,
                        "timeLabel": "21:45",
                        "value": 0
                    },
                    {
                        "slot": 88,
                        "timeLabel": "22:00",
                        "value": 0
                    },
                    {
                        "slot": 89,
                        "timeLabel": "22:15",
                        "value": 0
                    },
                    {
                        "slot": 90,
                        "timeLabel": "22:30",
                        "value": 0
                    },
                    {
                        "slot": 91,
                        "timeLabel": "22:45",
                        "value": 0
                    },
                    {
                        "slot": 92,
                        "timeLabel": "23:00",
                        "value": 0
                    },
                    {
                        "slot": 93,
                        "timeLabel": "23:15",
                        "value": 0
                    },
                    {
                        "slot": 94,
                        "timeLabel": "23:30",
                        "value": 0
                    },
                    {
                        "slot": 95,
                        "timeLabel": "23:45",
                        "value": 0
                    }
                ],
                "totalFlow": 140
            },
            "geometry": {
                "type": "Point",
                "coordinates": [
                    376249.797507302602753,
                    4824600.31698022224009
                ]
            }
        }
    ]
}