from,to,type,name,oneway,length,source_feature
1,2,road,,unknown,1.3791220416844197,0
2,1,road,,unknown,1.3791220416844197,0
3,4,road,,unknown,1.3772155558557737,1
4,3,road,,unknown,1.3772155558557737,1
5,6,road,,unknown,1.3788774136872635,2
6,5,road,,unknown,1.3788774136872635,2
7,8,road,,unknown,1.376034118316404,3
8,7,road,,unknown,1.376034118316404,3
9,10,road,,unknown,1.3781189327521424,4
10,9,road,,unknown,1.3781189327521424,4
11,12,road,,unknown,1.376304958399171,5
12,11,road,,unknown,1.376304958399171,5
13,14,road,,unknown,1.376909685726531,6
14,13,road,,unknown,1.376909685726531,6
15,16,road,,unknown,1.3745490583586488,7
16,15,road,,unknown,1.3745490583586488,7
17,18,road,,unknown,1.3764518380518118,8
18,17,road,,unknown,1.3764518380518118,8
19,20,road,,unknown,1.3763166108488556,9
20,19,road,,unknown,1.3763166108488556,9
21,22,road,,unknown,1.3786582097701525,10
22,21,road,,unknown,1.3786582097701525,10
23,24,road,,unknown,1.3789754430936296,11
24,23,road,,unknown,1.3789754430936296,11
25,26,road,,unknown,1.3789589576800967,12
26,25,road,,unknown,1.3789589576800967,12
27,28,road,,unknown,1.3810877483230213,13
28,27,road,,unknown,1.3810877483230213,13
21,30,road,,unknown,1.3776411947713358,14
30,21,road,,unknown,1.3776411947713358,14
31,32,road,,unknown,1.3813818207674053,15
32,31,road,,unknown,1.3813818207674053,15
33,34,road,,unknown,1.3784826280390676,16
34,33,road,,unknown,1.3784826280390676,16
35,36,road,,unknown,1.3800235294280916,17
36,35,road,,unknown,1.3800235294280916,17
37,38,road,,unknown,1.380461289113728,18
38,37,road,,unknown,1.380461289113728,18
39,40,road,,unknown,1.3817704883702795,19
40,39,road,,unknown,1.3817704883702795,19
41,42,road,,unknown,1.3773367997151782,20
42,41,road,,unknown,1.3773367997151782,20
43,44,road,,unknown,1.3779241255153714,21
44,43,road,,unknown,1.3779241255153714,21
45,46,road,,unknown,1.3785288389690333,22
46,45,road,,unknown,1.3785288389690333,22
47,48,road,,unknown,1.3785569124018795,23
48,47,road,,unknown,1.3785569124018795,23
49,50,road,,unknown,1.3785070524464262,24
50,49,road,,unknown,1.3785070524464262,24
51,52,road,,unknown,1.3748323771472581,25
52,51,road,,unknown,1.3748323771472581,25
53,54,road,,unknown,1.3717408878652315,26
54,53,road,,unknown,1.3717408878652315,26
55,56,road,,unknown,1.3750279414555835,27
56,55,road,,unknown,1.3750279414555835,27
57,58,road,,unknown,1.3732134520445776,28
58,57,road,,unknown,1.3732134520445776,28
59,60,road,,unknown,1.379743740923785,29
60,59,road,,unknown,1.379743740923785,29
61,62,road,,unknown,1.3736409595632777,30
62,61,road,,unknown,1.3736409595632777,30
19,64,road,,unknown,1.3736592674947647,31
64,19,road,,unknown,1.3736592674947647,31
23,66,road,,unknown,1.3736510455774977,32
66,23,road,,unknown,1.3736510455774977,32
67,68,road,,unknown,1.372341461690896,33
68,67,road,,unknown,1.372341461690896,33
69,70,road,,unknown,1.3803437241531025,34
70,69,road,,unknown,1.3803437241531025,34
71,72,road,,unknown,1.3754105959986822,35
72,71,road,,unknown,1.3754105959986822,35
73,74,road,,unknown,1.3778246949838595,36
74,73,road,,unknown,1.3778246949838595,36
75,76,road,,unknown,1.3801978272689062,37
76,75,road,,unknown,1.3801978272689062,37
77,78,road,,unknown,1.3810139149944174,38
78,77,road,,unknown,1.3810139149944174,38
73,80,road,,unknown,1.380224146636029,39
80,73,road,,unknown,1.380224146636029,39
81,82,road,,unknown,1.380392172472529,40
82,81,road,,unknown,1.380392172472529,40
83,84,road,,unknown,1.3802934250089327,41
84,83,road,,unknown,1.3802934250089327,41
85,86,road,,unknown,1.376585243819493,42
86,85,road,,unknown,1.376585243819493,42
87,88,road,,unknown,1.376986296042302,43
88,87,road,,unknown,1.376986296042302,43
33,90,road,,unknown,1.3770543530366939,44
90,33,road,,unknown,1.3770543530366939,44
91,92,road,,unknown,1.37697167807631,45
92,91,road,,unknown,1.37697167807631,45
93,94,road,,unknown,1.3800866199396848,46
94,93,road,,unknown,1.3800866199396848,46
51,96,road,,unknown,1.3763419248252364,47
96,51,road,,unknown,1.3763419248252364,47
97,98,road,,unknown,1.3764307071639654,48
98,97,road,,unknown,1.3764307071639654,48
99,100,road,,unknown,1.3809491880142186,49
100,99,road,,unknown,1.3809491880142186,49
101,102,road,,unknown,1.3810755729911968,50
102,101,road,,unknown,1.3810755729911968,50
103,104,road,,unknown,1.3810743604433289,51
104,103,road,,unknown,1.3810743604433289,51
105,106,road,,unknown,1.3810456876920658,52
106,105,road,,unknown,1.3810456876920658,52
107,108,road,,unknown,1.3803761957841763,53
108,107,road,,unknown,1.3803761957841763,53
109,110,road,,unknown,1.3823941520082939,54
110,109,road,,unknown,1.3823941520082939,54
111,112,road,,unknown,1.3778477634178439,55
112,111,road,,unknown,1.3778477634178439,55
113,114,road,,unknown,1.3786028828830814,56
114,113,road,,unknown,1.3786028828830814,56
115,116,road,,unknown,1.3766321898781935,57
116,115,road,,unknown,1.3766321898781935,57
117,118,road,,unknown,1.3818111274441505,58
118,117,road,,unknown,1.3818111274441505,58
119,120,road,,unknown,1.380030622843848,59
120,119,road,,unknown,1.380030622843848,59
121,122,road,,unknown,1.3743439662377246,60
122,121,road,,unknown,1.3743439662377246,60
123,124,road,,unknown,1.3794713186060357,61
124,123,road,,unknown,1.3794713186060357,61
125,126,road,,unknown,1.3806170896767154,62
126,125,road,,unknown,1.3806170896767154,62
125,128,road,,unknown,1.378293624077617,63
128,125,road,,unknown,1.378293624077617,63
129,130,road,,unknown,1.3790368023312831,64
130,129,road,,unknown,1.3790368023312831,64
93,132,road,,unknown,1.3753050159536184,65
132,93,road,,unknown,1.3753050159536184,65
133,134,road,,unknown,1.3736024875865984,66
134,133,road,,unknown,1.3736024875865984,66
31,136,road,,unknown,1.3732882129707111,67
136,31,road,,unknown,1.3732882129707111,67
137,138,road,,unknown,1.3771142693899079,68
138,137,road,,unknown,1.3771142693899079,68
139,140,road,,unknown,1.3735132692894774,69
140,139,road,,unknown,1.3735132692894774,69
141,142,road,,unknown,1.3770388935709896,70
142,141,road,,unknown,1.3770388935709896,70
141,144,road,,unknown,1.3726696672957284,71
144,141,road,,unknown,1.3726696672957284,71
145,146,road,,unknown,1.376163289023358,72
146,145,road,,unknown,1.376163289023358,72
147,148,road,,unknown,1.3797017585373765,73
148,147,road,,unknown,1.3797017585373765,73
149,150,road,,unknown,1.3794242124978027,74
150,149,road,,unknown,1.3794242124978027,74
151,152,road,,unknown,1.380983061819621,75
152,151,road,,unknown,1.380983061819621,75
153,154,road,,unknown,1.3781221261032033,76
154,153,road,,unknown,1.3781221261032033,76
155,156,road,,unknown,1.3777674370442554,77
156,155,road,,unknown,1.3777674370442554,77
157,158,road,,unknown,1.380992432881784,78
158,157,road,,unknown,1.380992432881784,78
159,160,road,,unknown,1.3791270342205924,79
160,159,road,,unknown,1.3791270342205924,79
161,162,road,,unknown,1.378939832680174,80
162,161,road,,unknown,1.378939832680174,80
163,164,road,,unknown,1.3722854033940863,81
164,163,road,,unknown,1.3722854033940863,81
165,166,road,,unknown,1.3737359394685598,82
166,165,road,,unknown,1.3737359394685598,82
15,170,road,,unknown,24.338348997386944,83
170,15,road,,unknown,24.338348997386944,83
171,172,road,,unknown,1.37761193671713,84
172,171,road,,unknown,1.37761193671713,84
173,174,road,,unknown,1.380121460545725,85
174,173,road,,unknown,1.380121460545725,85
175,176,road,,unknown,1.379996103543975,86
176,175,road,,unknown,1.379996103543975,86
177,178,road,,unknown,1.3795252552840203,87
178,177,road,,unknown,1.3795252552840203,87
179,180,road,,unknown,1.3766581516786798,88
180,179,road,,unknown,1.3766581516786798,88
181,182,road,,unknown,1.3772644938725476,89
182,181,road,,unknown,1.3772644938725476,89
183,184,road,,unknown,1.3763251746954206,90
184,183,road,,unknown,1.3763251746954206,90
185,186,road,,unknown,1.3766627712255777,91
186,185,road,,unknown,1.3766627712255777,91
187,188,road,,unknown,1.3778552285153,92
188,187,road,,unknown,1.3778552285153,92
189,190,road,,unknown,1.374704161323145,93
190,189,road,,unknown,1.374704161323145,93
191,192,road,,unknown,1.3722692530867087,94
192,191,road,,unknown,1.3722692530867087,94
193,194,road,,unknown,0.1562681403667855,95
194,193,road,,unknown,0.1562681403667855,95
195,196,road,,unknown,1.3755497449291916,96
196,195,road,,unknown,1.3755497449291916,96
197,198,road,,unknown,1.3740902607843286,97
198,197,road,,unknown,1.3740902607843286,97
199,200,road,,unknown,1.3780657919874877,98
200,199,road,,unknown,1.3780657919874877,98
201,202,road,,unknown,1.3778359037032872,99
202,201,road,,unknown,1.3778359037032872,99
203,204,road,,unknown,1.0196948641953072,100
204,203,road,,unknown,1.0196948641953072,100
205,206,road,,unknown,1.378309092849634,101
206,205,road,,unknown,1.378309092849634,101
207,208,road,,unknown,1.3788694068367788,102
208,207,road,,unknown,1.3788694068367788,102
209,210,road,,unknown,1.3771749951754537,103
210,209,road,,unknown,1.3771749951754537,103
211,212,road,,unknown,1.378009947537986,104
212,211,road,,unknown,1.378009947537986,104
213,214,road,,unknown,1.3771234019347578,105
214,213,road,,unknown,1.3771234019347578,105
215,216,road,,unknown,1.3790496681518511,106
216,215,road,,unknown,1.3790496681518511,106
213,218,road,,unknown,1.3786896547757976,107
218,213,road,,unknown,1.3786896547757976,107
215,220,road,,unknown,1.3810596069309236,108
220,215,road,,unknown,1.3810596069309236,108
197,222,road,,unknown,1.3788380843439456,109
222,197,road,,unknown,1.3788380843439456,109
223,224,road,,unknown,1.3800576470023238,110
224,223,road,,unknown,1.3800576470023238,110
225,226,road,,unknown,1.3778085013807866,111
226,225,road,,unknown,1.3778085013807866,111
223,228,road,,unknown,1.3772714075978425,112
228,223,road,,unknown,1.3772714075978425,112
209,230,road,,unknown,1.3783371878131885,113
230,209,road,,unknown,1.3783371878131885,113
157,232,road,,unknown,1.3771518459098484,114
232,157,road,,unknown,1.3771518459098484,114
233,234,road,,unknown,1.3790719398943347,115
234,233,road,,unknown,1.3790719398943347,115
235,236,road,,unknown,1.380398564988843,116
236,235,road,,unknown,1.380398564988843,116
237,238,road,,unknown,1.379166708012018,117
238,237,road,,unknown,1.379166708012018,117
239,240,road,,unknown,1.3745782218882587,118
240,239,road,,unknown,1.3745782218882587,118
241,242,road,,unknown,1.3768075726948892,119
242,241,road,,unknown,1.3768075726948892,119
243,244,road,,unknown,1.376235971816592,120
244,243,road,,unknown,1.376235971816592,120
245,246,road,,unknown,1.3764553907387334,121
246,245,road,,unknown,1.3764553907387334,121
247,248,road,,unknown,0.5848915499836163,122
248,247,road,,unknown,0.5848915499836163,122
249,250,road,,unknown,1.3717896626603563,123
250,249,road,,unknown,1.3717896626603563,123
189,252,road,,unknown,1.3769063537562232,124
252,189,road,,unknown,1.3769063537562232,124
185,254,road,,unknown,1.3778165918008385,125
254,185,road,,unknown,1.3778165918008385,125
241,256,road,,unknown,1.378259576759975,126
256,241,road,,unknown,1.378259576759975,126
257,258,road,,unknown,1.3785896241507165,127
258,257,road,,unknown,1.3785896241507165,127
249,260,road,,unknown,1.3741434042660996,128
260,249,road,,unknown,1.3741434042660996,128
261,262,road,,unknown,1.3810210598732169,129
262,261,road,,unknown,1.3810210598732169,129
263,264,road,,unknown,0.9263303110388238,130
264,263,road,,unknown,0.9263303110388238,130
265,266,road,,unknown,1.379200813136493,131
266,265,road,,unknown,1.379200813136493,131
267,268,road,,unknown,1.3764383122436166,132
268,267,road,,unknown,1.3764383122436166,132
269,270,road,,unknown,1.3802701435463158,133
270,269,road,,unknown,1.3802701435463158,133
271,272,road,,unknown,1.3802415241965262,134
272,271,road,,unknown,1.3802415241965262,134
147,274,road,,unknown,1.3797870693334486,135
274,147,road,,unknown,1.3797870693334486,135
275,276,road,,unknown,1.3798322384074908,136
276,275,road,,unknown,1.3798322384074908,136
277,278,road,,unknown,1.380362329558195,137
278,277,road,,unknown,1.380362329558195,137
279,280,road,,unknown,1.373722195886946,138
280,279,road,,unknown,1.373722195886946,138
281,282,road,,unknown,1.3736911660253965,139
282,281,road,,unknown,1.3736911660253965,139
283,284,road,,unknown,1.3787289818954802,140
284,283,road,,unknown,1.3787289818954802,140
285,286,road,,unknown,1.3776222457238458,141
286,285,road,,unknown,1.3776222457238458,141
287,288,road,,unknown,0.955291856971061,142
288,287,road,,unknown,0.955291856971061,142
289,290,road,,unknown,1.3777570269956647,143
290,289,road,,unknown,1.3777570269956647,143
291,292,road,,unknown,1.3769749810474,144
292,291,road,,unknown,1.3769749810474,144
293,294,road,,unknown,1.3789817148125025,145
294,293,road,,unknown,1.3789817148125025,145
295,296,road,,unknown,1.3757779759196302,146
296,295,road,,unknown,1.3757779759196302,146
297,298,road,,unknown,1.3782509276611097,147
298,297,road,,unknown,1.3782509276611097,147
299,300,road,,unknown,1.372666928333296,148
300,299,road,,unknown,1.372666928333296,148
301,302,road,,unknown,1.3779111296004607,149
302,301,road,,unknown,1.3779111296004607,149
303,304,road,,unknown,1.3770960802723489,150
304,303,road,,unknown,1.3770960802723489,150
305,306,road,,unknown,1.3756972350374836,151
306,305,road,,unknown,1.3756972350374836,151
307,308,road,,unknown,1.3716279353153522,152
308,307,road,,unknown,1.3716279353153522,152
309,310,road,,unknown,1.3715859368116181,153
310,309,road,,unknown,1.3715859368116181,153
311,312,road,,unknown,1.3730478168241131,154
312,311,road,,unknown,1.3730478168241131,154
313,314,road,,unknown,1.3763804123583248,155
314,313,road,,unknown,1.3763804123583248,155
315,316,road,,unknown,1.3760133433360728,156
316,315,road,,unknown,1.3760133433360728,156
317,318,road,,unknown,1.3743506746377367,157
318,317,road,,unknown,1.3743506746377367,157
319,320,road,,unknown,1.374629816402448,158
320,319,road,,unknown,1.374629816402448,158
321,322,road,,unknown,1.3738605780185473,159
322,321,road,,unknown,1.3738605780185473,159
323,324,road,,unknown,1.3778403494364027,160
324,323,road,,unknown,1.3778403494364027,160
325,326,road,,unknown,1.3783782206974902,161
326,325,road,,unknown,1.3783782206974902,161
327,328,road,,unknown,1.3781261291888696,162
328,327,road,,unknown,1.3781261291888696,162
329,330,road,,unknown,1.380327826994511,163
330,329,road,,unknown,1.380327826994511,163
331,332,road,,unknown,1.379312574477368,164
332,331,road,,unknown,1.379312574477368,164
333,334,road,,unknown,1.3807991142229392,165
334,333,road,,unknown,1.3807991142229392,165
170,338,road,,unknown,22.441911582667483,166
338,170,road,,unknown,22.441911582667483,166
338,340,road,,unknown,9.729894662331215,167
340,338,road,,unknown,9.729894662331215,167
340,319,road,,unknown,5.043219656544508,168
319,340,road,,unknown,5.043219656544508,168
319,1,road,,unknown,45.80057213844651,169
1,319,road,,unknown,45.80057213844651,169
1,352,road,,unknown,24.313867869526256,170
352,1,road,,unknown,24.313867869526256,170
352,55,road,,unknown,18.024063293925618,171
55,352,road,,unknown,18.024063293925618,171
55,357,road,,unknown,11.4294938232245,172
357,55,road,,unknown,11.4294938232245,172
357,359,road,,unknown,5.96907871714477,173
359,357,road,,unknown,5.96907871714477,173
360,15,road,,unknown,27.24094756677183,174
15,360,road,,unknown,27.24094756677183,174
364,365,road,,unknown,1.3719173486730507,175
365,364,road,,unknown,1.3719173486730507,175
117,367,road,,unknown,1.3790477270629795,176
367,117,road,,unknown,1.3790477270629795,176
121,369,road,,unknown,1.3753619676621067,177
369,121,road,,unknown,1.3753619676621067,177
370,371,road,,unknown,1.374073466478744,178
371,370,road,,unknown,1.374073466478744,178
372,373,road,,unknown,1.380071656343007,179
373,372,road,,unknown,1.380071656343007,179
374,375,road,,unknown,1.3802348898558985,180
375,374,road,,unknown,1.3802348898558985,180
376,377,road,,unknown,0.7939363076429679,181
377,376,road,,unknown,0.7939363076429679,181
237,379,road,,unknown,1.3776125720848342,182
379,237,road,,unknown,1.3776125720848342,182
380,381,road,,unknown,1.378160906719716,183
381,380,road,,unknown,1.378160906719716,183
382,383,road,,unknown,1.3758798841774724,184
383,382,road,,unknown,1.3758798841774724,184
384,385,road,,unknown,0.26130007010176964,185
385,384,road,,unknown,0.26130007010176964,185
386,387,road,,unknown,1.379460345211226,186
387,386,road,,unknown,1.379460345211226,186
386,389,road,,unknown,1.3787257733074776,187
389,386,road,,unknown,1.3787257733074776,187
390,391,road,,unknown,1.3767267908587029,188
391,390,road,,unknown,1.3767267908587029,188
392,393,road,,unknown,1.3716598198853194,189
393,392,road,,unknown,1.3716598198853194,189
394,395,road,,unknown,1.3759001739672483,190
395,394,road,,unknown,1.3759001739672483,190
43,397,road,,unknown,1.3743349459965126,191
397,43,road,,unknown,1.3743349459965126,191
398,399,road,,unknown,1.372132396156652,192
399,398,road,,unknown,1.372132396156652,192
11,401,road,,unknown,1.3774975370137774,193
401,11,road,,unknown,1.3774975370137774,193
3,403,road,,unknown,1.3760775050286218,194
403,3,road,,unknown,1.3760775050286218,194
179,405,road,,unknown,1.3827817951470276,195
405,179,road,,unknown,1.3827817951470276,195
406,407,road,,unknown,1.3743678226099665,196
407,406,road,,unknown,1.3743678226099665,196
275,409,road,,unknown,1.3757813393173786,197
409,275,road,,unknown,1.3757813393173786,197
410,411,road,,unknown,1.3759841507227812,198
411,410,road,,unknown,1.3759841507227812,198
331,413,road,,unknown,1.3783921952692304,199
413,331,road,,unknown,1.3783921952692304,199
414,415,road,,unknown,1.378215210641257,200
415,414,road,,unknown,1.378215210641257,200
416,417,road,,unknown,1.37678650947096,201
417,416,road,,unknown,1.37678650947096,201
418,419,road,,unknown,1.3743520087275989,202
419,418,road,,unknown,1.3743520087275989,202
420,421,road,,unknown,1.3768036144890003,203
421,420,road,,unknown,1.3768036144890003,203
422,423,road,,unknown,1.3767803110241954,204
423,422,road,,unknown,1.3767803110241954,204
333,425,road,,unknown,1.3756572802600533,205
425,333,road,,unknown,1.3756572802600533,205
426,427,road,,unknown,1.3791914944674886,206
427,426,road,,unknown,1.3791914944674886,206
428,429,road,,unknown,1.3815535924320757,207
429,428,road,,unknown,1.3815535924320757,207
57,431,road,,unknown,1.3783127877270471,208
431,57,road,,unknown,1.3783127877270471,208
279,433,road,,unknown,1.3780148587215673,209
433,279,road,,unknown,1.3780148587215673,209
315,435,road,,unknown,1.3809465833047383,210
435,315,road,,unknown,1.3809465833047383,210
436,437,road,,unknown,1.378167689862165,211
437,436,road,,unknown,1.378167689862165,211
325,439,road,,unknown,1.3781754759591764,212
439,325,road,,unknown,1.3781754759591764,212
440,441,road,,unknown,1.380204581691528,213
441,440,road,,unknown,1.380204581691528,213
323,443,road,,unknown,1.379487816913081,214
443,323,road,,unknown,1.379487816913081,214
444,445,road,,unknown,1.3791204855203418,215
445,444,road,,unknown,1.3791204855203418,215
49,447,road,,unknown,1.3794872024403373,216
447,49,road,,unknown,1.3794872024403373,216
448,449,road,,unknown,1.3769669401217384,217
449,448,road,,unknown,1.3769669401217384,217
450,451,road,,unknown,1.3784284996728051,218
451,450,road,,unknown,1.3784284996728051,218
452,453,road,,unknown,1.3715966886657018,219
453,452,road,,unknown,1.3715966886657018,219
454,455,road,,unknown,1.37888769860352,220
455,454,road,,unknown,1.37888769860352,220
261,457,road,,unknown,1.372238798682087,221
457,261,road,,unknown,1.372238798682087,221
458,459,road,,unknown,1.3722314117168648,222
459,458,road,,unknown,1.3722314117168648,222
460,461,road,,unknown,1.3728437904804078,223
461,460,road,,unknown,1.3728437904804078,223
462,463,road,,unknown,1.3803322447455628,224
463,462,road,,unknown,1.3803322447455628,224
454,465,road,,unknown,1.3800726474578304,225
465,454,road,,unknown,1.3800726474578304,225
466,467,road,,unknown,1.3800851871401383,226
467,466,road,,unknown,1.3800851871401383,226
468,469,road,,unknown,1.3785632985951588,227
469,468,road,,unknown,1.3785632985951588,227
267,471,road,,unknown,1.3784683376958833,228
471,267,road,,unknown,1.3784683376958833,228
394,473,road,,unknown,1.3768859823359358,229
473,394,road,,unknown,1.3768859823359358,229
41,475,road,,unknown,1.374732699002347,230
475,41,road,,unknown,1.374732699002347,230
476,477,road,,unknown,1.378753862086676,231
477,476,road,,unknown,1.378753862086676,231
478,479,road,,unknown,1.3787644328350181,232
479,478,road,,unknown,1.3787644328350181,232
480,481,road,,unknown,1.3787631000515232,233
481,480,road,,unknown,1.3787631000515232,233
482,483,road,,unknown,1.3787123183280887,234
483,482,road,,unknown,1.3787123183280887,234
484,485,road,,unknown,1.3777891326396132,235
485,484,road,,unknown,1.3777891326396132,235
486,487,road,,unknown,1.3777564762570365,236
487,486,road,,unknown,1.3777564762570365,236
488,489,road,,unknown,1.3778522093109153,237
489,488,road,,unknown,1.3778522093109153,237
490,491,road,,unknown,1.3777527412161006,238
491,490,road,,unknown,1.3777527412161006,238
289,493,road,,unknown,1.3762846734948349,239
493,289,road,,unknown,1.3762846734948349,239
488,495,road,,unknown,1.3792047609660547,240
495,488,road,,unknown,1.3792047609660547,240
496,497,road,,unknown,1.3774928024492037,241
497,496,road,,unknown,1.3774928024492037,241
99,499,road,,unknown,1.3783244767662028,242
499,99,road,,unknown,1.3783244767662028,242
500,501,road,,unknown,1.3792982501549265,243
501,500,road,,unknown,1.3792982501549265,243
502,503,road,,unknown,1.3793661576581921,244
503,502,road,,unknown,1.3793661576581921,244
504,505,road,,unknown,1.3793953933430352,245
505,504,road,,unknown,1.3793953933430352,245
506,507,road,,unknown,1.3793337153227598,246
507,506,road,,unknown,1.3793337153227598,246
508,509,road,,unknown,1.3778261957524573,247
509,508,road,,unknown,1.3778261957524573,247
35,511,road,,unknown,1.3776106962814516,248
511,35,road,,unknown,1.3776106962814516,248
59,513,road,,unknown,1.3763956637054626,249
513,59,road,,unknown,1.3763956637054626,249
514,515,road,,unknown,1.379877656415378,250
515,514,road,,unknown,1.379877656415378,250
516,517,road,,unknown,1.3798656985281899,251
517,516,road,,unknown,1.3798656985281899,251
518,519,road,,unknown,1.3777421735197264,252
519,518,road,,unknown,1.3777421735197264,252
520,521,road,,unknown,1.3784727825247536,253
521,520,road,,unknown,1.3784727825247536,253
522,523,road,,unknown,1.3803135641693784,254
523,522,road,,unknown,1.3803135641693784,254
524,525,road,,unknown,1.3807281421290836,255
525,524,road,,unknown,1.3807281421290836,255
526,527,road,,unknown,1.3784063572602911,256
527,526,road,,unknown,1.3784063572602911,256
151,529,road,,unknown,1.377820745903879,257
529,151,road,,unknown,1.377820745903879,257
530,531,road,,unknown,1.3779739191996672,258
531,530,road,,unknown,1.3779739191996672,258
532,533,road,,unknown,1.3717044270348666,259
533,532,road,,unknown,1.3717044270348666,259
534,535,road,,unknown,1.3794859724380666,260
535,534,road,,unknown,1.3794859724380666,260
536,537,road,,unknown,1.3755984347753225,261
537,536,road,,unknown,1.3755984347753225,261
538,539,road,,unknown,1.3796616505999169,262
539,538,road,,unknown,1.3796616505999169,262
540,541,road,,unknown,1.378210877146607,263
541,540,road,,unknown,1.378210877146607,263
542,543,road,,unknown,1.3781653918221475,264
543,542,road,,unknown,1.3781653918221475,264
544,545,road,,unknown,1.3770003077483581,265
545,544,road,,unknown,1.3770003077483581,265
546,547,road,,unknown,1.3811194759146812,266
547,546,road,,unknown,1.3811194759146812,266
548,549,road,,unknown,1.3789635923605128,267
549,548,road,,unknown,1.3789635923605128,267
550,551,road,,unknown,1.3789147751492667,268
551,550,road,,unknown,1.3789147751492667,268
552,553,road,,unknown,1.3758795681622342,269
553,552,road,,unknown,1.3758795681622342,269
554,555,road,,unknown,1.3772692822123238,270
555,554,road,,unknown,1.3772692822123238,270
544,557,road,,unknown,1.376506188452125,271
557,544,road,,unknown,1.376506188452125,271
558,559,road,,unknown,1.376898514599638,272
559,558,road,,unknown,1.376898514599638,272
71,561,road,,unknown,1.3765721746573483,273
561,71,road,,unknown,1.3765721746573483,273
522,563,road,,unknown,1.3768459722696365,274
563,522,road,,unknown,1.3768459722696365,274
548,565,road,,unknown,1.3779443863850116,275
565,548,road,,unknown,1.3779443863850116,275
233,567,road,,unknown,1.316963858323013,276
567,233,road,,unknown,1.316963858323013,276
568,569,road,,unknown,0.7311820121821977,277
569,568,road,,unknown,0.7311820121821977,277
235,571,road,,unknown,1.377438792785953,278
571,235,road,,unknown,1.377438792785953,278
550,573,road,,unknown,1.3777081733255605,279
573,550,road,,unknown,1.3777081733255605,279
574,575,road,,unknown,1.3777170697475216,280
575,574,road,,unknown,1.3777170697475216,280
69,577,road,,unknown,1.3777562289370622,281
577,69,road,,unknown,1.3777562289370622,281
526,579,road,,unknown,1.3778333550519133,282
579,526,road,,unknown,1.3778333550519133,282
540,581,road,,unknown,1.3776747115020338,283
581,540,road,,unknown,1.3776747115020338,283
582,583,road,,unknown,1.3786868943207649,284
583,582,road,,unknown,1.3786868943207649,284
436,585,road,,unknown,1.377411045157687,285
585,436,road,,unknown,1.377411045157687,285
586,587,road,,unknown,1.3781815531487678,286
587,586,road,,unknown,1.3781815531487678,286
588,589,road,,unknown,1.3775105391640596,287
589,588,road,,unknown,1.3775105391640596,287
590,591,road,,unknown,1.3790714001054836,288
591,590,road,,unknown,1.3790714001054836,288
592,593,road,,unknown,1.378820387977,289
593,592,road,,unknown,1.378820387977,289
422,595,road,,unknown,1.3782778754849354,290
595,422,road,,unknown,1.3782778754849354,290
596,597,road,,unknown,1.380042210285794,291
597,596,road,,unknown,1.380042210285794,291
598,599,road,,unknown,1.380308865760121,292
599,598,road,,unknown,1.380308865760121,292
600,601,road,,unknown,1.3789205175439783,293
601,600,road,,unknown,1.3789205175439783,293
410,603,road,,unknown,1.3773837239364333,294
603,410,road,,unknown,1.3773837239364333,294
458,605,road,,unknown,1.3790675968839896,295
605,458,road,,unknown,1.3790675968839896,295
590,607,road,,unknown,1.3775807160356204,296
607,590,road,,unknown,1.3775807160356204,296
109,609,road,,unknown,1.3800017015778574,297
609,109,road,,unknown,1.3800017015778574,297
448,611,road,,unknown,1.3799930501466888,298
611,448,road,,unknown,1.3799930501466888,298
612,613,road,,unknown,1.3778677879028718,299
613,612,road,,unknown,1.3778677879028718,299
416,615,road,,unknown,1.3805250050626372,300
615,416,road,,unknown,1.3805250050626372,300
616,617,road,,unknown,1.3805712476407779,301
617,616,road,,unknown,1.3805712476407779,301
420,619,road,,unknown,1.3787244898374067,302
619,420,road,,unknown,1.3787244898374067,302
620,621,road,,unknown,1.378719125752459,303
621,620,road,,unknown,1.378719125752459,303
622,623,road,,unknown,1.379031652196265,304
623,622,road,,unknown,1.379031652196265,304
624,625,road,,unknown,1.3795795487134535,305
625,624,road,,unknown,1.3795795487134535,305
245,627,road,,unknown,1.3737419308106984,306
627,245,road,,unknown,1.3737419308106984,306
628,629,road,,unknown,1.378923873072432,307
629,628,road,,unknown,1.378923873072432,307
630,631,road,,unknown,1.3721227108501848,308
631,630,road,,unknown,1.3721227108501848,308
67,633,road,,unknown,1.378127273311548,309
633,67,road,,unknown,1.378127273311548,309
279,635,road,,unknown,1.3753860921508223,310
635,279,road,,unknown,1.3753860921508223,310
313,637,road,,unknown,1.3720765281325573,311
637,313,road,,unknown,1.3720765281325573,311
359,639,road,,unknown,1.3747659432365962,312
639,359,road,,unknown,1.3747659432365962,312
640,641,road,,unknown,1.3746910151523777,313
641,640,road,,unknown,1.3746910151523777,313
642,643,road,,unknown,1.3747645712537084,314
643,642,road,,unknown,1.3747645712537084,314
644,645,road,,unknown,1.3731143787295705,315
645,644,road,,unknown,1.3731143787295705,315
646,647,road,,unknown,1.379375982055376,316
647,646,road,,unknown,1.379375982055376,316
648,649,road,,unknown,1.3776906767148778,317
649,648,road,,unknown,1.3776906767148778,317
359,360,road,,unknown,17.107266709356352,318
360,359,road,,unknown,17.107266709356352,318
653,654,road,,unknown,1.378954521282746,319
654,653,road,,unknown,1.378954521282746,319
646,656,road,,unknown,1.3769984487421099,320
656,646,road,,unknown,1.3769984487421099,320
648,658,road,,unknown,1.3745505079699034,321
658,648,road,,unknown,1.3745505079699034,321
568,660,road,,unknown,1.3793166077907906,322
660,568,road,,unknown,1.3793166077907906,322
77,662,road,,unknown,1.3778359148553816,323
662,77,road,,unknown,1.3778359148553816,323
663,664,road,,unknown,1.3778145606298524,324
664,663,road,,unknown,1.3778145606298524,324
665,666,road,,unknown,1.3746446912983425,325
666,665,road,,unknown,1.3746446912983425,325
667,668,road,,unknown,1.3812914648467072,326
668,667,road,,unknown,1.3812914648467072,326
669,670,road,,unknown,1.3801966713487837,327
670,669,road,,unknown,1.3801966713487837,327
671,672,road,,unknown,1.3720398576727695,328
672,671,road,,unknown,1.3720398576727695,328
247,674,road,,unknown,1.3721842033914524,329
674,247,road,,unknown,1.3721842033914524,329
628,676,road,,unknown,1.3758176282008867,330
676,628,road,,unknown,1.3758176282008867,330
376,678,road,,unknown,1.381360999645043,331
678,376,road,,unknown,1.381360999645043,331
568,680,road,,unknown,1.3777711885517863,332
680,568,road,,unknown,1.3777711885517863,332
681,682,road,,unknown,1.3777349755852053,333
682,681,road,,unknown,1.3777349755852053,333
115,684,road,,unknown,1.3756530200956734,334
684,115,road,,unknown,1.3756530200956734,334
398,686,road,,unknown,1.380059355972821,335
686,398,road,,unknown,1.380059355972821,335
428,688,road,,unknown,1.3740388855563734,336
688,428,road,,unknown,1.3740388855563734,336
689,690,road,,unknown,1.3748069610804772,337
690,689,road,,unknown,1.3748069610804772,337
691,692,road,,unknown,1.3724161688712784,338
692,691,road,,unknown,1.3724161688712784,338
199,694,road,,unknown,1.379626268949114,339
694,199,road,,unknown,1.379626268949114,339
199,696,road,,unknown,1.3784225456696255,340
696,199,road,,unknown,1.3784225456696255,340
205,698,road,,unknown,1.3809256383285622,341
698,205,road,,unknown,1.3809256383285622,341
197,700,road,,unknown,1.3814263609716098,342
700,197,road,,unknown,1.3814263609716098,342
691,702,road,,unknown,1.3737557645923826,343
702,691,road,,unknown,1.3737557645923826,343
257,704,road,,unknown,1.3737555800527101,344
704,257,road,,unknown,1.3737555800527101,344
705,706,road,,unknown,1.3734631457420319,345
706,705,road,,unknown,1.3734631457420319,345
382,708,road,,unknown,1.3799714031394554,346
708,382,road,,unknown,1.3799714031394554,346
709,710,road,,unknown,1.3754819096506923,347
710,709,road,,unknown,1.3754819096506923,347
534,712,road,,unknown,1.3793627265882513,348
712,534,road,,unknown,1.3793627265882513,348
195,714,road,,unknown,1.3734501598356437,349
714,195,road,,unknown,1.3734501598356437,349
554,716,road,,unknown,1.3734167904915706,350
716,554,road,,unknown,1.3734167904915706,350
263,718,road,,unknown,1.3719432916304302,351
718,263,road,,unknown,1.3719432916304302,351
247,720,road,,unknown,1.3720063796148936,352
720,247,road,,unknown,1.3720063796148936,352
721,722,road,,unknown,1.37159626588775,353
722,721,road,,unknown,1.37159626588775,353
723,724,road,,unknown,1.379641091609729,354
724,723,road,,unknown,1.379641091609729,354
508,726,road,,unknown,1.37962508068841,355
726,508,road,,unknown,1.37962508068841,355
91,728,road,,unknown,1.3796351386793988,356
728,91,road,,unknown,1.3796351386793988,356
729,730,road,,unknown,1.379065722032365,357
730,729,road,,unknown,1.379065722032365,357
731,732,road,,unknown,1.3794438553457176,358
732,731,road,,unknown,1.3794438553457176,358
301,734,road,,unknown,1.3764885715641049,359
734,301,road,,unknown,1.3764885715641049,359
25,736,road,,unknown,1.3735948740454413,360
736,25,road,,unknown,1.3735948740454413,360
17,738,road,,unknown,1.3740850293870273,361
738,17,road,,unknown,1.3740850293870273,361
739,740,road,,unknown,1.3739023318856267,362
740,739,road,,unknown,1.3739023318856267,362
741,742,road,,unknown,1.3782710914006742,363
742,741,road,,unknown,1.3782710914006742,363
743,744,road,,unknown,1.3770602525836335,364
744,743,road,,unknown,1.3770602525836335,364
745,746,road,,unknown,1.3803779206793525,365
746,745,road,,unknown,1.3803779206793525,365
741,748,road,,unknown,1.3804079114401406,366
748,741,road,,unknown,1.3804079114401406,366
749,750,road,,unknown,1.3788997566542416,367
750,749,road,,unknown,1.3788997566542416,367
751,752,road,,unknown,1.380518118186204,368
752,751,road,,unknown,1.380518118186204,368
663,754,road,,unknown,1.37793660442968,369
754,663,road,,unknown,1.37793660442968,369
755,756,road,,unknown,1.3783617138419497,370
756,755,road,,unknown,1.3783617138419497,370
757,758,road,,unknown,1.3774269773309087,371
758,757,road,,unknown,1.3774269773309087,371
759,760,road,,unknown,1.3719349804158487,372
760,759,road,,unknown,1.3719349804158487,372
755,762,road,,unknown,1.3788587634909486,373
762,755,road,,unknown,1.3788587634909486,373
763,764,road,,unknown,1.3776362899198114,374
764,763,road,,unknown,1.3776362899198114,374
765,766,road,,unknown,1.3766901407507621,375
766,765,road,,unknown,1.3766901407507621,375
757,768,road,,unknown,1.373805430129161,376
768,757,road,,unknown,1.373805430129161,376
763,770,road,,unknown,1.3777939515240523,377
770,763,road,,unknown,1.3777939515240523,377
759,772,road,,unknown,1.3781856804968382,378
772,759,road,,unknown,1.3781856804968382,378
759,774,road,,unknown,1.3788954139345808,379
774,759,road,,unknown,1.3788954139345808,379
775,776,road,,unknown,1.3799057198795248,380
776,775,road,,unknown,1.3799057198795248,380
285,778,road,,unknown,1.3758933921719523,381
778,285,road,,unknown,1.3758933921719523,381
779,780,road,,unknown,1.3795563128088577,382
780,779,road,,unknown,1.3795563128088577,382
775,782,road,,unknown,1.3786967945296396,383
782,775,road,,unknown,1.3786967945296396,383
779,784,road,,unknown,1.376767980523286,384
784,779,road,,unknown,1.376767980523286,384
785,786,road,,unknown,1.375169637642897,385
786,785,road,,unknown,1.375169637642897,385
667,788,road,,unknown,1.3734629445348128,386
788,667,road,,unknown,1.3734629445348128,386
789,790,road,,unknown,1.3770260488823485,387
790,789,road,,unknown,1.3770260488823485,387
293,792,road,,unknown,1.3771699495450602,388
792,293,road,,unknown,1.3771699495450602,388
793,794,road,,unknown,1.3808842468001972,389
794,793,road,,unknown,1.3808842468001972,389
795,796,road,,unknown,1.3808926972447164,390
796,795,road,,unknown,1.3808926972447164,390
797,798,road,,unknown,1.3762959056925608,391
798,797,road,,unknown,1.3762959056925608,391
721,800,road,,unknown,1.3763903778295699,392
800,721,road,,unknown,1.3763903778295699,392
81,802,road,,unknown,1.3793307962520793,393
802,81,road,,unknown,1.3793307962520793,393
83,804,road,,unknown,1.3783678893328533,394
804,83,road,,unknown,1.3783678893328533,394
669,806,road,,unknown,1.376892627221963,395
806,669,road,,unknown,1.376892627221963,395
620,808,road,,unknown,1.3794593195276483,396
808,620,road,,unknown,1.3794593195276483,396
809,810,road,,unknown,1.379508744626419,397
810,809,road,,unknown,1.379508744626419,397
811,812,road,,unknown,1.3794573874277274,398
812,811,road,,unknown,1.3794573874277274,398
813,814,road,,unknown,1.3793607756089594,399
814,813,road,,unknown,1.3793607756089594,399
815,816,road,,unknown,1.376585648051421,400
816,815,road,,unknown,1.376585648051421,400
817,818,road,,unknown,1.376637577065763,401
818,817,road,,unknown,1.376637577065763,401
819,820,road,,unknown,1.3765222265146122,402
820,819,road,,unknown,1.3765222265146122,402
821,822,road,,unknown,1.3765609930663325,403
822,821,road,,unknown,1.3765609930663325,403
813,824,road,,unknown,1.380171323569023,404
824,813,road,,unknown,1.380171323569023,404
811,826,road,,unknown,1.3809601981632087,405
826,811,road,,unknown,1.3809601981632087,405
827,828,road,,unknown,1.3792047958675662,406
828,827,road,,unknown,1.3792047958675662,406
486,830,road,,unknown,1.3780159799797054,407
830,486,road,,unknown,1.3780159799797054,407
482,832,road,,unknown,1.3781833158826078,408
832,482,road,,unknown,1.3781833158826078,408
480,834,road,,unknown,1.3779090695578453,409
834,480,road,,unknown,1.3779090695578453,409
478,836,road,,unknown,1.3760454713838925,410
836,478,road,,unknown,1.3760454713838925,410
837,838,road,,unknown,1.3752140201351333,411
838,837,road,,unknown,1.3752140201351333,411
476,840,road,,unknown,1.3761360684577846,412
840,476,road,,unknown,1.3761360684577846,412
39,842,road,,unknown,1.3764573293735345,413
842,39,road,,unknown,1.3764573293735345,413
843,844,road,,unknown,1.3761733366478248,414
844,843,road,,unknown,1.3761733366478248,414
845,846,road,,unknown,1.3752929053466125,415
846,845,road,,unknown,1.3752929053466125,415
87,848,road,,unknown,1.376148463755323,416
848,87,road,,unknown,1.376148463755323,416
849,850,road,,unknown,1.3754691274073032,417
850,849,road,,unknown,1.3754691274073032,417
851,852,road,,unknown,1.38014300784121,418
852,851,road,,unknown,1.38014300784121,418
137,854,road,,unknown,1.3758603827432019,419
854,137,road,,unknown,1.3758603827432019,419
61,856,road,,unknown,1.374480930568335,420
856,61,road,,unknown,1.374480930568335,420
857,858,road,,unknown,1.372100339846654,421
858,857,road,,unknown,1.372100339846654,421
119,860,road,,unknown,1.377490593754833,422
860,119,road,,unknown,1.377490593754833,422
861,862,road,,unknown,1.3775911560790837,423
862,861,road,,unknown,1.3775911560790837,423
530,864,road,,unknown,1.377785854429384,424
864,530,road,,unknown,1.377785854429384,424
709,866,road,,unknown,1.377719712958623,425
866,709,road,,unknown,1.377719712958623,425
653,868,road,,unknown,1.3793906410640109,426
868,653,road,,unknown,1.3793906410640109,426
327,870,road,,unknown,1.3784554688516086,427
870,327,road,,unknown,1.3784554688516086,427
871,872,road,,unknown,1.378321894179101,428
872,871,road,,unknown,1.378321894179101,428
873,5,road,,unknown,1.3446408906336125,429
5,873,road,,unknown,1.3446408906336125,429
5,876,road,,unknown,1.3744489149169572,430
876,5,road,,unknown,1.3744489149169572,430
9,878,road,,unknown,1.3752288271177715,431
878,9,road,,unknown,1.3752288271177715,431
879,880,road,,unknown,1.378160183834943,432
880,879,road,,unknown,1.378160183834943,432
881,882,road,,unknown,1.3779550847753115,433
882,881,road,,unknown,1.3779550847753115,433
47,884,road,,unknown,1.3781748582154705,434
884,47,road,,unknown,1.3781748582154705,434
885,886,road,,unknown,1.3779377443690033,435
886,885,road,,unknown,1.3779377443690033,435
291,888,road,,unknown,1.3781464626367865,436
888,291,road,,unknown,1.3781464626367865,436
490,890,road,,unknown,1.3781683032640422,437
890,490,road,,unknown,1.3781683032640422,437
891,892,road,,unknown,1.3755148175873742,438
892,891,road,,unknown,1.3755148175873742,438
893,894,road,,unknown,1.3749324347913967,439
894,893,road,,unknown,1.3749324347913967,439
895,896,road,,unknown,1.3777271523212327,440
896,895,road,,unknown,1.3777271523212327,440
897,898,road,,unknown,1.3777115456803108,441
898,897,road,,unknown,1.3777115456803108,441
899,900,road,,unknown,1.37813554557623,442
900,899,road,,unknown,1.37813554557623,442
97,902,road,,unknown,1.3777148793178189,443
902,97,road,,unknown,1.3777148793178189,443
895,904,road,,unknown,1.3806203009708973,444
904,895,road,,unknown,1.3806203009708973,444
905,906,road,,unknown,1.3767995985676804,445
906,905,road,,unknown,1.3767995985676804,445
269,908,road,,unknown,1.3775440111302875,446
908,269,road,,unknown,1.3775440111302875,446
793,910,road,,unknown,1.3773579315172948,447
910,793,road,,unknown,1.3773579315172948,447
911,912,road,,unknown,1.3772357315173642,448
912,911,road,,unknown,1.3772357315173642,448
518,914,road,,unknown,1.1700873117716928,449
914,518,road,,unknown,1.1700873117716928,449
915,916,road,,unknown,0.48088728500496153,450
916,915,road,,unknown,0.48088728500496153,450
916,918,road,,unknown,1.3715483424146266,451
918,916,road,,unknown,1.3715483424146266,451
919,921,road,,unknown,1.3806993705884978,452
921,919,road,,unknown,1.3806993705884978,452
916,923,road,,unknown,1.3806639647742798,453
923,916,road,,unknown,1.3806639647742798,453
819,925,road,,unknown,1.2429038517356283,454
925,819,road,,unknown,1.2429038517356283,454
926,928,road,,unknown,1.3771590955573607,455
928,926,road,,unknown,1.3771590955573607,455
418,930,road,,unknown,1.3790874126366712,456
930,418,road,,unknown,1.3790874126366712,456
931,932,road,,unknown,0.5067922772196659,457
932,931,road,,unknown,0.5067922772196659,457
931,934,road,,unknown,1.376998587703479,458
934,931,road,,unknown,1.376998587703479,458
809,936,road,,unknown,1.3800949554581128,459
936,809,road,,unknown,1.3800949554581128,459
937,939,road,,unknown,1.3827202510510224,460
939,937,road,,unknown,1.3827202510510224,460
789,941,road,,unknown,1.3777778292648541,461
941,789,road,,unknown,1.3777778292648541,461
123,943,road,,unknown,1.3810121471428567,462
943,123,road,,unknown,1.3810121471428567,462
2,945,road,,unknown,11.41822631746988,463
945,2,road,,unknown,11.41822631746988,463
945,3,road,,unknown,1.3791210582490305,464
3,945,road,,unknown,1.3791210582490305,464
4,950,road,,unknown,21.20319722807299,465
950,4,road,,unknown,21.20319722807299,465
950,5,road,,unknown,1.3751902812066883,466
5,950,road,,unknown,1.3751902812066883,466
6,954,road,,unknown,2.625406751376712,467
954,6,road,,unknown,2.625406751376712,467
954,177,road,,unknown,1.3788770057114668,468
177,954,road,,unknown,1.3788770057114668,468
8,958,road,,unknown,2.5284036110423225,469
958,8,road,,unknown,2.5284036110423225,469
958,9,road,,unknown,1.3760345656116937,470
9,958,road,,unknown,1.3760345656116937,470
10,963,road,,unknown,21.423707476214656,471
963,10,road,,unknown,21.423707476214656,471
963,11,road,,unknown,1.3759718601563509,472
11,963,road,,unknown,1.3759718601563509,472
12,967,road,,unknown,5.249151853994973,473
967,12,road,,unknown,5.249151853994973,473
967,13,road,,unknown,1.3763058886678299,474
13,967,road,,unknown,1.3763058886678299,474
14,971,road,,unknown,4.5917356820521835,475
971,14,road,,unknown,4.5917356820521835,475
971,352,road,,unknown,1.3769105262517671,476
352,971,road,,unknown,1.3769105262517671,476
16,975,road,,unknown,15.622045209513317,477
975,16,road,,unknown,15.622045209513317,477
975,17,road,,unknown,1.3745504815827292,478
17,975,road,,unknown,1.3745504815827292,478
18,979,road,,unknown,0.9713021187144325,479
979,18,road,,unknown,0.9713021187144325,479
979,19,road,,unknown,1.3764520279323322,480
19,979,road,,unknown,1.3764520279323322,480
20,983,road,,unknown,7.22929902131838,481
983,20,road,,unknown,7.22929902131838,481
983,21,road,,unknown,1.376317306655231,482
21,983,road,,unknown,1.376317306655231,482
22,987,road,,unknown,8.304070924277537,483
987,22,road,,unknown,8.304070924277537,483
987,23,road,,unknown,1.378656808606139,484
23,987,road,,unknown,1.378656808606139,484
24,991,road,,unknown,1.0805540404409508,485
991,24,road,,unknown,1.0805540404409508,485
991,25,road,,unknown,1.378975111505033,486
25,991,road,,unknown,1.378975111505033,486
26,995,road,,unknown,5.910499190114687,487
995,26,road,,unknown,5.910499190114687,487
995,27,road,,unknown,1.3789579237637988,488
27,995,road,,unknown,1.3789579237637988,488
28,999,road,,unknown,5.7336379200586975,489
999,28,road,,unknown,5.7336379200586975,489
999,170,road,,unknown,1.3810866949296474,490
170,999,road,,unknown,1.3810866949296474,490
30,1003,road,,unknown,96.12873344691529,491
1003,30,road,,unknown,96.12873344691529,491
1003,31,road,,unknown,1.3776525548306526,492
31,1003,road,,unknown,1.3776525548306526,492
32,1008,road,,unknown,74.57371515853004,493
1008,32,road,,unknown,74.57371515853004,493
1008,33,road,,unknown,1.3814179712668444,494
33,1008,road,,unknown,1.3814179712668444,494
34,1012,road,,unknown,17.03916757437188,495
1012,34,road,,unknown,17.03916757437188,495
1012,35,road,,unknown,1.3784847872889765,496
35,1012,road,,unknown,1.3784847872889765,496
36,1016,road,,unknown,24.11822208764515,497
1016,36,road,,unknown,24.11822208764515,497
1016,171,road,,unknown,1.380026607030914,498
171,1016,road,,unknown,1.380026607030914,498
38,1020,road,,unknown,4.037795764990518,499
1020,38,road,,unknown,4.037795764990518,499
1021,1022,road,,unknown,3.765549339290498,500
1022,1021,road,,unknown,3.765549339290498,500
1022,37,road,,unknown,1.3803220213588854,501
37,1022,road,,unknown,1.3803220213588854,501
40,1027,road,,unknown,10.175888944551469,502
1027,40,road,,unknown,10.175888944551469,502
1027,41,road,,unknown,1.3788961748682067,503
41,1027,road,,unknown,1.3788961748682067,503
42,1031,road,,unknown,2.050305323138824,504
1031,42,road,,unknown,2.050305323138824,504
1031,43,road,,unknown,1.3773372206423338,505
43,1031,road,,unknown,1.3773372206423338,505
44,1036,road,,unknown,64.25523941638866,506
1036,44,road,,unknown,64.25523941638866,506
1036,45,road,,unknown,1.3740915926870183,507
45,1036,road,,unknown,1.3740915926870183,507
46,1040,road,,unknown,9.597029058957945,508
1040,46,road,,unknown,9.597029058957945,508
1040,47,road,,unknown,1.3785297808248869,509
47,1040,road,,unknown,1.3785297808248869,509
48,1044,road,,unknown,41.17631956188211,510
1044,48,road,,unknown,41.17631956188211,510
1044,49,road,,unknown,1.3785605635742586,511
49,1044,road,,unknown,1.3785605635742586,511
50,1048,road,,unknown,22.17677620332607,512
1048,50,road,,unknown,22.17677620332607,512
1048,51,road,,unknown,1.378509072719704,513
51,1048,road,,unknown,1.378509072719704,513
52,1056,road,,unknown,38.72498967765047,514
1056,52,road,,unknown,38.72498967765047,514
1056,53,road,,unknown,1.3730845071378754,515
53,1056,road,,unknown,1.3730845071378754,515
54,1060,road,,unknown,2.353415318010081,516
1060,54,road,,unknown,2.353415318010081,516
1060,338,road,,unknown,1.3717409701344951,517
338,1060,road,,unknown,1.3717409701344951,517
56,1065,road,,unknown,22.60019047578805,518
1065,56,road,,unknown,22.60019047578805,518
1065,57,road,,unknown,1.3745246956300388,519
57,1065,road,,unknown,1.3745246956300388,519
58,1076,road,,unknown,126.17564049177203,520
1076,58,road,,unknown,126.17564049177203,520
1076,311,road,,unknown,1.375930814043682,521
311,1076,road,,unknown,1.375930814043682,521
1079,1081,road,,unknown,100.89381629866449,522
1081,1079,road,,unknown,100.89381629866449,522
1081,245,road,,unknown,1.3797507802909004,523
245,1081,road,,unknown,1.3797507802909004,523
60,1088,road,,unknown,113.13045016192089,524
1088,60,road,,unknown,113.13045016192089,524
62,1090,road,,unknown,6.080130280886775,525
1090,62,road,,unknown,6.080130280886775,525
1090,19,road,,unknown,1.3736402425130112,526
19,1090,road,,unknown,1.3736402425130112,526
64,1094,road,,unknown,5.446817403044208,527
1094,64,road,,unknown,5.446817403044208,527
1094,23,road,,unknown,1.3736586135696487,528
23,1094,road,,unknown,1.3736586135696487,528
66,1098,road,,unknown,3.712476226045476,529
1098,66,road,,unknown,3.712476226045476,529
1098,729,road,,unknown,1.373650555672844,530
729,1098,road,,unknown,1.373650555672844,530
68,1110,road,,unknown,262.550328557988,531
1110,68,road,,unknown,262.550328557988,531
1110,69,road,,unknown,1.380620110204474,532
69,1110,road,,unknown,1.380620110204474,532
70,1116,road,,unknown,44.88389441275082,533
1116,70,road,,unknown,44.88389441275082,533
1116,71,road,,unknown,1.3776100540945553,534
71,1116,road,,unknown,1.3776100540945553,534
72,1120,road,,unknown,50.79668503416283,535
1120,72,road,,unknown,50.79668503416283,535
74,1122,road,,unknown,16.56308668906882,536
1122,74,road,,unknown,16.56308668906882,536
76,1124,road,,unknown,43.4067900580094,537
1124,76,road,,unknown,43.4067900580094,537
1124,77,road,,unknown,1.3802031486287247,538
77,1124,road,,unknown,1.3802031486287247,538
78,1128,road,,unknown,59.18919219592201,539
1128,78,road,,unknown,59.18919219592201,539
1128,1130,road,,unknown,1.3810211815089468,540
1130,1128,road,,unknown,1.3810211815089468,540
80,1132,road,,unknown,13.114947172666682,541
1132,80,road,,unknown,13.114947172666682,541
1132,81,road,,unknown,1.3802224016439086,542
81,1132,road,,unknown,1.3802224016439086,542
82,1136,road,,unknown,18.748092740595855,543
1136,82,road,,unknown,18.748092740595855,543
1136,83,road,,unknown,1.3803897777956746,544
83,1136,road,,unknown,1.3803897777956746,544
84,1140,road,,unknown,12.388025710920896,545
1140,84,road,,unknown,12.388025710920896,545
1140,669,road,,unknown,1.380291787216337,546
669,1140,road,,unknown,1.380291787216337,546
1143,1144,road,,unknown,53.8412324079593,547
1144,1143,road,,unknown,53.8412324079593,547
1144,85,road,,unknown,1.377658827621568,548
85,1144,road,,unknown,1.377658827621568,548
86,1149,road,,unknown,45.8983656902719,549
1149,86,road,,unknown,45.8983656902719,549
1149,87,road,,unknown,1.379303962789205,550
87,1149,road,,unknown,1.379303962789205,550
88,1153,road,,unknown,12.291334157045677,551
1153,88,road,,unknown,12.291334157045677,551
1153,33,road,,unknown,1.3769850705044588,552
33,1153,road,,unknown,1.3769850705044588,552
90,1158,road,,unknown,3.679961882107472,553
1158,90,road,,unknown,3.679961882107472,553
1158,91,road,,unknown,1.3761074222363339,554
91,1158,road,,unknown,1.3761074222363339,554
92,1162,road,,unknown,1.1885847108648253,555
1162,92,road,,unknown,1.1885847108648253,555
1162,129,road,,unknown,1.3769714627054028,556
129,1162,road,,unknown,1.3769714627054028,556
94,1166,road,,unknown,57.40673354883513,557
1166,94,road,,unknown,57.40673354883513,557
96,1168,road,,unknown,9.922593550281501,558
1168,96,road,,unknown,9.922593550281501,558
1168,97,road,,unknown,1.3763433244064132,559
97,1168,road,,unknown,1.3763433244064132,559
98,1172,road,,unknown,0.8746849290594834,560
1172,98,road,,unknown,0.8746849290594834,560
1172,99,road,,unknown,1.3764309849287488,561
99,1172,road,,unknown,1.3764309849287488,561
100,1176,road,,unknown,1.8851200471540666,562
1176,100,road,,unknown,1.8851200471540666,562
1176,101,road,,unknown,1.3809495770585236,563
101,1176,road,,unknown,1.3809495770585236,563
102,1180,road,,unknown,25.6825527361541,564
1180,102,road,,unknown,25.6825527361541,564
1180,103,road,,unknown,1.3810788046684888,565
103,1180,road,,unknown,1.3810788046684888,565
104,1184,road,,unknown,25.73951051470742,566
1184,104,road,,unknown,25.73951051470742,566
1184,105,road,,unknown,1.3810775998879148,567
105,1184,road,,unknown,1.3810775998879148,567
106,1189,road,,unknown,25.53218008350406,568
1189,106,road,,unknown,25.53218008350406,568
1189,107,road,,unknown,1.380321279326739,569
107,1189,road,,unknown,1.380321279326739,569
108,1193,road,,unknown,25.58404329402552,570
1193,108,road,,unknown,25.58404329402552,570
1193,502,road,,unknown,1.3803793986182293,571
502,1193,road,,unknown,1.3803793986182293,571
110,1199,road,,unknown,13.293569662049967,572
1199,110,road,,unknown,13.293569662049967,572
1199,111,road,,unknown,1.3819989636165109,573
111,1199,road,,unknown,1.3819989636165109,573
112,1203,road,,unknown,134.27884665432376,574
1203,112,road,,unknown,134.27884665432376,574
1203,113,road,,unknown,1.3778597910386263,575
113,1203,road,,unknown,1.3778597910386263,575
114,1208,road,,unknown,39.38500613959089,576
1208,114,road,,unknown,39.38500613959089,576
1208,181,road,,unknown,1.373564066161518,577
181,1208,road,,unknown,1.373564066161518,577
116,1212,road,,unknown,7.42447251694058,578
1212,116,road,,unknown,7.42447251694058,578
1212,117,road,,unknown,1.3766329261641421,579
117,1212,road,,unknown,1.3766329261641421,579
118,1217,road,,unknown,17.013671773828296,580
1217,118,road,,unknown,17.013671773828296,580
1217,119,road,,unknown,1.3802277458189613,581
119,1217,road,,unknown,1.3802277458189613,581
120,1227,road,,unknown,97.05069161665088,582
1227,120,road,,unknown,97.05069161665088,582
1227,689,road,,unknown,1.3775942600490367,583
689,1227,road,,unknown,1.3775942600490367,583
122,1231,road,,unknown,10.234961273437706,584
1231,122,road,,unknown,10.234961273437706,584
1231,183,road,,unknown,1.374342879530781,585
183,1231,road,,unknown,1.374342879530781,585
124,1235,road,,unknown,28.325946632832874,586
1235,124,road,,unknown,28.325946632832874,586
1235,1237,road,,unknown,1.3794739078898144,587
1237,1235,road,,unknown,1.3794739078898144,587
1238,1242,road,,unknown,71.66972630251041,588
1242,1238,road,,unknown,71.66972630251041,588
1242,125,road,,unknown,1.3796866241000991,589
125,1242,road,,unknown,1.3796866241000991,589
126,1246,road,,unknown,14.436538084460956,590
1246,126,road,,unknown,14.436538084460956,590
1246,85,road,,unknown,1.3806152056716594,591
85,1246,road,,unknown,1.3806152056716594,591
128,1250,road,,unknown,18.64716676329629,592
1250,128,road,,unknown,18.64716676329629,592
1250,1252,road,,unknown,1.3782959713806737,593
1252,1250,road,,unknown,1.3782959713806737,593
130,1254,road,,unknown,34.7532714130041,594
1254,130,road,,unknown,34.7532714130041,594
1254,93,road,,unknown,1.379033637375467,595
93,1254,road,,unknown,1.379033637375467,595
132,1258,road,,unknown,21.335565504602176,596
1258,132,road,,unknown,21.335565504602176,596
1258,133,road,,unknown,1.3753029286226488,597
133,1258,road,,unknown,1.3753029286226488,597
134,1262,road,,unknown,22.044283854388702,598
1262,134,road,,unknown,22.044283854388702,598
1262,1264,road,,unknown,1.3736002048201665,599
1264,1262,road,,unknown,1.3736002048201665,599
136,1266,road,,unknown,9.457388882467612,600
1266,136,road,,unknown,9.457388882467612,600
1266,137,road,,unknown,1.373288796227827,601
137,1266,road,,unknown,1.373288796227827,601
138,1272,road,,unknown,99.38860781502724,602
1272,138,road,,unknown,99.38860781502724,602
1272,1274,road,,unknown,1.379153826814259,603
1274,1272,road,,unknown,1.379153826814259,603
140,1276,road,,unknown,20.863709231094138,604
1276,140,road,,unknown,20.863709231094138,604
1276,141,road,,unknown,1.3735154399740483,605
141,1276,road,,unknown,1.3735154399740483,605
142,1283,road,,unknown,67.3963691322075,606
1283,142,road,,unknown,67.3963691322075,606
1283,1285,road,,unknown,1.3760352525506248,607
1285,1283,road,,unknown,1.3760352525506248,607
144,1287,road,,unknown,19.89364050872727,608
1287,144,road,,unknown,19.89364050872727,608
1287,145,road,,unknown,1.3726712640462904,609
145,1287,road,,unknown,1.3726712640462904,609
146,1291,road,,unknown,28.37683291209239,610
1291,146,road,,unknown,28.37683291209239,610
1291,1293,road,,unknown,1.3761659810892903,611
1293,1291,road,,unknown,1.3761659810892903,611
1294,1295,road,,unknown,105.70157816150905,612
1295,1294,road,,unknown,105.70157816150905,612
1295,261,road,,unknown,1.3827872817039724,613
261,1295,road,,unknown,1.3827872817039724,613
148,1299,road,,unknown,38.59520940673565,614
1299,148,road,,unknown,38.59520940673565,614
1299,77,road,,unknown,1.3796982836407468,615
77,1299,road,,unknown,1.3796982836407468,615
150,1304,road,,unknown,99.04109171959325,616
1304,150,road,,unknown,99.04109171959325,616
1304,151,road,,unknown,1.3789980676417966,617
151,1304,road,,unknown,1.3789980676417966,617
152,1310,road,,unknown,43.528238554487686,618
1310,152,road,,unknown,43.528238554487686,618
1310,153,road,,unknown,1.3787389134468766,619
153,1310,road,,unknown,1.3787389134468766,619
154,1314,road,,unknown,40.367442155464964,620
1314,154,road,,unknown,40.367442155464964,620
1314,155,road,,unknown,1.3781172421783734,621
155,1314,road,,unknown,1.3781172421783734,621
156,1318,road,,unknown,9.50989640000982,622
1318,156,road,,unknown,9.50989640000982,622
1318,157,road,,unknown,1.3777661678953048,623
157,1318,road,,unknown,1.3777661678953048,623
158,1322,road,,unknown,9.244045419272435,624
1322,158,road,,unknown,9.244045419272435,624
1322,159,road,,unknown,1.3809911568898399,625
159,1322,road,,unknown,1.3809911568898399,625
160,1326,road,,unknown,38.95795687318667,626
1326,160,road,,unknown,38.95795687318667,626
1326,161,road,,unknown,1.3791222756649033,627
161,1326,road,,unknown,1.3791222756649033,627
162,1330,road,,unknown,26.58873559798111,628
1330,162,road,,unknown,26.58873559798111,628
164,1332,road,,unknown,52.1869293094063,629
1332,164,road,,unknown,52.1869293094063,629
1332,630,road,,unknown,1.3722851914775072,630
630,1332,road,,unknown,1.3722851914775072,630
166,1338,road,,unknown,56.34008163615078,631
1338,166,road,,unknown,56.34008163615078,631
1338,163,road,,unknown,1.3722472973264201,632
163,1338,road,,unknown,1.3722472973264201,632
172,1342,road,,unknown,20.70919710609782,633
1342,172,road,,unknown,20.70919710609782,633
1342,37,road,,unknown,1.3776145093619603,634
37,1342,road,,unknown,1.3776145093619603,634
1345,1346,road,,unknown,68.43985454209493,635
1346,1345,road,,unknown,68.43985454209493,635
1346,173,road,,unknown,1.3800192815879153,636
173,1346,road,,unknown,1.3800192815879153,636
174,1350,road,,unknown,4.447712199453873,637
1350,174,road,,unknown,4.447712199453873,637
1350,175,road,,unknown,1.38012076705241,638
175,1350,road,,unknown,1.38012076705241,638
176,1354,road,,unknown,21.81688056591851,639
1354,176,road,,unknown,21.81688056591851,639
1354,390,road,,unknown,1.3799933527291934,640
390,1354,road,,unknown,1.3799933527291934,640
178,1363,road,,unknown,184.56970778479277,641
1363,178,road,,unknown,184.56970778479277,641
1363,179,road,,unknown,1.377920618615653,642
179,1363,road,,unknown,1.377920618615653,642
180,1370,road,,unknown,32.528317129737005,643
1370,180,road,,unknown,32.528317129737005,643
1370,109,road,,unknown,1.3756471121014315,644
109,1370,road,,unknown,1.3756471121014315,644
182,1376,road,,unknown,29.83350242211396,645
1376,182,road,,unknown,29.83350242211396,645
1376,183,road,,unknown,1.3772577627280889,646
183,1376,road,,unknown,1.3772577627280889,646
184,1380,road,,unknown,32.17703541715446,647
1380,184,road,,unknown,32.17703541715446,647
1380,7,road,,unknown,1.376329034266479,648
7,1380,road,,unknown,1.376329034266479,648
186,1384,road,,unknown,2.474368410445786,649
1384,186,road,,unknown,2.474368410445786,649
1384,187,road,,unknown,1.3766632147412285,650
187,1384,road,,unknown,1.3766632147412285,650
188,1389,road,,unknown,41.84094322977744,651
1389,188,road,,unknown,41.84094322977744,651
1389,189,road,,unknown,1.3777716336769736,652
189,1389,road,,unknown,1.3777716336769736,652
190,1393,road,,unknown,4.736233292127581,653
1393,190,road,,unknown,4.736233292127581,653
1393,245,road,,unknown,1.3747048686974948,654
245,1393,road,,unknown,1.3747048686974948,654
192,1397,road,,unknown,50.449423630761544,655
1397,192,road,,unknown,50.449423630761544,655
1397,364,road,,unknown,1.3722694612020696,656
364,1397,road,,unknown,1.3722694612020696,656
194,1402,road,,unknown,29.783793766218928,657
1402,194,road,,unknown,29.783793766218928,657
1402,1404,road,,unknown,1.3813321906812381,658
1404,1402,road,,unknown,1.3813321906812381,658
196,1406,road,,unknown,12.505005984758997,659
1406,196,road,,unknown,12.505005984758997,659
1406,197,road,,unknown,1.3755484756852168,660
197,1406,road,,unknown,1.3755484756852168,660
198,1411,road,,unknown,17.2249168008041,661
1411,198,road,,unknown,17.2249168008041,661
1411,199,road,,unknown,1.379690139226726,662
199,1411,road,,unknown,1.379690139226726,662
200,1415,road,,unknown,34.03122907682511,663
1415,200,road,,unknown,34.03122907682511,663
1415,155,road,,unknown,1.3780626618466,664
155,1415,road,,unknown,1.3780626618466,664
202,1419,road,,unknown,13.52404774162586,665
1419,202,road,,unknown,13.52404774162586,665
1419,203,road,,unknown,1.377834582363754,666
203,1419,road,,unknown,1.377834582363754,666
204,1423,road,,unknown,0.35841793812966877,667
1423,204,road,,unknown,0.35841793812966877,667
1423,205,road,,unknown,1.0196947745599523,668
205,1423,road,,unknown,1.0196947745599523,668
206,1427,road,,unknown,31.6333040744172,669
1427,206,road,,unknown,31.6333040744172,669
1427,159,road,,unknown,1.3783061807385364,670
159,1427,road,,unknown,1.3783061807385364,670
208,1431,road,,unknown,7.442652099956219,671
1431,208,road,,unknown,7.442652099956219,671
1431,209,road,,unknown,1.3788704465048334,672
209,1431,road,,unknown,1.3788704465048334,672
210,1435,road,,unknown,7.381725152263624,673
1435,210,road,,unknown,7.381725152263624,673
1435,1437,road,,unknown,1.3771760126837933,674
1437,1435,road,,unknown,1.3771760126837933,674
212,1439,road,,unknown,8.762048217877668,675
1439,212,road,,unknown,8.762048217877668,675
1439,213,road,,unknown,1.3780111326683133,676
213,1439,road,,unknown,1.3780111326683133,676
214,1443,road,,unknown,6.021586743571185,677
1443,214,road,,unknown,6.021586743571185,677
1443,1445,road,,unknown,1.3771242582830623,678
1445,1443,road,,unknown,1.3771242582830623,678
1446,1447,road,,unknown,11.48567253586939,679
1447,1446,road,,unknown,11.48567253586939,679
1447,215,road,,unknown,1.3761729455457885,680
215,1447,road,,unknown,1.3761729455457885,680
216,1452,road,,unknown,19.284372059526625,681
1452,216,road,,unknown,19.284372059526625,681
1452,213,road,,unknown,1.3795433102600732,682
213,1452,road,,unknown,1.3795433102600732,682
218,1456,road,,unknown,30.65080904463394,683
1456,218,road,,unknown,30.65080904463394,683
1456,161,road,,unknown,1.3786868416536722,684
161,1456,road,,unknown,1.3786868416536722,684
220,1461,road,,unknown,63.6157877539783,685
1461,220,road,,unknown,63.6157877539783,685
1461,197,road,,unknown,1.3809558930026502,686
197,1461,road,,unknown,1.3809558930026502,686
222,1465,road,,unknown,40.649572195568155,687
1465,222,road,,unknown,40.649572195568155,687
1465,223,road,,unknown,1.3788430311415039,688
223,1465,road,,unknown,1.3788430311415039,688
224,1469,road,,unknown,32.198626167059025,689
1469,224,road,,unknown,32.198626167059025,689
1469,1471,road,,unknown,1.3800616324404462,690
1471,1469,road,,unknown,1.3800616324404462,690
226,1473,road,,unknown,1.1024846634750416,691
1473,226,road,,unknown,1.1024846634750416,691
1473,223,road,,unknown,1.3778082826737759,692
223,1473,road,,unknown,1.3778082826737759,692
228,1478,road,,unknown,20.692681085795652,693
1478,228,road,,unknown,20.692681085795652,693
1478,209,road,,unknown,1.3767931303887722,694
209,1478,road,,unknown,1.3767931303887722,694
230,1482,road,,unknown,30.849099527200707,695
1482,230,road,,unknown,30.849099527200707,695
1482,153,road,,unknown,1.3783343450592889,696
153,1482,road,,unknown,1.3783343450592889,696
232,1487,road,,unknown,31.013770700685154,697
1487,232,road,,unknown,31.013770700685154,697
1487,1489,road,,unknown,1.3768083366849202,698
1489,1487,road,,unknown,1.3768083366849202,698
1490,1500,road,,unknown,497.3607557716916,699
1500,1490,road,,unknown,497.3607557716916,699
1500,187,road,,unknown,1.3763864528592749,700
187,1500,road,,unknown,1.3763864528592749,700
1503,1504,road,,unknown,45.22127132108207,701
1504,1503,road,,unknown,45.22127132108207,701
1504,233,road,,unknown,1.3798243988218704,702
233,1504,road,,unknown,1.3798243988218704,702
234,1508,road,,unknown,44.789290944509325,703
1508,234,road,,unknown,44.789290944509325,703
1508,235,road,,unknown,1.3790773801836305,704
235,1508,road,,unknown,1.3790773801836305,704
236,1512,road,,unknown,4.605060224232718,705
1512,236,road,,unknown,4.605060224232718,705
1512,237,road,,unknown,1.380399276324333,706
237,1512,road,,unknown,1.380399276324333,706
238,1531,road,,unknown,279.60397168297493,707
1531,238,road,,unknown,279.60397168297493,707
1531,239,road,,unknown,1.3761979907467732,708
239,1531,road,,unknown,1.3761979907467732,708
240,1535,road,,unknown,48.634767156379716,709
1535,240,road,,unknown,48.634767156379716,709
1535,191,road,,unknown,1.3745776992114034,710
191,1535,road,,unknown,1.3745776992114034,710
242,1543,road,,unknown,274.3296957396796,711
1543,242,road,,unknown,274.3296957396796,711
1543,243,road,,unknown,1.3785602823024001,712
243,1543,road,,unknown,1.3785602823024001,712
244,1549,road,,unknown,277.2335431667044,713
1549,244,road,,unknown,277.2335431667044,713
246,1551,road,,unknown,11.999116856750693,714
1551,246,road,,unknown,11.999116856750693,714
1551,247,road,,unknown,1.3764534394735801,715
247,1551,road,,unknown,1.3764534394735801,715
248,1555,road,,unknown,0.7915989640452413,716
1555,248,road,,unknown,0.7915989640452413,716
1555,191,road,,unknown,0.5848914646318628,717
191,1555,road,,unknown,0.5848914646318628,717
250,1560,road,,unknown,58.19755074681815,718
1560,250,road,,unknown,58.19755074681815,718
1560,705,road,,unknown,1.3728479580478419,719
705,1560,road,,unknown,1.3728479580478419,719
252,1570,road,,unknown,108.30284968941008,720
1570,252,road,,unknown,108.30284968941008,720
254,1591,road,,unknown,484.60338891150315,721
1591,254,road,,unknown,484.60338891150315,721
256,1595,road,,unknown,59.93272810498619,722
1595,256,road,,unknown,59.93272810498619,722
1595,261,road,,unknown,1.3813459266962311,723
261,1595,road,,unknown,1.3813459266962311,723
258,1600,road,,unknown,17.450022906879838,724
1600,258,road,,unknown,17.450022906879838,724
1600,249,road,,unknown,1.3821429014118878,725
249,1600,road,,unknown,1.3821429014118878,725
260,1604,road,,unknown,0.8423525921016476,726
1604,260,road,,unknown,0.8423525921016476,726
1604,185,road,,unknown,1.3741432815257715,727
185,1604,road,,unknown,1.3741432815257715,727
262,1610,road,,unknown,19.845823310467434,728
1610,262,road,,unknown,19.845823310467434,728
1610,263,road,,unknown,1.3767769496663824,729
263,1610,road,,unknown,1.3767769496663824,729
264,1614,road,,unknown,0.45072355124225105,730
1614,264,road,,unknown,0.45072355124225105,730
1614,364,road,,unknown,0.9263301765307802,731
364,1614,road,,unknown,0.9263301765307802,731
266,1618,road,,unknown,113.98575557061466,732
1618,266,road,,unknown,113.98575557061466,732
1618,267,road,,unknown,1.3791872009026311,733
267,1618,road,,unknown,1.3791872009026311,733
268,1622,road,,unknown,9.228925878280862,734
1622,268,road,,unknown,9.228925878280862,734
1622,269,road,,unknown,1.3764370909575159,735
269,1622,road,,unknown,1.3764370909575159,735
270,1626,road,,unknown,77.50495101133087,736
1626,270,road,,unknown,77.50495101133087,736
1626,271,road,,unknown,1.3802607698092424,737
271,1626,road,,unknown,1.3802607698092424,737
272,1630,road,,unknown,130.5573546485739,738
1630,272,road,,unknown,130.5573546485739,738
1630,147,road,,unknown,1.380225845597059,739
147,1630,road,,unknown,1.380225845597059,739
274,1634,road,,unknown,163.9661096902832,740
1634,274,road,,unknown,163.9661096902832,740
1634,275,road,,unknown,1.3797674777213362,741
275,1634,road,,unknown,1.3797674777213362,741
276,1638,road,,unknown,41.53576034297755,742
1638,276,road,,unknown,41.53576034297755,742
1638,277,road,,unknown,1.379827061397089,743
277,1638,road,,unknown,1.379827061397089,743
278,1642,road,,unknown,71.37922075257164,744
1642,278,road,,unknown,71.37922075257164,744
280,1644,road,,unknown,12.44125872854953,745
1644,280,road,,unknown,12.44125872854953,745
1644,281,road,,unknown,1.3737212408487958,746
281,1644,road,,unknown,1.3737212408487958,746
282,1648,road,,unknown,3.7692944227423735,747
1648,282,road,,unknown,3.7692944227423735,747
1648,359,road,,unknown,1.3736908106439802,748
359,1648,road,,unknown,1.3736908106439802,748
284,1655,road,,unknown,94.90850461498464,749
1655,284,road,,unknown,94.90850461498464,749
1655,285,road,,unknown,1.3776769972591447,750
285,1655,road,,unknown,1.3776769972591447,750
286,1659,road,,unknown,5.258368738718098,751
1659,286,road,,unknown,5.258368738718098,751
1659,287,road,,unknown,1.3776216560880854,752
287,1659,road,,unknown,1.3776216560880854,752
290,1663,road,,unknown,0.9703355819462193,753
1663,290,road,,unknown,0.9703355819462193,753
1663,291,road,,unknown,1.377756739602568,754
291,1663,road,,unknown,1.377756739602568,754
292,1667,road,,unknown,59.2654753402254,755
1667,292,road,,unknown,59.2654753402254,755
1667,293,road,,unknown,1.376969546568845,756
293,1667,road,,unknown,1.376969546568845,756
294,1671,road,,unknown,23.673658352342372,757
1671,294,road,,unknown,23.673658352342372,757
1671,175,road,,unknown,1.3789795200910788,758
175,1671,road,,unknown,1.3789795200910788,758
296,1675,road,,unknown,3.544758841237325,759
1675,296,road,,unknown,3.544758841237325,759
1675,297,road,,unknown,1.3757778219214671,760
297,1675,road,,unknown,1.3757778219214671,760
298,1681,road,,unknown,44.2127212536081,761
1681,298,road,,unknown,44.2127212536081,761
1681,299,road,,unknown,1.3726990943070811,762
299,1681,road,,unknown,1.3726990943070811,762
300,1685,road,,unknown,1.3166003141562184,763
1685,300,road,,unknown,1.3166003141562184,763
1685,61,road,,unknown,1.3726671050136172,764
61,1685,road,,unknown,1.3726671050136172,764
302,1694,road,,unknown,54.93636300567665,765
1694,302,road,,unknown,54.93636300567665,765
1694,899,road,,unknown,1.3782984882574163,766
899,1694,road,,unknown,1.3782984882574163,766
1697,1705,road,,unknown,61.65426580205619,767
1705,1697,road,,unknown,61.65426580205619,767
1705,1404,road,,unknown,1.3794935374113784,768
1404,1705,road,,unknown,1.3794935374113784,768
304,1717,road,,unknown,269.98171255898075,769
1717,304,road,,unknown,269.98171255898075,769
1717,305,road,,unknown,1.375065463745148,770
305,1717,road,,unknown,1.375065463745148,770
306,1721,road,,unknown,8.945906214475118,771
1721,306,road,,unknown,8.945906214475118,771
1721,309,road,,unknown,1.3756968454572989,772
309,1721,road,,unknown,1.3756968454572989,772
308,1738,road,,unknown,301.9000765134333,773
1738,308,road,,unknown,301.9000765134333,773
1738,538,road,,unknown,1.375241630871757,774
538,1738,road,,unknown,1.375241630871757,774
310,1742,road,,unknown,28.679634002172982,775
1742,310,road,,unknown,28.679634002172982,775
1742,671,road,,unknown,1.3715861934464981,776
671,1742,road,,unknown,1.3715861934464981,776
312,1747,road,,unknown,52.417340100167046,777
1747,312,road,,unknown,52.417340100167046,777
1747,307,road,,unknown,1.3734975623657255,778
307,1747,road,,unknown,1.3734975623657255,778
314,1761,road,,unknown,112.03554389294314,779
1761,314,road,,unknown,112.03554389294314,779
1761,315,road,,unknown,1.376810681521193,780
315,1761,road,,unknown,1.376810681521193,780
316,1766,road,,unknown,17.041553219036047,781
1766,316,road,,unknown,17.041553219036047,781
1766,317,road,,unknown,1.3716337953666098,782
317,1766,road,,unknown,1.3716337953666098,782
318,1770,road,,unknown,4.944457283594486,783
1770,318,road,,unknown,4.944457283594486,783
1770,360,road,,unknown,1.3743506702893795,784
360,1770,road,,unknown,1.3743506702893795,784
320,1774,road,,unknown,2.987701464409212,785
1774,320,road,,unknown,2.987701464409212,785
1774,321,road,,unknown,1.3746295225734884,786
321,1774,road,,unknown,1.3746295225734884,786
322,1780,road,,unknown,58.82635790657635,787
1780,322,road,,unknown,58.82635790657635,787
1780,323,road,,unknown,1.3760305549330873,788
323,1780,road,,unknown,1.3760305549330873,788
324,1786,road,,unknown,41.00306755484202,789
1786,324,road,,unknown,41.00306755484202,789
1786,325,road,,unknown,1.3751325617306605,790
325,1786,road,,unknown,1.3751325617306605,790
326,1797,road,,unknown,137.8943850007775,791
1797,326,road,,unknown,137.8943850007775,791
1797,327,road,,unknown,1.379093063020658,792
327,1797,road,,unknown,1.379093063020658,792
328,1803,road,,unknown,224.16648421037493,793
1803,328,road,,unknown,224.16648421037493,793
1803,329,road,,unknown,1.3789199687309612,794
329,1803,road,,unknown,1.3789199687309612,794
330,1808,road,,unknown,162.2424365913638,795
1808,330,road,,unknown,162.2424365913638,795
1808,331,road,,unknown,1.3795335515614675,796
331,1808,road,,unknown,1.3795335515614675,796
332,1814,road,,unknown,41.797761210876196,797
1814,332,road,,unknown,41.797761210876196,797
1814,333,road,,unknown,1.3796961531356715,798
333,1814,road,,unknown,1.3796961531356715,798
334,1819,road,,unknown,71.17842886700865,799
1819,334,road,,unknown,71.17842886700865,799
365,1828,road,,unknown,135.65070378123787,800
1828,365,road,,unknown,135.65070378123787,800
1828,857,road,,unknown,1.373836556103255,801
857,1828,road,,unknown,1.373836556103255,801
367,1832,road,,unknown,36.54376153684287,802
1832,367,road,,unknown,36.54376153684287,802
1832,121,road,,unknown,1.3790432587733377,803
121,1832,road,,unknown,1.3790432587733377,803
369,1837,road,,unknown,31.87658008379702,804
1837,369,road,,unknown,31.87658008379702,804
1837,370,road,,unknown,1.38034076071705,805
370,1837,road,,unknown,1.38034076071705,805
371,1841,road,,unknown,7.637798463951607,806
1841,371,road,,unknown,7.637798463951607,806
1841,181,road,,unknown,1.3740727481526704,807
181,1841,road,,unknown,1.3740727481526704,807
373,1845,road,,unknown,46.694366956599,808
1845,373,road,,unknown,46.694366956599,808
375,1847,road,,unknown,77.12938374745804,809
1847,375,road,,unknown,77.12938374745804,809
1848,1850,road,,unknown,13.149455540073694,810
1850,1848,road,,unknown,13.149455540073694,810
1850,376,road,,unknown,1.3790098550179368,811
376,1850,road,,unknown,1.3790098550179368,811
377,1854,road,,unknown,0.5846410266609358,812
1854,377,road,,unknown,0.5846410266609358,812
1854,237,road,,unknown,0.7939362362171767,813
237,1854,road,,unknown,0.7939362362171767,813
379,1858,road,,unknown,2.427971126093207,814
1858,379,road,,unknown,2.427971126093207,814
1858,552,road,,unknown,1.377612233055043,815
552,1858,road,,unknown,1.377612233055043,815
381,1863,road,,unknown,51.03064276952791,816
1863,381,road,,unknown,51.03064276952791,816
1863,1404,road,,unknown,1.3753300416287422,817
1404,1863,road,,unknown,1.3753300416287422,817
383,1868,road,,unknown,13.773658988051949,818
1868,383,road,,unknown,13.773658988051949,818
1868,384,road,,unknown,1.3760579906166055,819
384,1868,road,,unknown,1.3760579906166055,819
385,1872,road,,unknown,1.1182992787213795,820
1872,385,road,,unknown,1.1182992787213795,820
1872,386,road,,unknown,0.2613000485339304,821
386,1872,road,,unknown,0.2613000485339304,821
387,1876,road,,unknown,9.150381670505828,822
1876,387,road,,unknown,9.150381670505828,822
1876,1878,road,,unknown,1.3794594275595367,823
1878,1876,road,,unknown,1.3794594275595367,823
389,1883,road,,unknown,14.593368477769427,824
1883,389,road,,unknown,14.593368477769427,824
1883,1885,road,,unknown,1.375812325390405,825
1885,1883,road,,unknown,1.375812325390405,825
1886,1888,road,,unknown,82.89388490596446,826
1888,1886,road,,unknown,82.89388490596446,826
1888,390,road,,unknown,1.3724809415620682,827
390,1888,road,,unknown,1.3724809415620682,827
391,1893,road,,unknown,10.86430485604998,828
1893,391,road,,unknown,10.86430485604998,828
1893,392,road,,unknown,1.3765742978209201,829
392,1893,road,,unknown,1.3765742978209201,829
393,1897,road,,unknown,1.1504990560311519,830
1897,393,road,,unknown,1.1504990560311519,830
1897,39,road,,unknown,1.3716598026791016,831
39,1897,road,,unknown,1.3716598026791016,831
395,1902,road,,unknown,5.50414805065007,832
1902,395,road,,unknown,5.50414805065007,832
1902,43,road,,unknown,1.3743383976032382,833
43,1902,road,,unknown,1.3743383976032382,833
397,1906,road,,unknown,1.7316676248797316,834
1906,397,road,,unknown,1.7316676248797316,834
1906,265,road,,unknown,1.3743346031654016,835
265,1906,road,,unknown,1.3743346031654016,835
399,1910,road,,unknown,2.332887520050536,836
1910,399,road,,unknown,2.332887520050536,836
1910,11,road,,unknown,1.3721322255398882,837
11,1910,road,,unknown,1.3721322255398882,837
401,1915,road,,unknown,11.219921889229068,838
1915,401,road,,unknown,11.219921889229068,838
1915,3,road,,unknown,1.3745720868777394,839
3,1915,road,,unknown,1.3745720868777394,839
403,1919,road,,unknown,1.9050983464678746,840
1919,403,road,,unknown,1.9050983464678746,840
1919,1921,road,,unknown,1.3760770647921836,841
1921,1919,road,,unknown,1.3760770647921836,841
405,1926,road,,unknown,16.74273027406444,842
1926,405,road,,unknown,16.74273027406444,842
1926,406,road,,unknown,1.3734181317970922,843
406,1926,road,,unknown,1.3734181317970922,843
407,1930,road,,unknown,1.133812056537803e-05,844
1930,407,road,,unknown,1.133812056537803e-05,844
1930,111,road,,unknown,1.3743676943320267,845
111,1930,road,,unknown,1.3743676943320267,845
409,1934,road,,unknown,5.768341094472906,846
1934,409,road,,unknown,5.768341094472906,846
1934,410,road,,unknown,1.3757819906554023,847
410,1934,road,,unknown,1.3757819906554023,847
411,1938,road,,unknown,2.6482374021625135,848
1938,411,road,,unknown,2.6482374021625135,848
1938,331,road,,unknown,1.3759845169641334,849
331,1938,road,,unknown,1.3759845169641334,849
413,1942,road,,unknown,2.689830073459588,850
1942,413,road,,unknown,2.689830073459588,850
1942,414,road,,unknown,1.3783925443335334,851
414,1942,road,,unknown,1.3783925443335334,851
415,1946,road,,unknown,5.5941795483092625,852
1946,415,road,,unknown,5.5941795483092625,852
1946,416,road,,unknown,1.3782158065819332,853
416,1946,road,,unknown,1.3782158065819332,853
417,1950,road,,unknown,2.7497644672719965,854
1950,417,road,,unknown,2.7497644672719965,854
1950,919,road,,unknown,1.37678685518406,855
919,1950,road,,unknown,1.37678685518406,855
419,1954,road,,unknown,3.0253052504728255,856
1954,419,road,,unknown,3.0253052504728255,856
1954,420,road,,unknown,1.3743515974559795,857
420,1954,road,,unknown,1.3743515974559795,857
421,1958,road,,unknown,5.2487077432905425,858
1958,421,road,,unknown,5.2487077432905425,858
1958,422,road,,unknown,1.3768030585897597,859
422,1958,road,,unknown,1.3768030585897597,859
423,1962,road,,unknown,2.7497695507884474,860
1962,423,road,,unknown,2.7497695507884474,860
1962,333,road,,unknown,1.3767799637657527,861
333,1962,road,,unknown,1.3767799637657527,861
425,1966,road,,unknown,2.441922748976925,862
1966,425,road,,unknown,2.441922748976925,862
1966,426,road,,unknown,1.37565693135604,863
426,1966,road,,unknown,1.37565693135604,863
427,1970,road,,unknown,7.095002208919716,864
1970,427,road,,unknown,7.095002208919716,864
1970,277,road,,unknown,1.3791907524439166,865
277,1970,road,,unknown,1.3791907524439166,865
429,1974,road,,unknown,2.8948687363852037,866
1974,429,road,,unknown,2.8948687363852037,866
1974,57,road,,unknown,1.381554166339672,867
57,1974,road,,unknown,1.381554166339672,867
431,1978,road,,unknown,7.297929055640161,868
1978,431,road,,unknown,7.297929055640161,868
1978,279,road,,unknown,1.3783139305459187,869
279,1978,road,,unknown,1.3783139305459187,869
433,1982,road,,unknown,6.070637418599626,870
1982,433,road,,unknown,6.070637418599626,870
1982,315,road,,unknown,1.3780158415646708,871
315,1982,road,,unknown,1.3780158415646708,871
435,1986,road,,unknown,4.33805116672009,872
1986,435,road,,unknown,4.33805116672009,872
1986,857,road,,unknown,1.38094735048287,873
857,1986,road,,unknown,1.38094735048287,873
437,1990,road,,unknown,1.9114947805692308,874
1990,437,road,,unknown,1.9114947805692308,874
1990,325,road,,unknown,1.378168076038461,875
325,1990,road,,unknown,1.378168076038461,875
439,1994,road,,unknown,1.9683957245833323,876
1994,439,road,,unknown,1.9683957245833323,876
1994,885,road,,unknown,1.3781758675643312,877
885,1994,road,,unknown,1.3781758675643312,877
441,1998,road,,unknown,2.4177793396238543,878
1998,441,road,,unknown,2.4177793396238543,878
1998,323,road,,unknown,1.3802050387381697,879
323,1998,road,,unknown,1.3802050387381697,879
443,2002,road,,unknown,1.717900437308813,880
2002,443,road,,unknown,1.717900437308813,880
2002,444,road,,unknown,1.3794881865342379,881
444,2002,road,,unknown,1.3794881865342379,881
445,2007,road,,unknown,5.164715851132528,882
2007,445,road,,unknown,5.164715851132528,882
2007,49,road,,unknown,1.37943820269948,883
49,2007,road,,unknown,1.37943820269948,883
447,2011,road,,unknown,9.217316283142123,884
2011,447,road,,unknown,9.217316283142123,884
2011,897,road,,unknown,1.379488455730345,885
897,2011,road,,unknown,1.379488455730345,885
449,2015,road,,unknown,1.5819568856514292,886
2015,449,road,,unknown,1.5819568856514292,886
2015,450,road,,unknown,1.3769672060156373,887
450,2015,road,,unknown,1.3769672060156373,887
451,2019,road,,unknown,5.3921754027824935,888
2019,451,road,,unknown,5.3921754027824935,888
2019,454,road,,unknown,1.3784290955740173,889
454,2019,road,,unknown,1.3784290955740173,889
453,452,road,,unknown,1.3715966886657018,890
452,453,road,,unknown,1.3715966886657018,890
455,2037,road,,unknown,114.42815651173912,891
2037,455,road,,unknown,114.42815651173912,891
2037,452,road,,unknown,1.3763174478765454,892
452,2037,road,,unknown,1.3763174478765454,892
457,2041,road,,unknown,16.161049493466447,893
2041,457,road,,unknown,16.161049493466447,893
2041,458,road,,unknown,1.3722385245597235,894
458,2041,road,,unknown,1.3722385245597235,894
459,2047,road,,unknown,65.19300714172452,895
2047,459,road,,unknown,65.19300714172452,895
2047,460,road,,unknown,1.3761660055651483,896
460,2047,road,,unknown,1.3761660055651483,896
461,2052,road,,unknown,78.53369207298509,897
2052,461,road,,unknown,78.53369207298509,897
2052,297,road,,unknown,1.3748800461870696,898
297,2052,road,,unknown,1.3748800461870696,898
463,2056,road,,unknown,1.1591964472389837,899
2056,463,road,,unknown,1.1591964472389837,899
2056,454,road,,unknown,1.3803319410076769,900
454,2056,road,,unknown,1.3803319410076769,900
465,2060,road,,unknown,1.172427918899708,901
2060,465,road,,unknown,1.172427918899708,901
2060,2062,road,,unknown,1.380072339649161,902
2062,2060,road,,unknown,1.380072339649161,902
467,2064,road,,unknown,1.1535032593310255,903
2064,467,road,,unknown,1.1535032593310255,903
2064,751,road,,unknown,1.3800854933791409,904
751,2064,road,,unknown,1.3800854933791409,904
469,2068,road,,unknown,0.7134701469055326,905
2068,469,road,,unknown,0.7134701469055326,905
2068,267,road,,unknown,1.3785631145146344,906
267,2068,road,,unknown,1.3785631145146344,906
471,2072,road,,unknown,3.4089659135028785,907
2072,471,road,,unknown,3.4089659135028785,907
2072,795,road,,unknown,1.378467916959152,908
795,2072,road,,unknown,1.378467916959152,908
473,2077,road,,unknown,6.358560259812936,909
2077,473,road,,unknown,6.358560259812936,909
2077,41,road,,unknown,1.3769150705988693,910
41,2077,road,,unknown,1.3769150705988693,910
475,2081,road,,unknown,2.0642854111482247,911
2081,475,road,,unknown,2.0642854111482247,911
2081,2083,road,,unknown,1.374732314283662,912
2083,2081,road,,unknown,1.374732314283662,912
2084,2085,road,,unknown,14.122196538861056,913
2085,2084,road,,unknown,14.122196538861056,913
2085,476,road,,unknown,1.3787552355407813,914
476,2085,road,,unknown,1.3787552355407813,914
477,2089,road,,unknown,51.769287923230365,915
2089,477,road,,unknown,51.769287923230365,915
2089,478,road,,unknown,1.3787476131268548,916
478,2089,road,,unknown,1.3787476131268548,916
479,2093,road,,unknown,23.923886326237405,917
2093,479,road,,unknown,23.923886326237405,917
2093,480,road,,unknown,1.378761459841113,918
480,2093,road,,unknown,1.378761459841113,918
481,2097,road,,unknown,25.53647943879294,919
2097,481,road,,unknown,25.53647943879294,919
2097,482,road,,unknown,1.3787599368344168,920
482,2097,road,,unknown,1.3787599368344168,920
483,2101,road,,unknown,21.407153410127773,921
2101,483,road,,unknown,21.407153410127773,921
2101,484,road,,unknown,1.3787096414759632,922
484,2101,road,,unknown,1.3787096414759632,922
485,2105,road,,unknown,1.6470748811063975,923
2105,485,road,,unknown,1.6470748811063975,923
2105,486,road,,unknown,1.377788763831815,924
486,2105,road,,unknown,1.377788763831815,924
487,2109,road,,unknown,2.1026462013066842,925
2109,487,road,,unknown,2.1026462013066842,925
2109,488,road,,unknown,1.377756052934567,926
488,2109,road,,unknown,1.377756052934567,926
489,2113,road,,unknown,0.8814548442504782,927
2113,489,road,,unknown,0.8814548442504782,927
2113,490,road,,unknown,1.377851934362113,928
490,2113,road,,unknown,1.377851934362113,928
491,2117,road,,unknown,7.764184330997113,929
2117,491,road,,unknown,7.764184330997113,929
2117,45,road,,unknown,1.3777516226952384,930
45,2117,road,,unknown,1.3777516226952384,930
493,2121,road,,unknown,2.5446313862955994,931
2121,493,road,,unknown,2.5446313862955994,931
2121,488,road,,unknown,1.3762849992382749,932
488,2121,road,,unknown,1.3762849992382749,932
495,2125,road,,unknown,3.23752614519424,933
2125,495,road,,unknown,3.23752614519424,933
2125,891,road,,unknown,1.3792051599488666,934
891,2125,road,,unknown,1.3792051599488666,934
497,2129,road,,unknown,3.9606610338344335,935
2129,497,road,,unknown,3.9606610338344335,935
2129,99,road,,unknown,1.3774932774146784,936
99,2129,road,,unknown,1.3774932774146784,936
499,2133,road,,unknown,2.699258337951689,937
2133,499,road,,unknown,2.699258337951689,937
2133,905,road,,unknown,1.3783248265353836,938
905,2133,road,,unknown,1.3783248265353836,938
501,2140,road,,unknown,43.19723974588402,939
2140,501,road,,unknown,43.19723974588402,939
2140,2142,road,,unknown,1.3770066099372562,940
2142,2140,road,,unknown,1.3770066099372562,940
503,2144,road,,unknown,23.350876376049836,941
2144,503,road,,unknown,23.350876376049836,941
2144,504,road,,unknown,1.3793690771113178,942
504,2144,road,,unknown,1.3793690771113178,942
505,2148,road,,unknown,29.358041898382154,943
2148,505,road,,unknown,29.358041898382154,943
2148,506,road,,unknown,1.3793990221411292,944
506,2148,road,,unknown,1.3793990221411292,944
507,2152,road,,unknown,19.310453604432276,945
2152,507,road,,unknown,19.310453604432276,945
2152,133,road,,unknown,1.3793361567195928,946
133,2152,road,,unknown,1.3793361567195928,946
2155,2157,road,,unknown,14.594632437799,947
2157,2155,road,,unknown,14.594632437799,947
2157,723,road,,unknown,1.3721920571893265,948
723,2157,road,,unknown,1.3721920571893265,948
509,2161,road,,unknown,3.4766918202470176,949
2161,509,road,,unknown,3.4766918202470176,949
2161,35,road,,unknown,1.3778266087677586,950
35,2161,road,,unknown,1.3778266087677586,950
511,2165,road,,unknown,3.576732565487239,951
2165,511,road,,unknown,3.576732565487239,951
2165,731,road,,unknown,1.3776111153178077,952
731,2165,road,,unknown,1.3776111153178077,952
2168,2170,road,,unknown,36.71552416352624,953
2170,2168,road,,unknown,36.71552416352624,953
2170,59,road,,unknown,1.3765737651454193,954
59,2170,road,,unknown,1.3765737651454193,954
513,2174,road,,unknown,28.347968040569388,955
2174,513,road,,unknown,28.347968040569388,955
515,2176,road,,unknown,64.60897111473754,956
2176,515,road,,unknown,64.60897111473754,956
2176,516,road,,unknown,1.3798854819960784,957
516,2176,road,,unknown,1.3798854819960784,957
517,2182,road,,unknown,137.75031868028805,958
2182,517,road,,unknown,137.75031868028805,958
2182,518,road,,unknown,1.3774602198306611,959
518,2182,road,,unknown,1.3774602198306611,959
519,2186,road,,unknown,4.240579704118204,960
2186,519,road,,unknown,4.240579704118204,960
2186,287,road,,unknown,1.377742861133446,961
287,2186,road,,unknown,1.377742861133446,961
521,2190,road,,unknown,7.109141228131733,962
2190,521,road,,unknown,7.109141228131733,962
2190,558,road,,unknown,1.3784717876294892,963
558,2190,road,,unknown,1.3784717876294892,963
523,2194,road,,unknown,7.052112319322586,964
2194,523,road,,unknown,7.052112319322586,964
2194,622,road,,unknown,1.3803145662305554,965
622,2194,road,,unknown,1.3803145662305554,965
525,2198,road,,unknown,7.58827543525478,966
2198,525,road,,unknown,7.58827543525478,966
2198,574,road,,unknown,1.3807292216927454,967
574,2198,road,,unknown,1.3807292216927454,967
527,2202,road,,unknown,7.817815970145696,968
2202,527,road,,unknown,7.817815970145696,968
2202,624,road,,unknown,1.3784052795597284,969
624,2202,road,,unknown,1.3784052795597284,969
529,2213,road,,unknown,76.81554625363063,970
2213,529,road,,unknown,76.81554625363063,970
2213,530,road,,unknown,1.3793549421558948,971
530,2213,road,,unknown,1.3793549421558948,971
531,2219,road,,unknown,19.365248232571595,972
2219,531,road,,unknown,19.365248232571595,972
2219,532,road,,unknown,1.371905766301612,973
532,2219,road,,unknown,1.371905766301612,973
533,2224,road,,unknown,3.3306134757605625,974
2224,533,road,,unknown,3.3306134757605625,974
2224,534,road,,unknown,1.3733283079068976,975
534,2224,road,,unknown,1.3733283079068976,975
535,2228,road,,unknown,6.130195198673727,976
2228,535,road,,unknown,6.130195198673727,976
2228,542,road,,unknown,1.379486627683952,977
542,2228,road,,unknown,1.379486627683952,977
537,2233,road,,unknown,47.293633231303716,978
2233,537,road,,unknown,47.293633231303716,978
539,2235,road,,unknown,5.732287240845253,979
2235,539,road,,unknown,5.732287240845253,979
2235,540,road,,unknown,1.379660790315365,980
540,2235,road,,unknown,1.379660790315365,980
541,2239,road,,unknown,21.202133691952447,981
2239,541,road,,unknown,21.202133691952447,981
2239,542,road,,unknown,1.378208231651343,982
542,2239,road,,unknown,1.378208231651343,982
543,2243,road,,unknown,21.056999659980967,983
2243,543,road,,unknown,21.056999659980967,983
2243,544,road,,unknown,1.3781627663884024,984
544,2243,road,,unknown,1.3781627663884024,984
545,2247,road,,unknown,4.263344014243804,985
2247,545,road,,unknown,4.263344014243804,985
2247,536,road,,unknown,1.3769996549886934,986
536,2247,road,,unknown,1.3769996549886934,986
547,2251,road,,unknown,3.4336802377389577,987
2251,547,road,,unknown,3.4336802377389577,987
2251,548,road,,unknown,1.3811200505816124,988
548,2251,road,,unknown,1.3811200505816124,988
549,2255,road,,unknown,44.76514206815293,989
2255,549,road,,unknown,44.76514206815293,989
2255,550,road,,unknown,1.3789690252198576,990
550,2255,road,,unknown,1.3789690252198576,990
551,2259,road,,unknown,4.615765505157473,991
2259,551,road,,unknown,4.615765505157473,991
2259,552,road,,unknown,1.3789154804365273,992
552,2259,road,,unknown,1.3789154804365273,992
553,2263,road,,unknown,8.741289113942617,993
2263,553,road,,unknown,8.741289113942617,993
2263,303,road,,unknown,1.375880725925464,994
303,2263,road,,unknown,1.375880725925464,994
555,2267,road,,unknown,5.066327638567301,995
2267,555,road,,unknown,5.066327638567301,995
2267,544,road,,unknown,1.3772698255606421,996
544,2267,road,,unknown,1.3772698255606421,996
557,2271,road,,unknown,4.053170911333882,997
2271,557,road,,unknown,4.053170911333882,997
2271,558,road,,unknown,1.37650667516579,998
558,2271,road,,unknown,1.37650667516579,998
559,2275,road,,unknown,2.276273695488875,999
2275,559,road,,unknown,2.276273695488875,999
2275,71,road,,unknown,1.3768988407245797,1000
71,2275,road,,unknown,1.3768988407245797,1000
561,2279,road,,unknown,1.943537102278404,1001
2279,561,road,,unknown,1.943537102278404,1001
2279,522,road,,unknown,1.37657247399699,1002
522,2279,road,,unknown,1.37657247399699,1002
563,2283,road,,unknown,4.448895926959772,1003
2283,563,road,,unknown,4.448895926959772,1003
2283,548,road,,unknown,1.3768464944886185,1004
548,2283,road,,unknown,1.3768464944886185,1004
565,2287,road,,unknown,2.2921073788462847,1005
2287,565,road,,unknown,2.2921073788462847,1005
2287,233,road,,unknown,1.3779447105380092,1006
233,2287,road,,unknown,1.3779447105380092,1006
567,2291,road,,unknown,0.061388900734996116,1007
2291,567,road,,unknown,0.061388900734996116,1007
2291,681,road,,unknown,1.3169639731021687,1008
681,2291,road,,unknown,1.3169639731021687,1008
569,2295,road,,unknown,0.6469980540155328,1009
2295,569,road,,unknown,0.6469980540155328,1009
2295,235,road,,unknown,0.7311819470635981,1010
235,2295,road,,unknown,0.7311819470635981,1010
571,2299,road,,unknown,2.3381831111092093,1011
2299,571,road,,unknown,2.3381831111092093,1011
2299,550,road,,unknown,1.3774384621515432,1012
550,2299,road,,unknown,1.3774384621515432,1012
573,2303,road,,unknown,4.0593595638768125,1013
2303,573,road,,unknown,4.0593595638768125,1013
2303,574,road,,unknown,1.37770769072953,1014
574,2303,road,,unknown,1.37770769072953,1014
575,2307,road,,unknown,1.8057780284081042,1015
2307,575,road,,unknown,1.8057780284081042,1015
2307,69,road,,unknown,1.3777167888552257,1016
69,2307,road,,unknown,1.3777167888552257,1016
577,2311,road,,unknown,2.7521978490953556,1017
2311,577,road,,unknown,2.7521978490953556,1017
2311,526,road,,unknown,1.3777558631423794,1018
526,2311,road,,unknown,1.3777558631423794,1018
579,2315,road,,unknown,4.437716661249878,1019
2315,579,road,,unknown,4.437716661249878,1019
2315,540,road,,unknown,1.3778328405432314,1020
540,2315,road,,unknown,1.3778328405432314,1020
581,2319,road,,unknown,3.689837530330551,1021
2319,581,road,,unknown,3.689837530330551,1021
2319,709,road,,unknown,1.377674261656403,1022
709,2319,road,,unknown,1.377674261656403,1022
583,2323,road,,unknown,6.0164545096275175,1023
2323,583,road,,unknown,6.0164545096275175,1023
2323,440,road,,unknown,1.3786875299967412,1024
440,2323,road,,unknown,1.3786875299967412,1024
585,2327,road,,unknown,5.781701911245406,1025
2327,585,road,,unknown,5.781701911245406,1025
2327,586,road,,unknown,1.3774116836320982,1026
586,2327,road,,unknown,1.3774116836320982,1026
587,2331,road,,unknown,23.502511563744026,1027
2331,587,road,,unknown,23.502511563744026,1027
2331,582,road,,unknown,1.3781837510611747,1028
582,2331,road,,unknown,1.3781837510611747,1028
589,2335,road,,unknown,6.106012547498405,1029
2335,589,road,,unknown,6.106012547498405,1029
2335,444,road,,unknown,1.3775112065380917,1030
444,2335,road,,unknown,1.3775112065380917,1030
591,2339,road,,unknown,5.634791581714483,1031
2339,591,road,,unknown,5.634791581714483,1031
2339,885,road,,unknown,1.3790707876427393,1032
885,2339,road,,unknown,1.3790707876427393,1032
593,2343,road,,unknown,6.38005178146497,1033
2343,593,road,,unknown,6.38005178146497,1033
2343,426,road,,unknown,1.3788194723714153,1034
426,2343,road,,unknown,1.3788194723714153,1034
595,2347,road,,unknown,6.262094986966327,1035
2347,595,road,,unknown,6.262094986966327,1035
2347,598,road,,unknown,1.3782787712555225,1036
598,2347,road,,unknown,1.3782787712555225,1036
597,2351,road,,unknown,23.023366406895462,1037
2351,597,road,,unknown,23.023366406895462,1037
2351,592,road,,unknown,1.380039313212394,1038
592,2351,road,,unknown,1.380039313212394,1038
599,2355,road,,unknown,23.022251687389375,1039
2355,599,road,,unknown,23.022251687389375,1039
2355,600,road,,unknown,1.380311767245673,1040
600,2355,road,,unknown,1.380311767245673,1040
601,2359,road,,unknown,7.07529619538838,1041
2359,601,road,,unknown,7.07529619538838,1041
2359,414,road,,unknown,1.3789215127018863,1042
414,2359,road,,unknown,1.3789215127018863,1042
603,2363,road,,unknown,6.899115031257175,1043
2363,603,road,,unknown,6.899115031257175,1043
2363,596,road,,unknown,1.3773827623308281,1044
596,2363,road,,unknown,1.3773827623308281,1044
605,2370,road,,unknown,115.59054228375922,1045
2370,605,road,,unknown,115.59054228375922,1045
607,2372,road,,unknown,23.80086992272908,1046
2372,607,road,,unknown,23.80086992272908,1046
2372,588,road,,unknown,1.3775829561263992,1047
588,2372,road,,unknown,1.3775829561263992,1047
609,2376,road,,unknown,166.51861882875642,1048
2376,609,road,,unknown,166.51861882875642,1048
2376,448,road,,unknown,1.3799817823137701,1049
448,2376,road,,unknown,1.3799817823137701,1049
611,2380,road,,unknown,9.069411872979797,1050
2380,611,road,,unknown,9.069411872979797,1050
2380,612,road,,unknown,1.3799917899269611,1051
612,2380,road,,unknown,1.3799917899269611,1051
613,2384,road,,unknown,163.08665269309873,1052
2384,613,road,,unknown,163.08665269309873,1052
2384,416,road,,unknown,1.3778485808944845,1053
416,2384,road,,unknown,1.3778485808944845,1053
615,2388,road,,unknown,15.99103000446542,1054
2388,615,road,,unknown,15.99103000446542,1054
2388,616,road,,unknown,1.3805229357221187,1055
616,2388,road,,unknown,1.3805229357221187,1055
617,2392,road,,unknown,23.21094626340303,1056
2392,617,road,,unknown,23.21094626340303,1056
2392,420,road,,unknown,1.380568318361579,1057
420,2392,road,,unknown,1.380568318361579,1057
619,2396,road,,unknown,44.39721595280559,1058
2396,619,road,,unknown,44.39721595280559,1058
2396,620,road,,unknown,1.3787189292204796,1059
620,2396,road,,unknown,1.3787189292204796,1059
621,2400,road,,unknown,23.37085947067161,1060
2400,621,road,,unknown,23.37085947067161,1060
2401,2403,road,,unknown,41.81011931861237,1061
2403,2401,road,,unknown,41.81011931861237,1061
2403,546,road,,unknown,1.3769898888854866,1062
546,2403,road,,unknown,1.3769898888854866,1062
623,2407,road,,unknown,24.667740177367126,1063
2407,623,road,,unknown,24.667740177367126,1063
2407,524,road,,unknown,1.3790347209008047,1064
524,2407,road,,unknown,1.3790347209008047,1064
625,2411,road,,unknown,24.480919804235185,1065
2411,625,road,,unknown,24.480919804235185,1065
2411,520,road,,unknown,1.3795764897229057,1066
520,2411,road,,unknown,1.3795764897229057,1066
627,2419,road,,unknown,50.70752108445524,1067
2419,627,road,,unknown,50.70752108445524,1067
2419,628,road,,unknown,1.3747934437302787,1068
628,2419,road,,unknown,1.3747934437302787,1068
629,2423,road,,unknown,1.093445230951488,1069
2423,629,road,,unknown,1.093445230951488,1069
2423,239,road,,unknown,1.378923521545287,1070
239,2423,road,,unknown,1.378923521545287,1070
631,2427,road,,unknown,60.50235135817821,1071
2427,631,road,,unknown,60.50235135817821,1071
2427,67,road,,unknown,1.3721224299403323,1072
67,2427,road,,unknown,1.3721224299403323,1072
633,2431,road,,unknown,29.789949170290743,1073
2431,633,road,,unknown,29.789949170290743,1073
2431,309,road,,unknown,1.3781279892436678,1074
309,2431,road,,unknown,1.3781279892436678,1074
635,2436,road,,unknown,71.70279884966777,1075
2436,635,road,,unknown,71.70279884966777,1075
2436,165,road,,unknown,1.377141270188638,1076
165,2436,road,,unknown,1.377141270188638,1076
637,2440,road,,unknown,36.89030082832691,1077
2440,637,road,,unknown,36.89030082832691,1077
2440,165,road,,unknown,1.3720747454805573,1078
165,2440,road,,unknown,1.3720747454805573,1078
639,2444,road,,unknown,3.886189852159385,1079
2444,639,road,,unknown,3.886189852159385,1079
2444,640,road,,unknown,1.3747655906348208,1080
640,2444,road,,unknown,1.3747655906348208,1080
641,2448,road,,unknown,46.163325028680035,1081
2448,641,road,,unknown,46.163325028680035,1081
2448,642,road,,unknown,1.3746878215290546,1082
642,2448,road,,unknown,1.3746878215290546,1082
643,2452,road,,unknown,3.4651915728347227,1083
2452,643,road,,unknown,3.4651915728347227,1083
2452,319,road,,unknown,1.3747642474134663,1084
319,2452,road,,unknown,1.3747642474134663,1084
645,2456,road,,unknown,18.649417708008876,1085
2456,645,road,,unknown,18.649417708008876,1085
2456,313,road,,unknown,1.3731144131558675,1086
313,2456,road,,unknown,1.3731144131558675,1086
647,2462,road,,unknown,62.76203215551482,1087
2462,647,road,,unknown,62.76203215551482,1087
2462,648,road,,unknown,1.3792611783663649,1088
648,2462,road,,unknown,1.3792611783663649,1088
649,2466,road,,unknown,1.0739144896414088,1089
2466,649,road,,unknown,1.0739144896414088,1089
2466,873,road,,unknown,1.3776910091347734,1090
873,2466,road,,unknown,1.3776910091347734,1090
654,2470,road,,unknown,136.30514051010434,1091
2470,654,road,,unknown,136.30514051010434,1091
2470,646,road,,unknown,1.3789665845008745,1092
646,2470,road,,unknown,1.3789665845008745,1092
656,2479,road,,unknown,63.63321114983097,1093
2479,656,road,,unknown,63.63321114983097,1093
2479,648,road,,unknown,1.3765921698113623,1094
648,2479,road,,unknown,1.3765921698113623,1094
658,2484,road,,unknown,21.484475022054646,1095
2484,658,road,,unknown,21.484475022054646,1095
2484,1921,road,,unknown,1.3754255054174,1096
1921,2484,road,,unknown,1.3754255054174,1096
660,2490,road,,unknown,13.41516715210794,1097
2490,660,road,,unknown,13.41516715210794,1097
662,2492,road,,unknown,52.51016282582177,1098
2492,662,road,,unknown,52.51016282582177,1098
2492,663,road,,unknown,1.3778311368913863,1099
663,2492,road,,unknown,1.3778311368913863,1099
664,2496,road,,unknown,23.610765556376542,1100
2496,664,road,,unknown,23.610765556376542,1100
2496,73,road,,unknown,1.3778123452587014,1101
73,2496,road,,unknown,1.3778123452587014,1101
666,2500,road,,unknown,10.335456042798658,1102
2500,666,road,,unknown,10.335456042798658,1102
2500,667,road,,unknown,1.3746433809016598,1103
667,2500,road,,unknown,1.3746433809016598,1103
668,2520,road,,unknown,143.00055750518928,1104
2520,668,road,,unknown,143.00055750518928,1104
670,2523,road,,unknown,22.8542451648741,1105
2523,670,road,,unknown,22.8542451648741,1105
672,2525,road,,unknown,51.558155565522874,1106
2525,672,road,,unknown,51.558155565522874,1106
2525,644,road,,unknown,1.3720401153887491,1107
644,2525,road,,unknown,1.3720401153887491,1107
674,2530,road,,unknown,48.01720599403971,1108
2530,674,road,,unknown,48.01720599403971,1108
2530,628,road,,unknown,1.3722440753047354,1109
628,2530,road,,unknown,1.3722440753047354,1109
676,2543,road,,unknown,283.2565026041905,1110
2543,676,road,,unknown,283.2565026041905,1110
2543,376,road,,unknown,1.3805223338421169,1111
376,2543,road,,unknown,1.3805223338421169,1111
678,2547,road,,unknown,4.596480905499572,1112
2547,678,road,,unknown,4.596480905499572,1112
2547,568,road,,unknown,1.38136028377052,1113
568,2547,road,,unknown,1.38136028377052,1113
680,2551,road,,unknown,44.80114162958113,1114
2551,680,road,,unknown,44.80114162958113,1114
2551,681,road,,unknown,1.3777657989858654,1115
681,2551,road,,unknown,1.3777657989858654,1115
682,2556,road,,unknown,44.21427338607113,1116
2556,682,road,,unknown,44.21427338607113,1116
684,2559,road,,unknown,19.848159265478298,1117
2559,684,road,,unknown,19.848159265478298,1117
2559,398,road,,unknown,1.376822701091169,1118
398,2559,road,,unknown,1.376822701091169,1118
686,2567,road,,unknown,43.333785207259226,1119
2567,686,road,,unknown,43.333785207259226,1119
2567,428,road,,unknown,1.3739684266913272,1120
428,2567,road,,unknown,1.3739684266913272,1120
688,2572,road,,unknown,79.7018688067766,1121
2572,688,road,,unknown,79.7018688067766,1121
2572,689,road,,unknown,1.3723637118044736,1122
689,2572,road,,unknown,1.3723637118044736,1122
690,2579,road,,unknown,43.79111327614026,1123
2579,690,road,,unknown,43.79111327614026,1123
2579,797,road,,unknown,1.3724155717654825,1124
797,2579,road,,unknown,1.3724155717654825,1124
692,2583,road,,unknown,51.2544887409294,1125
2583,692,road,,unknown,51.2544887409294,1125
2583,797,road,,unknown,1.3724163549911275,1126
797,2583,road,,unknown,1.3724163549911275,1126
694,2587,road,,unknown,21.58455628198729,1127
2587,694,road,,unknown,21.58455628198729,1127
2587,203,road,,unknown,1.3796235503655578,1128
203,2587,road,,unknown,1.3796235503655578,1128
696,2591,road,,unknown,5.781191368849396,1129
2591,696,road,,unknown,5.781191368849396,1129
2591,2593,road,,unknown,1.3784233860262713,1130
2593,2591,road,,unknown,1.3784233860262713,1130
698,2595,road,,unknown,5.9693585834916965,1131
2595,698,road,,unknown,5.9693585834916965,1131
2595,2597,road,,unknown,1.3809247601316073,1132
2597,2595,road,,unknown,1.3809247601316073,1132
700,2599,road,,unknown,21.031228053585217,1133
2599,700,road,,unknown,21.031228053585217,1133
2599,532,road,,unknown,1.3814295928200406,1134
532,2599,road,,unknown,1.3814295928200406,1134
702,2603,road,,unknown,2.7016125871972543,1135
2603,702,road,,unknown,2.7016125871972543,1135
2603,257,road,,unknown,1.3737556955862886,1136
257,2603,road,,unknown,1.3737556955862886,1136
704,2609,road,,unknown,52.134789325330026,1137
2609,704,road,,unknown,52.134789325330026,1137
2609,705,road,,unknown,1.3725694082782995,1138
705,2609,road,,unknown,1.3725694082782995,1138
706,2621,road,,unknown,155.0539448954972,1139
2621,706,road,,unknown,155.0539448954972,1139
2621,382,road,,unknown,1.3785288871295134,1140
382,2621,road,,unknown,1.3785288871295134,1140
708,2627,road,,unknown,104.29567229001684,1141
2627,708,road,,unknown,104.29567229001684,1141
2627,709,road,,unknown,1.3755758016622883,1142
709,2627,road,,unknown,1.3755758016622883,1142
710,2631,road,,unknown,21.18113153047881,1143
2631,710,road,,unknown,21.18113153047881,1143
2631,534,road,,unknown,1.3754790809564363,1144
534,2631,road,,unknown,1.3754790809564363,1144
712,2635,road,,unknown,16.464176194988745,1145
2635,712,road,,unknown,16.464176194988745,1145
2635,195,road,,unknown,1.3793606173672435,1146
195,2635,road,,unknown,1.3793606173672435,1146
714,2639,road,,unknown,1.8795214341888185,1147
2639,714,road,,unknown,1.8795214341888185,1147
2639,554,road,,unknown,1.3734498769959598,1148
554,2639,road,,unknown,1.3734498769959598,1148
716,2646,road,,unknown,56.74916491787827,1149
2646,716,road,,unknown,56.74916491787827,1149
718,2655,road,,unknown,142.9588940748996,1150
2655,718,road,,unknown,142.9588940748996,1150
2655,295,road,,unknown,1.3741535059200585,1151
295,2655,road,,unknown,1.3741535059200585,1151
720,2659,road,,unknown,50.01149333487301,1152
2659,720,road,,unknown,50.01149333487301,1152
2659,263,road,,unknown,1.372006637235052,1153
263,2659,road,,unknown,1.372006637235052,1153
722,2663,road,,unknown,46.67683527912486,1154
2663,722,road,,unknown,46.67683527912486,1154
2663,689,road,,unknown,1.3715966493110363,1155
689,2663,road,,unknown,1.3715966493110363,1155
2666,2668,road,,unknown,11.505807462974435,1156
2668,2666,road,,unknown,11.505807462974435,1156
2668,723,road,,unknown,1.3797000070299559,1157
723,2668,road,,unknown,1.3797000070299559,1157
724,2672,road,,unknown,38.791123829130356,1158
2672,724,road,,unknown,38.791123829130356,1158
2672,508,road,,unknown,1.3796363392684825,1159
508,2672,road,,unknown,1.3796363392684825,1159
726,2676,road,,unknown,16.969439546667893,1160
2676,726,road,,unknown,16.969439546667893,1160
2676,91,road,,unknown,1.3796229096322592,1161
91,2676,road,,unknown,1.3796229096322592,1161
728,2681,road,,unknown,184.19200682364885,1162
2681,728,road,,unknown,184.19200682364885,1162
2681,729,road,,unknown,1.3793829955401382,1163
729,2681,road,,unknown,1.3793829955401382,1163
730,2685,road,,unknown,0.6660486242211977,1164
2685,730,road,,unknown,0.6660486242211977,1164
2685,301,road,,unknown,1.3790654514831855,1165
301,2685,road,,unknown,1.3790654514831855,1165
732,2692,road,,unknown,14.898693743051494,1166
2692,732,road,,unknown,14.898693743051494,1166
2692,843,road,,unknown,1.3727973952873793,1167
843,2692,road,,unknown,1.3727973952873793,1167
734,2696,road,,unknown,3.4042232163121526,1168
2696,734,road,,unknown,3.4042232163121526,1168
2696,25,road,,unknown,1.376489002534527,1169
25,2696,road,,unknown,1.376489002534527,1169
736,2700,road,,unknown,7.6471099539837235,1170
2700,736,road,,unknown,7.6471099539837235,1170
2700,17,road,,unknown,1.3735957483540122,1171
17,2700,road,,unknown,1.3735957483540122,1171
738,2704,road,,unknown,6.620347040084418,1172
2704,738,road,,unknown,6.620347040084418,1172
2704,299,road,,unknown,1.37408578600244,1173
299,2704,road,,unknown,1.37408578600244,1173
740,2708,road,,unknown,9.85349045705709,1174
2708,740,road,,unknown,9.85349045705709,1174
2708,243,road,,unknown,1.373903452381291,1175
243,2708,road,,unknown,1.373903452381291,1175
742,2712,road,,unknown,23.873572855336427,1176
2712,742,road,,unknown,23.873572855336427,1176
2712,739,road,,unknown,1.3782732511599622,1177
739,2712,road,,unknown,1.3782732511599622,1177
744,2717,road,,unknown,15.214466292392634,1178
2717,744,road,,unknown,15.214466292392634,1178
2717,370,road,,unknown,1.376814969964313,1179
370,2717,road,,unknown,1.376814969964313,1179
746,2721,road,,unknown,200.27352331051995,1180
2721,746,road,,unknown,200.27352331051995,1180
2721,741,road,,unknown,1.380401907754792,1181
741,2721,road,,unknown,1.380401907754792,1181
748,2727,road,,unknown,160.5577544358678,1182
2727,748,road,,unknown,160.5577544358678,1182
2727,743,road,,unknown,1.3783646880197447,1183
743,2727,road,,unknown,1.3783646880197447,1183
750,2732,road,,unknown,139.31762930631828,1184
2732,750,road,,unknown,139.31762930631828,1184
2732,466,road,,unknown,1.37909862768053,1185
466,2732,road,,unknown,1.37909862768053,1185
752,2736,road,,unknown,9.21360332245724,1186
2736,752,road,,unknown,9.21360332245724,1186
2736,113,road,,unknown,1.3805193895101247,1187
113,2736,road,,unknown,1.3805193895101247,1187
754,2741,road,,unknown,35.42332767203799,1188
2741,754,road,,unknown,35.42332767203799,1188
2741,755,road,,unknown,1.3782487482438857,1189
755,2741,road,,unknown,1.3782487482438857,1189
756,2745,road,,unknown,10.099548502925943,1190
2745,756,road,,unknown,10.099548502925943,1190
2745,757,road,,unknown,1.3783632754216675,1191
757,2745,road,,unknown,1.3783632754216675,1191
758,2749,road,,unknown,8.56321462216309,1192
2749,758,road,,unknown,8.56321462216309,1192
2749,759,road,,unknown,1.3774279463903334,1193
759,2749,road,,unknown,1.3774279463903334,1193
760,2754,road,,unknown,43.756226104369524,1194
2754,760,road,,unknown,43.756226104369524,1194
2754,516,road,,unknown,1.3755870775427208,1195
516,2754,road,,unknown,1.3755870775427208,1195
762,2758,road,,unknown,11.113697355506176,1196
2758,762,road,,unknown,11.113697355506176,1196
2758,763,road,,unknown,1.378860591132763,1197
763,2758,road,,unknown,1.378860591132763,1197
764,2763,road,,unknown,23.192201728797905,1198
2763,764,road,,unknown,23.192201728797905,1198
2763,765,road,,unknown,1.3769713641470496,1199
765,2763,road,,unknown,1.3769713641470496,1199
766,2767,road,,unknown,8.289410216840817,1200
2767,766,road,,unknown,8.289410216840817,1200
2767,1130,road,,unknown,1.3766910101509942,1201
1130,2767,road,,unknown,1.3766910101509942,1201
768,2771,road,,unknown,4.12897489484,1202
2771,768,road,,unknown,4.12897489484,1202
2771,763,road,,unknown,1.3738056531174976,1203
763,2771,road,,unknown,1.3738056531174976,1203
770,2779,road,,unknown,49.9496870396245,1204
2779,770,road,,unknown,49.9496870396245,1204
2779,77,road,,unknown,1.3726633331890246,1205
77,2779,road,,unknown,1.3726633331890246,1205
772,2789,road,,unknown,27.71207951715649,1206
2789,772,road,,unknown,27.71207951715649,1206
2789,765,road,,unknown,1.3755314044926168,1207
765,2789,road,,unknown,1.3755314044926168,1207
774,2804,road,,unknown,108.22261007501712,1208
2804,774,road,,unknown,108.22261007501712,1208
2804,271,road,,unknown,1.3740020463688947,1209
271,2804,road,,unknown,1.3740020463688947,1209
2807,2809,road,,unknown,53.85754734690391,1210
2809,2807,road,,unknown,53.85754734690391,1210
2809,775,road,,unknown,1.3799346954880638,1211
775,2809,road,,unknown,1.3799346954880638,1211
776,2813,road,,unknown,13.247394763270435,1212
2813,776,road,,unknown,13.247394763270435,1212
2813,2815,road,,unknown,1.3799077594553897,1213
2815,2813,road,,unknown,1.3799077594553897,1213
778,2822,road,,unknown,141.34083838023832,1214
2822,778,road,,unknown,141.34083838023832,1214
2822,779,road,,unknown,1.3795316533497923,1215
779,2822,road,,unknown,1.3795316533497923,1215
780,2826,road,,unknown,2.762598613675908,1216
2826,780,road,,unknown,2.762598613675908,1216
2826,2828,road,,unknown,1.3795569228024145,1217
2828,2826,road,,unknown,1.3795569228024145,1217
782,2833,road,,unknown,27.238509633131518,1218
2833,782,road,,unknown,27.238509633131518,1218
2833,779,road,,unknown,1.3737757831270003,1219
779,2833,road,,unknown,1.3737757831270003,1219
784,2838,road,,unknown,9.972851565478729,1220
2838,784,road,,unknown,9.972851565478729,1220
2838,2840,road,,unknown,1.3751594172958685,1221
2840,2838,road,,unknown,1.3751594172958685,1221
2841,2844,road,,unknown,54.487457784492854,1222
2844,2841,road,,unknown,54.487457784492854,1222
2844,173,road,,unknown,1.3715941392214632,1223
173,2844,road,,unknown,1.3715941392214632,1223
2847,2851,road,,unknown,81.80568160263616,1224
2851,2847,road,,unknown,81.80568160263616,1224
2851,175,road,,unknown,1.3772407876096993,1225
175,2851,road,,unknown,1.3772407876096993,1225
786,2859,road,,unknown,32.03386914656182,1226
2859,786,road,,unknown,32.03386914656182,1226
2859,2861,road,,unknown,1.377909335193877,1227
2861,2859,road,,unknown,1.377909335193877,1227
788,2870,road,,unknown,38.9319086285104,1228
2870,788,road,,unknown,38.9319086285104,1228
2870,2872,road,,unknown,1.3780416104089985,1229
2872,2870,road,,unknown,1.3780416104089985,1229
790,2874,road,,unknown,40.68601667220802,1230
2874,790,road,,unknown,40.68601667220802,1230
2874,741,road,,unknown,1.377029816705148,1231
741,2874,road,,unknown,1.377029816705148,1231
792,2878,road,,unknown,17.550294263537353,1232
2878,792,road,,unknown,17.550294263537353,1232
2878,394,road,,unknown,1.3771676257136276,1233
394,2878,road,,unknown,1.3771676257136276,1233
794,2882,road,,unknown,9.269722358247419,1234
2882,794,road,,unknown,9.269722358247419,1234
2882,795,road,,unknown,1.3808855180479078,1235
795,2882,road,,unknown,1.3808855180479078,1235
796,2886,road,,unknown,112.02144162271988,1236
2886,796,road,,unknown,112.02144162271988,1236
2886,2083,road,,unknown,1.3809062280068085,1237
2083,2886,road,,unknown,1.3809062280068085,1237
798,2890,road,,unknown,11.121201864147759,1238
2890,798,road,,unknown,11.121201864147759,1238
2890,721,road,,unknown,1.3762941550763883,1239
721,2890,road,,unknown,1.3762941550763883,1239
800,2894,road,,unknown,5.68662856307166,1240
2894,800,road,,unknown,5.68662856307166,1240
2894,241,road,,unknown,1.3763893493304435,1241
241,2894,road,,unknown,1.3763893493304435,1241
802,2898,road,,unknown,17.426041494019042,1242
2898,802,road,,unknown,17.426041494019042,1242
804,2900,road,,unknown,18.967659705785714,1243
2900,804,road,,unknown,18.967659705785714,1243
806,2902,road,,unknown,35.434223947357154,1244
2902,806,road,,unknown,35.434223947357154,1244
2902,665,road,,unknown,1.3768957206438586,1245
665,2902,road,,unknown,1.3768957206438586,1245
808,2906,road,,unknown,6.481738409781041,1246
2906,808,road,,unknown,6.481738409781041,1246
2906,809,road,,unknown,1.3794600052777581,1247
809,2906,road,,unknown,1.3794600052777581,1247
810,2910,road,,unknown,12.891601438012106,1248
2910,810,road,,unknown,12.891601438012106,1248
2910,811,road,,unknown,1.3795099875865047,1249
811,2910,road,,unknown,1.3795099875865047,1249
812,2914,road,,unknown,20.24807166229682,1250
2914,812,road,,unknown,20.24807166229682,1250
2914,813,road,,unknown,1.3794592715070324,1251
813,2914,road,,unknown,1.3794592715070324,1251
814,2927,road,,unknown,74.39817647333471,1252
2927,814,road,,unknown,74.39817647333471,1252
2927,815,road,,unknown,1.3765781812493247,1253
815,2927,road,,unknown,1.3765781812493247,1253
816,2931,road,,unknown,21.21652851790487,1254
2931,816,road,,unknown,21.21652851790487,1254
2931,817,road,,unknown,1.376583613397494,1255
817,2931,road,,unknown,1.376583613397494,1255
818,2935,road,,unknown,12.47221517445914,1256
2935,818,road,,unknown,12.47221517445914,1256
2935,819,road,,unknown,1.37663633215027,1257
819,2935,road,,unknown,1.37663633215027,1257
820,2939,road,,unknown,1.1953540633957342,1258
2939,820,road,,unknown,1.1953540633957342,1258
2939,821,road,,unknown,1.3765219959347184,1259
821,2939,road,,unknown,1.3765219959347184,1259
822,2943,road,,unknown,1.8172639502392458,1260
2943,822,road,,unknown,1.8172639502392458,1260
2943,616,road,,unknown,1.376560704329469,1261
616,2943,road,,unknown,1.376560704329469,1261
824,2947,road,,unknown,71.60288876023944,1262
2947,824,road,,unknown,71.60288876023944,1262
2947,815,road,,unknown,1.3801801130229503,1263
815,2947,road,,unknown,1.3801801130229503,1263
826,2951,road,,unknown,70.96754665442232,1264
2951,826,road,,unknown,70.96754665442232,1264
2951,817,road,,unknown,1.3809688326448986,1265
817,2951,road,,unknown,1.3809688326448986,1265
828,2955,road,,unknown,19.44933419860652,1266
2955,828,road,,unknown,19.44933419860652,1266
2955,506,road,,unknown,1.379206596133555,1267
506,2955,road,,unknown,1.379206596133555,1267
830,2959,road,,unknown,78.69744890338401,1268
2959,830,road,,unknown,78.69744890338401,1268
2959,101,road,,unknown,1.3780230680136654,1269
101,2959,road,,unknown,1.3780230680136654,1269
832,2963,road,,unknown,78.99515989557923,1270
2963,832,road,,unknown,78.99515989557923,1270
2963,103,road,,unknown,1.3781904181891522,1271
103,2963,road,,unknown,1.3781904181891522,1271
834,2967,road,,unknown,79.52687118217939,1272
2967,834,road,,unknown,79.52687118217939,1272
2967,105,road,,unknown,1.377916242851086,1273
105,2967,road,,unknown,1.377916242851086,1273
836,2971,road,,unknown,79.99312680778681,1274
2971,836,road,,unknown,79.99312680778681,1274
2971,107,road,,unknown,1.3760528581790197,1275
107,2971,road,,unknown,1.3760528581790197,1275
838,2975,road,,unknown,36.351230926278575,1276
2975,838,road,,unknown,36.351230926278575,1276
2975,502,road,,unknown,1.3752174911862645,1277
502,2975,road,,unknown,1.3752174911862645,1277
840,2979,road,,unknown,80.51460343978884,1278
2979,840,road,,unknown,80.51460343978884,1278
2979,504,road,,unknown,1.3761434957113676,1279
504,2979,road,,unknown,1.3761434957113676,1279
842,2987,road,,unknown,102.55074203274087,1280
2987,842,road,,unknown,102.55074203274087,1280
2987,283,road,,unknown,1.3787671811625173,1281
283,2987,road,,unknown,1.3787671811625173,1281
844,2996,road,,unknown,70.47746869915044,1282
2996,844,road,,unknown,70.47746869915044,1282
846,2998,road,,unknown,1.0130034505686611,1283
2998,846,road,,unknown,1.0130034505686611,1283
2998,87,road,,unknown,1.375293207932493,1284
87,2998,road,,unknown,1.375293207932493,1284
848,3002,road,,unknown,2.5167060506644536,1285
3002,848,road,,unknown,2.5167060506644536,1285
3002,843,road,,unknown,1.376148950139351,1286
843,3002,road,,unknown,1.376148950139351,1286
850,3009,road,,unknown,63.59797590217669,1287
3009,850,road,,unknown,63.59797590217669,1287
3009,845,road,,unknown,1.375274236820784,1288
845,3009,road,,unknown,1.375274236820784,1288
852,3013,road,,unknown,0.8174432694270738,1289
3013,852,road,,unknown,0.8174432694270738,1289
3013,137,road,,unknown,1.380143298946699,1290
137,3013,road,,unknown,1.380143298946699,1290
854,3017,road,,unknown,8.046082805985504,1291
3017,854,road,,unknown,8.046082805985504,1291
3017,849,road,,unknown,1.3758615967545489,1292
849,3017,road,,unknown,1.3758615967545489,1292
856,3023,road,,unknown,98.17022658422076,1293
3023,856,road,,unknown,98.17022658422076,1293
3023,851,road,,unknown,1.3791672332907112,1294
851,3023,road,,unknown,1.3791672332907112,1294
858,3027,road,,unknown,4.0554755475397855,1295
3027,858,road,,unknown,4.0554755475397855,1295
3027,295,road,,unknown,1.372100365102655,1296
295,3027,road,,unknown,1.372100365102655,1296
860,3032,road,,unknown,37.33215963930553,1297
3032,860,road,,unknown,37.33215963930553,1297
3032,428,road,,unknown,1.3787908206102706,1298
428,3032,road,,unknown,1.3787908206102706,1298
862,3036,road,,unknown,2.662378691833379,1299
3036,862,road,,unknown,2.662378691833379,1299
3036,530,road,,unknown,1.3775907966811267,1300
530,3036,road,,unknown,1.3775907966811267,1300
864,3040,road,,unknown,0.1830749975474084,1301
3040,864,road,,unknown,0.1830749975474084,1301
3040,225,road,,unknown,1.3777857158536309,1302
225,3040,road,,unknown,1.3777857158536309,1302
866,3044,road,,unknown,2.6711384339983475,1303
3044,866,road,,unknown,2.6711384339983475,1303
3044,861,road,,unknown,1.3777193544097233,1304
861,3044,road,,unknown,1.3777193544097233,1304
868,3048,road,,unknown,2.118930292929967,1305
3048,868,road,,unknown,2.118930292929967,1305
3048,327,road,,unknown,1.3793903372213727,1306
327,3048,road,,unknown,1.3793903372213727,1306
870,3052,road,,unknown,2.1379473622684593,1307
3052,870,road,,unknown,2.1379473622684593,1307
3052,871,road,,unknown,1.3784551598709156,1308
871,3052,road,,unknown,1.3784551598709156,1308
872,3058,road,,unknown,2.6610041245182514,1309
3058,872,road,,unknown,2.6610041245182514,1309
3058,468,road,,unknown,1.3783384967550405,1310
468,3058,road,,unknown,1.3783384967550405,1310
876,3062,road,,unknown,1.6898696772147144,1311
3062,876,road,,unknown,1.6898696772147144,1311
3062,9,road,,unknown,1.3744492012556189,1312
9,3062,road,,unknown,1.3744492012556189,1312
878,3066,road,,unknown,1.2353818199733584,1313
3066,878,road,,unknown,1.2353818199733584,1313
3066,115,road,,unknown,1.3752290667199416,1314
115,3066,road,,unknown,1.3752290667199416,1314
880,3070,road,,unknown,3.3599548392971315,1315
3070,880,road,,unknown,3.3599548392971315,1315
3070,3072,road,,unknown,1.3781607393720596,1316
3072,3070,road,,unknown,1.3781607393720596,1316
882,3074,road,,unknown,1.8046870639004584,1317
3074,882,road,,unknown,1.8046870639004584,1317
3074,47,road,,unknown,1.3779554590276073,1318
47,3074,road,,unknown,1.3779554590276073,1318
884,3078,road,,unknown,1.9494288589134932,1319
3078,884,road,,unknown,1.9494288589134932,1319
3078,879,road,,unknown,1.3781752482267577,1320
879,3078,road,,unknown,1.3781752482267577,1320
886,3082,road,,unknown,1.7098632302844647,1321
3082,886,road,,unknown,1.7098632302844647,1321
3082,881,road,,unknown,1.3779381046258168,1322
881,3082,road,,unknown,1.3779381046258168,1322
888,3086,road,,unknown,2.546510893776783,1323
3086,888,road,,unknown,2.546510893776783,1323
3086,490,road,,unknown,1.378146798118967,1324
490,3086,road,,unknown,1.378146798118967,1324
890,3090,road,,unknown,3.583547872305636,1325
3090,890,road,,unknown,3.583547872305636,1325
3090,893,road,,unknown,1.3781687266559077,1326
893,3090,road,,unknown,1.3781687266559077,1326
892,3094,road,,unknown,0.9420216498639762,1327
3094,892,road,,unknown,0.9420216498639762,1327
3094,893,road,,unknown,1.3755145518130902,1328
893,3094,road,,unknown,1.3755145518130902,1328
894,3098,road,,unknown,2.6164344454952957,1329
3098,894,road,,unknown,2.6164344454952957,1329
3098,3072,road,,unknown,1.3749328046232077,1330
3072,3098,road,,unknown,1.3749328046232077,1330
896,3102,road,,unknown,16.56215171164587,1331
3102,896,road,,unknown,16.56215171164587,1331
3102,897,road,,unknown,1.3777255602270746,1332
897,3102,road,,unknown,1.3777255602270746,1332
898,3106,road,,unknown,41.29733795596049,1333
3106,898,road,,unknown,41.29733795596049,1333
3106,3072,road,,unknown,1.3777077530381119,1334
3072,3106,road,,unknown,1.3777077530381119,1334
900,3110,road,,unknown,3.039971055364047,1335
3110,900,road,,unknown,3.039971055364047,1335
3110,97,road,,unknown,1.3781351550586838,1336
97,3110,road,,unknown,1.3781351550586838,1336
902,3114,road,,unknown,3.7438686520395996,1337
3114,902,road,,unknown,3.7438686520395996,1337
3114,895,road,,unknown,1.37771442641287,1338
895,3114,road,,unknown,1.37771442641287,1338
904,3118,road,,unknown,0.8426277632907972,1339
3118,904,road,,unknown,0.8426277632907972,1339
3118,496,road,,unknown,1.3806205632821924,1340
496,3118,road,,unknown,1.3806205632821924,1340
906,3122,road,,unknown,0.7333613531581068,1341
3122,906,road,,unknown,0.7333613531581068,1341
3122,899,road,,unknown,1.3767993534648897,1342
899,3122,road,,unknown,1.3767993534648897,1342
908,3126,road,,unknown,3.9154280348117934,1343
3126,908,road,,unknown,3.9154280348117934,1343
3126,793,road,,unknown,1.3775435406012833,1344
793,3126,road,,unknown,1.3775435406012833,1344
910,3130,road,,unknown,110.86056302073358,1345
3130,910,road,,unknown,110.86056302073358,1345
3130,911,road,,unknown,1.3773479193788591,1346
911,3130,road,,unknown,1.3773479193788591,1346
912,3134,road,,unknown,1.049538557755044,1347
3134,912,road,,unknown,1.049538557755044,1347
3134,518,road,,unknown,1.377235514302697,1348
518,3134,road,,unknown,1.377235514302697,1348
918,3140,road,,unknown,10.971406814981878,1349
3140,918,road,,unknown,10.971406814981878,1349
3140,919,road,,unknown,1.3777446565796512,1350
919,3140,road,,unknown,1.3777446565796512,1350
921,3151,road,,unknown,172.4163462392335,1351
3151,921,road,,unknown,172.4163462392335,1351
3151,2062,road,,unknown,1.3757707782898083,1352
2062,3151,road,,unknown,1.3757707782898083,1352
923,3155,road,,unknown,2.5809168725328755,1353
3155,923,road,,unknown,2.5809168725328755,1353
3155,819,road,,unknown,1.3806634877312378,1354
819,3155,road,,unknown,1.3806634877312378,1354
925,3159,road,,unknown,0.13792322175401847,1355
3159,925,road,,unknown,0.13792322175401847,1355
3159,926,road,,unknown,1.2429037042171096,1356
926,3159,road,,unknown,1.2429037042171096,1356
928,3165,road,,unknown,20.731660993952637,1357
3165,928,road,,unknown,20.731660993952637,1357
3165,418,road,,unknown,1.376164441570631,1358
418,3165,road,,unknown,1.376164441570631,1358
930,3172,road,,unknown,39.06018129298599,1359
3172,930,road,,unknown,39.06018129298599,1359
3172,931,road,,unknown,1.371727723659548,1360
931,3172,road,,unknown,1.371727723659548,1360
934,3176,road,,unknown,3.6747864562383885,1361
3176,934,road,,unknown,3.6747864562383885,1361
3176,809,road,,unknown,1.3769979636753351,1362
809,3176,road,,unknown,1.3769979636753351,1362
936,3180,road,,unknown,3.78975076966663,1363
3180,936,road,,unknown,3.78975076966663,1363
3180,937,road,,unknown,1.3800943314656726,1364
937,3180,road,,unknown,1.3800943314656726,1364
939,3187,road,,unknown,17.37152660646416,1365
3187,939,road,,unknown,17.37152660646416,1365
941,3196,road,,unknown,171.11242552457512,1366
3196,941,road,,unknown,171.11242552457512,1366
3196,123,road,,unknown,1.379882585154028,1367
123,3196,road,,unknown,1.379882585154028,1367
943,3204,road,,unknown,54.20910971183817,1368
3204,943,road,,unknown,54.20910971183817,1368
3204,3206,road,,unknown,1.3746254150114194,1369
3206,3204,road,,unknown,1.3746254150114194,1369
