id,x_gis,y_gis,x_nlogo,y_nlogo
1,163616.69738698954,5398332.226143755,-30.219178690539238,35.77201939026111
2,163617.85938587552,5398331.483354286,-29.948300989740332,35.61915625045518
3,163628.6419683517,5398324.590748466,-27.434734767710196,34.20068518758893
4,163629.7843340241,5398323.821512898,-27.168433835287388,34.04237954514036
5,163646.64233001304,5398308.81299989,-23.238606321096242,30.95368682822911
6,163647.62036338574,5398307.841015506,-23.010613476612406,30.753656279702483
7,163653.35489530792,5398307.384246966,-21.67381630667829,30.65965511774752
8,163652.51364435727,5398308.473176134,-21.869923313368318,30.883752440941862
9,163650.12663007487,5398311.562965818,-22.42636871826103,31.519618958051296
10,163649.37655535238,5398312.719079871,-22.601221309520966,31.757542665309956
11,163639.50675065315,5398333.2554631205,-24.90200665151424,35.98384925147897
12,163639.11232306977,5398334.574038951,-24.99395307091855,36.25520695101878
13,163637.2135691428,5398340.921591536,-25.436578364564895,37.56150821017849
14,163636.83797020224,5398342.246282337,-25.52413557195115,37.834124346583394
15,163595.64687128048,5398404.171234039,-35.126339415671865,50.57803489989456
16,163594.53327850255,5398404.977023241,-35.38593299614038,50.74386313615028
17,163580.76345536133,5398414.940769311,-38.595865533874886,52.79436273610682
18,163579.6279018938,5398415.718675465,-38.86057844894718,52.954452751143805
19,163577.69103741544,5398417.045515895,-39.312087829026574,53.22751127260128
20,163576.55676012608,5398417.825042959,-39.576503249658536,53.38793486454304
21,163569.46452704575,5398422.69914414,-41.22979897439416,54.39100564242
22,163569.70455655074,5398421.341541733,-41.173844841201856,54.11161642742232
23,163571.3903542364,5398411.806694984,-40.78086253578137,52.14938261439025
24,163571.90224312776,5398410.526248564,-40.66153429233393,51.88587179683057
25,163572.81524371868,5398408.242454885,-40.44870147133665,51.415876075020236
26,163573.15347700857,5398406.905620546,-40.369854703921334,51.14076084656594
27,163574.94144599288,5398399.838842502,-39.95305488301321,49.68644582780229
28,163574.9450652466,5398398.457759496,-39.9522111858816,49.402224398280225
29,163569.46452704575,5398422.69914414,-41.22979897439416,54.39100564242
30,163568.64364418958,5398423.805510534,-41.42115790200604,54.61869147790395
31,163510.54312056873,5398502.111477523,-54.96517798979174,70.73375029800047
32,163509.75563621407,5398503.246415462,-55.148751273707916,70.9673160446626
33,163466.4606022144,5398565.65412555,-65.24141092027945,83.81057636768341
34,163465.64823380997,5398566.767800516,-65.43078501370802,84.03976627853675
35,163454.79431957926,5398581.647399449,-67.96097963520944,87.10192898763631
36,163454.0221526623,5398582.791175298,-68.14098221664247,87.33731354135642
37,163425.76219638024,5398622.7599191405,-74.72876132276691,95.56272320994637
38,163425.1941167961,5398624.018076109,-74.86118837883208,95.82164694626357
39,163414.15157349044,5398233.995804671,-77.43535499612796,15.556603463229735
40,163414.38351249052,5398235.357969853,-77.38128686936388,15.836931679239271
41,163419.16095057616,5398245.855902876,-76.26760125402662,17.997364844867093
42,163419.9459238674,5398246.987659737,-76.0846133330509,18.23027593814011
43,163421.89941004972,5398249.804151374,-75.62922920833614,18.80989879636965
44,163422.6775445314,5398250.941332812,-75.44783550662375,19.043926246323522
45,163464.15628875492,5398301.761415017,-65.77857764166018,29.502498504040773
46,163465.29410391976,5398302.539694151,-65.51333749426787,29.662665276845814
47,163474.35315411165,5398308.736185212,-63.40155002440021,30.9378786706923
48,163475.49082836846,5398309.514720019,-63.13634272458057,31.09809806003085
49,163510.60991226314,5398333.547359676,-54.949607939913065,36.04392041008035
50,163511.74787611899,5398334.325382784,-54.68433313063097,36.204034493711845
51,163531.1928861109,5398347.619857232,-50.1514375640397,38.939984842716
52,163532.429671115,5398348.220296171,-49.86312620475872,39.06355280545836
53,163566.94870655387,5398368.436746022,-41.81627085374776,43.22401836142723
54,163568.30887678088,5398368.614538083,-41.49919672550669,43.26060726560482
55,163637.803562444,5398365.825030472,-25.299042923830868,42.68653761351621
56,163638.6868053669,5398366.87887286,-25.09314701886231,42.90341421595437
57,163656.32712571207,5398383.1084559215,-20.980949086375134,46.243398328464934
58,163657.50830652914,5398383.808832293,-20.70559981726747,46.3875330203995
59,163672.63543111333,5397677.341064624,-17.179261903761315,-99.00074412175955
60,163672.84307987738,5397678.705093502,-17.13085616047107,-98.72003236434587
61,163584.47039440475,5398422.699144137,-37.73172776472315,54.391005641845
62,163583.41545266705,5398421.819378591,-37.977648992217624,54.20995336618847
63,163577.69103741544,5398417.045515895,-39.312087829026574,53.22751127260128
64,163576.6347949247,5398416.167283816,-39.55831227969618,53.04677457846495
65,163571.3903542364,5398411.806694984,-40.78086253578137,52.14938261439025
66,163570.33459476833,5398410.927895155,-41.02697438731909,51.968529079338765
67,163896.33194786325,5398423.559479175,34.96743020180858,54.56805919569467
68,163897.7028181236,5398423.4959510965,35.28699865294777,54.554985367953776
69,164105.69051419897,5398261.111206985,83.77175159666379,21.136846195937252
70,164106.4663486197,5398259.9695285065,83.95260912296888,20.901893272894668
71,164133.1530325777,5398222.181810047,90.17363711167556,13.125330016303522
72,164134.00466001814,5398221.101770691,90.37216301887207,12.903062181327101
73,163523.24467446818,5397896.173741785,-52.00427350151503,-53.965843209251936
74,163522.1270980842,5397895.367873361,-52.26479571458688,-54.13168774889563
75,163616.08512979018,5397906.205297065,-30.361904147906273,-51.90138874158517
76,163615.28908154852,5397907.33279573,-30.54747379003807,-51.669353968208895
77,163589.45750759236,5397943.919740771,-36.56916403924125,-44.139905140043865
78,163588.67458737965,5397945.057385432,-36.75167335976618,-43.905782360799805
79,163523.24467446818,5397896.173741785,-52.00427350151503,-53.965843209251936
80,163524.01990190384,5397895.031795587,-51.82355747166112,-54.200851227790906
81,163532.1613656807,5397883.039026576,-49.92567184059201,-56.668915737608934
82,163532.9558058509,5397881.910156625,-49.74047706172385,-56.90123271620449
83,163544.5400930571,5397865.449290961,-47.04002259341252,-60.2888138752065
84,163545.33531096918,5397864.3210895555,-46.85464651236691,-60.52099326982858
85,163518.31322102607,5398602.649175741,-53.153862185394054,91.42401162431275
86,163517.207580174,5398601.829087185,-53.41160206409115,91.2552406375494
87,163478.58329476177,5398574.564879934,-62.415446864413475,85.64437443644536
88,163477.47379328273,5398573.749344694,-62.67408670762246,85.47654050416946
89,163466.4606022144,5398565.65412555,-65.24141092027945,83.81057636768341
90,163465.314160272,5398564.891269362,-65.50866208652863,83.65358357623612
91,163461.09500275808,5398562.105189556,-66.49220492850213,83.08021935296006
92,163459.9480553673,5398561.343242914,-66.75957392162358,82.92341374256858
93,163427.17595391325,5398538.276654556,-74.3991952666794,78.17640093548519
94,163426.40305774842,5398539.420013904,-74.57936784568176,78.41169977466487
95,163531.1928861109,5398347.619857232,-50.1514375640397,38.939984842716
96,163530.47246562314,5398348.792593952,-50.319377350975174,39.181329429251036
97,163524.55824445953,5398358.4200527305,-51.698062520255704,41.162622432381056
98,163523.83595941088,5398359.591746291,-51.86643696162853,41.40375234080682
99,163522.654681167,5398361.5080199065,-52.14180894224227,41.798113884552436
100,163521.86405293999,5398362.640242352,-52.326115105448366,42.03112079336344
101,163519.99414533714,5398365.318050476,-52.76201592969008,42.58220313204893
102,163519.2044912885,5398366.451106618,-52.94609499870454,42.815381612346044
103,163503.7303677321,5398388.654521949,-56.553323079065024,47.38475681855053
104,163502.9406741321,5398389.787549048,-56.73741136802858,47.6179293218523
105,163487.43319427987,5398412.03714159,-60.35241525336914,52.1968076159892
106,163486.64324894827,5398413.169958241,-60.5365622243903,52.429936809888886
107,163471.19168057313,5398435.204736264,-64.13853238607715,56.96460712409254
108,163470.39639176326,5398436.3329889625,-64.32392499435572,57.19679707452724
109,163539.58637571678,5398129.2373848315,-48.194801293931334,-6.002265707631338
110,163539.56751310764,5398130.6196502885,-48.199198423960176,-5.71780093438025
111,163542.77011315338,5398144.922651285,-47.45262891564174,-2.774299803749443
112,163543.8876068588,5398145.72867379,-47.19212597606571,-2.6084235548853485
113,163653.9114927618,5398225.085378197,-21.544065890907333,13.72287287711211
114,163655.03485496104,5398225.884504769,-21.282194925827866,13.887329970322867
115,163653.28810361348,5398313.990310723,-21.689386356563745,32.01915695532281
116,163654.43695090746,5398314.748773696,-21.421574470236678,32.175245640409514
117,163661.78178076097,5398319.597787146,-19.709395011640765,33.173153462504104
118,163661.4779859208,5398320.945789627,-19.78021370933034,33.450567050454254
119,163666.5128591197,5398338.632506432,-18.606516477431683,37.090423534059454
120,163666.99020833182,5398339.927350921,-18.495239901685295,37.356897417202674
121,163684.7692556099,5398287.719712992,-14.350702839551701,26.61277167016216
122,163683.69225418672,5398286.8659628695,-14.601766478928639,26.437073265887804
123,163574.7188070112,5398090.64651921,-40.00495504935008,-13.944113478857489
124,163575.8486036919,5398091.438037106,-39.74158411936642,-13.78122222119292
125,163508.42805024356,5398616.722082499,-55.45822956981225,94.32016026923807
126,163509.2216208797,5398615.592326245,-55.27323749113528,94.08766089290793
127,163508.42805024356,5398616.722082499,-55.45822956981225,94.32016026923807
128,163507.6137193708,5398617.834089039,-55.648061141223444,94.54900682437378
129,163457.8110777797,5398559.923593215,-67.25773238164706,82.63125543976878
130,163456.6848314694,5398559.127784349,-67.52027567213628,82.46748111741212
131,163427.17595391325,5398538.276654556,-74.3991952666794,78.17640093548519
132,163426.08458131796,5398537.439773594,-74.6536090211967,78.00417413780332
133,163408.062397344,5398523.6200619545,-78.85482454486237,75.16013204866152
134,163407.01572221547,5398522.730536818,-79.0988187136391,74.97707128772035
135,163510.54312056873,5398502.111477523,-54.96517798979174,70.73375029800047
136,163511.83085095932,5398502.588626302,-54.664990569940855,70.83194563267205
137,163521.9867642222,5398506.351737352,-52.29750944119861,71.60637902840031
138,163522.67538915103,5398507.54431415,-52.136981630300085,71.85180662454692
139,163810.32650927608,5397874.221111269,14.91839595411291,-58.48360789086993
140,163811.37105761358,5397875.112995494,15.161894339049951,-58.30006163882807
141,163828.282343141,5397889.55261401,19.104144367440483,-55.328445162220824
142,163829.2025063837,5397890.577082517,19.318646899715247,-55.11761358859531
143,163828.282343141,5397889.55261401,19.104144367440483,-55.328445162220824
144,163829.4763531115,5397890.229786223,19.38248428621536,-55.18908579458654
145,163847.97476106245,5397900.720969173,23.694714078061338,-53.03004176719665
146,163849.07711574752,5397901.544764989,23.951687906662016,-52.860507840985136
147,163623.37655643708,5397967.577759457,-28.66217370109115,-39.271178306713985
148,163622.2449237316,5397966.788465872,-28.92597263335294,-39.43361180990944
149,163943.3533007745,5398326.449667064,45.928745327656685,34.58324329521611
150,163944.15648467682,5398325.328191795,46.11597838906866,34.35244811310548
151,164002.65319352038,5398243.705106739,59.752354625828985,17.55473949219531
152,164003.43536035297,5398242.566981411,59.934688323228414,17.320517793438952
153,164029.65930198683,5398206.112343509,66.04784479988444,9.818297252119933
154,164030.4746790949,5398205.001316612,66.23792026293998,9.589652303518733
155,164055.17372927675,5398171.346470756,71.99560385965037,2.6636179105963294
156,164055.9927706893,5398170.238583454,72.1865335217785,2.4356190781611247
157,164062.46515592374,5398161.483617688,73.69533430648588,0.6338816918906502
158,164063.24751215178,5398160.345611171,73.87771215453273,0.39968444409549875
159,164069.26677681122,5398151.590049784,75.2808843874223,-1.4021755185906812
160,164070.0723726829,5398150.47067198,75.46867971160509,-1.632539050857531
161,164093.63461334593,5398117.730776299,80.96135759065615,-8.370280310537396
162,164094.4418802613,5398116.612833908,81.1495424577879,-8.60034844047128
163,163778.2998917747,5398429.428195297,7.4525570296057,55.775817801267834
164,163779.67062542858,5398429.362953604,7.772093635927789,55.76239131853606
165,163719.5232006357,5398423.574842299,-6.249086877684093,54.57122086599452
166,163720.8767395468,5398423.809539652,-5.9335585991258455,54.61952065457345
167,163595.64687128048,5398404.171234039,-35.126339415671865,50.57803489989456
168,163587.48715260532,5398401.4673298625,-37.02848051113363,50.02158209664523
169,163580.4183649399,5398396.689410211,-38.67631079165938,49.03830509759615
170,163574.9637098909,5398391.343059311,-39.947864866414115,47.938047192133126
171,163439.755056373,5398603.924339992,-71.46683586983674,91.68643539230575
172,163438.9335270529,5398605.030189993,-71.65834549695546,91.91401495610361
173,163378.35122525113,5398261.541366979,-85.7809017396859,21.225371424133186
174,163379.1483902193,5398260.414751135,-85.59507177345623,20.993518331865374
175,163382.5145742068,5398255.657394469,-84.81036862958463,20.014473114125295
176,163383.3127781233,5398254.531668146,-84.62429647041313,19.782803081786042
177,163650.46058854726,5398305.018355512,-22.348518468786267,30.172763998129483
178,163651.2277692844,5398303.871828737,-22.169678233497578,29.936813314758098
179,163530.06855925397,5398162.866260006,-50.413533403911664,0.918424021759165
180,163529.6514384229,5398161.554315694,-50.51076992714428,0.6484310623949341
181,163687.875069403,5398250.019231107,-13.626695519457272,18.854161356227124
182,163687.76520630028,5398251.39210677,-13.652306098803393,19.13669374685921
183,163674.59465415127,5398279.654193564,-16.72254044019222,24.952919618108993
184,163673.75775088204,5398280.746834358,-16.91763394337525,25.177780779265376
185,163828.30460703932,5398398.502254033,19.1093343841074,49.411381198441916
186,163827.4720636944,5398399.598644459,18.91525723841852,49.63701401892396
187,163825.14313350068,5398402.665650936,18.372352022403334,50.26819184203703
188,163825.04670964857,5398404.040128099,18.349874314655494,50.55105381513556
189,163826.3008562049,5398447.234087147,18.64223288723838,59.44020003854163
190,163827.17174133845,5398448.297746216,18.845248023896843,59.659096875176175
191,163832.7796505691,5398436.403061707,20.152527727023312,57.211217768573135
192,163831.40895951597,5398436.468856386,19.83300105151642,57.22475805379432
193,163907.92454293175,5398533.746958004,37.66982134551026,77.24420727029323
194,163907.79829333193,5398533.654866907,37.64039085143685,77.22525528604444
195,164113.47174660547,5398213.624738828,85.58566240939834,11.36431854665065
196,164112.37670956255,5398212.792254008,85.33039442243552,11.192996457724647
197,164101.32679015977,5398204.391713947,82.75450833685863,9.464198482123038
198,164100.25486533332,5398203.532003989,82.5046281210316,9.287273567357545
199,164085.05188060587,5398192.8081982555,78.96060617922146,7.08035668959306
200,164083.93263457908,5398192.004237026,78.69969474976565,6.914904642950972
201,164112.39194754467,5398182.5151659725,85.3339466027449,4.962091287160604
202,164111.2745525644,5398181.709026881,85.07346667733816,4.796191045025353
203,164099.18945593658,5398172.990280624,82.25626674023908,3.00190749076215
204,164098.36100807367,5398172.395762538,82.06314430695235,2.879558016093256
205,164097.24136484772,5398171.592274084,81.80214028498648,2.714203264815353
206,164096.1201738318,5398170.790609153,81.5407754521816,2.549223787387646
207,164062.97722558142,5398217.388620167,73.81470468901793,12.138910464714826
208,164062.16915071392,5398218.505891777,73.62633147728485,12.368840550493545
209,164056.99936892575,5398225.653801702,72.421185223435,13.839852190043956
210,164056.17355358138,5398226.755908768,72.22867646592351,14.066661472569564
211,164127.69837752878,5398127.793296997,88.90208303693439,-6.299453281997074
212,164126.8819753524,5398128.90343163,88.71176861655212,-6.070991957962207
213,164120.8744927431,5398137.072333412,87.31134293935816,-4.389864225530715
214,164120.04823289826,5398138.174042781,87.11873056275726,-4.163136787496185
215,164138.941646099,5398149.700440965,91.52304143588469,-1.7910495525450614
216,164137.80659157364,5398148.917223746,91.25844483099667,-1.9522325636697104
217,164120.8744927431,5398137.072333412,87.31134293935816,-4.389864225530715
218,164119.75035575166,5398136.274147226,87.04929135970329,-4.554127791165001
219,164138.941646099,5398149.700440965,91.52304143588469,-1.7910495525450614
220,164138.15864826745,5398150.838087673,91.34051402135566,-1.556926351835159
221,164101.32679015977,5398204.391713947,82.75450833685863,9.464198482123038
222,164100.51844363147,5398205.508750362,82.56607179730858,9.694080165835146
223,164075.87915456435,5398239.557144168,76.82231932699173,16.701105173032133
224,164075.0815482824,5398240.683369424,76.63638648454122,16.932877883960472
225,164079.0072322557,5398241.815479116,77.5515166637395,17.16586158838321
226,164077.89013037813,5398241.00898072,77.291105064547,16.999887403043815
227,164075.87915456435,5398239.557144168,76.82231932699173,16.701105173032133
228,164074.76663000952,5398238.745254,76.5629747638148,16.534021382132096
229,164056.99936892575,5398225.653801702,72.421185223435,13.839852190043956
230,164055.87801781477,5398224.852312407,72.15978307030278,13.674908857865418
231,164062.46515592374,5398161.483617688,73.69533430648588,0.6338816918906502
232,164063.57670943654,5398162.296634289,73.95445250659577,0.8011972984031814
233,164146.82306604716,5398232.198355886,93.36030732344744,15.18669560038299
234,164146.0168552197,5398233.317222955,93.17236864472954,15.416954025313473
235,164119.0265891961,5398270.774448876,86.88057155897448,23.12550322243125
236,164118.23175376005,5398271.903048375,86.69528463828365,23.357764543000954
237,164114.78531659677,5398276.796696943,85.8918733906441,24.364858096137937
238,164113.979904451,5398277.916255822,85.7041208954615,24.595258892963017
239,163884.097935825,5398438.999434027,32.11551606276399,57.745540940478804
240,163882.72511330136,5398438.929981837,31.79549251257197,57.731247954037315
241,163783.79907461992,5398400.407276736,8.7344911376061,49.80342734868623
242,163783.7234924642,5398399.032545333,8.716871911967147,49.520513054022814
243,163813.59930230543,5398124.997297779,15.68132839895489,-6.874858881377548
244,163814.31803177137,5398123.82364817,15.848873985770467,-7.116391336845155
245,163831.04306651276,5398453.026002406,19.747706429770744,60.63215332989128
246,163831.1864044509,5398451.657030647,19.78112044728111,60.35042434709612
247,163832.57927548568,5398438.354181665,20.105817577339806,57.61275055214011
248,163832.63902810123,5398437.772350289,20.119746722463333,57.49301195227045
249,163831.65532371216,5398399.79275324,19.890431887144572,49.676960839710546
250,163833.01516605576,5398399.973406718,20.207429581316845,49.71413861218778
251,163826.3008562049,5398447.234087147,18.64223288723838,59.44020003854163
252,163826.37298772874,5398448.609102838,18.65904772378161,59.7231728385691
253,163828.30460703932,5398398.502254033,19.1093343841074,49.411381198441916
254,163828.1316503148,5398397.135336138,19.06901582577032,49.13007489281017
255,163783.79907461992,5398400.407276736,8.7344911376061,49.80342734868623
256,163784.3477332021,5398401.67162369,8.862390894703836,50.06362495970862
257,163838.10072222902,5398418.919816184,21.392941701959643,53.61323487151205
258,163837.91277780343,5398417.554097968,21.34912930721788,53.33217545517411
259,163831.65532371216,5398399.79275324,19.890431887144572,49.676960839710546
260,163830.37299901785,5398399.29887727,19.591504608416187,49.57532311509601
261,163786.69338138058,5398462.796987025,9.409193299714076,62.6429833843375
262,163786.20438455328,5398461.505437076,9.295201506884283,62.37718750444344
263,163779.90289244216,5398441.242454484,7.826238227087373,58.20714569414619
264,163779.79992531493,5398440.321864665,7.8022351931623035,58.017691944174686
265,163424.8048487593,5398246.39360199,-74.95193203795236,18.10802119956591
266,163425.6099661456,5398245.273789114,-74.76424825519828,17.877568131199865
267,163492.9546410233,5398151.605412453,-59.065291128728944,-1.399013941822119
268,163493.7897040133,5398150.511222237,-58.8706266195955,-1.6241939680607942
269,163500.22380377207,5398142.0805589175,-57.370750698540036,-3.359191191220944
270,163501.0195747097,5398140.952776011,-57.18524569973932,-3.591284460378162
271,163546.49931609505,5398076.497599638,-46.58330112983664,-16.855905260666376
272,163547.2952321688,5398075.369954185,-46.39776229783858,-17.08797024254561
273,163623.37655643708,5397967.577759457,-28.66217370109115,-39.271178306713985
274,163624.1761214425,5397966.45325594,-28.475784253632867,-39.50259669039604
275,163719.99074249694,5397831.698599291,-6.1400965284451985,-67.2345729583723
276,163720.76195546755,5397830.554410688,-5.960316324844939,-67.47004245519126
277,163744.74819724954,5397794.96778613,-0.3687980341336896,-74.79362927765865
278,163745.54274630244,5397793.8390293075,-0.18357787323870411,-75.02592297481763
279,163652.00792946937,5398392.188028358,-21.987812312873558,48.11193848574575
280,163650.7826358161,5398391.566926003,-22.273444882409336,47.9841180735761
281,163638.46034743974,5398385.320736707,-25.14593743318426,46.698676979100895
282,163637.23543592196,5398384.698949611,-25.431480921757412,46.57071564975507
283,163472.75015344424,5398146.673995124,-63.775231221868296,-2.4138801567827386
284,163472.99208201727,5398145.316657962,-63.71883439015832,-2.69321478533962
285,163402.61887424416,5398079.616197857,-80.12378361128704,-16.21411006078688
286,163401.50318908165,5398078.808058222,-80.38386495498249,-16.380422006831964
287,163396.12894793093,5398074.9152571,-81.6366734593749,-17.181545107215683
288,163395.35529460135,5398074.3548616525,-81.81702254375207,-17.29687227763209
289,163452.0669920548,5398310.764092949,-68.59675667257663,31.355214076007854
290,163452.81206222807,5398309.605177567,-68.42307070961884,31.116713866322925
291,163454.08187483813,5398307.630053904,-68.12706016743181,30.71024121504209
292,163452.9721463498,5398306.814846703,-68.38575292957977,30.542474791859945
293,163404.09942347172,5398270.912714728,-79.77864750528693,23.153957788815035
294,163402.97330498399,5398270.116820438,-80.04116099860182,22.99016588640646
295,163638.504875236,5398406.982680697,-25.135557399938577,51.15661952135676
296,163637.15489892784,5398406.717484531,-25.45025518743057,51.10204319750437
297,163632.32664349696,5398405.768995971,-26.57578701519148,50.9068479969925
298,163630.97992989622,5398405.475843968,-26.88972422133314,50.846518472154656
299,163588.06601395732,5398420.809479967,-36.89354007874325,54.00212021681273
300,163586.85093087508,5398421.448062459,-37.176792425684646,54.13353797231372
301,163567.87265832743,5398404.570674496,-41.60088516354574,50.66023816880249
302,163566.731380235,5398403.798584218,-41.866932566327954,50.501345038216016
303,164103.54204802655,5398282.834311819,83.27091499169376,25.607375398361356
304,164102.71518905295,5398283.935537432,83.0781629500558,25.83400328152237
305,163875.65991842284,5398432.055291942,30.148499759403165,56.31646391799009
306,163874.32321753824,5398431.730063365,29.836896653199204,56.24953316088971
307,163833.31398412495,5398423.175401025,20.277088126188403,54.48901742899858
308,163834.6803693059,5398423.055589798,20.59561104448548,54.464360751437
309,163864.29419841288,5398429.289927076,27.498996269012025,55.7473627472946
310,163862.92686852813,5398429.397894517,27.18025312744186,55.769582020343535
311,163778.17744033484,5398424.911434392,7.424011938137738,54.846286241305364
312,163779.54972537517,5398424.865673324,7.743910193679554,54.83686879412335
313,163757.36069555642,5398435.373730872,2.571346387631351,56.999385547031466
314,163755.98432609104,5398435.3682413995,2.250495997212994,56.99825583530702
315,163648.1896709351,5398400.146104246,-22.87790016519712,49.74967908161929
316,163646.9160534924,5398399.625228704,-23.174797665478124,49.64248495163318
317,163629.07611436577,5398395.122376006,-27.33352944340045,48.715815645649656
318,163627.70193909577,5398395.144332877,-27.653868337116563,48.72033428306037
319,163577.13443996152,5398355.3013605615,-39.44183824480431,40.520807897971025
320,163575.89947076913,5398354.697656805,-39.729726313742496,40.39656804850509
321,163571.98034753764,5398352.781826766,-40.64332709504056,40.0022977911207
322,163570.75330592442,5398352.163877118,-40.92936713775168,39.875126193533475
323,163517.8345472157,5398323.469252306,-53.26544754296304,33.96988570610492
324,163516.7173112492,5398322.662885253,-53.52589040010007,33.80393855054581
325,163482.5017408377,5398297.659515177,-61.502003937261726,28.658343713079432
326,163481.38018495563,5398296.858241864,-61.763453825311856,28.493444828969928
327,163504.1756456953,5398159.609369537,-56.44952274642521,0.24816882282208041
328,163504.92613325178,5398158.453514851,-56.27457391796206,0.010298492230404577
329,163635.72188796612,5397974.705901618,-25.78430947888829,-37.804234794948
330,163636.516958696,5397973.5775544,-25.598967708010562,-38.03644419721073
331,163731.11155962726,5397840.070971499,-3.5476832209764098,-65.51157181572621
332,163731.9150716727,5397838.949868662,-3.360373664950828,-65.74229035295798
333,163756.94881344048,5397803.770263833,2.4753310799478214,-72.98211412233164
334,163757.73989653905,5397802.638542257,2.659743279878697,-73.21501795408719
335,163574.9637098909,5398391.343059311,-39.947864866414115,47.938047192133126
336,163572.80411176963,5398384.1992331855,-40.45129647964637,46.46787598252476
337,163571.90242389406,5398377.301221369,-40.661492153256084,45.048292387028056
338,163572.00261143583,5398369.097356548,-40.63813707840076,43.35996939927119
339,163572.00261143583,5398369.097356548,-40.63813707840076,43.35996939927119
340,163574.83012650197,5398359.787361451,-39.97900496619861,41.44400916841789
341,163574.83012650197,5398359.787361451,-39.97900496619861,41.44400916841789
342,163577.13443996152,5398355.3013605615,-39.44183824480431,40.520807897971025
343,163577.13443996152,5398355.3013605615,-39.44183824480431,40.520807897971025
344,163582.9341854318,5398347.527679231,-38.089838912299,38.921014974055225
345,163588.45563217514,5398342.3964386135,-36.80271478767917,37.865025915363276
346,163596.2034687344,5398337.295926805,-34.99658899989413,36.815360724151276
347,163606.0552436696,5398333.240100143,-32.70000664043903,35.98068761127013
348,163616.69738698954,5398332.226143755,-30.219178690539238,35.77201939026111
349,163616.69738698954,5398332.226143755,-30.219178690539238,35.77201939026111
350,163625.0018210028,5398335.821080541,-28.283302486956117,36.511843186479496
351,163631.13552494548,5398341.612926075,-26.853452904976024,37.703782128632156
352,163635.20981830853,5398347.9885692485,-25.903679861400008,39.015864319850664
353,163635.20981830853,5398347.9885692485,-25.903679861400008,39.015864319850664
354,163637.7590346477,5398358.281785566,-25.309422957090106,41.1341675959448
355,163637.803562444,5398365.825030472,-25.299042923830868,42.68653761351621
356,163637.803562444,5398365.825030472,-25.299042923830868,42.68653761351621
357,163635.10963076682,5398376.932508186,-25.927034936241768,44.97241266993191
358,163635.10963076682,5398376.932508186,-25.927034936241768,44.97241266993191
359,163632.6494700203,5398382.37102911,-26.500531774026413,46.091638802274645
360,163621.383937552,5398395.24528064,-29.12668018958938,48.741108934066744
361,163613.6917607381,5398399.854205588,-30.919830935805464,49.689607490243986
362,163604.8975209653,5398403.694978133,-32.969887505287645,50.48002331494496
363,163595.64687128048,5398404.171234039,-35.126339415671865,50.57803489989456
364,163779.64685761335,5398438.9533445705,7.76655303582811,57.73605591232959
365,163778.32589182188,5398439.323758649,7.458617993250741,57.81228566707341
366,163661.78178076097,5398319.597787146,-19.709395011640765,33.173153462504104
367,163662.58838088994,5398318.479230547,-19.5213655814609,32.94295893095415
368,163684.7692556099,5398287.719712992,-14.350702839551701,26.61277167016216
369,163685.622043315,5398286.640651515,-14.151906458920251,26.39070507871149
370,163696.71383697202,5398255.473040301,-11.566258916729439,19.976533754378906
371,163695.5444566757,5398254.751495006,-11.838857324394027,19.828042581482336
372,163973.52088277956,5398482.554072357,52.961217863409416,66.708913535975
373,163972.74814815915,5398483.697522829,52.78108294260238,66.94423112837282
374,163953.81733290918,5398468.22019521,48.36805314450598,63.75905821551376
375,163953.04288228267,5398469.362681349,48.18751819939996,63.99417735192537
376,164116.55529650048,5398278.05645341,86.30447971287333,24.624111002847158
377,164115.9084644683,5398277.596080536,86.15369439302768,24.52936808321782
378,164114.78531659677,5398276.796696943,85.8918733906441,24.364858096137937
379,164113.66988720404,5398275.988220803,85.63185167035533,24.198476898786907
380,163926.0431199561,5398464.93247089,41.893507396625324,63.082457531865685
381,163925.2277147091,5398466.043525239,41.703425374005406,63.31110813010267
382,164034.41264424377,5398341.274940293,67.1559133507333,37.634225989222244
383,164033.31398803744,5398340.446689126,66.8998016876912,37.46377516931088
384,164021.19902068653,5398331.350454242,64.07563847989738,35.59180594608131
385,164020.9845271699,5398331.201222014,64.0256371319426,35.56109454273414
386,164019.85205484793,5398330.413312918,63.76164247368854,35.39894596176569
387,164018.7225232351,5398329.62143592,63.498333334622856,35.2359808022961
388,164019.85205484793,5398330.413312918,63.76164247368854,35.39894596176569
389,164018.84802270628,5398331.358196094,63.52758896353481,35.59339918859956
390,163396.73007318127,5398235.608900037,-81.4965430103108,15.888572120235096
391,163398.1067639074,5398235.61886504,-81.17561772965645,15.890622878602613
392,163410.26652326167,5398234.256972475,-78.34101289835054,15.610350766042586
393,163411.63509426752,5398234.16497213,-78.02198043462023,15.591417458346982
394,163414.95307382406,5398253.752401557,-77.24851439741427,19.62243309458968
395,163416.32897399802,5398253.75240172,-76.92777340518825,19.62243312813061
396,163421.89941004972,5398249.804151374,-75.62922920833614,18.80989879636965
397,163422.79064798928,5398248.757971906,-75.4214695565436,18.594599192668838
398,163644.36028045174,5398334.745671953,-23.770583025837183,36.29052834521974
399,163643.0485833277,5398334.342933865,-24.07635741632282,36.207646436934766
400,163639.50675065315,5398333.2554631205,-24.90200665151424,35.98384925147897
401,163638.25134143975,5398332.688500008,-25.194659566581976,35.86717048146028
402,163628.6419683517,5398324.590748466,-27.434734767710196,34.20068518758893
403,163628.05320959224,5398323.346983044,-27.57198242002154,33.94472317483442
404,163530.06855925397,5398162.866260006,-50.413533403911664,0.918424021759165
405,163530.36250330615,5398161.515081858,-50.34501105851085,0.6403568939791029
406,163540.67730672655,5398146.704720457,-47.94049047898853,-2.407557004587275
407,163541.7237057239,5398145.813689565,-47.696560680134425,-2.5909276439390254
408,163719.99074249694,5397831.698599291,-6.1400965284451985,-67.2345729583723
409,163721.08905774553,5397832.527138915,-5.88406434727851,-67.06406277521549
410,163726.7923633844,5397836.829556775,-4.554546447515534,-66.17864216738293
411,163727.8929037587,5397837.655476425,-4.297995559360729,-66.00867116459537
412,163731.11155962726,5397840.070971499,-3.5476832209764098,-65.51157181572621
413,163732.24970743366,5397840.848521893,-3.282365530324597,-65.35155501480921
414,163735.60886705533,5397843.143403568,-2.4992998614003596,-64.87927742721183
415,163736.74796644028,5397843.919244891,-2.2337603448821426,-64.71961234635599
416,163742.51067548446,5397847.844226605,-0.8903947056357424,-63.911866607115776
417,163743.6580595182,5397848.605180593,-0.6229239251171066,-63.75526528097571
418,163772.73391723502,5397814.815618553,6.155052871719846,-70.70902373281345
419,163771.6555014915,5397813.963642657,5.9036595350878684,-70.88435700831756
420,163768.20321395967,5397811.236246247,5.09888448718749,-71.44564442053098
421,163767.05597336724,5397810.47504508,4.831447144784562,-71.6022966150508
422,163761.53517646118,5397806.811959645,3.544474506049113,-72.35614513421393
423,163760.38779564347,5397806.051012022,3.2770044752310525,-72.51274515034075
424,163756.94881344048,5397803.770263833,2.4753310799478214,-72.98211412233164
425,163755.85186474602,5397802.940121367,2.219617461081242,-73.15295416414057
426,163752.80772838293,5397800.636396466,1.5099879864727512,-73.62705165261389
427,163751.67962466078,5397799.842953859,1.247011708090156,-73.79033900826019
428,163658.60917527328,5398377.931106424,-20.448972381654556,45.17792024431054
429,163658.05194901512,5398379.195301514,-20.5788693802281,45.438086602269294
430,163656.32712571207,5398383.1084559215,-20.980949086375134,46.243398328464934
431,163655.73503582703,5398384.353114794,-21.118973269237344,46.4995442099638
432,163652.00792946937,5398392.188028358,-21.987812312873558,48.11193848574575
433,163651.41182514897,5398393.430439156,-22.126772315069218,48.36762172231494
434,163648.1896709351,5398400.146104246,-22.87790016519712,49.74967908161929
435,163647.62672547597,5398401.4070982495,-23.00913038708768,50.00918666851163
436,163485.2624642095,5398293.895601193,-60.858441874924665,27.883745076861004
437,163484.4473662418,5398295.006889403,-61.04845226656768,28.11244380251216
438,163482.5017408377,5398297.659515177,-61.502003937261726,28.658343713079432
439,163481.6867160436,5398298.770866709,-61.69199727115121,28.887055470247873
440,163520.73998592544,5398319.182987404,-52.588150372538564,33.087789313329154
441,163519.9655647629,5398320.3254569005,-52.768678449188826,33.32290502473177
442,163517.8345472157,5398323.469252306,-53.26544754296304,33.96988570610492
443,163517.03189063794,5398324.591183255,-53.45255767786723,34.200774665614404
444,163515.229671131,5398327.110274587,-53.872679488882596,34.71919371514019
445,163514.4237134121,5398328.229383817,-54.0605591645615,34.949501975964495
446,163510.60991226314,5398333.547359676,-54.949607939913065,36.04392041008035
447,163509.8072355984,5398334.669275499,-55.13672275736897,36.27480625660738
448,163637.4696039716,5397991.128301758,-25.376893173305646,-34.42456968892543
449,163638.5796627431,5397991.94304557,-25.118123417666354,-34.25689862953273
450,163640.96503598258,5397993.693824336,-24.56206056214036,-33.89659527225979
451,163642.0873013143,5397994.494190286,-24.300445291750023,-33.731883119949174
452,163760.58896078938,5398024.818124963,3.323898799193728,-27.491337095591575
453,163761.95243824838,5398024.967144073,3.641743888069172,-27.4606695511429
454,163647.5996776338,5397998.425448683,-23.015435605951495,-32.92284566414084
455,163648.72538676875,5397999.221759068,-22.753017538325707,-32.758968131139994
456,163786.69338138058,5398462.796987025,9.409193299714076,62.6429833843375
457,163785.3262428733,5398462.678785407,9.090494770829238,62.618657958047805
458,163767.85812353835,5398461.168488872,5.018439229430129,62.30784489450937
459,163766.49101312578,5398461.050048308,4.699747249804048,62.28347029413652
460,163701.02190126575,5398449.16984622,-10.56199069852039,59.83857161256543
461,163699.83183821433,5398448.485412142,-10.839410536924348,59.697717781819875
462,163645.3955517161,5398001.6669200035,-23.529247252476907,-32.25576366515347
463,163646.1717085028,5398000.525474539,-23.34831457828774,-32.4906686348114
464,163647.5996776338,5397998.425448683,-23.015435605951495,-32.92284566414084
465,163648.37317994953,5397997.282516192,-22.835121724955243,-33.15805665806796
466,163662.85044787262,5398211.950196193,-19.46027421331739,11.019704284055905
467,163662.0771289437,5398213.093267913,-19.640545344366416,11.254943930761414
468,163495.7821560894,5398153.617923083,-58.40615901653357,-0.984847200571366
469,163494.65903253425,5398152.8185294075,-58.667974350442236,-1.1493592625895843
470,163492.9546410233,5398151.605412453,-59.065291128728944,-1.399013941822119
471,163491.83224018305,5398150.805167921,-59.326937987991236,-1.5637011068998419
472,163414.95307382406,5398253.752401557,-77.24851439741427,19.62243309458968
473,163415.07436634545,5398252.380868425,-77.2202394655575,19.340176991405272
474,163419.16095057616,5398245.855902876,-76.26760125402662,17.997364844867093
475,163420.02884843232,5398244.789768126,-76.0652824922412,17.77795852290238
476,163373.0078896931,5398429.65864234,-87.02650573124167,55.823242892948144
477,163373.8174290165,5398428.5425741095,-86.83779113497943,55.59356045774669
478,163405.0233752454,5398385.520456526,-79.56326181505777,46.73977852931921
479,163405.83274517293,5398384.404252387,-79.37458670726512,46.5100681246162
480,163420.6860276,5398363.920014882,-75.91208511477406,42.294492926998515
481,163421.49537658558,5398362.803797204,-75.72341488883453,42.06477973609765
482,163437.29489562643,5398341.013769468,-72.04033270762818,37.580478064656205
483,163438.10469293816,5398339.897939745,-71.8515579707838,37.35084471345655
484,163451.48813070267,5398321.456704738,-68.73169710500093,33.555711362944095
485,163452.23364051792,5398320.298033943,-68.55790865553064,33.31726148843384
486,163453.8703678056,5398317.754232879,-68.17636532543861,32.793757273379725
487,163454.61541545085,5398316.595303669,-68.0026846140619,32.55525421788988
488,163456.49750778833,5398313.667688891,-67.56394336291316,31.952762656217374
489,163457.2439305519,5398312.509530971,-67.38994209280976,31.714418329100624
490,163458.46786277535,5398310.61046356,-67.10462689102758,31.323597754226057
491,163459.21287035925,5398309.451513036,-66.93095551849828,31.085090312539734
492,163452.0669920548,5398310.764092949,-68.59675667257663,31.355214076007854
493,163453.2180999943,5398311.518486755,-68.3284177991213,31.51046534255383
494,163456.49750778833,5398313.667688891,-67.56394336291316,31.952762656217374
495,163457.63185662625,5398314.452200514,-67.29951126334011,32.11421205062953
496,163517.22229001627,5398357.55972375,-53.40817300034364,40.985570125104346
497,163518.33656513024,5398358.369586325,-53.148420358088245,41.15223664544865
498,163522.654681167,5398361.5080199065,-52.14180894224227,41.798113884552436
499,163523.79364685208,5398362.284251529,-51.87630059298018,41.95785928752406
500,163666.1789006473,5397831.57570214,-18.68436672691324,-67.25986470678114
501,163665.4135177566,5397832.723157017,-18.862787859814176,-67.02372302386179
502,163454.86111127367,5398458.3723889375,-67.94540958533076,61.73241856817023
503,163454.05718098156,5398459.493257834,-68.13281664032687,61.96308896131313
504,163439.64373688216,5398479.588970545,-71.4927859530018,66.09870729057934
505,163438.84003620868,5398480.710040069,-71.68013948078121,66.32941897223483
506,163420.93093047987,5398505.691117034,-75.85499493179739,71.4704259754167
507,163420.12664004235,5398506.811687599,-76.04248594157288,71.70103497311658
508,163449.62909520633,5398578.159910854,-69.16506349375541,86.38421760495177
509,163450.77100581134,5398578.930913575,-68.89886864371027,86.54288692068553
510,163454.79431957926,5398581.647399449,-67.96097963520944,87.10192898763631
511,163455.937466036,5398582.416182519,-67.69449669136458,87.26014150798017
512,163672.63543111333,5397677.341064624,-17.179261903761315,-99.00074412175955
513,163673.9933389445,5397677.116228361,-16.862715170674974,-99.047014536907
514,163520.39489550394,5397899.630248886,-52.668595630336625,-53.25450769572752
515,163519.59617976996,5397900.755466875,-52.85478710110663,-53.02294227642704
516,163481.39967787894,5397954.565841694,-61.75890976050068,-41.94897960547534
517,163480.6007839751,5397955.690918526,-61.94514276508315,-41.717443235886286
518,163399.91381061787,5398069.031403238,-80.75437063202122,-18.39241899999496
519,163399.16845394115,5398070.190116715,-80.92812338282194,-18.15396034159194
520,164123.29012569334,5398227.174718812,87.87445974388359,14.152850926064659
521,164124.10201194527,5398226.060704483,88.06372144102318,13.923591175693147
522,164136.9267633157,5398224.977838621,91.05334493074665,13.700741656886265
523,164136.13129625592,5398226.105889015,90.86791076999151,13.932889974007551
524,164115.23059455992,5398255.242597595,85.99567372327036,19.929109555270912
525,164114.45092716164,5398256.3821277395,85.81392267790932,20.163620359671853
526,164101.22660261806,5398257.885007643,82.7311532620169,20.472907109815026
527,164102.03919286074,5398256.771588951,82.92057906894883,20.24376993930916
528,164002.65319352038,5398243.705106739,59.752354625828985,17.55473949219531
529,164003.77038821686,5398244.511497474,60.0127878623652,17.72069152154036
530,164081.3894693587,5398243.536115636,78.10684844331541,17.51996179048237
531,164082.20643784569,5398242.426442435,78.2972948783792,17.29159542717065
532,164096.5289201066,5398227.697054037,81.63605975276411,14.260345452917079
533,164097.89774090817,5398227.608157196,81.95515044726761,14.242050834081894
534,164102.27300583155,5398229.24869709,82.97508404370726,14.579667466672191
535,164103.4028148676,5398230.040222889,83.23845785388656,14.7425603507848
536,164127.8542248159,5398209.538240825,88.93841315335865,10.523333392824654
537,164128.79216747923,5398208.531993035,89.15706030972777,10.316251570832364
538,164090.6623829418,5398260.727135577,80.26849037035979,21.057805816686056
539,164091.4310581128,5398259.581445937,80.44767897844761,20.82202741241879
540,164095.39346130047,5398253.675587339,81.37136890454849,19.60662503192583
541,164096.2080039989,5398252.56383853,81.56124985539915,19.377831516706095
542,164109.55330052943,5398234.349149351,84.67221948221945,15.629320403175043
543,164110.3682739104,5398233.237772621,84.86220083100892,15.400603460385767
544,164123.63521611487,5398215.14565396,87.95490500168845,11.677316875580175
545,164124.4631045239,5398214.045321906,88.14789701868736,11.450872883396343
546,164146.26646859324,5398224.163610433,93.2305569076697,13.533176710866442
547,164145.47738375346,5398225.2971165525,93.04661052896418,13.766447794629528
548,164142.72650878594,5398229.248697088,92.40534426323842,14.579667466288853
549,164141.91930195212,5398230.366712167,92.21717340192853,14.809750555098205
550,164114.9077680367,5398267.778689181,85.92041848213242,22.508987705805666
551,164114.10004788288,5398268.896273232,85.7321279589676,22.738982090714458
552,164110.5885717938,5398273.754846664,84.91355525558652,23.738857319259893
553,164109.74500422357,5398274.8417865615,84.71690821344924,23.962545258427397
554,164117.1341578525,5398210.797988134,86.43942014527047,10.782584415108104
555,164118.27900616959,5398211.563620557,86.70629981584321,10.940148544635349
556,164123.63521611487,5398215.14565396,87.95490500168845,11.677316875580175
557,164124.74063562264,5398215.965908188,88.21259328202865,11.846121956995532
558,164129.10100311288,5398219.201428864,89.22905408474611,12.511979336817419
559,164130.21017883686,5398220.017258952,89.48761799002983,12.679873947718548
560,164133.1530325777,5398222.181810047,90.17363711167556,13.125330016303522
561,164134.25909265492,5398223.001311149,90.43147471743796,13.293980107531311
562,164136.9267633157,5398224.977838621,91.05334493074665,13.700741656886265
563,164138.03544179074,5398225.794255714,91.31179292055464,13.86875707113326
564,164142.72650878594,5398229.248697088,92.40534426323842,14.579667466288853
565,164143.84474004048,5398230.053861415,92.66601913551924,14.74536710562613
566,164146.82306604716,5398232.198355886,93.36030732344744,15.18669560038299
567,164147.89458897378,5398232.964014049,93.6100938509731,15.344265027078634
568,164120.74090935424,5398272.003478778,87.28020283958728,23.378432723375525
569,164120.14666326987,5398271.577452105,87.14167601741514,23.290758116200536
570,164119.0265891961,5398270.774448876,86.88057155897448,23.12550322243125
571,164117.91263721036,5398269.964233719,86.62089424229595,22.958764142111107
572,164114.9077680367,5398267.778689181,85.92041848213242,22.508987705805666
573,164113.79152529492,5398266.971173267,85.66020715914547,22.342804119017543
574,164109.38632129328,5398263.78434443,84.63329435749225,21.686967327400964
575,164108.27000020174,5398262.976921651,84.37306477011526,21.52080290743868
576,164105.69051419897,5398261.111206985,83.77175159666379,21.136846195937252
577,164104.5738644758,5398260.304171904,83.51144540079537,20.970761562777355
578,164101.22660261806,5398257.885007643,82.7311532620169,20.472907109815026
579,164100.10931214396,5398257.07872807,82.47069769841815,20.306977957115308
580,164095.39346130047,5398253.675587339,81.37136890454849,19.60662503192583
581,164094.2774841042,5398252.867761549,81.11121948382666,19.440377673846186
582,163513.5042190238,5398314.220754892,-54.274905777805095,32.06658145534092
583,163514.641220308,5398315.000502051,-54.00985535702984,32.227050341925036
584,163485.2624642095,5398293.895601193,-60.858441874924665,27.883745076861004
585,163486.37610534817,5398294.706196408,-60.59883702090749,28.050562371392658
586,163492.1642726386,5398298.919274485,-59.24953671916684,28.917597204550958
587,163493.28428617932,5398299.722364805,-58.98844637180278,29.08287002144806
588,163508.06069592404,5398321.902230498,-55.5438648442094,33.64739880537809
589,163509.1751636326,5398322.711858198,-55.284067305540994,33.81401698920439
590,163486.56490225173,5398306.308841685,-60.554825901988636,30.438340957081323
591,163485.43815897996,5398305.513676591,-60.81748504093633,30.274699120475418
592,163747.45326087583,5397808.0409279335,0.261788986600493,-72.10322831289457
593,163748.26121673975,5397806.923630755,0.450134456984145,-72.3331636605758
594,163761.53517646118,5397806.811959645,3.544474506049113,-72.35614513421393
595,163760.72198252482,5397807.924778374,3.3549079699316593,-72.1271314336544
596,163732.55871300751,5397829.087035198,-3.2103321399393963,-67.77202253716784
597,163733.35593483978,5397827.960556679,-3.024488917920806,-68.00384736841544
598,163756.21410480124,5397814.093599136,2.3040605311060176,-70.85761247802655
599,163755.41909673114,5397815.221967309,2.118733367075265,-70.62539876335737
600,163741.36408472937,5397835.170444463,-1.1576805621407118,-66.52008093026953
601,163740.55701942474,5397836.288508588,-1.3458184310763954,-66.28998774793749
602,163726.7923633844,5397836.829556775,-4.554546447515534,-66.17864216738293
603,163727.61508728433,5397835.72487976,-4.3627583476321234,-66.4059803353178
604,163767.85812353835,5398461.168488872,5.018439229430129,62.30784489450937
605,163767.7834881793,5398462.545535349,5.001040714937474,62.591235622303344
606,163486.56490225173,5398306.308841685,-60.554825901988636,30.438340957081323
607,163487.67998471844,5398307.117742001,-60.29488505485866,30.60480944827185
608,163539.58637571678,5398129.2373848315,-48.194801293931334,-6.002265707631338
609,163540.38435048694,5398128.111489205,-48.00878255187768,-6.233970582106366
610,163637.4696039716,5397991.128301758,-25.376893173305646,-34.42456968892543
611,163638.24228934108,5397989.984912875,-25.19676973355793,-34.65987460648991
612,163644.09311367382,5397981.327090312,-23.832863225419715,-36.44162030514275
613,163644.9108021166,5397980.218079378,-23.642248958900296,-36.66985037647797
614,163742.51067548446,5397847.844226605,-0.8903947056357424,-63.911866607115776
615,163743.3039834052,5397846.714398374,-0.7054638694790185,-64.14438079608288
616,163753.28640219336,5397832.497430811,1.6215733440553066,-67.07017658576092
617,163754.07932058585,5397831.367272683,1.806413375892049,-67.3027586659968
618,163768.20321395967,5397811.236246247,5.09888448718749,-71.44564442053098
619,163768.96190907885,5397810.0850455975,5.275746609837142,-71.68255696871825
620,163794.15178726372,5397771.863242247,11.147848871276778,-79.5484531817985
621,163794.91048027735,5397770.712046634,11.324710503095162,-79.78536469347489
622,164131.27173318333,5398232.997221972,89.73508070631522,15.351099086548388
623,164130.46514936347,5398234.115770513,89.54705507801177,15.581291959834331
624,164107.46049410253,5398249.343266252,84.18435791885909,18.715050458144006
625,164108.2621901689,5398248.220536032,84.37124414553102,18.483997011761375
626,163831.04306651276,5398453.026002406,19.747706429770744,60.63215332989128
627,163832.3441197104,5398452.585063103,20.050999576648465,60.541409762255114
628,163883.15172015323,5398442.732680709,31.894940355915367,58.51382836718432
629,163883.49050499493,5398441.396022234,31.973915697539212,58.23874933074487
630,163833.16926878688,5398426.816462534,20.243353018073833,55.238333510858695
631,163834.5395711625,5398426.745807505,20.56278908757838,55.22379298500422
632,163896.33194786325,5398423.559479175,34.96743020180858,54.56805919569467
633,163894.97535086898,5398423.802129905,34.651189042583326,54.61799575775578
634,163652.00792946937,5398392.188028358,-21.987812312873558,48.11193848574575
635,163653.24922395474,5398392.780375303,-21.698449732349488,48.23384114814985
636,163757.36069555642,5398435.373730872,2.571346387631351,56.999385547031466
637,163756.0508257901,5398434.96527623,2.265997979014031,56.91532719452755
638,163632.6494700203,5398382.37102911,-26.500531774026413,46.091638802274645
639,163631.41330435648,5398381.769467932,-26.788698756680958,45.96783988716771
640,163626.68274531365,5398379.467411609,-27.89145623130642,45.49408578546138
641,163625.44724672392,5398378.864652435,-28.179467709944277,45.37004032739483
642,163582.72267839935,5398358.020614265,-38.13914407028545,41.08041957343923
643,163581.48649839213,5398357.419085699,-38.42731439658464,40.95662736958673
644,163778.7451697379,5398434.682389328,7.556357362245535,56.85711018708406
645,163777.3727724164,5398434.726759239,7.236432932437538,56.86624133954385
646,163621.74015992242,5398242.660434509,-29.043639923508735,17.33975007203179
647,163622.20905013257,5398243.957670058,-28.93433525584939,17.60671602604964
648,163644.5495235861,5398304.081216858,-23.726467884470182,29.9799045633103
649,163645.10622038276,5398305.3414233,-23.596694310549324,30.239250073293846
650,163632.6494700203,5398382.37102911,-26.500531774026413,46.091638802274645
651,163627.29500251304,5398389.0846878765,-27.748730773932607,47.47328326801997
652,163621.383937552,5398395.24528064,-29.12668018958938,48.741108934066744
653,163508.18314736395,5398162.390016516,-55.51531975272785,0.8204149918624353
654,163509.3091781641,5398163.185987752,-55.2528267005751,0.9842227294274863
655,163621.74015992242,5398242.660434509,-29.043639923508735,17.33975007203179
656,163622.85019497504,5398243.475263883,-28.784875697065402,17.50743874003416
657,163644.5495235861,5398304.081216858,-23.726467884470182,29.9799045633103
658,163643.67463434793,5398305.1413856745,-23.930416432223268,30.198083119777806
659,164120.74090935424,5398272.003478778,87.28020283958728,23.378432723375525
660,164121.8747311107,5398272.788948401,87.5445120693235,23.540079270468837
661,163589.45750759236,5397943.919740771,-36.56916403924125,-44.139905140043865
662,163588.3398870462,5397943.113914411,-36.82969654711658,-44.305741023250356
663,163544.62914864972,5397911.59745455,-47.019262526887275,-50.79170402181836
664,163543.5116706724,5397910.791466998,-47.27976180003258,-50.95757307758852
665,163585.07151965494,5397874.205749054,-37.59159731569298,-58.486769373915514
666,163585.94045101135,5397873.140570044,-37.38903763098297,-58.705979008555644
667,163593.342557821,5397864.066693072,-35.66350613705259,-60.57334706162338
668,163594.12818743396,5397862.930580304,-35.48036521857925,-60.80715458344855
669,163553.26754113528,5397853.067366113,-45.005536073849726,-62.836965119675256
670,163554.04254465798,5397851.925301145,-44.82487224114566,-63.071997580742284
671,163832.96889370354,5398431.763392277,20.196642868410677,56.2563921194276
672,163831.59883778822,5398431.837149717,19.877264252141956,56.27157110932242
673,163832.57927548568,5398438.354181665,20.105817577339806,57.61275055214011
674,163833.9462086993,5398438.474111134,20.424468249484292,57.637431563365425
675,163883.15172015323,5398442.732680709,31.894940355915367,58.51382836718432
676,163884.5265428494,5398442.784994189,32.215430173454195,58.5245942747284
677,164116.55529650048,5398278.05645341,86.30447971287333,24.624111002847158
678,164117.34095828707,5398276.920278349,86.48762813145271,24.390290661483434
679,164120.74090935424,5398272.003478778,87.28020283958728,23.378432723375525
680,164121.5600743931,5398270.895678215,87.47116132068726,23.15045174161972
681,164149.0160600158,5398233.765362504,93.87152396165635,15.509179375094334
682,164149.83554938776,5398232.657846891,94.06255804919786,15.28125703497463
683,163653.28810361348,5398313.990310723,-21.689386356563745,32.01915695532281
684,163652.6454863793,5398315.206643047,-21.839189149826225,32.26947334495799
685,163644.36028045174,5398334.745671953,-23.770583025837183,36.29052834521974
686,163644.03679464592,5398336.087283208,-23.845991954693574,36.566626644221515
687,163658.60917527328,5398377.931106424,-20.448972381654556,45.17792024431054
688,163659.83820969498,5398378.545481919,-20.162467788257715,45.304356295430296
689,163733.46040088293,5398412.482671711,-3.0001364663635997,52.28849595559538
690,163734.47006403594,5398413.415771115,-2.764770291087572,52.480524128648625
691,163832.70172692553,5398419.657245907,20.134362668807796,53.76499499683936
692,163831.3306807225,5398419.718552103,19.8147532030398,53.77761156996698
693,164085.05188060587,5398192.8081982555,78.96060617922146,7.08035668959306
694,164085.8530942919,5398191.685066353,79.1473799564954,6.849220578595492
695,164085.05188060587,5398192.8081982555,78.96060617922146,7.08035668959306
696,164084.23954811093,5398193.921825048,78.77124045678423,7.309536686319817
697,164097.24136484772,5398171.592274084,81.80214028498648,2.714203264815353
698,164098.03188620458,5398170.46000574,81.98642153530699,2.481186910300977
699,164101.32679015977,5398204.391713947,82.75450833685863,9.464198482123038
700,164101.04823791512,5398205.744765106,82.68957403055771,9.74265106812399
701,163832.70172692553,5398419.657245907,20.134362668807796,53.76499499683936
702,163834.06284498397,5398419.471335897,20.451657749411197,53.726735450880994
703,163838.10072222902,5398418.919816184,21.392941701959643,53.61323487151205
704,163839.46184021773,5398418.733907027,21.71023676630739,53.5749755011166
705,163891.94595992597,5398408.595806216,33.94499692539077,51.48859438381916
706,163893.30750160269,5398408.415236907,34.26239075715907,51.45143393303283
707,164034.41264424377,5398341.274940293,67.1559133507333,37.634225989222244
708,164035.2111116211,5398340.14943111,67.34204692619639,37.40260064338017
709,164090.17257718227,5398249.8963284055,80.15431000445395,18.828868465509757
710,164090.86804243957,5398248.709619275,80.31643238869876,18.58464841216572
711,164102.27300583155,5398229.24869709,82.97508404370726,14.579667466672191
712,164103.07658585676,5398228.127581273,83.16240944673851,14.348946258240034
713,164113.47174660547,5398213.624738828,85.58566240939834,11.36431854665065
714,164114.5590102487,5398212.785558805,85.83911831145801,11.191618611283417
715,164117.1341578525,5398210.797988134,86.43942014527047,10.782584415108104
716,164118.20714843564,5398209.940687202,86.68954880343688,10.606155268195366
717,163779.90289244216,5398441.242454484,7.826238227087373,58.20714569414619
718,163778.58498051844,5398441.623684804,7.519015082503543,58.28560138870702
719,163832.57927548568,5398438.354181665,20.105817577339806,57.61275055214011
720,163831.20932706614,5398438.429300461,19.78646401979624,57.628209703748524
721,163782.74153945735,5398408.780163434,8.487965347599243,51.52653437145193
722,163781.37379818122,5398408.88292587,8.169126305119832,51.54768247493965
723,163425.4838976533,5398611.97477859,-74.79363653065238,93.34318386907375
724,163426.2856171659,5398610.851989489,-74.60674483834167,93.11211830540398
725,163449.62909520633,5398578.159910854,-69.16506349375541,86.38421760495177
726,163450.430905604,5398577.037206329,-68.97815061490371,86.15316944672941
727,163461.09500275808,5398562.105189556,-66.49220492850213,83.08021935296006
728,163461.8967022989,5398560.98239351,-66.30531789189008,82.84915235987131
729,163566.42550494708,5398407.674020171,-41.938236244603125,51.29889445543009
730,163567.0083364421,5398406.424168294,-41.8023703180298,51.04167987413314
731,163460.0485995447,5398585.180979542,-66.73613571016537,87.82912581878588
732,163460.8520140078,5398584.05964527,-66.548848901909,87.59835965303742
733,163567.87265832743,5398404.570674496,-41.60088516354574,50.66023816880249
734,163568.9776103177,5398405.39152886,-41.343305867875934,50.82916675581339
735,163572.81524371868,5398408.242454885,-40.44870147133665,51.415876075020236
736,163573.86559042477,5398409.127629825,-40.20385140803461,51.59804158268372
737,163580.76345536133,5398414.940769311,-38.595865533874886,52.79436273610682
738,163581.83452486532,5398415.801536286,-38.34618470531459,52.971505180919706
739,163804.1816733842,5398116.624667818,13.485951363789155,-8.597913068539526
740,163805.20846435457,5398117.537524828,13.72531026559858,-8.410050700234947
741,163782.17381005437,5398101.630765936,8.355619923511796,-11.683598873235155
742,163783.31285043215,5398102.406793139,8.621145684657833,-11.523895539034214
743,163693.32972445185,5398238.666100596,-12.355141444736475,16.517731924195317
744,163694.440333157,5398239.480252451,-12.096243492106751,16.6852811613643
745,163899.04814343865,5397935.608723884,35.600612230866034,-45.850279599748355
746,163898.25355226654,5397936.737470124,35.41538225141218,-45.617988080450466
747,163782.17381005437,5398101.630765936,8.355619923511796,-11.683598873235155
748,163781.37923757292,5398102.759562009,8.170394301103002,-11.451297098459762
749,163743.9355649667,5398095.286017635,-0.5582336411978019,-12.98932302182348
750,163743.12792625994,5398096.403642016,-0.7465051779460623,-12.759320336969779
751,163660.65745390393,5398215.191742299,-19.97149085153987,11.686801673734365
752,163659.879733958,5398216.332348261,-20.152787919345897,11.921533877082084
753,163544.62914864972,5397911.59745455,-47.019262526887275,-50.79170402181836
754,163544.5358837978,5397912.972231242,-47.041003828844744,-50.50878040679883
755,163538.3841252162,5397949.250470869,-48.47506219203919,-43.04286193387191
756,163537.88047213395,5397950.533519811,-48.59247055668059,-42.77881552769838
757,163533.68644270467,5397961.217740697,-49.57015570130554,-40.58004505537423
758,163532.67307076775,5397962.150683565,-49.806386444415416,-40.388049096763744
759,163525.3597447933,5397968.883560949,-51.511221921508096,-39.002449515498874
760,163524.03524080952,5397969.241184756,-51.81998176470185,-38.928851948041945
761,163538.3841252162,5397949.250470869,-48.47506219203919,-43.04286193387191
762,163538.57777096832,5397950.615664193,-48.42992074075424,-42.761910538140455
763,163540.3322163051,5397962.984412134,-48.020935736773026,-40.2164710492657
764,163540.773590424,5397964.289429618,-47.91804544318985,-39.94790360376689
765,163545.45291288156,5397988.393793444,-46.827231911527,-34.98732070294464
766,163546.56038118343,5397989.211589081,-46.56906602949543,-34.81902158985244
767,163533.68644270467,5397961.217740697,-49.57015570130554,-40.58004505537423
768,163535.0141363002,5397961.570686976,-49.260652316352896,-40.50741010462517
769,163540.3322163051,5397962.984412134,-48.020935736773026,-40.2164710492657
770,163541.61007201238,5397962.469241323,-47.723050239534494,-40.322491167996766
771,163525.3597447933,5397968.883560949,-51.511221921508096,-39.002449515498874
772,163525.01065079792,5397970.2168010445,-51.59260046667869,-38.72807396805569
773,163525.3597447933,5397968.883560949,-51.511221921508096,-39.002449515498874
774,163524.20434414377,5397969.636157721,-51.78056148389775,-38.8475680713463
775,163370.74810403,5398202.517457104,-87.55329241934281,9.078483824268261
776,163371.22408150547,5398203.812673395,-87.442335614012,9.345034222726497
777,163402.61887424416,5398079.616197857,-80.12378361128704,-16.21411006078688
778,163402.19485332092,5398080.925124472,-80.22262863959432,-15.944738131649515
779,163392.32182134586,5398223.3032939285,-82.52416630335483,13.356126971100693
780,163392.25507184715,5398224.681234466,-82.53972651684496,13.63970169298625
781,163370.74810403,5398202.517457104,-87.55329241934281,9.078483824268261
782,163371.51799003134,5398203.661170528,-87.37382155027782,9.313855531042094
783,163392.32182134586,5398223.3032939285,-82.52416630335483,13.356126971100693
784,163393.4696812977,5398224.063496272,-82.25658457987481,13.512573611796611
785,163588.3443126843,5397874.697339928,-36.82866487085099,-58.385601913198656
786,163589.43512784157,5397875.534725039,-36.57438106269327,-58.21327136361767
787,163593.342557821,5397864.066693072,-35.66350613705259,-60.57334706162338
788,163594.71555542658,5397864.030943456,-35.34344177288331,-60.58070419146189
789,163747.14156630164,5398075.944547847,0.18912875376551597,-16.969721135595037
790,163748.25206739633,5398076.758788633,0.4480016209391664,-16.80215359676481
791,163404.09942347172,5398270.912714728,-79.77864750528693,23.153957788815035
792,163404.83557739996,5398269.748809894,-79.60704003997577,22.914430769473242
793,163494.82480846855,5398138.16308168,-58.629329731698675,-4.165392538691435
794,163494.03394879223,5398139.295063251,-58.81368984887313,-3.932435201088353
795,163487.93413198847,5398148.025909893,-60.235639879153574,-2.1356614352664565
796,163487.14332534096,5398149.157938818,-60.41998763459343,-1.9026943521997879
797,163778.75630168692,5398422.06925604,7.558952370548468,54.26137715859275
798,163779.1516420707,5398420.750963053,7.651111576107056,53.99007766695681
799,163782.74153945735,5398408.780163434,8.487965347599243,51.52653437145193
800,163782.91401385542,5398407.41462213,8.528171469103185,51.24551136274911
801,163532.1613656807,5397883.039026576,-49.92567184059201,-56.668915737608934
802,163531.03236646962,5397882.246616186,-50.188856869587575,-56.83199066718044
803,163544.5400930571,5397865.449290961,-47.04002259341252,-60.2888138752065
804,163543.40181222305,5397864.671978423,-47.30537129461215,-60.44878172628547
805,163553.26754113528,5397853.067366113,-45.005536073849726,-62.836965119675256
806,163554.41425218867,5397853.829525589,-44.738222174180166,-62.680115708842344
807,163794.15178726372,5397771.863242247,11.147848871276778,-79.5484531817985
808,163795.2818070095,5397772.654420728,11.41127180075749,-79.3856317743852
809,163801.72151263768,5397777.163149145,12.91245452600451,-78.45775326848505
810,163802.85187166385,5397777.953929044,13.17595654634296,-78.2950138876422
811,163814.5455179772,5397786.134592662,15.901904105803482,-76.6114656160405
812,163815.67551265628,5397786.925803575,16.165321191891408,-76.44863753417202
813,163833.3919077684,5397799.330618709,20.29525318437679,-73.8957755591183
814,163834.5212156834,5397800.122641299,20.558510176443633,-73.73278043743204
815,163791.64709872083,5397860.871356519,10.563972000219323,-61.23093470769719
816,163790.54045131698,5397860.052626057,10.305997480648927,-61.39942620414068
817,163772.3776948644,5397846.615253031,6.072012605598488,-64.16478451611987
818,163771.270529592,5397845.7971356325,5.813917363844354,-64.3331498465005
819,163760.13255087705,5397837.566940119,3.217503458230624,-66.02689158684856
820,163759.02649165702,5397836.747521763,2.959666052285243,-66.19552464905415
821,163756.95994538956,5397835.216530911,2.4779260882643115,-66.5105965213819
822,163755.8535055456,5397834.397561412,2.219999953715984,-66.67913721049985
823,163833.3919077684,5397799.330618709,20.29525318437679,-73.8957755591183
824,163832.6171325732,5397800.472807958,20.11464257790874,-73.66071752164783
825,163814.5455179772,5397786.134592662,15.901904105803482,-76.6114656160405
826,163813.75571319563,5397787.267403094,15.717789898898872,-76.37833770187137
827,163402.66340204058,5398493.062523726,-80.11340357800066,68.8715113358665
828,163403.79790021727,5398493.846819433,-79.84893666553523,69.03291629562597
829,163453.8703678056,5398317.754232879,-68.17636532543861,32.793757273379725
830,163454.98903560836,5398318.558913181,-67.91558868784412,32.95935730226137
831,163437.29489562643,5398341.013769468,-72.04033270762818,37.580478064656205
832,163438.4148749826,5398341.816910486,-71.77925032914507,37.745761314893656
833,163420.6860276,5398363.920014882,-75.91208511477406,42.294492926998515
834,163421.80377528892,5398364.72578998,-75.6515229681967,42.460318260525554
835,163405.0233752454,5398385.520456526,-79.56326181505777,46.73977852931921
836,163406.1237451947,5398386.346705347,-79.30675065528597,46.90981727426211
837,163423.85863308757,5398434.544121025,-75.1725077447874,56.82865511624456
838,163424.94899568765,5398435.382168161,-74.91832943385123,57.00112190777813
839,163373.0078896931,5398429.65864234,-87.02650573124167,55.823242892948144
840,163374.1091648816,5398430.483835311,-86.76978354793485,55.99306434799678
841,163414.15157349044,5398233.995804671,-77.43535499612796,15.556603463229735
842,163414.33213116843,5398232.631241113,-77.39326455244053,15.275781670836565
843,163475.8448352882,5398579.066350496,-63.053818910103956,86.57075930434135
844,163475.12902169063,5398580.2417074405,-63.22068476845594,86.81264312261118
845,163480.44233025808,5398571.292481207,-61.98208047566578,84.97092769928972
846,163479.76300059533,5398572.48828294,-62.14044143397094,85.21701897440462
847,163478.58329476177,5398574.564879934,-62.415446864413475,85.64437443644536
848,163477.86806917397,5398575.740565672,-62.58217564971177,85.88632591905557
849,163516.98851908572,5398515.923055639,-53.46266817494953,73.57611853999774
850,163516.29534307253,5398517.111088607,-53.62425690534053,73.82061103412286
851,163523.46731344977,5398503.0947260065,-51.95237333519851,70.93609895358625
852,163522.89617765366,5398504.351148955,-52.085512835728174,71.19466583539531
853,163521.9867642222,5398506.351737352,-52.29750944119861,71.60637902840031
854,163521.3498862306,5398507.5713185165,-52.44597433917619,71.85736401659707
855,163584.47039440475,5398422.699144137,-37.73172776472315,54.391005641845
856,163583.56335625536,5398423.7318491405,-37.943170659729766,54.60353225397199
857,163645.29536417435,5398406.629329432,-23.552602327325445,51.08390122616589
858,163643.92511775493,5398406.7006322555,-23.872025352683494,51.09857506575315
859,163666.5128591197,5398338.632506432,-18.606516477431683,37.090423534059454
860,163666.2960238277,5398339.992823598,-18.657063724993876,37.37037143568648
861,164085.77545729588,5398246.716221476,79.12928171971285,18.174415015873493
862,164084.66017694073,5398245.907576237,78.86929474210368,18.007999018552454
863,164081.3894693587,5398243.536115636,78.10684844331541,17.51996179048237
864,164080.27255629457,5398242.729394453,77.84648085910075,17.35394175621265
865,164090.17257718227,5398249.8963284055,80.15431000445395,18.828868465509757
866,164089.05621986202,5398249.088951207,79.89407197167327,18.66271342589394
867,163508.18314736395,5398162.390016516,-55.51531975272785,0.8204149918624353
868,163507.04984722013,5398161.603664607,-55.77950738748186,0.6585868738665965
869,163504.1756456953,5398159.609369537,-56.44952274642521,0.24816882282208041
870,163503.0533509501,5398158.808998383,-56.71114487349343,0.08345559950136305
871,163500.19040792488,5398156.767272659,-57.378535723475984,-0.33672349287094505
872,163499.0691430529,5398155.965689019,-57.63991777312407,-0.501686240844947
873,163646.09686450817,5398307.583965103,-23.365761728564266,30.70075632182332
874,163646.64233001304,5398308.81299989,-23.238606321096242,30.95368682822911
875,163646.64233001304,5398308.81299989,-23.238606321096242,30.95368682822911
876,163647.72123122492,5398309.664517356,-22.98709981520392,31.128925760546622
877,163650.12663007487,5398311.562965818,-22.42636871826103,31.519618958051296
878,163651.21742887486,5398312.400469433,-22.172088723208077,31.691973895153183
879,163471.57016684185,5398312.530831114,-64.05030210333635,31.71880181454344
880,163470.75496130553,5398313.642031108,-64.24033757068611,31.947482385730126
881,163477.0582177379,5398305.064444301,-62.77096300367281,30.182248888856662
882,163476.24090036657,5398306.173837166,-62.96149076841068,30.410557560219985
883,163474.35315411165,5398308.736185212,-63.40155002440021,30.9378786706923
884,163473.5381046707,5398309.847517902,-63.591549103802556,31.166586550336547
885,163479.7076216189,5398301.4695194615,-62.15335102449402,29.442427551284936
886,163478.89012802334,5398302.578760936,-62.3439198694871,29.670705066949154
887,163454.08187483813,5398307.630053904,-68.12706016743181,30.71024121504209
888,163455.2217496798,5398308.404633156,-67.86133988143453,30.869646566749367
889,163458.46786277535,5398310.61046356,-67.10462689102758,31.323597754226057
890,163459.6076215314,5398311.385252466,-66.83893366615922,31.483046252038946
891,163461.42896123047,5398317.078263074,-66.41435467902737,32.65464535661039
892,163462.27893413467,5398315.996788583,-66.21621446666705,32.43208217641643
893,163463.71101079177,5398314.174666058,-65.88237797428643,32.05709655541398
894,163464.7976930206,5398315.017020457,-65.62905760780474,32.230449764775216
895,163519.29283254512,5398354.610024999,-52.92550145358915,40.37853376888023
896,163518.1765690421,5398353.802505403,-53.185717616304295,40.212349424450196
897,163503.64131213952,5398343.287492169,-56.57408314557671,38.04840121882219
898,163502.52516741332,5398342.479835031,-56.83427161980044,37.882188568714554
899,163529.26705892023,5398361.799917353,-50.600374002652494,41.85818522657482
900,163528.1474738941,5398360.996308648,-50.86136445745492,41.69280572802549
901,163524.55824445953,5398358.4200527305,-51.698062520255704,41.162622432381056
902,163523.44208736782,5398357.612406994,-51.95825387704965,40.996412128797544
903,163519.29283254512,5398354.610024999,-52.92550145358915,40.37853376888023
904,163518.49962029204,5398355.740036829,-53.11040998831519,40.611085741810996
905,163527.16312054414,5398364.580625083,-51.090830574356495,42.4304438979523
906,163527.99384459315,5398363.48268397,-50.89717753121652,42.20449195191861
907,163500.22380377207,5398142.0805589175,-57.370750698540036,-3.359191191220944
908,163499.1088442478,5398141.271551648,-57.63066288612024,-3.525681692933958
909,163494.82480846855,5398138.16308168,-58.629329731698675,-4.165392538691435
910,163493.71144541234,5398137.352194773,-58.88886976091982,-4.33226986249575
911,163402.98622856376,5398071.274334033,-80.03814833686953,-17.930832698443908
912,163401.87386442212,5398070.462284603,-80.29745550555776,-18.097949264782898
913,163399.91381061787,5398069.031403238,-80.75437063202122,-18.39241899999496
914,163398.96128761134,5398068.351841439,-80.97641666414927,-18.532270135102124
915,163757.59446648712,5397841.9297927795,2.625841562271148,-65.12903373568122
916,163757.11579267666,5397841.975879264,2.514256204681814,-65.1195493191271
917,163757.11579267666,5397841.975879264,2.514256204681814,-65.1195493191271
918,163755.74955493936,5397842.096458287,2.19576765749774,-65.09473463231018
919,163747.0970385052,5397850.885936903,0.17874872047234192,-63.28589463787941
920,163746.79647588002,5397851.300715657,0.10868349594028359,-63.20053480801078
921,163746.31704541537,5397852.025209272,-0.0030782480033906268,-63.05143688259425
922,163757.11579267666,5397841.975879264,2.514256204681814,-65.1195493191271
923,163757.89545190617,5397840.836421292,2.6960053457903967,-65.35404527064193
924,163760.13255087705,5397837.566940119,3.217503458230624,-66.02689158684856
925,163760.8444578898,5397836.548118059,3.3834586386705325,-66.2365611440338
926,163761.63536400293,5397835.41623886,3.5678295808976515,-66.46949741390229
927,163761.80234323905,5397834.1872669365,3.606754705618087,-66.72241498328042
928,163761.84555781173,5397834.0552150775,3.616828608639949,-66.74959073447451
929,163772.73391723502,5397814.815618553,6.155052871719846,-70.70902373281345
930,163773.496904311,5397813.666822308,6.332915507714247,-70.94544146417732
931,163798.29287232118,5397782.601317637,12.113191964731456,-77.33859966526046
932,163798.79381002975,5397782.678127951,12.229967338940241,-77.32279240585419
933,163798.29287232118,5397782.601317637,12.113191964731456,-77.33859966526046
934,163799.0272623284,5397781.436501588,12.28438823612666,-77.57831420892563
935,163801.72151263768,5397777.163149145,12.91245452600451,-78.45775326848505
936,163802.49554104084,5397776.020545926,13.092891045119856,-78.69289649955726
937,163805.39505583394,5397771.740345892,13.768807270227086,-79.57374476652754
938,163805.15015295416,5397770.41921017,13.71171708727077,-79.84562928152151
939,163805.15015295427,5397770.379486651,13.711717087297927,-79.8538042249344
940,163747.14156630164,5398075.944547847,0.18912875376551597,-16.969721135595037
941,163746.02455725655,5398075.137973275,-0.07126120491494703,-17.135710997777664
942,163574.7188070112,5398090.64651921,-40.00495504935008,-13.944113478857489
943,163573.9360951234,5398091.784305065,-40.18741580650887,-13.709961642427146
944,163617.85938587552,5398331.483354286,-29.948300989740332,35.61915625045518
945,163627.47997117467,5398325.333538782,-27.705612070130186,34.35354850180778
946,163627.47997117467,5398325.333538782,-27.705612070130186,34.35354850180778
947,163628.6419683517,5398324.590748466,-27.434734767710196,34.20068518758893
948,163629.7843340241,5398323.821512898,-27.168433835287388,34.04237954514036
949,163637.85922218944,5398318.38411388,-25.286067882241554,32.923384296355295
950,163645.71252917498,5398309.826221836,-23.455355507566082,31.162203903992207
951,163645.71252917498,5398309.826221836,-23.455355507566082,31.162203903992207
952,163646.64233001304,5398308.81299989,-23.238606321096242,30.95368682822911
953,163647.62036338574,5398307.841015506,-23.010613476612406,30.753656279702483
954,163649.48255576918,5398305.990339916,-22.57651117465602,30.37279455068102
955,163649.48255576918,5398305.990339916,-22.57651117465602,30.37279455068102
956,163650.46058854726,5398305.018355512,-22.348518468786267,30.172763998129483
957,163652.51364435727,5398308.473176134,-21.869923313368318,30.883752440941862
958,163650.96788158838,5398310.474036519,-22.230261580358828,31.29552160802419
959,163650.96788158838,5398310.474036519,-22.230261580358828,31.29552160802419
960,163650.12663007487,5398311.562965818,-22.42636871826103,31.519618958051296
961,163649.37655535238,5398312.719079871,-22.601221309520966,31.757542665309956
962,163642.79067563155,5398322.870096877,-24.136479198362537,33.84658188458204
963,163639.92159716855,5398331.943517646,-24.80530030210879,35.71385605291994
964,163639.92159716855,5398331.943517646,-24.80530030210879,35.71385605291994
965,163639.50675065315,5398333.2554631205,-24.90200665151424,35.98384925147897
966,163639.11232306977,5398334.574038951,-24.99395307091855,36.25520695101878
967,163637.60799728223,5398339.603014901,-25.344631815535976,37.290150345042264
968,163637.60799728223,5398339.603014901,-25.344631815535976,37.290150345042264
969,163637.2135691428,5398340.921591536,-25.436578364564895,37.56150821017849
970,163636.83797020224,5398342.246282337,-25.52413557195115,37.834124346583394
971,163635.58541772893,5398346.66387771,-25.816122542157743,38.743248031649046
972,163635.58541772893,5398346.66387771,-25.816122542157743,38.743248031649046
973,163635.20981830853,5398347.9885692485,-25.903679861400008,39.015864319850664
974,163594.53327850255,5398404.977023241,-35.38593299614038,50.74386313615028
975,163581.87705051329,5398414.134980962,-38.33627139998812,52.62853467541396
976,163581.87705051329,5398414.134980962,-38.33627139998812,52.62853467541396
977,163580.76345536133,5398414.940769311,-38.595865533874886,52.79436273610682
978,163579.6279018938,5398415.718675465,-38.86057844894718,52.954452751143805
979,163578.826591205,5398416.267609875,-39.04737483888382,53.067421285163704
980,163578.826591205,5398416.267609875,-39.04737483888382,53.067421285163704
981,163577.69103741544,5398417.045515895,-39.312087829026574,53.22751127260128
982,163576.55676012608,5398417.825042959,-39.576503249658536,53.38793486454304
983,163570.5988055167,5398421.919617566,-40.96538327831839,54.230582151484384
984,163570.5988055167,5398421.919617566,-40.96538327831839,54.230582151484384
985,163569.46452704575,5398422.69914414,-41.22979897439416,54.39100564242
986,163569.70455655074,5398421.341541733,-41.173844841201856,54.11161642742232
987,163571.15032525198,5398413.164296061,-40.83681654762616,52.42877155550218
988,163571.15032525198,5398413.164296061,-40.83681654762616,52.42877155550218
989,163571.3903542364,5398411.806694984,-40.78086253578137,52.14938261439025
990,163571.90224312776,5398410.526248564,-40.66153429233393,51.88587179683057
991,163572.30335508462,5398409.522901051,-40.56802965480912,51.67938684025603
992,163572.30335508462,5398409.522901051,-40.56802965480912,51.67938684025603
993,163572.81524371868,5398408.242454885,-40.44870147133665,51.415876075020236
994,163573.15347700857,5398406.905620546,-40.369854703921334,51.14076084656594
995,163574.60321323725,5398401.175675909,-40.031901525885495,49.96156086459408
996,163574.60321323725,5398401.175675909,-40.031901525885495,49.96156086459408
997,163574.94144599288,5398399.838842502,-39.95305488301321,49.68644582780229
998,163574.9450652466,5398398.457759496,-39.9522111858816,49.402224398280225
999,163574.96009066433,5398392.724141263,-39.94870855721578,48.222268404884886
1000,163574.96009066433,5398392.724141263,-39.94870855721578,48.222268404884886
1001,163574.9637098909,5398391.343059311,-39.947864866414115,47.938047192133126
1002,163568.64364418958,5398423.805510534,-41.42115790200604,54.61869147790395
1003,163511.36401735723,5398501.005107321,-54.77381581436623,70.50606367880854
1004,163511.36401735723,5398501.005107321,-54.77381581436623,70.50606367880854
1005,163510.54312056873,5398502.111477523,-54.96517798979174,70.73375029800047
1006,163509.75563621407,5398503.246415462,-55.148751273707916,70.9673160446626
1007,163483.8932344726,5398540.519699077,-61.177627897793656,78.63801064132849
1008,163467.2478930138,5398564.519009341,-65.05788275672577,83.57697393375057
1009,163467.2478930138,5398564.519009341,-65.05788275672577,83.57697393375057
1010,163466.4606022144,5398565.65412555,-65.24141092027945,83.81057636768341
1011,163465.64823380997,5398566.767800516,-65.43078501370802,84.03976627853675
1012,163455.60669060456,5398580.533723721,-67.77160493082329,86.8727389201947
1013,163455.60669060456,5398580.533723721,-67.77160493082329,86.8727389201947
1014,163454.79431957926,5398581.647399449,-67.96097963520944,87.10192898763631
1015,163454.0221526623,5398582.791175298,-68.14098221664247,87.33731354135642
1016,163440.5272268341,5398602.780562822,-71.28683246221473,91.45105056680822
1017,163440.5272268341,5398602.780562822,-71.28683246221473,91.45105056680822
1018,163439.755056373,5398603.924339992,-71.46683586983674,91.68643539230575
1019,163425.1941167961,5398624.018076109,-74.86118837883208,95.82164694626357
1020,163423.53250341982,5398627.698135297,-75.2485329937177,96.57898859667722
1021,163422.07020938792,5398626.344500582,-75.58941356600792,96.30041591705665
1022,163424.77186306988,5398623.721443356,-74.95962144954679,95.7606010969829
1023,163424.77186306988,5398623.721443356,-74.95962144954679,95.7606010969829
1024,163425.76219638024,5398622.7599191405,-74.72876132276691,95.56272320994637
1025,163414.38351249052,5398235.357969853,-77.38128686936388,15.836931679239271
1026,163415.1534489075,5398239.879763409,-77.20180424772397,16.767498938932462
1027,163418.392973567,5398244.710666667,-76.4466271111213,17.76167975494205
1028,163418.392973567,5398244.710666667,-76.4466271111213,17.76167975494205
1029,163419.16095057616,5398245.855902876,-76.26760125402662,17.997364844867093
1030,163419.9459238674,5398246.987659737,-76.0846133330509,18.23027593814011
1031,163421.11443628577,5398248.672394329,-75.81221723950567,18.576987665147456
1032,163421.11443628577,5398248.672394329,-75.81221723950567,18.576987665147456
1033,163421.89941004972,5398249.804151374,-75.62922920833614,18.80989879636965
1034,163422.6775445314,5398250.941332812,-75.44783550662375,19.043926246323522
1035,163449.2840047849,5398289.824430649,-69.24550875153992,27.045914253619102
1036,163463.08468054372,5398300.90130831,-66.02838405017914,29.325491939896665
1037,163463.08468054372,5398300.90130831,-66.02838405017914,29.325491939896665
1038,163464.15628875492,5398301.761415017,-65.77857764166018,29.502498504040773
1039,163465.29410391976,5398302.539694151,-65.51333749426787,29.662665276845814
1040,163473.21533741584,5398307.957906648,-63.66679052868422,30.777712015184676
1041,163473.21533741584,5398307.957906648,-63.66679052868422,30.777712015184676
1042,163474.35315411165,5398308.736185212,-63.40155002440021,30.9378786706923
1043,163475.49082836846,5398309.514720019,-63.13634272458057,31.09809806003085
1044,163509.4722320691,5398332.76882708,-55.21481662378379,35.88370147574861
1045,163509.4722320691,5398332.76882708,-55.21481662378379,35.88370147574861
1046,163510.60991226314,5398333.547359676,-54.949607939913065,36.04392041008035
1047,163511.74787611899,5398334.325382784,-54.68433313063097,36.204034493711845
1048,163530.05491896978,5398346.84183535,-50.41671313916268,38.779871011312366
1049,163530.05491896978,5398346.84183535,-50.41671313916268,38.779871011312366
1050,163531.1928861109,5398347.619857232,-50.1514375640397,38.939984842716
1051,163532.429671115,5398348.220296171,-49.86312620475872,39.06355280545836
1052,163536.8256523451,5398350.354471687,-48.83836335624125,39.50275770012797
1053,163542.20238375038,5398354.164497665,-47.58497433973597,40.28684600272828
1054,163549.50494234648,5398363.797110666,-45.88264888457721,42.269199724446224
1055,163555.70543798362,5398366.593182026,-44.43722925270487,42.84462017038794
1056,163565.59371645362,5398368.214568408,-42.132137424183,43.17829508581801
1057,163565.59371645362,5398368.214568408,-42.132137424183,43.17829508581801
1058,163566.94870655387,5398368.436746022,-41.81627085374776,43.22401836142723
1059,163568.30887678088,5398368.614538083,-41.49919672550669,43.26060726560482
1060,163570.64244105647,5398368.919565017,-40.95521124215868,43.32338060434125
1061,163570.64244105647,5398368.919565017,-40.95521124215868,43.32338060434125
1062,163572.00261143583,5398369.097356548,-40.63813707840076,43.35996939927119
1063,163638.6868053669,5398366.87887286,-25.09314701886231,42.90341421595437
1064,163644.4604679935,5398373.767720648,-23.747227950988645,44.32111189050744
1065,163655.2470603724,5398382.258292995,-21.232726966242694,46.06843815508313
1066,163655.2470603724,5398382.258292995,-21.232726966242694,46.06843815508313
1067,163656.32712571207,5398383.1084559215,-20.980949086375134,46.243398328464934
1068,163657.50830652914,5398383.808832293,-20.70559981726747,46.3875330203995
1069,163662.26045457146,5398386.626597145,-19.59780965404464,46.9674179010195
1070,163677.44443311563,5398394.615394407,-16.05821831134348,48.61148083433119
1071,163711.7531001783,5398411.745242556,-8.060402682102136,52.13673594718222
1072,163727.8721624452,5398417.475683142,-4.302830640862098,53.316037993656494
1073,163742.19898091035,5398421.700541073,-0.9630549384503837,54.18549707427124
1074,163753.99884693447,5398423.897467958,1.7876538762708947,54.63761595264117
1075,163764.68551805065,5398424.91143439,4.278861859416352,54.84628624073039
1076,163776.8015095208,5398424.911435295,7.103263803294382,54.84628642702634
1077,163776.8015095208,5398424.911435295,7.103263803294382,54.84628642702634
1078,163778.17744033484,5398424.911434392,7.424011938137738,54.846286241305364
1079,163834.81816863446,5398555.220938271,20.627733936981826,81.66346762047664
1080,163835.006040385,5398479.250979726,20.671529390181732,66.02915011465856
1081,163831.24922599472,5398454.3902642885,19.795765001206107,60.91291303858134
1082,163831.24922599472,5398454.3902642885,19.795765001206107,60.91291303858134
1083,163831.04306651276,5398453.026002406,19.747706429770744,60.63215332989128
1084,163672.84307987738,5397678.705093502,-17.13085616047107,-98.72003236434587
1085,163684.19039425778,5397753.244462946,-14.485643271969224,-83.38012444678643
1086,163735.19698493936,5397744.61101529,-2.595315169090668,-85.15685388584103
1087,163750.28077594188,5397733.412124543,0.9209210987823013,-87.46154138335785
1088,163775.17189833845,5397726.9473122135,6.72337933387,-88.79197423495405
1089,163583.41545266705,5398421.819378591,-37.977648992217624,54.20995336618847
1090,163578.74597806414,5398417.925281627,-39.066166855394435,53.408563586590304
1091,163578.74597806414,5398417.925281627,-39.066166855394435,53.408563586590304
1092,163577.69103741544,5398417.045515895,-39.312087829026574,53.22751127260128
1093,163576.6347949247,5398416.167283816,-39.55831227969618,53.04677457846495
1094,163572.44659573113,5398412.684927238,-40.53463831729762,52.330119344559165
1095,163572.44659573113,5398412.684927238,-40.53463831729762,52.330119344559165
1096,163571.3903542364,5398411.806694984,-40.78086253578137,52.14938261439025
1097,163570.33459476833,5398410.927895155,-41.02697438731909,51.968529079338765
1098,163567.48126367232,5398408.552820127,-41.69212456623291,51.47974801654769
1099,163567.48126367232,5398408.552820127,-41.69212456623291,51.47974801654769
1100,163566.42550494708,5398407.674020171,-41.938236244603125,51.29889445543009
1101,163897.7028181236,5398423.4959510965,35.28699865294777,54.554985367953776
1102,163935.44961692815,5398421.746630444,44.08628942345419,54.19498208478748
1103,163949.2309698884,5398419.795513986,47.29890971838432,53.79345002148821
1104,163962.25535031134,5398416.676801131,50.3350694478668,53.15163123006218
1105,163973.71012591396,5398412.451945495,53.00533300479,52.282172621703836
1106,163986.93488142022,5398405.861174554,56.08820288392883,50.92581798525066
1107,163996.48609373032,5398400.1000149865,58.31472001886547,49.7401940939109
1108,164008.78689746303,5398391.573505407,61.1822042078023,47.985472088892664
1109,164025.40689743846,5398375.519107795,65.05655162324433,44.68154045016411
1110,164104.89747287417,5398262.241338546,83.58688290763828,21.3694228090001
1111,164104.89747287417,5398262.241338546,83.58688290763828,21.3694228090001
1112,164105.69051419897,5398261.111206985,83.77175159666379,21.136846195937252
1113,164106.4663486197,5398259.9695285065,83.95260912296888,20.901893272894668
1114,164111.56818331286,5398252.461922717,85.14191598739143,19.356857644788448
1115,164127.43121075083,5398229.89393487,88.83980283734508,14.712454854150963
1116,164132.3321953124,5398223.288171491,89.98228881191136,13.353014833101227
1117,164132.3321953124,5398223.288171491,89.98228881191136,13.353014833101227
1118,164133.1530325777,5398222.181810047,90.17363711167556,13.125330016303522
1119,164134.00466001814,5398221.101770691,90.37216301887207,12.903062181327101
1120,164165.45689820102,5398181.213678185,97.70410633378583,4.694250239311074
1121,163522.1270980842,5397895.367873361,-52.26479571458688,-54.13168774889563
1122,163508.69252025345,5397885.680357726,-55.39657802343477,-56.12534021603119
1123,163615.28908154852,5397907.33279573,-30.54747379003807,-51.669353968208895
1124,163590.25356215297,5397942.792240053,-36.38359292407968,-44.37194033584431
1125,163590.25356215297,5397942.792240053,-36.38359292407968,-44.37194033584431
1126,163589.45750759236,5397943.919740771,-36.56916403924125,-44.139905140043865
1127,163588.67458737965,5397945.057385432,-36.75167335976618,-43.905782360799805
1128,163555.11913693996,5397993.815894623,-44.57390397812774,-33.871473689109266
1129,163555.11913693996,5397993.815894623,-44.57390397812774,-33.871473689109266
1130,163554.33620824694,5397994.953542269,-44.756415275526365,-33.637350295586856
1131,163524.01990190384,5397895.031795587,-51.82355747166112,-54.200851227790906
1132,163531.38614026393,5397884.180972035,-50.10638739981211,-56.43390787105833
1133,163531.38614026393,5397884.180972035,-50.10638739981211,-56.43390787105833
1134,163532.1613656807,5397883.039026576,-49.92567184059201,-56.668915737608934
1135,163532.9558058509,5397881.910156625,-49.74047706172385,-56.90123271620449
1136,163543.7456557244,5397866.5781599805,-47.225216710812525,-60.05649708827346
1137,163543.7456557244,5397866.5781599805,-47.225216710812525,-60.05649708827346
1138,163544.5400930571,5397865.449290961,-47.04002259341252,-60.2888138752065
1139,163545.33531096918,5397864.3210895555,-46.85464651236691,-60.52099326982858
1140,163552.47232516485,5397854.195566883,-45.19091170226758,-62.604785855767005
1141,163552.47232516485,5397854.195566883,-45.19091170226758,-62.604785855767005
1142,163553.26754113528,5397853.067366113,-45.005536073849726,-62.836965119675256
1143,163563.02111070885,5398635.057979319,-42.73184671617457,98.09361543660444
1144,163519.42863077164,5398603.457757799,-52.893845045122866,91.5904146192492
1145,163519.42863077164,5398603.457757799,-52.893845045122866,91.5904146192492
1146,163518.31322102607,5398602.649175741,-53.153862185394054,91.42401162431275
1147,163517.207580174,5398601.829087185,-53.41160206409115,91.2552406375494
1148,163506.5690147473,5398593.938118635,-55.89159595854636,89.63131046696142
1149,163479.71737485004,5398575.34995431,-62.15107741403125,85.80593964311998
1150,163479.71737485004,5398575.34995431,-62.15107741403125,85.80593964311998
1151,163478.58329476177,5398574.564879934,-62.415446864413475,85.64437443644536
1152,163477.47379328273,5398573.749344694,-62.67408670762246,85.47654050416946
1153,163467.57010174598,5398566.46966137,-64.98277153105512,83.97841041936502
1154,163467.57010174598,5398566.46966137,-64.98277153105512,83.97841041936502
1155,163466.4606022144,5398565.65412555,-65.24141092027945,83.81057636768341
1156,163465.314160272,5398564.891269362,-65.50866208652863,83.65358357623612
1157,163462.72026732375,5398563.165261205,-66.1133337143807,83.29837791270305
1158,163462.24760709488,5398562.856970695,-66.2235172245383,83.23493294292086
1159,163462.24760709488,5398562.856970695,-66.2235172245383,83.23493294292086
1160,163461.09500275808,5398562.105189556,-66.49220492850213,83.08021935296006
1161,163459.9480553673,5398561.343242914,-66.75957392162358,82.92341374256858
1162,163458.95802481665,5398560.68554,-66.99036347101153,82.78806107967625
1163,163458.95802481665,5398560.68554,-66.99036347101153,82.78806107967625
1164,163457.8110777797,5398559.923593215,-67.25773238164706,82.63125543976878
1165,163426.40305774842,5398539.420013904,-74.57936784568176,78.41169977466487
1166,163394.2531771084,5398586.979642073,-82.07394107965376,88.19928346560528
1167,163530.47246562314,5398348.792593952,-50.319377350975174,39.181329429251036
1168,163525.2786664568,5398357.247315295,-51.5301223814287,40.92127769864919
1169,163525.2786664568,5398357.247315295,-51.5301223814287,40.92127769864919
1170,163524.55824445953,5398358.4200527305,-51.698062520255704,41.162622432381056
1171,163523.83595941088,5398359.591746291,-51.86643696162853,41.40375234080682
1172,163523.37696651687,5398360.336326205,-51.97343443065668,41.55698394718564
1173,163523.37696651687,5398360.336326205,-51.97343443065668,41.55698394718564
1174,163522.654681167,5398361.5080199065,-52.14180894224227,41.798113884552436
1175,163521.86405293999,5398362.640242352,-52.326115105448366,42.03112079336344
1176,163520.78477402363,5398364.185827876,-52.57770965937713,42.3491961916136
1177,163520.78477402363,5398364.185827876,-52.57770965937713,42.3491961916136
1178,163519.99414533714,5398365.318050476,-52.76201592969008,42.58220313204893
1179,163519.2044912885,5398366.451106618,-52.94609499870454,42.815381612346044
1180,163504.520025586,5398387.521464519,-56.36924312299107,47.151578073375816
1181,163504.520025586,5398387.521464519,-56.36924312299107,47.151578073375816
1182,163503.7303677321,5398388.654521949,-56.553323079065024,47.38475681855053
1183,163502.9406741321,5398389.787549048,-56.73741136802858,47.6179293218523
1184,163488.2228916932,5398410.9041132005,-60.16832607546,51.96363484704315
1185,163488.2228916932,5398410.9041132005,-60.16832607546,51.96363484704315
1186,163487.43319427987,5398412.03714159,-60.35241525336914,52.1968076159892
1187,163486.64324894827,5398413.169958241,-60.5365622243903,52.429936809888886
1188,163478.6055586599,5398424.696350589,-62.41025684778725,54.802022843882725
1189,163471.98741641373,5398434.076866012,-63.95303556887173,56.73249587948362
1190,163471.98741641373,5398434.076866012,-63.95303556887173,56.73249587948362
1191,163471.19168057313,5398435.204736264,-64.13853238607715,56.96460712409254
1192,163470.39639176326,5398436.3329889625,-64.32392499435572,57.19679707452724
1193,163455.65640388674,5398457.244135002,-67.76001609047441,61.50022836301602
1194,163455.65640388674,5398457.244135002,-67.76001609047441,61.50022836301602
1195,163454.86111127367,5398458.3723889375,-67.94540958533076,61.73241856817023
1196,163539.56751310764,5398130.6196502885,-48.199198423960176,-5.71780093438025
1197,163539.4750562259,5398137.394949083,-48.22075137710995,-4.323471194272784
1198,163541.61239044915,5398141.988382963,-47.722509780476784,-3.3781606386075254
1199,163542.26289445529,5398143.637096803,-47.57086847370097,-3.03886184033648
1200,163542.26289445529,5398143.637096803,-47.57086847370097,-3.03886184033648
1201,163542.77011315338,5398144.922651285,-47.45262891564174,-2.774299803749443
1202,163543.8876068588,5398145.72867379,-47.19212597606571,-2.6084235548853485
1203,163652.7939798214,5398224.2793618,-21.804573314418903,13.556997885170745
1204,163652.7939798214,5398224.2793618,-21.804573314418903,13.556997885170745
1205,163653.9114927618,5398225.085378197,-21.544065890907333,13.72287287711211
1206,163655.03485496104,5398225.884504769,-21.282194925827866,13.887329970322867
1207,163682.3536226597,5398245.318203795,-14.91381964407033,17.8867084970681
1208,163686.8292259163,5398249.128787597,-13.87049582124159,18.67091159765289
1209,163686.8292259163,5398249.128787597,-13.87049582124159,18.67091159765289
1210,163687.875069403,5398250.019231107,-13.626695519457272,18.854161356227124
1211,163654.43695090746,5398314.748773696,-21.421574470236678,32.175245640409514
1212,163660.63293225638,5398318.839324671,-19.977207180175782,33.01706487976517
1213,163660.63293225638,5398318.839324671,-19.977207180175782,33.01706487976517
1214,163661.78178076097,5398319.597787146,-19.709395011640765,33.173153462504104
1215,163661.4779859208,5398320.945789627,-19.78021370933034,33.450567050454254
1216,163660.90235678374,5398323.499978227,-19.91440066857676,33.97620897923943
1217,163666.03304502813,5398337.33836306,-18.718367650016347,36.8240939379026
1218,163666.03304502813,5398337.33836306,-18.718367650016347,36.8240939379026
1219,163666.5128591197,5398338.632506432,-18.606516477431683,37.090423534059454
1220,163666.99020833182,5398339.927350921,-18.495239901685295,37.356897417202674
1221,163667.80416521284,5398342.135267758,-18.305495512818922,37.81127798447238
1222,163675.64105736467,5398356.760846916,-16.478609658522217,40.82116442696193
1223,163685.2701933184,5398371.616894782,-14.233927465356487,43.87848041958503
1224,163695.4670586752,5398383.78443055,-11.85689984808296,46.38251123804608
1225,163709.08143239928,5398395.583268393,-8.683204677880013,48.810665479034554
1226,163720.64752749263,5398403.187996067,-5.986991037812146,50.37568840760355
1227,163732.34530667044,5398411.67376452,-3.2600800515946986,52.12202604974388
1228,163732.34530667044,5398411.67376452,-3.2600800515946986,52.12202604974388
1229,163733.46040088293,5398412.482671711,-3.0001364663635997,52.28849595559538
1230,163683.69225418672,5398286.8659628695,-14.601766478928639,26.437073265887804
1231,163675.67165389314,5398280.507944059,-16.471477192748935,25.12861809885672
1232,163675.67165389314,5398280.507944059,-16.471477192748935,25.12861809885672
1233,163674.59465415127,5398279.654193564,-16.72254044019222,24.952919618108993
1234,163575.8486036919,5398091.438037106,-39.74158411936642,-13.78122222119292
1235,163599.0477736957,5398107.690968035,-34.333542935404154,-10.436433209707019
1236,163599.0477736957,5398107.690968035,-34.333542935404154,-10.436433209707019
1237,163600.17757455574,5398108.482484478,-34.07017103115986,-10.273542251035977
1238,163441.49018579972,5398644.321444526,-71.06235366647698,100.0
1239,163457.35466786748,5398622.145380881,-67.36412772258981,95.43625366254497
1240,163483.90436642175,5398605.32241184,-61.17503288946358,91.97415305839431
1241,163492.11974484235,5398605.322411839,-59.2599167524125,91.97415305820266
1242,163507.29724065782,5398615.93163651,-55.72183662169788,94.15748960572944
1243,163507.29724065782,5398615.93163651,-55.72183662169788,94.15748960572944
1244,163508.42805024356,5398616.722082499,-55.45822956981225,94.32016026923807
1245,163509.2216208797,5398615.592326245,-55.27323749113528,94.08766089290793
1246,163517.51965261888,5398603.778931258,-53.338853744473475,91.65651084903783
1247,163517.51965261888,5398603.778931258,-53.338853744473475,91.65651084903783
1248,163518.31322102607,5398602.649175741,-53.153862185394054,91.42401162431275
1249,163507.6137193708,5398617.834089039,-55.648061141223444,94.54900682437378
1250,163496.59648981463,5398632.878605688,-58.21632678017376,97.64510894841442
1251,163496.59648981463,5398632.878605688,-58.21632678017376,97.64510894841442
1252,163495.78215608938,5398633.990613048,-58.40615901654036,97.8739556724048
1253,163456.6848314694,5398559.127784349,-67.52027567213628,82.46748111741212
1254,163428.30219512747,5398539.07246515,-74.1366531641557,78.34017561337578
1255,163428.30219512747,5398539.07246515,-74.1366531641557,78.34017561337578
1256,163427.17595391325,5398538.276654556,-74.3991952666794,78.17640093548519
1257,163426.08458131796,5398537.439773594,-74.6536090211967,78.00417413780332
1258,163409.1537666719,5398524.456943748,-78.60041155202028,75.33235901730635
1259,163409.1537666719,5398524.456943748,-78.60041155202028,75.33235901730635
1260,163408.062397344,5398523.6200619545,-78.85482454486237,75.16013204866152
1261,163407.01572221547,5398522.730536818,-79.0988187136391,74.97707128772035
1262,163390.2181514537,5398508.454960922,-83.01456028781045,72.03921413459457
1263,163390.2181514537,5398508.454960922,-83.01456028781045,72.03921413459457
1264,163389.17147975627,5398507.565435273,-83.25855365674919,71.85615326823901
1265,163511.83085095932,5398502.588626302,-54.664990569940855,70.83194563267205
1266,163520.69903276273,5398505.874589779,-52.59769711022374,71.50818394193172
1267,163520.69903276273,5398505.874589779,-52.59769711022374,71.50818394193172
1268,163521.9867642222,5398506.351737352,-52.29750944119861,71.60637902840031
1269,163522.67538915103,5398507.54431415,-52.136981630300085,71.85180662454692
1270,163526.00539783988,5398513.311298464,-51.360711439198326,73.03862922592259
1271,163529.32271866561,5398515.492883818,-50.58739896107676,73.48759087787963
1272,163602.3344006786,5398566.979465751,-33.56738560835343,84.08332614805562
1273,163602.3344006786,5398566.979465751,-33.56738560835343,84.08332614805562
1274,163603.4614995342,5398567.774269782,-33.30464357799458,84.2468936794069
1275,163811.37105761358,5397875.112995494,15.161894339049951,-58.30006163882807
1276,163827.23779154365,5397888.6607302595,18.86064522258542,-55.511991316514816
1277,163827.23779154365,5397888.6607302595,18.86064522258542,-55.511991316514816
1278,163828.282343141,5397889.55261401,19.104144367440483,-55.328445162220824
1279,163829.2025063837,5397890.577082517,19.318646899715247,-55.11761358859531
1280,163848.67607385435,5397912.258032467,23.85819960193328,-50.65575969465378
1281,163864.82853196864,5397922.13598224,27.623556668156752,-48.622916633967094
1282,163899.51568529996,5397864.38929923,35.709602580125306,-60.50695598819797
1283,163848.16305454858,5397825.902758512,23.738607843550525,-68.42733410623737
1284,163848.16305454858,5397825.902758512,23.738607843550525,-68.42733410623737
1285,163847.061941238,5397825.077517642,23.48192339618261,-68.59716541887214
1286,163829.4763531115,5397890.229786223,19.38248428621536,-55.18908579458654
1287,163846.78074836047,5397900.04379854,23.41637352254098,-53.169400809771325
1288,163846.78074836047,5397900.04379854,23.41637352254098,-53.169400809771325
1289,163847.97476106245,5397900.720969173,23.694714078061338,-53.03004176719665
1290,163849.07711574752,5397901.544764989,23.951687906662016,-52.860507840985136
1291,163871.80796806014,5397918.531612821,29.25055788490195,-49.3646816287049
1292,163871.80796806014,5397918.531612821,29.25055788490195,-49.3646816287049
1293,163872.91032700028,5397919.35540744,29.507532705416537,-49.19514794877971
1294,163784.95608897912,5398569.867258985,9.00420687760655,84.67762259326125
1295,163786.67094843183,5398464.17959233,9.40396387509594,62.9275180969629
1296,163786.67094843183,5398464.17959233,9.40396387509594,62.9275180969629
1297,163786.69338138058,5398462.796987025,9.409193299714076,62.6429833843375
1298,163622.2449237316,5397966.788465872,-28.92597263335294,-39.43361180990944
1299,163590.58913468083,5397944.709036334,-36.305366416380714,-43.977471229565566
1300,163590.58913468083,5397944.709036334,-36.305366416380714,-43.977471229565566
1301,163589.45750759236,5397943.919740771,-36.56916403924125,-44.139905140043865
1302,163944.15648467682,5398325.328191795,46.11597838906866,34.35244811310548
1303,163997.33212186032,5398251.079267011,58.511940650858776,19.072312559771376
1304,164001.84627301415,5398244.823371004,59.564250511363326,17.78487386260879
1305,164001.84627301415,5398244.823371004,59.564250511363326,17.78487386260879
1306,164002.65319352038,5398243.705106739,59.752354625828985,17.55473949219531
1307,164003.43536035297,5398242.566981411,59.934688323228414,17.320517793438952
1308,164009.41028661144,5398233.872902182,61.32752467347905,15.5313106162114
1309,164010.5123495703,5398232.520974874,61.58443049673835,15.253089314151126
1310,164028.85000884975,5398207.228571805,65.85918759298877,10.048012628165054
1311,164028.85000884975,5398207.228571805,65.85918759298877,10.048012628165054
1312,164029.65930198683,5398206.112343509,66.04784479988444,9.818297252119933
1313,164030.4746790949,5398205.001316612,66.23792026293998,9.589652303518733
1314,164054.35835811752,5398172.457495961,71.80552978335294,2.892262510946736
1315,164054.35835811752,5398172.457495961,71.80552978335294,2.892262510946736
1316,164055.17372927675,5398171.346470756,71.99560385965037,2.6636179105963294
1317,164055.9927706893,5398170.238583454,72.1865335217785,2.4356190781611247
1318,164061.64611606536,5398162.591504561,73.50440500665673,0.8618804359694678
1319,164061.64611606536,5398162.591504561,73.50440500665673,0.8618804359694678
1320,164062.46515592374,5398161.483617688,73.69533430648588,0.6338816918906502
1321,164063.24751215178,5398160.345611171,73.87771215453273,0.39968444409549875
1322,164068.48442207012,5398152.728055774,75.09850688600218,-1.1679783790848433
1323,164068.48442207012,5398152.728055774,75.09850688600218,-1.1679783790848433
1324,164069.26677681122,5398151.590049784,75.2808843874223,-1.4021755185906812
1325,164070.0723726829,5398150.47067198,75.46867971160509,-1.632539050857531
1326,164092.8290231942,5398118.850152357,80.77356359987138,-8.139917137637738
1327,164092.8290231942,5398118.850152357,80.77356359987138,-8.139917137637738
1328,164093.63461334593,5398117.730776299,80.96135759065615,-8.370280310537396
1329,164094.4418802613,5398116.612833908,81.1495424577879,-8.60034844047128
1330,164110.0075672731,5398095.05662254,84.77811522150256,-13.036531626675426
1331,163779.67062542858,5398429.362953604,7.772093635927789,55.76239131853606
1332,163831.79853572368,5398426.881712179,19.923816549449924,55.251761630196626
1333,163831.79853572368,5398426.881712179,19.923816549449924,55.251761630196626
1334,163833.16926878688,5398426.816462534,20.243353018073833,55.238333510858695
1335,163720.8767395468,5398423.809539652,-5.9335585991258455,54.61952065457345
1336,163739.1042990662,5398426.970093851,-1.6844672502554232,55.26995022938189
1337,163763.40534390658,5398430.150262719,3.9804359031133174,55.92441642572493
1338,163776.92925420258,5398429.494642952,7.133042821250939,55.78949246644035
1339,163776.92925420258,5398429.494642952,7.133042821250939,55.78949246644035
1340,163778.2998917747,5398429.428195297,7.4525570296057,55.775817801267834
1341,163438.9335270529,5398605.030189993,-71.65834549695546,91.91401495610361
1342,163426.58372885725,5398621.65406828,-74.53725095972695,95.33514346924403
1343,163426.58372885725,5398621.65406828,-74.53725095972695,95.33514346924403
1344,163425.76219638024,5398622.7599191405,-74.72876132276691,95.56272320994637
1345,163337.97623067605,5398318.503412182,-95.19286059116989,32.94793541598193
1346,163377.5532060364,5398262.667252652,-85.96693084237302,21.45707425031101
1347,163377.5532060364,5398262.667252652,-85.96693084237302,21.45707425031101
1348,163378.35122525113,5398261.541366979,-85.7809017396859,21.225371424133186
1349,163379.1483902193,5398260.414751135,-85.59507177345623,20.993518331865374
1350,163381.7174100615,5398256.784010045,-84.99619840398942,20.246326151385972
1351,163381.7174100615,5398256.784010045,-84.99619840398942,20.246326151385972
1352,163382.5145742068,5398255.657394469,-84.81036862958463,20.014473114125295
1353,163383.3127781233,5398254.531668146,-84.62429647041313,19.782803081786042
1354,163395.93187254164,5398236.734625311,-81.68261440560215,16.120241936762355
1355,163395.93187254164,5398236.734625311,-81.68261440560215,16.120241936762355
1356,163396.73007318127,5398235.608900037,-81.4965430103108,15.888572120235096
1357,163651.2277692844,5398303.871828737,-22.169678233497578,29.936813314758098
1358,163660.93575263093,5398289.363543529,-19.90661564364082,26.951065504085705
1359,163667.63718597675,5398278.824597678,-18.34442063753258,24.782192060343093
1360,163668.7726447828,5398270.021668141,-18.07972978933732,22.97058391937503
1361,163665.6334351424,5398260.465967024,-18.811522134388042,21.004058359584903
1362,163547.06704549812,5398175.110334898,-46.450955705728845,3.4382062896122676
1363,163531.18662736443,5398163.671610198,-50.15289656272929,1.0841619113749488
1364,163531.18662736443,5398163.671610198,-50.15289656272929,1.0841619113749488
1365,163530.06855925397,5398162.866260006,-50.413533403911664,0.918424021759165
1366,163529.6514384229,5398161.554315694,-50.51076992714428,0.6484310623949341
1367,163528.15386401222,5398156.844086079,-50.859874834248664,-0.320915594270204
1368,163528.82178095696,5398146.612544458,-50.704174335305886,-2.4265264611736512
1369,163532.25042127346,5398138.623961269,-49.90491177403285,-4.070545339132764
1370,163538.7392741679,5398130.321277789,-48.39227215442543,-5.779204816701778
1371,163538.7392741679,5398130.321277789,-48.39227215442543,-5.779204816701778
1372,163539.58637571678,5398129.2373848315,-48.194801293931334,-6.002265707631338
1373,163687.76520630028,5398251.39210677,-13.652306098803393,19.13669374685921
1374,163687.06243712027,5398260.174072772,-13.816131126494255,20.943987675156578
1375,163683.47794951664,5398267.77868918,-14.65172380419159,22.508987705422356
1376,163675.4196218568,5398278.551348503,-16.530229278792632,24.725958458953315
1377,163675.4196218568,5398278.551348503,-16.530229278792632,24.725958458953315
1378,163674.59465415127,5398279.654193564,-16.72254044019222,24.952919618108993
1379,163673.75775088204,5398280.746834358,-16.91763394337525,25.177780779265376
1380,163654.1918034057,5398306.291605009,-21.478721677892835,30.434793717204656
1381,163654.1918034057,5398306.291605009,-21.478721677892835,30.434793717204656
1382,163653.35489530792,5398307.384246966,-21.67381630667829,30.65965511774752
1383,163827.4720636944,5398399.598644459,18.91525723841852,49.63701401892396
1384,163825.97567739867,5398401.569260374,18.56642929702481,50.042558993380595
1385,163825.97567739867,5398401.569260374,18.56642929702481,50.042558993380595
1386,163825.14313350068,5398402.665650936,18.372352022403334,50.26819184203703
1387,163825.04670964857,5398404.040128099,18.349874314655494,50.55105381513556
1388,163823.55126478235,5398425.356965129,18.00126583325175,54.93797470779214
1389,163826.12904467614,5398445.867070149,18.602181289560818,59.15887333791068
1390,163826.12904467614,5398445.867070149,18.602181289560818,59.15887333791068
1391,163826.3008562049,5398447.234087147,18.64223288723838,59.44020003854163
1392,163827.17174133845,5398448.297746216,18.845248023896843,59.659096875176175
1393,163830.1721804958,5398451.962343146,19.54469108717565,60.413256453965914
1394,163830.1721804958,5398451.962343146,19.54469108717565,60.413256453965914
1395,163831.04306651276,5398453.026002406,19.747706429770744,60.63215332989128
1396,163831.40895951597,5398436.468856386,19.83300105151642,57.22475805379432
1397,163781.01754924416,5398438.887557586,8.086079846000487,57.72251721062406
1398,163781.01754924416,5398438.887557586,8.086079846000487,57.72251721062406
1399,163779.64685761335,5398438.9533445705,7.76655303582811,57.73605591232959
1400,163907.79829333193,5398533.654866907,37.64039085143685,77.22525528604444
1401,163885.70093649256,5398517.536200147,32.489197260265996,73.90809731045866
1402,163892.07094947438,5398508.362080854,33.97413368438859,72.02009978345166
1403,163892.07094947438,5398508.362080854,33.97413368438859,72.02009978345166
1404,163892.85877975044,5398507.227443433,34.157787607276305,71.78659588225617
1405,164112.37670956255,5398212.792254008,85.33039442243552,11.192996457724647
1406,164102.4218252097,5398205.224199291,83.00977585922587,9.635520678955032
1407,164102.4218252097,5398205.224199291,83.00977585922587,9.635520678955032
1408,164101.32679015977,5398204.391713947,82.75450833685863,9.464198482123038
1409,164100.25486533332,5398203.532003989,82.5046281210316,9.287273567357545
1410,164099.20058788563,5398202.686447465,82.25886174854878,9.113261373226194
1411,164086.18313624713,5398193.5980118755,79.22431721269902,7.24289721406673
1412,164086.18313624713,5398193.5980118755,79.22431721269902,7.24289721406673
1413,164085.05188060587,5398192.8081982555,78.96060617922146,7.08035668959306
1414,164083.93263457908,5398192.004237026,78.69969474976565,6.914904642950972
1415,164056.29297028822,5398172.150433603,72.25651411996765,2.829070289964534
1416,164056.29297028822,5398172.150433603,72.25651411996765,2.829070289964534
1417,164055.17372927675,5398171.346470756,71.99560385965037,2.6636179105963294
1418,164111.2745525644,5398181.709026881,85.07346667733816,4.796191045025353
1419,164100.30684880377,5398173.796420386,82.51674617305733,3.167807870894407
1420,164100.30684880377,5398173.796420386,82.51674617305733,3.167807870894407
1421,164099.18945593658,5398172.990280624,82.25626674023908,3.00190749076215
1422,164098.36100807367,5398172.395762538,82.06314430695235,2.879558016093256
1423,164098.06981256622,5398172.186792217,81.99526268460852,2.8365527492590417
1424,164098.06981256622,5398172.186792217,81.99526268460852,2.8365527492590417
1425,164097.24136484772,5398171.592274084,81.80214028498648,2.714203264815353
1426,164096.1201738318,5398170.790609153,81.5407754521816,2.549223787387646
1427,164070.38796315712,5398152.391716239,75.5422481315799,-1.2371957274114322
1428,164070.38796315712,5398152.391716239,75.5422481315799,-1.2371957274114322
1429,164069.26677681122,5398151.590049784,75.2808843874223,-1.4021755185906812
1430,164062.16915071392,5398218.505891777,73.62633147728485,12.368840550493545
1431,164057.8074450458,5398224.536529715,72.60955872715252,13.609922026641925
1432,164057.8074450458,5398224.536529715,72.60955872715252,13.609922026641925
1433,164056.99936892575,5398225.653801702,72.421185223435,13.839852190043956
1434,164056.17355358138,5398226.755908768,72.22867646592351,14.066661472569564
1435,164051.74714132719,5398232.663255108,71.19681973294718,15.282370024528518
1436,164051.74714132719,5398232.663255108,71.19681973294718,15.282370024528518
1437,164050.92132472844,5398233.765362505,71.00431068302387,15.509179375285996
1438,164126.8819753524,5398128.90343163,88.71176861655212,-6.070991957962207
1439,164121.6908963652,5398135.962198372,87.50165769675357,-4.618325633513777
1440,164121.6908963652,5398135.962198372,87.50165769675357,-4.618325633513777
1441,164120.8744927431,5398137.072333412,87.31134293935816,-4.389864225530715
1442,164120.04823289826,5398138.174042781,87.11873056275726,-4.163136787496185
1443,164116.4353417332,5398142.991357836,86.2765166296424,-3.1717523700359465
1444,164116.4353417332,5398142.991357836,86.2765166296424,-3.1717523700359465
1445,164115.60908082864,5398144.09306748,86.08390400601115,-2.945024875269297
1446,164149.70604611695,5398156.739955255,94.032369080286,-0.3423453067151456
1447,164140.09339876246,5398150.453645969,91.79153060324248,-1.6360429366747553
1448,164140.09339876246,5398150.453645969,91.79153060324248,-1.6360429366747553
1449,164138.941646099,5398149.700440965,91.52304143588469,-1.7910495525450614
1450,164137.80659157364,5398148.917223746,91.25844483099667,-1.9522325636697104
1451,164137.44996492233,5398148.6711420175,91.17531032156131,-2.0028752117541018
1452,164122.0047868358,5398137.863266411,87.57482982282431,-4.227093337288096
1453,164122.0047868358,5398137.863266411,87.57482982282431,-4.227093337288096
1454,164120.8744927431,5398137.072333412,87.31134293935816,-4.389864225530715
1455,164119.75035575166,5398136.274147226,87.04929135970329,-4.554127791165001
1456,164094.75874581464,5398118.528963996,81.22340811600009,-8.206016434026523
1457,164094.75874581464,5398118.528963996,81.22340811600009,-8.206016434026523
1458,164093.63461334593,5398117.730776299,80.96135759065615,-8.370280310537396
1459,164138.15864826745,5398150.838087673,91.34051402135566,-1.556926351835159
1460,164115.75379616668,5398183.390841407,86.1176391141189,5.14230183397828
1461,164102.10873399235,5398203.253468358,82.93679004993112,9.229952034178595
1462,164102.10873399235,5398203.253468358,82.93679004993112,9.229952034178595
1463,164101.32679015977,5398204.391713947,82.75450833685863,9.464198482123038
1464,164100.51844363147,5398205.508750362,82.56607179730858,9.694080165835146
1465,164076.68750706094,5398238.440105965,77.01075725783195,16.471223121519657
1466,164076.68750706094,5398238.440105965,77.01075725783195,16.471223121519657
1467,164075.87915456435,5398239.557144168,76.82231932699173,16.701105173032133
1468,164075.0815482824,5398240.683369424,76.63638648454122,16.932877883960472
1469,164056.47227800905,5398266.959719759,72.29831318168755,22.34044703240407
1470,164056.47227800905,5398266.959719759,72.29831318168755,22.34044703240407
1471,164055.67466698535,5398268.085946541,72.11237923386597,22.572220057275587
1472,164077.89013037813,5398241.00898072,77.291105064547,16.999887403043815
1473,164076.99625609015,5398240.363642677,77.08273084418002,16.86707938175435
1474,164076.99625609015,5398240.363642677,77.08273084418002,16.86707938175435
1475,164075.87915456435,5398239.557144168,76.82231932699173,16.701105173032133
1476,164074.76663000952,5398238.745254,76.5629747638148,16.534021382132096
1477,164073.75295229026,5398238.005499389,76.32667273869544,16.381782804126388
1478,164058.107543946,5398226.470812992,72.67951585110879,14.007989887654702
1479,164058.107543946,5398226.470812992,72.67951585110879,14.007989887654702
1480,164056.99936892575,5398225.653801702,72.421185223435,13.839852190043956
1481,164055.87801781477,5398224.852312407,72.15978307030278,13.674908857865418
1482,164030.78064853916,5398206.913834292,66.30924589033364,9.983240890766837
1483,164030.78064853916,5398206.913834292,66.30924589033364,9.983240890766837
1484,164029.65930198683,5398206.112343509,66.04784479988444,9.818297252119933
1485,164063.57670943654,5398162.296634289,73.95445250659577,0.8011972984031814
1486,164083.80510230886,5398177.092125207,78.66996524782726,3.8460509101951885
1487,164088.59665721294,5398180.62301381,79.7869416850115,4.572693843211482
1488,164088.59665721294,5398180.62301381,79.7869416850115,4.572693843211482
1489,164089.70503532095,5398181.439775199,80.04531965519467,4.740780112021298
1490,164009.94502083323,5397939.581674552,61.45217847330994,-45.032662039400364
1491,163899.69379648514,5398057.401969408,35.75112271315547,-20.785710564163992
1492,163851.03604705926,5398131.680044562,24.408341364896515,-5.499575979869348
1493,163826.00029357974,5398198.000806943,18.572167662706335,8.148975054703016
1494,163815.4583378016,5398241.016612268,16.114694787668654,17.001457945437863
1495,163815.13551127826,5398243.167407782,16.0394395465036,17.444083169887435
1496,163814.97966399122,5398244.964858702,16.003109430099656,17.813991472216316
1497,163814.99079594034,5398246.854486968,16.005704438422953,18.20286950827554
1498,163817.11699821448,5398320.196942366,16.50135102673282,33.296457240902896
1499,163823.3397577499,5398378.868252556,17.951960675265298,45.370781217988
1500,163825.03912853263,5398401.293199613,18.348107053706926,49.9857467787854
1501,163825.03912853263,5398401.293199613,18.348107053706926,49.9857467787854
1502,163825.14313350068,5398402.665650936,18.372352022403334,50.26819184203703
1503,164173.82648468114,5398194.218394007,99.65517046107072,7.370569407101968
1504,164147.62262323307,5398231.073801006,93.54669494807405,14.955266646321917
1505,164147.62262323307,5398231.073801006,93.54669494807405,14.955266646321917
1506,164146.82306604716,5398232.198355886,93.36030732344744,15.18669560038299
1507,164146.0168552197,5398233.317222955,93.17236864472954,15.416954025313473
1508,164119.83280657258,5398269.655579821,87.06851176436038,22.89524438868466
1509,164119.83280657258,5398269.655579821,87.06851176436038,22.89524438868466
1510,164119.0265891961,5398270.774448876,86.88057155897448,23.12550322243125
1511,164118.23175376005,5398271.903048375,86.69528463828365,23.357764543000954
1512,164115.58015287676,5398275.668097169,86.07716050807176,24.132596718836112
1513,164115.58015287676,5398275.668097169,86.07716050807176,24.132596718836112
1514,164114.78531659677,5398276.796696943,85.8918733906441,24.364858096137937
1515,164113.979904451,5398277.916255822,85.7041208954615,24.595258892963017
1516,164037.6075136295,5398384.076328701,67.90068073735296,46.44258272496532
1517,164029.74835757952,5398392.510652922,66.06860486642324,48.17833334718898
1518,164023.75936897474,5398398.640521798,64.672490392517,49.439836158500526
1519,164014.89833750753,5398405.4002816565,62.6068637731494,50.83096804683473
1520,164008.69784187037,5398410.1935689105,61.161444141270266,51.817407637697016
1521,164001.89622098295,5398414.60278085,59.575894060347395,52.724806045283856
1522,163996.59741322108,5398418.197749637,58.34067010201696,53.46463642721773
1523,163991.19841791756,5398420.993837432,57.08209106885832,54.04006025523606
1524,163982.70474077002,5398425.003613166,55.102099723921754,54.86525626885435
1525,163975.1016195488,5398427.799703016,53.32970904424451,55.44068051987182
1526,163963.50212860815,5398432.193560205,50.62571037921353,56.34491898058812
1527,163955.3980696784,5398434.405852727,48.73654432533428,56.80020004636336
1528,163945.90251711366,5398436.694961518,46.523002231966615,57.271289597226655
1529,163930.39571204604,5398438.292729062,42.90815564807323,57.60010384909117
1530,163907.19673016475,5398439.798317963,37.500158318018094,57.90994810023949
1531,163885.4733114219,5398439.047003736,32.43613476895919,57.75533059874408
1532,163885.4733114219,5398439.047003736,32.43613476895919,57.75533059874408
1533,163884.097935825,5398438.999434027,32.11551606276399,57.745540940478804
1534,163882.72511330136,5398438.929981837,31.79549251257197,57.731247954037315
1535,163834.1524721948,5398436.4725213,20.472551067893235,57.22551227873157
1536,163834.1524721948,5398436.4725213,20.472551067893235,57.22551227873157
1537,163832.7796505691,5398436.403061707,20.152527727023312,57.211217768573135
1538,163783.7234924642,5398399.032545333,8.716871911967147,49.520513054022814
1539,163778.4000793165,5398302.206939829,7.47591210446781,29.59418575117064
1540,163780.60420523415,5398252.001037457,7.9897237509796355,19.262009278005095
1541,163786.60432578798,5398199.9979649065,9.388433233195599,8.559982278023881
1542,163797.80306656173,5398165.001674661,11.999011598845982,1.3578839262713842
1543,163813.09300261716,5398126.279518149,15.563303074549651,-6.610982991971355
1544,163813.09300261716,5398126.279518149,15.563303074549651,-6.610982991971355
1545,163813.59930230543,5398124.997297779,15.68132839895489,-6.874858881377548
1546,163814.31803177137,5398123.82364817,15.848873985770467,-7.116391336845155
1547,163861.7672459718,5398046.340962675,26.909929381314754,-23.06202207596722
1548,163910.7812177682,5397997.71877736,38.335750995674715,-33.06827583210364
1549,163991.052761948,5397910.227598098,57.048136686784716,-51.073615070771986
1550,163831.1864044509,5398451.657030647,19.78112044728111,60.35042434709612
1551,163832.43593799768,5398439.72315151,20.07240366476526,57.894479140877166
1552,163832.43593799768,5398439.72315151,20.07240366476526,57.894479140877166
1553,163832.57927548568,5398438.354181665,20.105817577339806,57.61275055214011
1554,163832.63902810123,5398437.772350289,20.119746722463333,57.49301195227045
1555,163832.71989797286,5398436.984892999,20.138598586397933,57.33095635119315
1556,163832.71989797286,5398436.984892999,20.138598586397933,57.33095635119315
1557,163832.7796505691,5398436.403061707,20.152527727023312,57.211217768573135
1558,163833.01516605576,5398399.973406718,20.207429581316845,49.71413861218778
1559,163886.7028119096,5398407.10558549,32.72274800866319,51.18191284254817
1560,163890.62541455115,5398408.220477788,33.637159887636045,51.41135327527479
1561,163890.62541455115,5398408.220477788,33.637159887636045,51.41135327527479
1562,163891.94595992597,5398408.595806216,33.94499692539077,51.48859438381916
1563,163826.37298772874,5398448.609102838,18.65904772378161,59.7231728385691
1564,163827.36952331662,5398467.605667209,18.89135368557531,63.63259077946654
1565,163827.81480127978,5398490.297140628,18.995154018201575,68.30240641318574
1566,163828.41592653,5398509.409027353,19.135284467238534,72.2355572390529
1567,163828.7164891551,5398523.742968296,19.205349691757007,75.18542568839598
1568,163829.0281837294,5398540.089526113,19.27800992461235,78.54948274384881
1569,163829.18403101646,5398556.820196488,19.31434004102306,81.9925886469691
1570,163829.1856158447,5398556.875424351,19.314709485983343,82.00395432304299
1571,163828.1316503148,5398397.135336138,19.06901582577032,49.13007489281017
1572,163826.7572661171,5398386.273246658,18.748628228174354,46.894699766058466
1573,163829.5625172852,5398367.207703318,19.402570323770647,42.971086225890105
1574,163823.75163986578,5398321.087993785,18.047975982935256,33.479832104688
1575,163823.1393826664,5398305.310251177,17.90525052556822,30.232834973501497
1576,163821.9037363186,5398250.4801162705,17.61720460251766,18.94900970307758
1577,163821.88147242044,5398248.698027114,17.612014585884637,18.58226279122131
1578,163821.93713216583,5398246.977389635,17.62498962746038,18.228162391709745
1579,163822.18203504558,5398244.780504745,17.682079810409903,17.776052155785635
1580,163822.59391716158,5398242.906239729,17.77809511810699,17.3903358159007
1581,163831.05419846188,5398202.486731588,19.75030143809404,9.072160634315281
1582,163831.98928218446,5398199.813611847,19.968282136599,8.52204314635587
1583,163833.16926878697,5398196.694973122,20.243353018094183,7.880239610498904
1584,163855.15486821864,5398137.610026206,25.368494441738562,-4.27920917164532
1585,163856.05655609406,5398135.47461787,25.578690115314345,-4.718667775727425
1586,163856.95824396945,5398133.7540014405,25.788885788883363,-5.072763843091295
1587,163858.6725641278,5398131.142352112,26.188517069543636,-5.61023096303127
1588,163904.16884001513,5398070.291131428,36.794316056118845,-18.13317191235116
1589,163906.9184314377,5398067.172536349,37.4352831101055,-18.774966466136334
1590,163910.4027314996,5398063.577703915,38.247520712961034,-19.514768787145627
1591,164017.27262520223,5397950.967053802,63.160342437833265,-42.689595944183
1592,163784.3477332021,5398401.67162369,8.862390894703836,50.06362495970862
1593,163790.9791817761,5398416.953337205,10.408271501283338,53.20854126211026
1594,163793.9514121803,5398446.404476238,11.101138721593259,59.26946938925943
1595,163787.25262770682,5398461.533911368,9.539561203557682,62.38304740126412
1596,163787.25262770682,5398461.533911368,9.539561203557682,62.38304740126412
1597,163786.69338138058,5398462.796987025,9.409193299714076,62.6429833843375
1598,163837.91277780343,5398417.554097968,21.34912930721788,53.33217545517411
1599,163837.55525672412,5398414.956132422,21.265786294484855,52.7975244037234
1600,163832.1565019085,5398401.080829098,20.007263322315282,49.94204176535709
1601,163832.1565019085,5398401.080829098,20.007263322315282,49.94204176535709
1602,163831.65532371216,5398399.79275324,19.890431887144572,49.676960839710546
1603,163830.37299901785,5398399.29887727,19.591504608416187,49.57532311509601
1604,163829.58693150847,5398398.996130247,19.40826161035092,49.51301897308042
1605,163829.58693150847,5398398.996130247,19.40826161035092,49.51301897308042
1606,163828.30460703932,5398398.502254033,19.1093343841074,49.411381198441916
1607,163786.20438455328,5398461.505437076,9.295201506884283,62.37718750444344
1608,163786.04772833394,5398461.091672933,9.258682817390735,62.29203647746152
1609,163783.04210208246,5398453.824887555,8.55803057211773,60.79656073919659
1610,163780.2361703166,5398442.578284049,7.903929819952253,58.48205414424484
1611,163780.2361703166,5398442.578284049,7.903929819952253,58.48205414424484
1612,163779.90289244216,5398441.242454484,7.826238227087373,58.20714569414619
1613,163779.79992531493,5398440.321864665,7.8022351931623035,58.017691944174686
1614,163779.74982471287,5398439.873934258,7.790556063294332,57.925509635085035
1615,163779.74982471287,5398439.873934258,7.790556063294332,57.925509635085035
1616,163779.64685761335,5398438.9533445705,7.76655303582811,57.73605591232959
1617,163425.6099661456,5398245.273789114,-74.76424825519828,17.877568131199865
1618,163492.1495399929,5398152.725220324,-59.25297109869714,-1.1685619036420576
1619,163492.1495399929,5398152.725220324,-59.25297109869714,-1.1685619036420576
1620,163492.9546410233,5398151.605412453,-59.065291128728944,-1.399013941822119
1621,163493.7897040133,5398150.511222237,-58.8706266195955,-1.6241939680607942
1622,163499.388742307,5398143.174748762,-57.565414852192944,-3.1340112416472863
1623,163499.388742307,5398143.174748762,-57.565414852192944,-3.1340112416472863
1624,163500.22380377207,5398142.0805589175,-57.370750698540036,-3.359191191220944
1625,163501.0195747097,5398140.952776011,-57.18524569973932,-3.591284460378162
1626,163545.70355628585,5398077.625378924,-46.76880353444901,-16.623812736501336
1627,163545.70355628585,5398077.625378924,-46.76880353444901,-16.623812736501336
1628,163546.49931609505,5398076.497599638,-46.58330112983664,-16.855905260666376
1629,163547.2952321688,5398075.369954185,-46.39776229783858,-17.08797024254561
1630,163622.58065897718,5397968.705398858,-28.847708193948407,-39.039114570449385
1631,163622.58065897718,5397968.705398858,-28.847708193948407,-39.039114570449385
1632,163623.37655643708,5397967.577759457,-28.66217370109115,-39.271178306713985
1633,163624.1761214425,5397966.45325594,-28.475784253632867,-39.50259669039604
1634,163719.19120086383,5397832.823095387,-6.326480527504103,-67.00315610185712
1635,163719.19120086383,5397832.823095387,-6.326480527504103,-67.00315610185712
1636,163719.99074249694,5397831.698599291,-6.1400965284451985,-67.2345729583723
1637,163720.76195546755,5397830.554410688,-5.960316324844939,-67.47004245519126
1638,163743.97699023917,5397796.111972507,-0.5485768483231084,-74.55816023891309
1639,163743.97699023917,5397796.111972507,-0.5485768483231084,-74.55816023891309
1640,163744.74819724954,5397794.96778613,-0.3687980341336896,-74.79362927765865
1641,163745.54274630244,5397793.8390293075,-0.18357787323870411,-75.02592297481763
1642,163786.62908666485,5397735.470323729,9.394205329431784,-87.03797211757634
1643,163650.7826358161,5398391.566926003,-22.273444882409336,47.9841180735761
1644,163639.68563941942,5398385.941840251,-24.86030525378422,46.82649763602359
1645,163639.68563941942,5398385.941840251,-24.86030525378422,46.82649763602359
1646,163638.46034743974,5398385.320736707,-25.14593743318426,46.698676979100895
1647,163637.23543592196,5398384.698949611,-25.431480921757412,46.57071564975507
1648,163633.8743809145,5398382.992816649,-26.214988430817883,46.219600222851795
1649,163633.8743809145,5398382.992816649,-26.214988430817883,46.219600222851795
1650,163632.6494700203,5398382.37102911,-26.500531774026413,46.091638802274645
1651,163472.99208201727,5398145.316657962,-63.71883439015832,-2.69321478533962
1652,163473.94127199566,5398139.9912375165,-63.4975653320973,-3.789165285984268
1653,163472.67222980066,5398132.018022684,-63.79339628008383,-5.4300214166919005
1654,163467.44021373335,5398126.518198343,-65.0130501885017,-6.5618635504329745
1655,163403.73501751717,5398080.423798069,-79.86359547582006,-16.047909125858453
1656,163403.73501751717,5398080.423798069,-79.86359547582006,-16.047909125858453
1657,163402.61887424416,5398079.616197857,-80.12378361128704,-16.21411006078688
1658,163401.50318908165,5398078.808058222,-80.38386495498249,-16.380422006831964
1659,163397.24463215153,5398075.7233970305,-81.37659233525295,-17.015233100413596
1660,163397.24463215153,5398075.7233970305,-81.37659233525295,-17.015233100413596
1661,163396.12894793093,5398074.9152571,-81.6366734593749,-17.181545107215683
1662,163452.81206222807,5398309.605177567,-68.42307070961884,31.116713866322925
1663,163453.3368049848,5398308.78896915,-68.30074605580761,30.948741396744254
1664,163453.3368049848,5398308.78896915,-68.30074605580761,30.948741396744254
1665,163454.08187483813,5398307.630053904,-68.12706016743181,30.71024121504209
1666,163452.9721463498,5398306.814846703,-68.38575292957977,30.542474791859945
1667,163405.2091433217,5398271.727924509,-79.5199567568525,23.321724742902333
1668,163405.2091433217,5398271.727924509,-79.5199567568525,23.321724742902333
1669,163404.09942347172,5398270.912714728,-79.77864750528693,23.153957788815035
1670,163402.97330498399,5398270.116820438,-80.04116099860182,22.99016588640646
1671,163383.6406891612,5398256.453289956,-84.54785595994167,20.178265262820233
1672,163383.6406891612,5398256.453289956,-84.54785595994167,20.178265262820233
1673,163382.5145742068,5398255.657394469,-84.81036862958463,20.014473114125295
1674,163637.15489892784,5398406.717484531,-25.45025518743057,51.10204319750437
1675,163633.67661951552,5398406.034192813,-26.261089295205238,50.96142445980021
1676,163633.67661951552,5398406.034192813,-26.261089295205238,50.96142445980021
1677,163632.32664349696,5398405.768995971,-26.57578701519148,50.9068479969925
1678,163630.97992989622,5398405.475843968,-26.88972422133314,50.846518472154656
1679,163625.2689877807,5398404.232686415,-28.221022287380364,50.5906815563695
1680,163611.96630863077,5398408.196365584,-31.3220572247551,51.40639107887867
1681,163589.28002840307,5398420.16879929,-36.61053684546045,53.87027066331282
1682,163589.28002840307,5398420.16879929,-36.61053684546045,53.87027066331282
1683,163588.06601395732,5398420.809479967,-36.89354007874325,54.00212021681273
1684,163586.85093087508,5398421.448062459,-37.176792425684646,54.13353797231372
1685,163585.68547780992,5398422.06056188,-37.44847534250098,54.25958793464295
1686,163585.68547780992,5398422.06056188,-37.44847534250098,54.25958793464295
1687,163584.47039440475,5398422.699144137,-37.73172776472315,54.391005641845
1688,163566.731380235,5398403.798584218,-41.866932566327954,50.501345038216016
1689,163555.95034086343,5398396.5050532315,-44.38013906974177,49.00036515922065
1690,163540.63277893013,5398384.398952981,-47.9508705122749,46.50897752795149
1691,163535.92396446972,5398377.009323431,-49.04855902981027,44.988220943999494
1692,163534.69945007088,5398369.297076013,-49.33400994457148,43.40107087665774
1693,163532.5732477967,5398364.165823323,-49.82965653288814,42.345079333444716
1694,163530.38792970483,5398362.602011741,-50.339083820115945,42.023253084568495
1695,163530.38792970483,5398362.602011741,-50.339083820115945,42.023253084568495
1696,163529.26705892023,5398361.799917353,-50.600374002652494,41.85818522657482
1697,163849.13850031022,5398551.0145361675,23.9659974808,80.79780667631206
1698,163850.23454672567,5398536.7710496355,24.221500766189607,77.86655338755006
1699,163850.83567197595,5398528.705313154,24.361631215240138,76.20665666663265
1700,163851.13623460103,5398525.724833262,24.431696439751846,75.59328567322058
1701,163848.74286554902,5398507.5039822105,23.873769651873005,71.84350647070048
1702,163847.55174699746,5398496.45780077,23.596103762068083,69.57024594544
1703,163856.50183405733,5398486.31806307,25.68249044796775,67.48352796288418
1704,163859.19576573453,5398483.629498116,26.31048246038543,66.9302319109164
1705,163891.72918689006,5398506.43559598,33.89446419057458,71.6236368028963
1706,163891.72918689006,5398506.43559598,33.89446419057458,71.6236368028963
1707,163892.85877975044,5398507.227443433,34.157787607276305,71.78659588225617
1708,164102.71518905295,5398283.935537432,83.0781629500558,25.83400328152237
1709,164028.4347875881,5398382.862646979,65.76239388515035,46.19281181871264
1710,164014.0077815813,5398396.3821485825,62.39926310791725,48.97507186773694
1711,163999.66983116698,5398407.674020172,59.05689239716864,51.298894455621735
1712,163985.498859989,5398415.509204475,55.75344681119475,52.91134444846162
1713,163966.32964367434,5398423.528752921,51.28484249142926,54.56173585394498
1714,163946.78194109097,5398427.692161083,46.728007888922974,55.41854881473981
1715,163929.2936490872,5398430.042720761,42.65124982481393,55.902284715418034
1716,163896.98873285903,5398433.023169837,35.120535692462,56.51564936710102
1717,163877.03357020477,5398432.1176282205,30.4687166209508,56.329292477902015
1718,163877.03357020477,5398432.1176282205,30.4687166209508,56.329292477902015
1719,163875.65991842284,5398432.055291942,30.148499759403165,56.31646391799009
1720,163874.32321753824,5398431.730063365,29.836896653199204,56.24953316088971
1721,163865.63089856706,5398429.615157007,27.810599204945447,55.814293783072316
1722,163865.63089856706,5398429.615157007,27.810599204945447,55.814293783072316
1723,163864.29419841288,5398429.289927076,27.498996269012025,55.7473627472946
1724,163834.6803693059,5398423.055589798,20.59561104448548,54.464360751437
1725,163902.34320036613,5398417.122331477,36.36873469233427,53.24331961605071
1726,163936.6963952251,5398414.372334184,44.376930354834826,52.67738103141855
1727,163945.98044075715,5398413.1740115965,46.54116729016178,52.430770974383506
1728,163960.0734882917,5398409.1027885815,49.82644781795403,51.59292935287587
1729,163972.17391694107,5398404.954751876,52.64722185722772,50.739279777185345
1730,163983.9069912706,5398399.454765339,55.38236062202961,49.60740426426844
1731,163992.17802943665,5398394.200591304,57.310451800669995,48.526115993637916
1732,164004.37864562758,5398385.412915089,60.154580914751506,46.717646926151644
1733,164011.79252371445,5398378.46881321,61.88285645306175,45.288578177733456
1734,164021.4550555153,5398368.651828514,64.13532367114985,43.26828148918068
1735,164027.47743996722,5398360.878135973,65.53922316997847,41.668486258031606
1736,164074.54332067483,5398295.46261826,76.51091832909941,28.206231001834027
1737,164082.83662273892,5398274.538353458,78.44419952434563,23.900099923816654
1738,164089.9844111309,5398261.923648748,80.11044594573565,21.304043502791274
1739,164089.9844111309,5398261.923648748,80.11044594573565,21.304043502791274
1740,164090.6623829418,5398260.727135577,80.26849037035979,21.057805816686056
1741,163862.92686852813,5398429.397894517,27.18025312744186,55.769582020343535
1742,163834.3362241954,5398431.6554292645,20.515386151505453,56.23417375773391
1743,163834.3362241954,5398431.6554292645,20.515386151505453,56.23417375773391
1744,163832.96889370354,5398431.763392277,20.196642868410677,56.2563921194276
1745,163779.54972537517,5398424.865673324,7.743910193679554,54.83686879412335
1746,163817.79604710825,5398423.590205426,16.65964653397853,54.574382536869365
1747,163831.9409770286,5398423.2121034395,19.957021549594444,54.49657064089146
1748,163831.9409770286,5398423.2121034395,19.957021549594444,54.49657064089146
1749,163833.31398412495,5398423.175401025,20.277088126188403,54.48901742899858
1750,163755.98432609104,5398435.3682413995,2.250495997212994,56.99825583530702
1751,163749.65738679343,5398435.343004577,0.7756006330987617,56.993062196848655
1752,163741.64238345632,5398435.020378523,-1.0928053542552476,56.92666702874541
1753,163734.54019994367,5398434.4212158695,-2.7484206597237204,56.80336172049647
1754,163728.85177396412,5398433.422611541,-4.074469909084343,56.59785289264502
1755,163722.37297959995,5398432.0706550805,-5.584764748862497,56.31962559116491
1756,163714.58061524446,5398430.073447034,-7.4012705698931995,55.90860806100096
1757,163705.10732657794,5398427.32344589,-9.609622646614298,55.34266868384432
1758,163692.95123818322,5398422.576239139,-12.44337172745692,54.36571227848788
1759,163677.04368294877,5398414.863953749,-16.151638610710506,52.778554396682296
1760,163654.3122429287,5398402.957549682,-21.45064559153353,50.328263451428626
1761,163649.4408729703,5398400.720648518,-22.586228000429315,49.86791802413205
1762,163649.4408729703,5398400.720648518,-22.586228000429315,49.86791802413205
1763,163648.1896709351,5398400.146104246,-22.87790016519712,49.74967908161929
1764,163646.9160534924,5398399.625228704,-23.174797665478124,49.64248495163318
1765,163638.4603474397,5398396.167065446,-25.145937433197815,48.93080860754469
1766,163630.43932695084,5398395.2741347505,-27.015746100231084,48.74704699603333
1767,163630.43932695084,5398395.2741347505,-27.015746100231084,48.74704699603333
1768,163629.07611436577,5398395.122376006,-27.33352944340045,48.715815645649656
1769,163627.70193909577,5398395.144332877,-27.653868337116563,48.72033428306037
1770,163622.7581128327,5398395.223324711,-28.806341293376576,48.73659049061848
1771,163622.7581128327,5398395.223324711,-28.806341293376576,48.73659049061848
1772,163621.383937552,5398395.24528064,-29.12668018958938,48.741108934066744
1773,163575.89947076913,5398354.697656805,-39.729726313742496,40.39656804850509
1774,163573.2153162122,5398353.385530913,-40.355439146812145,40.126537720893225
1775,163573.2153162122,5398353.385530913,-40.355439146812145,40.126537720893225
1776,163571.98034753764,5398352.781826766,-40.64332709504056,40.0022977911207
1777,163570.75330592442,5398352.163877118,-40.92936713775168,39.875126193533475
1778,163547.4232678687,5398340.414612907,-46.36791543961427,37.457174010071725
1779,163532.82928262555,5398333.240100143,-49.769971341622096,35.98068761127013
1780,163518.98741730116,5398324.220485062,-52.99669788937826,34.12448644115577
1781,163518.98741730116,5398324.220485062,-52.99669788937826,34.12448644115577
1782,163517.8345472157,5398323.469252306,-53.26544754296304,33.96988570610492
1783,163516.7173112492,5398322.662885253,-53.52589040010007,33.80393855054581
1784,163510.81028734648,5398318.399476831,-54.90289779024991,32.92654593100593
1785,163489.12525053995,5398302.760005143,-59.95797398936901,29.70800440903895
1786,163483.59126766608,5398298.498515089,-61.24802045604496,28.831006582259135
1787,163483.59126766608,5398298.498515089,-61.24802045604496,28.831006582259135
1788,163482.5017408377,5398297.659515177,-61.502003937261726,28.658343713079432
1789,163481.38018495563,5398296.858241864,-61.763453825311856,28.493444828969928
1790,163460.46048166056,5398281.912538294,-66.64012040250219,25.417678046491375
1791,163452.14491569833,5398270.789811746,-68.57859161437466,23.128664840407254
1792,163448.48250445118,5398260.496692735,-69.43234935027395,21.01038158959534
1793,163447.44723318677,5398249.312540575,-69.6736851236478,18.708727235033408
1794,163449.4509840211,5398240.340648066,-69.20658362679913,16.862347181710163
1795,163452.54566586518,5398232.21371869,-68.48517131500765,15.18985720475095
1796,163473.13977166187,5398202.701810222,-63.6844059308517,9.116422968011008
1797,163503.3696776533,5398160.728437538,-56.63740482855862,0.47846859893878957
1798,163503.3696776533,5398160.728437538,-56.63740482855862,0.47846859893878957
1799,163504.1756456953,5398159.609369537,-56.44952274642521,0.24816882282208041
1800,163504.92613325178,5398158.453514851,-56.27457391796206,0.010298492230404577
1801,163509.7416202349,5398151.036993501,-55.15201858855292,-1.5159923179076173
1802,163547.9576014244,5398096.238497731,-46.24335504048312,-12.7933063787993
1803,163634.9146047198,5397975.8238077145,-25.972498152991648,-37.574174134293735
1804,163634.9146047198,5397975.8238077145,-25.972498152991648,-37.574174134293735
1805,163635.72188796612,5397974.705901618,-25.78430947888829,-37.804234794948
1806,163636.516958696,5397973.5775544,-25.598967708010562,-38.03644419721073
1807,163691.02541099247,5397896.219828535,-12.89230816609006,-53.956358738074
1808,163730.3099916897,5397841.1937366845,-3.734539579087553,-65.28051117375801
1809,163730.3099916897,5397841.1937366845,-3.734539579087553,-65.28051117375801
1810,163731.11155962726,5397840.070971499,-3.5476832209764098,-65.51157181572621
1811,163731.9150716727,5397838.949868662,-3.360373664950828,-65.74229035295798
1812,163737.1562079773,5397831.637150716,-2.1385937055215862,-67.24721883248088
1813,163751.99509610015,5397810.729296634,1.3205523794222103,-71.54997264920061
1814,163756.14870299428,5397804.894267725,2.288814482842355,-72.75079855945224
1815,163756.14870299428,5397804.894267725,2.288814482842355,-72.75079855945224
1816,163756.94881344048,5397803.770263833,2.4753310799478214,-72.98211412233164
1817,163757.73989653905,5397802.638542257,2.659743279878697,-73.21501795408719
1818,163782.75267140652,5397766.85521707,8.490560355936097,-80.579084989311
1819,163798.19919168713,5397744.07734203,12.09135373832153,-85.26668173564745
1820,163778.32589182188,5398439.323758649,7.458617993250741,57.81228566707341
1821,163770.5520552155,5398441.503628137,5.646431241834236,58.26089420059958
1822,163764.99721262496,5398442.194970189,4.351522092278472,58.40316966519475
1823,163750.04700501123,5398442.50223334,0.8664259241560615,58.4664032086138
1824,163734.1171858787,5398441.396086046,-2.847030975710183,58.23876246288495
1825,163723.4082508643,5398439.706139045,-5.343428975502221,57.89097804279115
1826,163706.26504928205,5398435.665630648,-9.339741781806381,57.05945736840181
1827,163692.36124488214,5398430.365346645,-12.580907168163804,55.96867984844701
1828,163646.52203502198,5398407.247961402,-23.26664871510438,51.211213242990084
1829,163646.52203502198,5398407.247961402,-23.26664871510438,51.211213242990084
1830,163645.29536417435,5398406.629329432,-23.552602327325445,51.08390122616589
1831,163662.58838088994,5398318.479230547,-19.5213655814609,32.94295893095415
1832,163683.96266086152,5398288.838267962,-14.538731015440774,26.842965866494396
1833,163683.96266086152,5398288.838267962,-14.538731015440774,26.842965866494396
1834,163684.7692556099,5398287.719712992,-14.350702839551701,26.61277167016216
1835,163685.622043315,5398286.640651515,-14.151906458920251,26.39070507871149
1836,163698.96249068607,5398269.760499333,-11.042067236938024,22.916836409950008
1837,163696.92844221002,5398256.83659639,-11.516231525008308,20.257148213553464
1838,163696.92844221002,5398256.83659639,-11.516231525008308,20.257148213553464
1839,163696.71383697202,5398255.473040301,-11.566258916729439,19.976533754378906
1840,163695.5444566757,5398254.751495006,-11.838857324394027,19.828042581482336
1841,163689.04444849494,5398250.740776987,-13.35409739254878,19.00265264929608
1842,163689.04444849494,5398250.740776987,-13.35409739254878,19.00265264929608
1843,163687.875069403,5398250.019231107,-13.626695519457272,18.854161356227124
1844,163972.74814815915,5398483.697522829,52.78108294260238,66.94423112837282
1845,163946.60275250053,5398522.385792257,46.68623659811257,74.90612421841138
1846,163953.04288228267,5398469.362681349,48.18751819939996,63.99417735192537
1847,163909.765381128,5398533.206238041,38.09894569679989,77.13292923678159
1848,164128.51509662595,5398286.30489031,89.09247133584836,26.32160674858615
1849,164119.38281156647,5398280.053628649,86.96361182504154,25.035121781315908
1850,164117.68166245843,5398278.852046213,86.56705089485291,24.787840860460136
1851,164117.68166245843,5398278.852046213,86.56705089485291,24.787840860460136
1852,164116.55529650048,5398278.05645341,86.30447971287333,24.624111002847158
1853,164115.9084644683,5398277.596080536,86.15369439302768,24.52936808321782
1854,164115.43214851676,5398277.257069851,86.04265868433552,24.459601022858806
1855,164115.43214851676,5398277.257069851,86.04265868433552,24.459601022858806
1856,164114.78531659677,5398276.796696943,85.8918733906441,24.364858096137937
1857,164113.66988720404,5398275.988220803,85.63185167035533,24.198476898786907
1858,164111.7040006463,5398274.563322972,85.17357684994147,23.90523855111016
1859,164111.7040006463,5398274.563322972,85.17357684994147,23.90523855111016
1860,164110.5885717938,5398273.754846664,84.91355525558652,23.738857319259893
1861,163925.2277147091,5398466.043525239,41.703425374005406,63.31110813010267
1862,163898.87003225333,5398501.957844958,35.559092097801965,70.70213332264953
1863,163893.89298938456,5398506.320832626,34.39887590023045,71.60001895778913
1864,163893.89298938456,5398506.320832626,34.39887590023045,71.60001895778913
1865,163892.85877975044,5398507.227443433,34.157787607276305,71.78659588225617
1866,164033.31398803744,5398340.446689126,66.8998016876912,37.46377516931088
1867,164031.8856918027,5398339.369929763,66.56684646303606,37.24218234381527
1868,164022.29964553306,5398332.176384348,64.33220905966982,35.761779100855506
1869,164022.29964553306,5398332.176384348,64.33220905966982,35.761779100855506
1870,164021.19902068653,5398331.350454242,64.07563847989738,35.59180594608131
1871,164020.9845271699,5398331.201222014,64.0256371319426,35.56109454273414
1872,164020.06654832792,5398330.562545161,63.811643813101654,35.42965736817945
1873,164020.06654832792,5398330.562545161,63.811643813101654,35.42965736817945
1874,164019.85205484793,5398330.413312918,63.76164247368854,35.39894596176569
1875,164018.7225232351,5398329.62143592,63.498333334622856,35.2359808022961
1876,164011.22999758553,5398324.368670543,61.75172398272855,34.154982427917986
1877,164011.22999758553,5398324.368670543,61.75172398272855,34.154982427917986
1878,164010.10046745447,5398323.57679303,61.48841518908199,33.99201716245901
1879,164018.84802270628,5398331.358196094,63.52758896353481,35.59339918859956
1880,164014.25268446104,5398335.682813717,62.456353290859965,36.48338842000004
1881,164009.62179364407,5398332.687033012,61.3768298315062,35.866868579468274
1882,164004.76826384536,5398333.962160065,60.245406205802,36.12928469226907
1883,164004.45332611134,5398333.758011392,60.17198994842454,36.087271701532615
1884,164004.45332611134,5398333.758011392,60.17198994842454,36.087271701532615
1885,164003.29884656693,5398333.009655504,59.90286510813198,35.933263014462426
1886,163324.96342002094,5398191.539408905,-98.22632325084498,6.819244851088001
1887,163378.95235050144,5398230.40090744,-85.64077129062859,14.816787807301395
1888,163395.41294658618,5398235.223048423,-81.80358308414112,15.809165381740314
1889,163395.41294658618,5398235.223048423,-81.80358308414112,15.809165381740314
1890,163396.73007318127,5398235.608900037,-81.4965430103108,15.888572120235096
1891,163398.1067639074,5398235.61886504,-81.17561772965645,15.890622878602613
1892,163403.0975480546,5398235.654988481,-80.01219825370448,15.898056940047113
1893,163408.91539999098,5398234.520454362,-78.65597805836855,15.664574298057076
1894,163408.91539999098,5398234.520454362,-78.65597805836855,15.664574298057076
1895,163410.26652326167,5398234.256972475,-78.34101289835054,15.610350766042586
1896,163411.63509426752,5398234.16497213,-78.02198043462023,15.591417458346982
1897,163412.78300252688,5398234.0878053885,-77.7543874500004,15.57553684759037
1898,163412.78300252688,5398234.0878053885,-77.7543874500004,15.57553684759037
1899,163414.15157349044,5398233.995804671,-77.43535499612796,15.556603463229735
1900,163416.32897399802,5398253.75240172,-76.92777340518825,19.62243312813061
1901,163418.5041655804,5398253.752401559,-76.42070674467324,19.622433094973005
1902,163421.00332562425,5398250.846187234,-75.83811864172924,19.024345661945446
1903,163421.00332562425,5398250.846187234,-75.83811864172924,19.024345661945446
1904,163421.89941004972,5398249.804151374,-75.62922920833614,18.80989879636965
1905,163422.79064798928,5398248.757971906,-75.4214695565436,18.594599192668838
1906,163423.91361127514,5398247.439781396,-75.15969158358108,18.323320790425356
1907,163423.91361127514,5398247.439781396,-75.15969158358108,18.323320790425356
1908,163424.8048487593,5398246.39360199,-74.95193203795236,18.10802119956591
1909,163643.0485833277,5398334.342933865,-24.07635741632282,36.207646436934766
1910,163640.8184474606,5398333.658201658,-24.596232334830376,36.06673125233695
1911,163640.8184474606,5398333.658201658,-24.596232334830376,36.06673125233695
1912,163639.50675065315,5398333.2554631205,-24.90200665151424,35.98384925147897
1913,163638.25134143975,5398332.688500008,-25.194659566581976,35.86717048146028
1914,163633.41757450672,5398330.505490746,-26.321476200248668,35.41791579496888
1915,163629.50547830263,5398325.66023385,-27.233438886150267,34.420781056827394
1916,163629.50547830263,5398325.66023385,-27.233438886150267,34.420781056827394
1917,163628.6419683517,5398324.590748466,-27.434734767710196,34.20068518758893
1918,163628.05320959224,5398323.346983044,-27.57198242002154,33.94472317483442
1919,163627.23810785607,5398321.625062933,-27.76199369014843,33.590358814841125
1920,163627.23810785607,5398321.625062933,-27.76199369014843,33.590358814841125
1921,163626.64934946646,5398320.381297824,-27.899241256242362,33.33439686629353
1922,163530.36250330615,5398161.515081858,-50.34501105851085,0.6403568939791029
1923,163531.54910848144,5398156.0605892455,-50.06839729793192,-0.4821561489964381
1924,163533.4415398249,5398152.957327946,-49.62724588425507,-1.1207950713840802
1925,163536.21339514578,5398150.161321125,-48.9810888136015,-1.6962022353056057
1926,163539.59139140332,5398147.545592193,-48.19363206937156,-2.234508921556369
1927,163539.59139140332,5398147.545592193,-48.19363206937156,-2.234508921556369
1928,163540.67730672655,5398146.704720457,-47.94049047898853,-2.407557004587275
1929,163541.7237057239,5398145.813689565,-47.696560680134425,-2.5909276439390254
1930,163541.72371435622,5398145.813682214,-47.69655866782529,-2.5909291567312067
1931,163541.72371435622,5398145.813682214,-47.69655866782529,-2.5909291567312067
1932,163542.77011315338,5398144.922651285,-47.45262891564174,-2.774299803749443
1933,163721.08905774553,5397832.527138915,-5.88406434727851,-67.06406277521549
1934,163725.69404711196,5397836.001017427,-4.810578867354053,-66.34915229380763
1935,163725.69404711196,5397836.001017427,-4.810578867354053,-66.34915229380763
1936,163726.7923633844,5397836.829556775,-4.554546447515534,-66.17864216738293
1937,163727.8929037587,5397837.655476425,-4.297995559360729,-66.00867116459537
1938,163730.01101867692,5397839.245052007,-3.804234243410008,-65.6815427861228
1939,163730.01101867692,5397839.245052007,-3.804234243410008,-65.6815427861228
1940,163731.11155962726,5397840.070971499,-3.5476832209764098,-65.51157181572621
1941,163732.24970743366,5397840.848521893,-3.282365530324597,-65.35155501480921
1942,163734.47071868175,5397842.365853386,-2.7646176842684724,-65.03929418462144
1943,163734.47071868175,5397842.365853386,-2.7646176842684724,-65.03929418462144
1944,163735.60886705533,5397843.143403568,-2.4992998614003596,-64.87927742721183
1945,163736.74796644028,5397843.919244891,-2.2337603448821426,-64.71961234635599
1946,163741.37157512855,5397847.0683856495,-1.1559344484983711,-64.07153161245658
1947,163741.37157512855,5397847.0683856495,-1.1559344484983711,-64.07153161245658
1948,163742.51067548446,5397847.844226605,-0.8903947056357424,-63.911866607115776
1949,163743.6580595182,5397848.605180593,-0.6229239251171066,-63.75526528097571
1950,163745.94965390282,5397850.124983147,-0.08872219260179293,-63.442495916295506
1951,163745.94965390282,5397850.124983147,-0.08872219260179293,-63.442495916295506
1952,163747.0970385052,5397850.885936903,0.17874872047234192,-63.28589463787941
1953,163771.6555014915,5397813.963642657,5.9036595350878684,-70.88435700831756
1954,163769.28162906648,5397812.088222286,5.35027767539502,-71.27031111570253
1955,163769.28162906648,5397812.088222286,5.35027767539502,-71.27031111570253
1956,163768.20321395967,5397811.236246247,5.09888448718749,-71.44564442053098
1957,163767.05597336724,5397810.47504508,4.831447144784562,-71.6022966150508
1958,163762.68241614054,5397807.573161182,3.8119116356020157,-72.19949286341243
1959,163762.68241614054,5397807.573161182,3.8119116356020157,-72.19949286341243
1960,163761.53517646118,5397806.811959645,3.544474506049113,-72.35614513421393
1961,163760.38779564347,5397806.051012022,3.2770044752310525,-72.51274515034075
1962,163758.09619368956,5397804.531211684,2.7428009782103544,-72.82551405905585
1963,163758.09619368956,5397804.531211684,2.7428009782103544,-72.82551405905585
1964,163756.94881344048,5397803.770263833,2.4753310799478214,-72.98211412233164
1965,163755.85186474602,5397802.940121367,2.219617461081242,-73.15295416414057
1966,163753.9046765299,5397801.466539077,1.765701477709385,-73.45621158090562
1967,163753.9046765299,5397801.466539077,1.765701477709385,-73.45621158090562
1968,163752.80772838293,5397800.636396466,1.5099879864727512,-73.62705165261389
1969,163751.67962466078,5397799.842953859,1.247011708090156,-73.79033900826019
1970,163745.87629977826,5397795.7612291435,-0.10582203395620127,-74.63034183825584
1971,163745.87629977826,5397795.7612291435,-0.10582203395620127,-74.63034183825584
1972,163744.74819724954,5397794.96778613,-0.3687980341336896,-74.79362927765865
1973,163658.05194901512,5398379.195301514,-20.5788693802281,45.438086602269294
1974,163656.88435244866,5398381.844260415,-20.851051976271236,45.98323188483303
1975,163656.88435244866,5398381.844260415,-20.851051976271236,45.98323188483303
1976,163656.32712571207,5398383.1084559215,-20.980949086375134,46.243398328464934
1977,163655.73503582703,5398384.353114794,-21.118973269237344,46.4995442099638
1978,163652.6000203702,5398390.943368703,-21.84978789321204,47.85579244325038
1979,163652.6000203702,5398390.943368703,-21.84978789321204,47.85579244325038
1980,163652.00792946937,5398392.188028358,-21.987812312873558,48.11193848574575
1981,163651.41182514897,5398393.430439156,-22.126772315069218,48.36762172231494
1982,163648.7857761319,5398398.903692779,-22.73893995869986,49.49399570724475
1983,163648.7857761319,5398398.903692779,-22.73893995869986,49.49399570724475
1984,163648.1896709351,5398400.146104246,-22.87790016519712,49.74967908161929
1985,163647.62672547597,5398401.4070982495,-23.00913038708768,50.00918666851163
1986,163645.85831027833,5398405.368334876,-23.421371955110757,50.824393525617666
1987,163645.85831027833,5398405.368334876,-23.421371955110757,50.824393525617666
1988,163645.29536417435,5398406.629329432,-23.552602327325445,51.08390122616589
1989,163484.4473662418,5398295.006889403,-61.04845226656768,28.11244380251216
1990,163483.31683927422,5398296.548226832,-61.31199343632724,28.429644959637187
1991,163483.31683927422,5398296.548226832,-61.31199343632724,28.429644959637187
1992,163482.5017408377,5398297.659515177,-61.502003937261726,28.658343713079432
1993,163481.6867160436,5398298.770866709,-61.69199727115121,28.887055470247873
1994,163480.5226468898,5398300.358167794,-61.963357579460904,29.21371576613373
1995,163480.5226468898,5398300.358167794,-61.963357579460904,29.21371576613373
1996,163479.7076216189,5398301.4695194615,-62.15335102449402,29.442427551284936
1997,163519.9655647629,5398320.3254569005,-52.768678449188826,33.32290502473177
1998,163518.608968907,5398322.326782616,-53.08491934304523,33.73476995483654
1999,163518.608968907,5398322.326782616,-53.08491934304523,33.73476995483654
2000,163517.8345472157,5398323.469252306,-53.26544754296304,33.96988570610492
2001,163517.03189063794,5398324.591183255,-53.45255767786723,34.200774665614404
2002,163516.03232814744,5398325.988343497,-53.68556925171566,34.48830472668968
2003,163516.03232814744,5398325.988343497,-53.68556925171566,34.48830472668968
2004,163515.229671131,5398327.110274587,-53.872679488882596,34.71919371514019
2005,163514.4237134121,5398328.229383817,-54.0605591645615,34.949501975964495
2006,163513.41516343117,5398329.62980139,-54.29566584433035,35.2377023829884
2007,163511.41302007798,5398332.425812712,-54.76239261552535,35.813110473214834
2008,163511.41302007798,5398332.425812712,-54.76239261552535,35.813110473214834
2009,163510.60991226314,5398333.547359676,-54.949607939913065,36.04392041008035
2010,163509.8072355984,5398334.669275499,-55.13672275736897,36.27480625660738
2011,163504.44399030472,5398342.165575879,-56.38696797834603,37.81751527608057
2012,163504.44399030472,5398342.165575879,-56.38696797834603,37.81751527608057
2013,163503.64131213952,5398343.287492169,-56.57408314557671,38.04840121882219
2014,163638.5796627431,5397991.94304557,-25.118123417666354,-34.25689862953273
2015,163639.85497678965,5397992.879080649,-24.820830416019177,-34.064266305969724
2016,163639.85497678965,5397992.879080649,-24.820830416019177,-34.064266305969724
2017,163640.96503598258,5397993.693824336,-24.56206056214036,-33.89659527225979
2018,163642.0873013143,5397994.494190286,-24.300445291750023,-33.731883119949174
2019,163646.477411345,5397997.625083049,-23.277051099450034,-33.08755775147786
2020,163646.477411345,5397997.625083049,-23.277051099450034,-33.08755775147786
2021,163647.5996776338,5397998.425448683,-23.015435605951495,-32.92284566414084
2022,163761.95243824838,5398024.967144073,3.641743888069172,-27.4606695511429
2023,163824.58653604673,5397934.886695044,18.24260160661882,-45.99887028420271
2024,163830.1525105864,5397931.798870211,19.540105764504673,-46.63433244286795
2025,163836.5756452052,5397931.875681762,21.037425562707085,-46.61852492893386
2026,163842.84293253682,5397935.762347051,22.498415244478437,-45.818664558655456
2027,163844.6351763386,5397942.2606092645,22.91621158332032,-44.48134785309475
2028,163842.17501559216,5397949.726703394,22.342714745556023,-42.94485516060956
2029,163795.77705182935,5398014.893978253,11.526720085391446,-29.533687303622557
2030,163791.32427219755,5398021.100409314,10.488716759067813,-28.25642829697192
2031,163786.5931938388,5398027.660181323,9.385838224858745,-26.906453118367637
2032,163760.58896078938,5398024.818124963,3.323898799193728,-27.491337095591575
2033,163648.72538676875,5397999.221759068,-22.753017538325707,-32.758968131139994
2034,163732.10230309534,5398058.200820404,-3.316727480868593,-20.621310183314563
2035,163740.80748727542,5398057.0639940025,-1.2874309779252258,-20.85526456807024
2036,163755.9580699724,5398033.928070863,2.2443753398399906,-25.616546199469298
2037,163759.9652872766,5398026.0450239265,3.178512044327846,-27.238846133224953
2038,163759.9652872766,5398026.0450239265,3.178512044327846,-27.238846133224953
2039,163760.58896078938,5398024.818124963,3.323898799193728,-27.491337095591575
2040,163785.3262428733,5398462.678785407,9.090494770829238,62.618657958047805
2041,163769.22526154856,5398461.286693057,5.337137642442542,62.33217084902091
2042,163769.22526154856,5398461.286693057,5.337137642442542,62.33217084902091
2043,163767.85812353835,5398461.168488872,5.018439229430129,62.30784489450937
2044,163766.49101312578,5398461.050048308,4.699747249804048,62.28347029413652
2045,163727.60499566727,5398457.68104568,-4.365110840444643,61.59014285556381
2046,163715.20400439284,5398454.992489047,-7.255950104223217,61.03684851610058
2047,163702.2949495297,5398449.692513411,-10.265225881526362,59.94613445675236
2048,163702.2949495297,5398449.692513411,-10.265225881526362,59.94613445675236
2049,163701.02190126575,5398449.16984622,-10.56199069852039,59.83857161256543
2050,163699.83183821433,5398448.485412142,-10.839410536924348,59.697717781819875
2051,163643.4029328309,5398416.031550327,-23.9937537409955,53.01884116237488
2052,163633.33517032297,5398406.703430979,-26.340685733148575,51.09915103190767
2053,163633.33517032297,5398406.703430979,-26.340685733148575,51.09915103190767
2054,163632.32664349696,5398405.768995971,-26.57578701519148,50.9068479969925
2055,163646.1717085028,5398000.525474539,-23.34831457828774,-32.4906686348114
2056,163646.823521201,5397999.566894021,-23.196368197641164,-32.68794072054901
2057,163646.823521201,5397999.566894021,-23.196368197641164,-32.68794072054901
2058,163647.5996776338,5397998.425448683,-23.015435605951495,-32.92284566414084
2059,163648.37317994953,5397997.282516192,-22.835121724955243,-33.15805665806796
2060,163649.0303015909,5397996.311548441,-22.681937757651482,-33.3578779874169
2061,163649.0303015909,5397996.311548441,-22.681937757651482,-33.3578779874169
2062,163649.80380355145,5397995.168616081,-22.501623959446448,-33.59308895431961
2063,163662.0771289437,5398213.093267913,-19.640545344366416,11.254943930761414
2064,163661.43077318528,5398214.048670447,-19.791219638337353,11.45156200000443
2065,163661.43077318528,5398214.048670447,-19.791219638337353,11.45156200000443
2066,163660.65745390393,5398215.191742299,-19.97149085153987,11.686801673734365
2067,163494.65903253425,5398152.8185294075,-58.667974350442236,-1.1493592625895843
2068,163494.0777642829,5398152.4048062265,-58.803475863716855,-1.234501859679355
2069,163494.0777642829,5398152.4048062265,-58.803475863716855,-1.234501859679355
2070,163492.9546410233,5398151.605412453,-59.065291128728944,-1.399013941822119
2071,163491.83224018305,5398150.805167921,-59.326937987991236,-1.5637011068998419
2072,163489.05653215197,5398148.82615465,-59.97399317765121,-1.970974223998084
2073,163489.05653215197,5398148.82615465,-59.97399317765121,-1.970974223998084
2074,163487.93413198847,5398148.025909893,-60.235639879153574,-2.1356614352664565
2075,163415.07436634545,5398252.380868425,-77.2202394655575,19.340176991405272
2076,163415.29816424556,5398249.850239889,-77.1680691396162,18.81938363074802
2077,163418.20376018406,5398246.845691573,-76.49073531703561,18.201059450611055
2078,163418.20376018406,5398246.845691573,-76.49073531703561,18.201059450611055
2079,163419.16095057616,5398245.855902876,-76.26760125402662,17.997364844867093
2080,163420.02884843232,5398244.789768126,-76.0652824922412,17.77795852290238
2081,163421.33207531937,5398243.188870272,-75.76148262888258,17.44850006555542
2082,163421.33207531937,5398243.188870272,-75.76148262888258,17.44850006555542
2083,163422.19997267483,5398242.12273561,-75.55916398381765,17.229093761798637
2084,163363.9065677039,5398442.206368986,-89.1481473304057,58.405515492594134
2085,163372.19836172802,5398430.774720507,-87.21521767973161,56.052927372805215
2086,163372.19836172802,5398430.774720507,-87.21521767973161,56.052927372805215
2087,163373.0078896931,5398429.65864234,-87.02650573124167,55.823242892948144
2088,163373.8174290165,5398428.5425741095,-86.83779113497943,55.59356045774669
2089,163404.21384347434,5398386.636522516,-79.75197465077002,46.969460503189
2090,163404.21384347434,5398386.636522516,-79.75197465077002,46.969460503189
2091,163405.0233752454,5398385.520456526,-79.56326181505777,46.73977852931921
2092,163405.83274517293,5398384.404252387,-79.37458670726512,46.5100681246162
2093,163419.87666126763,5398365.036217957,-76.1007593844845,42.52420311243958
2094,163419.87666126763,5398365.036217957,-76.1007593844845,42.52420311243958
2095,163420.6860276,5398363.920014882,-75.91208511477406,42.294492926998515
2096,163421.49537658558,5398362.803797204,-75.72341488883453,42.06477973609765
2097,163436.4855504651,5398342.129986012,-72.22900204208473,37.81019102211215
2098,163436.4855504651,5398342.129986012,-72.22900204208473,37.81019102211215
2099,163437.29489562643,5398341.013769468,-72.04033270762818,37.580478064656205
2100,163438.10469293816,5398339.897939745,-71.8515579707838,37.35084471345655
2101,163450.67833662918,5398322.572533503,-68.9204710869682,33.78534451711471
2102,163450.67833662918,5398322.572533503,-68.9204710869682,33.78534451711471
2103,163451.48813070267,5398321.456704738,-68.73169710500093,33.555711362944095
2104,163452.23364051792,5398320.298033943,-68.55790865553064,33.31726148843384
2105,163453.1248584027,5398318.9129035,-68.35015367877936,33.03220711224074
2106,163453.1248584027,5398318.9129035,-68.35015367877936,33.03220711224074
2107,163453.8703678056,5398317.754232879,-68.17636532543861,32.793757273379725
2108,163454.61541545085,5398316.595303669,-68.0026846140619,32.55525421788988
2109,163455.7524606173,5398314.826617903,-67.73762396373647,32.1912656708831
2110,163455.7524606173,5398314.826617903,-67.73762396373647,32.1912656708831
2111,163456.49750778833,5398313.667688891,-67.56394336291316,31.952762656217374
2112,163457.2439305519,5398312.509530971,-67.38994209280976,31.714418329100624
2113,163457.7214403199,5398311.768621352,-67.27862808930351,31.561942054893365
2114,163457.7214403199,5398311.768621352,-67.27862808930351,31.561942054893365
2115,163458.46786277535,5398310.61046356,-67.10462689102758,31.323597754226057
2116,163459.21287035925,5398309.451513036,-66.93095551849828,31.085090312539734
2117,163463.4112824166,5398302.920365011,-65.95224872382653,29.741005836862797
2118,163463.4112824166,5398302.920365011,-65.95224872382653,29.741005836862797
2119,163464.15628875492,5398301.761415017,-65.77857764166018,29.502498504040773
2120,163453.2180999943,5398311.518486755,-68.3284177991213,31.51046534255383
2121,163455.34639931106,5398312.913295312,-67.83228236173244,31.797511436245372
2122,163455.34639931106,5398312.913295312,-67.83228236173244,31.797511436245372
2123,163456.49750778833,5398313.667688891,-67.56394336291316,31.952762656217374
2124,163457.63185662625,5398314.452200514,-67.29951126334011,32.11421205062953
2125,163460.29461174578,5398316.293751685,-66.67878692937232,32.493196010305496
2126,163460.29461174578,5398316.293751685,-66.67878692937232,32.493196010305496
2127,163461.42896123047,5398317.078263074,-66.41435467902737,32.65464535661039
2128,163518.33656513024,5398358.369586325,-53.148420358088245,41.15223664544865
2129,163521.54040529463,5398360.698157567,-52.40156176129489,41.63144741269872
2130,163521.54040529463,5398360.698157567,-52.40156176129489,41.63144741269872
2131,163522.654681167,5398361.5080199065,-52.14180894224227,41.798113884552436
2132,163523.79364685208,5398362.284251529,-51.87630059298018,41.95785928752406
2133,163526.02415429108,5398363.804393673,-51.356339056024844,42.27069853867974
2134,163526.02415429108,5398363.804393673,-51.356339056024844,42.27069853867974
2135,163527.16312054414,5398364.580625083,-51.090830574356495,42.4304438979523
2136,163665.4135177566,5397832.723157017,-18.862787859814176,-67.02372302386179
2137,163653.93375666003,5397849.933482057,-21.538875874260768,-63.481906084357995
2138,163665.57777539702,5397858.136886693,-18.82449717596377,-61.79367780107157
2139,163662.43856575663,5397863.375394204,-19.55628952101449,-60.71561363921132
2140,163678.3132702112,5397873.949336906,-15.855680600115122,-58.539537981644294
2141,163678.3132702112,5397873.949336906,-15.855680600115122,-58.539537981644294
2142,163679.45931589906,5397874.712702143,-15.588521806171514,-58.38244042996141
2143,163454.05718098156,5398459.493257834,-68.13281664032687,61.96308896131313
2144,163440.44767067846,5398478.468100569,-71.30537808113183,65.86803667529958
2145,163440.44767067846,5398478.468100569,-71.30537808113183,65.86803667529958
2146,163439.64373688216,5398479.588970545,-71.4927859530018,66.09870729057934
2147,163438.84003620868,5398480.710040069,-71.68013948078121,66.32941897223483
2148,163421.73463550818,5398504.570046167,-75.6676403888468,71.23971401738387
2149,163421.73463550818,5398504.570046167,-75.6676403888468,71.23971401738387
2150,163420.93093047987,5398505.691117034,-75.85499493179739,71.4704259754167
2151,163420.12664004235,5398506.811687599,-76.04248594157288,71.70103497311658
2152,163408.8666907137,5398522.499490489,-78.66733285155553,74.92952286562402
2153,163408.8666907137,5398522.499490489,-78.66733285155553,74.92952286562402
2154,163408.062397344,5398523.6200619545,-78.85482454486237,75.16013204866152
2155,163410.03611914508,5398615.204640223,-78.39472322295606,94.00787664021993
2156,163423.0237369067,5398611.221970105,-75.3671333684506,93.1882588552414
2157,163424.17176257685,5398611.573265722,-75.09951301378332,93.26055410623516
2158,163424.17176257685,5398611.573265722,-75.09951301378332,93.26055410623516
2159,163425.4838976533,5398611.97477859,-74.79363653065238,93.34318386907375
2160,163450.77100581134,5398578.930913575,-68.89886864371027,86.54288692068553
2161,163453.65240830046,5398580.876396988,-68.22717464232248,86.94325972537638
2162,163453.65240830046,5398580.876396988,-68.22717464232248,86.94325972537638
2163,163454.79431957926,5398581.647399449,-67.96097963520944,87.10192898763631
2164,163455.937466036,5398582.416182519,-67.69449669136458,87.26014150798017
2165,163458.90545240135,5398584.412196742,-67.00261881407008,87.67091335402418
2166,163458.90545240135,5398584.412196742,-67.00261881407008,87.67091335402418
2167,163460.0485995447,5398585.180979542,-66.73613571016537,87.82912581878588
2168,163634.59158589516,5397676.098443629,-26.047798222195567,-99.25647061598194
2169,163643.31387723828,5397682.241508096,-24.014513807520757,-97.99225220413483
2170,163671.27768910266,5397677.56798303,-17.49576998184,-98.9540452096166
2171,163671.27768910266,5397677.56798303,-17.49576998184,-98.9540452096166
2172,163672.63543111333,5397677.341064624,-17.179261903761315,-99.00074412175955
2173,163673.9933389445,5397677.116228361,-16.862715170674974,-99.047014536907
2174,163701.96052782008,5397672.485500726,-10.343184117882288,-100.0
2175,163519.59617976996,5397900.755466875,-52.85478710110663,-53.02294227642704
2176,163482.19840293666,5397953.440620727,-61.57271611624224,-42.18054563771252
2177,163482.19840293666,5397953.440620727,-61.57271611624224,-42.18054563771252
2178,163481.39967787894,5397954.565841694,-61.75890976050068,-41.94897960547534
2179,163480.6007839751,5397955.690918526,-61.94514276508315,-41.717443235886286
2180,163404.17734711533,5398063.316540928,-79.76048244706462,-19.56851509867998
2181,163402.040012892,5398066.173971642,-80.25872404371813,-18.980467140089672
2182,163400.73610495465,5398067.9263110785,-80.56268266913808,-18.619842603026342
2183,163400.73610495465,5398067.9263110785,-80.56268266913808,-18.619842603026342
2184,163399.91381061787,5398069.031403238,-80.75437063202122,-18.39241899999496
2185,163399.16845394115,5398070.190116715,-80.92812338282194,-18.15396034159194
2186,163396.87430537338,5398073.756543298,-81.46292053007406,-17.42000383250891
2187,163396.87430537338,5398073.756543298,-81.46292053007406,-17.42000383250891
2188,163396.12894793093,5398074.9152571,-81.6366734593749,-17.181545107215683
2189,164124.10201194527,5398226.060704483,88.06372144102318,13.923591175693147
2190,164128.28911806838,5398220.315442842,89.03979266907496,12.741239014932162
2191,164128.28911806838,5398220.315442842,89.03979266907496,12.741239014932162
2192,164129.10100311288,5398219.201428864,89.22905408474611,12.511979336817419
2193,164136.13129625592,5398226.105889015,90.86791076999151,13.932889974007551
2194,164132.0672014325,5398231.86917119,89.92051514433246,15.118950689695481
2195,164132.0672014325,5398231.86917119,89.92051514433246,15.118950689695481
2196,164131.27173318333,5398232.997221972,89.73508070631522,15.351099086548388
2197,164114.45092716164,5398256.3821277395,85.81392267790932,20.163620359671853
2198,164110.16598994457,5398262.644813835,84.81504569494624,21.452456430235372
2199,164110.16598994457,5398262.644813835,84.81504569494624,21.452456430235372
2200,164109.38632129328,5398263.78434443,84.63329435749225,21.686967327400964
2201,164102.03919286074,5398256.771588951,82.92057906894883,20.24376993930916
2202,164106.6479051686,5398250.456684565,83.99493241701245,18.94418755064322
2203,164106.6479051686,5398250.456684565,83.99493241701245,18.94418755064322
2204,164107.46049410253,5398249.343266252,84.18435791885909,18.715050458144006
2205,164003.77038821686,5398244.511497474,60.0127878623652,17.72069152154036
2206,164046.6689201801,5398275.475489123,70.01301750639055,24.09295874339921
2207,164049.09568507943,5398276.074641481,70.57872931923924,24.21626193301077
2208,164051.2552832008,5398276.47407641,71.08216093249183,24.29846406421005
2209,164053.60412445667,5398276.366536235,71.62970768715215,24.27633272093685
2210,164056.10881299945,5398275.552303527,72.21358455818248,24.10876684439556
2211,164058.56897374598,5398274.246458761,72.78708139596714,23.840029147773635
2212,164060.66178017284,5398272.449002156,73.2749429593207,23.47011967553682
2213,164080.58579637212,5398244.657155237,77.91950136973034,17.750667314021456
2214,164080.58579637212,5398244.657155237,77.91950136973034,17.750667314021456
2215,164081.3894693587,5398243.536115636,78.10684844331541,17.51996179048237
2216,164082.20643784569,5398242.426442435,78.2972948783792,17.29159542717065
2217,164091.263508192,5398230.124376946,80.40862081938997,14.759878923503436
2218,164093.5455577533,5398228.557370945,80.94059752413091,14.4373952756727
2219,164095.21072914134,5398228.0771829765,81.3287715598147,14.338574487778558
2220,164095.21072914134,5398228.0771829765,81.3287715598147,14.338574487778558
2221,164096.5289201066,5398227.697054037,81.63605975276411,14.260345452917079
2222,164097.89774090817,5398227.608157196,81.95515044726761,14.242050834081894
2223,164099.36756712184,5398227.512700422,82.29778687328957,14.222406206826548
2224,164101.09408764573,5398228.544294824,82.70026222463414,14.434704261603713
2225,164101.09408764573,5398228.544294824,82.70026222463414,14.434704261603713
2226,164102.27300583155,5398229.24869709,82.97508404370726,14.579667466672191
2227,164103.4028148676,5398230.040222889,83.23845785388656,14.7425603507848
2228,164108.42349043692,5398233.557623918,84.4088454257629,15.466427594385792
2229,164108.42349043692,5398233.557623918,84.4088454257629,15.466427594385792
2230,164109.55330052943,5398234.349149351,84.67221948221945,15.629320403175043
2231,164128.79216747923,5398208.531993035,89.15706030972777,10.316251570832364
2232,164155.7063614126,5398179.657699338,95.43112395946164,4.3740359363389985
2233,164160.39350467268,5398173.346154523,96.52376062627138,3.075144934140255
2234,164091.4310581128,5398259.581445937,80.44767897844761,20.82202741241879
2235,164094.62478711555,5398254.821276605,81.19218052632621,19.842403359144754
2236,164094.62478711555,5398254.821276605,81.19218052632621,19.842403359144754
2237,164095.39346130047,5398253.675587339,81.37136890454849,19.60662503192583
2238,164096.2080039989,5398252.56383853,81.56124985539915,19.377831516706095
2239,164108.73876104748,5398235.460897237,84.48233928117793,15.858113728457226
2240,164108.73876104748,5398235.460897237,84.48233928117793,15.858113728457226
2241,164109.55330052943,5398234.349149351,84.67221948221945,15.629320403175043
2242,164110.3682739104,5398233.237772621,84.86220083100892,15.400603460385767
2243,164122.82024593028,5398216.257029778,87.76492439801999,11.906033630731883
2244,164122.82024593028,5398216.257029778,87.76492439801999,11.906033630731883
2245,164123.63521611487,5398215.14565396,87.95490500168845,11.677316875580175
2246,164124.4631045239,5398214.045321906,88.14789701868736,11.450872883396343
2247,164127.02633721533,5398210.6385726705,88.74542132481952,10.7497773420761
2248,164127.02633721533,5398210.6385726705,88.74542132481952,10.7497773420761
2249,164127.8542248159,5398209.538240825,88.93841315335865,10.523333392824654
2250,164145.47738375346,5398225.2971165525,93.04661052896418,13.766447794629528
2251,164143.51559430244,5398228.11519074,92.58929079969707,14.346396335376781
2252,164143.51559430244,5398228.11519074,92.58929079969707,14.346396335376781
2253,164142.72650878594,5398229.248697088,92.40534426323842,14.579667466288853
2254,164141.91930195212,5398230.366712167,92.21717340192853,14.809750555098205
2255,164115.7149814195,5398266.66067213,86.10859087009675,22.278904211055135
2256,164115.7149814195,5398266.66067213,86.10859087009675,22.278904211055135
2257,164114.9077680367,5398267.778689181,85.92041848213242,22.508987705805666
2258,164114.10004788288,5398268.896273232,85.7321279589676,22.738982090714458
2259,164111.3962927986,5398272.637262358,85.1018459771233,23.508862881835583
2260,164111.3962927986,5398272.637262358,85.1018459771233,23.508862881835583
2261,164110.5885717938,5398273.754846664,84.91355525558652,23.738857319259893
2262,164109.74500422357,5398274.8417865615,84.71690821344924,23.962545258427397
2263,164104.38561705672,5398281.747371589,83.46756237416179,25.383687390770305
2264,164104.38561705672,5398281.747371589,83.46756237416179,25.383687390770305
2265,164103.54204802655,5398282.834311819,83.27091499169376,25.607375398361356
2266,164118.27900616959,5398211.563620557,86.70629981584321,10.940148544635349
2267,164122.49036690683,5398214.3800218925,87.68802512342188,11.519752819076373
2268,164122.49036690683,5398214.3800218925,87.68802512342188,11.519752819076373
2269,164123.63521611487,5398215.14565396,87.95490500168845,11.677316875580175
2270,164124.74063562264,5398215.965908188,88.21259328202865,11.846121956995532
2271,164127.99558282972,5398218.381174864,88.9713656236533,12.343174302359401
2272,164127.99558282972,5398218.381174864,88.9713656236533,12.343174302359401
2273,164129.10100311288,5398219.201428864,89.22905408474611,12.511979336817419
2274,164130.21017883686,5398220.017258952,89.48761799002983,12.679873947718548
2275,164132.04385633313,5398221.365980116,89.91507308503074,12.957435437793336
2276,164132.04385633313,5398221.365980116,89.91507308503074,12.957435437793336
2277,164133.1530325777,5398222.181810047,90.17363711167556,13.125330016303522
2278,164134.25909265492,5398223.001311149,90.43147471743796,13.293980107531311
2279,164135.82070276453,5398224.158337655,90.79550721449192,13.532091593832845
2280,164135.82070276453,5398224.158337655,90.79550721449192,13.532091593832845
2281,164136.9267633157,5398224.977838621,91.05334493074665,13.700741656886265
2282,164138.03544179074,5398225.794255714,91.31179292055464,13.86875707113326
2283,164141.61782948065,5398228.4322802415,92.14689607988228,14.41165210283242
2284,164141.61782948065,5398228.4322802415,92.14689607988228,14.41165210283242
2285,164142.72650878594,5398229.248697088,92.40534426323842,14.579667466288853
2286,164143.84474004048,5398230.053861415,92.66601913551924,14.74536710562613
2287,164145.70483427247,5398231.393191727,93.09963232991407,15.020995995544965
2288,164145.70483427247,5398231.393191727,93.09963232991407,15.020995995544965
2289,164146.82306604716,5398232.198355886,93.36030732344744,15.18669560038299
2290,164147.89458897378,5398232.964014049,93.6100938509731,15.344265027078634
2291,164147.94453690285,5398232.999704405,93.62173739069632,15.351609961431748
2292,164147.94453690285,5398232.999704405,93.62173739069632,15.351609961431748
2293,164149.0160600158,5398233.765362504,93.87152396165635,15.509179375094334
2294,164120.14666326987,5398271.577452105,87.14167601741514,23.290758116200536
2295,164119.62083517696,5398271.200475582,87.01909835702094,23.21317783631443
2296,164119.62083517696,5398271.200475582,87.01909835702094,23.21317783631443
2297,164119.0265891961,5398270.774448876,86.88057155897448,23.12550322243125
2298,164117.91263721036,5398269.964233719,86.62089424229595,22.958764142111107
2299,164116.02171949437,5398268.588904503,86.18009567571303,22.675726819858426
2300,164116.02171949437,5398268.588904503,86.18009567571303,22.675726819858426
2301,164114.9077680367,5398267.778689181,85.92041848213242,22.508987705805666
2302,164113.79152529492,5398266.971173267,85.66020715914547,22.342804119017543
2303,164110.50256326358,5398264.591860588,84.89350550063574,21.853150964213015
2304,164110.50256326358,5398264.591860588,84.89350550063574,21.853150964213015
2305,164109.38632129328,5398263.78434443,84.63329435749225,21.686967327400964
2306,164108.27000020174,5398262.976921651,84.37306477011526,21.52080290743868
2307,164106.80683483876,5398261.91862991,84.0319810787318,21.303010645798892
2308,164106.80683483876,5398261.91862991,84.0319810787318,21.303010645798892
2309,164105.69051419897,5398261.111206985,83.77175159666379,21.136846195937252
2310,164104.5738644758,5398260.304171904,83.51144540079537,20.970761562777355
2311,164102.3432517553,5398258.6920429105,82.99145932129304,20.63899178130744
2312,164102.3432517553,5398258.6920429105,82.99145932129304,20.63899178130744
2313,164101.22660261806,5398257.885007643,82.7311532620169,20.472907109815026
2314,164100.10931214396,5398257.07872807,82.47069769841815,20.306977957115308
2315,164096.51075094988,5398254.4818671765,81.63182427590172,19.772554238866007
2316,164096.51075094988,5398254.4818671765,81.63182427590172,19.772554238866007
2317,164095.39346130047,5398253.675587339,81.37136890454849,19.60662503192583
2318,164094.2774841042,5398252.867761549,81.11121948382666,19.440377673846186
2319,164091.28855365937,5398250.7041544225,80.41445925753084,18.99511587016336
2320,164091.28855365937,5398250.7041544225,80.41445925753084,18.99511587016336
2321,164090.17257718227,5398249.8963284055,80.15431000445395,18.828868465509757
2322,163514.641220308,5398315.000502051,-54.00985535702984,32.227050341925036
2323,163519.60298360858,5398318.403240627,-52.853201034041355,32.92732050532669
2324,163519.60298360858,5398318.403240627,-52.853201034041355,32.92732050532669
2325,163520.73998592544,5398319.182987404,-52.588150372538564,33.087789313329154
2326,163486.37610534817,5398294.706196408,-60.59883702090749,28.050562371392658
2327,163491.05063048244,5398298.108679583,-59.50914181037006,28.750779974417924
2328,163491.05063048244,5398298.108679583,-59.50914181037006,28.750779974417924
2329,163492.1642726386,5398298.919274485,-59.24953671916684,28.917597204550958
2330,163493.28428617932,5398299.722364805,-58.98844637180278,29.08287002144806
2331,163512.3842019605,5398313.417665713,-54.535996946330826,31.90130887323039
2332,163512.3842019605,5398313.417665713,-54.535996946330826,31.90130887323039
2333,163513.5042190238,5398314.220754892,-54.274905777805095,32.06658145534092
2334,163509.1751636326,5398322.711858198,-55.284067305540994,33.81401698920439
2335,163514.1152023594,5398326.300647215,-54.132477275361566,34.5525755987791
2336,163514.1152023594,5398326.300647215,-54.132477275361566,34.5525755987791
2337,163515.229671131,5398327.110274587,-53.872679488882596,34.71919371514019
2338,163485.43815897996,5398305.513676591,-60.81748504093633,30.274699120475418
2339,163480.8343639018,5398302.264684894,-61.89069211606319,29.60606945765599
2340,163480.8343639018,5398302.264684894,-61.89069211606319,29.60606945765599
2341,163479.7076216189,5398301.4695194615,-62.15335102449402,29.442427551284936
2342,163748.26121673975,5397806.923630755,0.450134456984145,-72.3331636605758
2343,163751.99977362048,5397801.753693311,1.3216427728551992,-73.39711637354783
2344,163751.99977362048,5397801.753693311,1.3216427728551992,-73.39711637354783
2345,163752.80772838293,5397800.636396466,1.5099879864727512,-73.62705165261389
2346,163760.72198252482,5397807.924778374,3.3549079699316593,-72.1271314336544
2347,163757.02729982507,5397812.980780092,2.4936273207262474,-71.08662624336799
2348,163757.02729982507,5397812.980780092,2.4936273207262474,-71.08662624336799
2349,163756.21410480124,5397814.093599136,2.3040605311060176,-70.85761247802655
2350,163733.35593483978,5397827.960556679,-3.024488917920806,-68.00384736841544
2351,163746.65604248864,5397809.167405341,0.07594656767646768,-71.87140371030036
2352,163746.65604248864,5397809.167405341,0.07594656767646768,-71.87140371030036
2353,163747.45326087583,5397808.0409279335,0.261788986600493,-72.10322831289457
2354,163755.41909673114,5397815.221967309,2.118733367075265,-70.62539876335737
2355,163742.1590962403,5397834.042075166,-0.9723525960059476,-66.752294876467
2356,163742.1590962403,5397834.042075166,-0.9723525960059476,-66.752294876467
2357,163741.36408472937,5397835.170444463,-1.1576805621407118,-66.52008093026953
2358,163740.55701942474,5397836.288508588,-1.3458184310763954,-66.28998774793749
2359,163736.41593355965,5397842.025339082,-2.311161712800896,-65.10937068390892
2360,163736.41593355965,5397842.025339082,-2.311161712800896,-65.10937068390892
2361,163735.60886705533,5397843.143403568,-2.4992998614003596,-64.87927742721183
2362,163727.61508728433,5397835.72487976,-4.3627583476321234,-66.4059803353178
2363,163731.73599029105,5397830.191711895,-3.4021199639380058,-67.54468443458988
2364,163731.73599029105,5397830.191711895,-3.4021199639380058,-67.54468443458988
2365,163732.55871300751,5397829.087035198,-3.2103321399393963,-67.77202253716784
2366,163767.7834881793,5398462.545535349,5.001040714937474,62.591235622303344
2367,163766.28851871804,5398490.128145023,4.652543056877633,68.26762778497624
2368,163758.98596012194,5398527.537702359,2.950217601718876,75.9663669754035
2369,163758.5406821589,5398554.37742455,2.8464172691197405,81.48987582732474
2370,163758.16923238873,5398577.735550329,2.7598272896273386,86.29688588449628
2371,163487.67998471844,5398307.117742001,-60.29488505485866,30.60480944827185
2372,163506.9456098819,5398321.093331296,-55.803806524821695,33.48093054341592
2373,163506.9456098819,5398321.093331296,-55.803806524821695,33.48093054341592
2374,163508.06069592404,5398321.902230498,-55.5438648442094,33.64739880537809
2375,163540.38435048694,5398128.111489205,-48.00878255187768,-6.233970582106366
2376,163636.67165291516,5397992.254189777,-25.562906387371,-34.19286638014144
2377,163636.67165291516,5397992.254189777,-25.562906387371,-34.19286638014144
2378,163637.4696039716,5397991.128301758,-25.376893173305646,-34.42456968892543
2379,163638.24228934108,5397989.984912875,-25.19676973355793,-34.65987460648991
2380,163643.32042975712,5397982.470478656,-24.012986326505683,-36.20631549855088
2381,163643.32042975712,5397982.470478656,-24.012986326505683,-36.20631549855088
2382,163644.09311367382,5397981.327090312,-23.832863225419715,-36.44162030514275
2383,163644.9108021166,5397980.218079378,-23.642248958900296,-36.66985037647797
2384,163741.6930105033,5397848.953230974,-1.0810035029341805,-63.6836378868096
2385,163741.6930105033,5397848.953230974,-1.0810035029341805,-63.6836378868096
2386,163742.51067548446,5397847.844226605,-0.8903947056357424,-63.911866607115776
2387,163743.3039834052,5397846.714398374,-0.7054638694790185,-64.14438079608288
2388,163752.49309671976,5397833.627258232,1.4366430783595092,-66.83766256354019
2389,163752.49309671976,5397833.627258232,1.4366430783595092,-66.83766256354019
2390,163753.28640219336,5397832.497430811,1.6215733440553066,-67.07017658576092
2391,163754.07932058585,5397831.367272683,1.806413375892049,-67.3027586659968
2392,163767.41029903071,5397812.366403226,4.914045262746697,-71.21306257661497
2393,163767.41029903071,5397812.366403226,4.914045262746697,-71.21306257661497
2394,163768.20321395967,5397811.236246247,5.09888448718749,-71.44564442053098
2395,163768.96190907885,5397810.0850455975,5.275746609837142,-71.68255696871825
2396,163793.39309844532,5397773.014440389,10.970988217423368,-79.31154114956672
2397,163793.39309844532,5397773.014440389,10.970988217423368,-79.31154114956672
2398,163794.15178726372,5397771.863242247,11.147848871276778,-79.5484531817985
2399,163794.91048027735,5397770.712046634,11.324710503095162,-79.78536469347489
2400,163807.77115908364,5397751.197948832,14.322709165407701,-83.80128897098832
2401,164169.7888387804,5398187.944672271,98.71394043801897,6.07946224525098
2402,164163.97739957843,5398196.003649414,97.35921513805454,7.737967920888551
2403,164146.99957260725,5398222.9979948625,93.40145339660702,13.293297628770901
2404,164146.99957260725,5398222.9979948625,93.40145339660702,13.293297628770901
2405,164146.26646859324,5398224.163610433,93.2305569076697,13.533176710866442
2406,164130.46514936347,5398234.115770513,89.54705507801177,15.581291959834331
2407,164116.03718207526,5398254.124047935,86.18370021304216,19.69891645179831
2408,164116.03718207526,5398254.124047935,86.18370021304216,19.69891645179831
2409,164115.23059455992,5398255.242597595,85.99567372327036,19.929109555270912
2410,164108.2621901689,5398248.220536032,84.37124414553102,18.483997011761375
2411,164122.48843328672,5398228.297447887,87.68757437034864,14.383904136702412
2412,164122.48843328672,5398228.297447887,87.68757437034864,14.383904136702412
2413,164123.29012569334,5398227.174718812,87.87445974388359,14.152850926064659
2414,163832.3441197104,5398452.585063103,20.050999576648465,60.541409762255114
2415,163839.8373062854,5398450.045546886,21.797762999219003,60.01878735190377
2416,163856.20127143207,5398451.858401162,25.61242522341533,60.391865603969535
2417,163870.19413142494,5398450.813705433,28.874350676372643,60.17687134796924
2418,163880.16835780005,5398446.404476239,31.199478127309305,59.2694693894511
2419,163882.28478068704,5398443.7996732,31.692845007833398,58.73341120878612
2420,163882.28478068704,5398443.7996732,31.692845007833398,58.73341120878612
2421,163883.15172015323,5398442.732680709,31.894940355915367,58.51382836718432
2422,163883.49050499493,5398441.396022234,31.973915697539212,58.23874933074487
2423,163883.75915116476,5398440.336092185,32.03654076344151,58.02061991175299
2424,163883.75915116476,5398440.336092185,32.03654076344151,58.02061991175299
2425,163884.097935825,5398438.999434027,32.11551606276399,57.745540940478804
2426,163834.5395711625,5398426.745807505,20.56278908757838,55.22379298500422
2427,163894.96164624224,5398423.630143383,34.647994308212475,54.58260161057484
2428,163894.96164624224,5398423.630143383,34.647994308212475,54.58260161057484
2429,163896.33194786325,5398423.559479175,34.96743020180858,54.56805919569467
2430,163894.97535086898,5398423.802129905,34.651189042583326,54.61799575775578
2431,163865.65079692221,5398429.04728075,27.815237781417864,55.69742709160553
2432,163865.65079692221,5398429.04728075,27.815237781417864,55.69742709160553
2433,163864.29419841288,5398429.289927076,27.498996269012025,55.7473627472946
2434,163653.24922395474,5398392.780375303,-21.698449732349488,48.23384114814985
2435,163704.80676395266,5398417.383504445,-9.679687871173485,53.29706798163215
2436,163718.2538222023,5398423.040804407,-6.544996207405845,54.46131797629107
2437,163718.2538222023,5398423.040804407,-6.544996207405845,54.46131797629107
2438,163719.5232006357,5398423.574842299,-6.249086877684093,54.57122086599452
2439,163756.0508257901,5398434.96527623,2.265997979014031,56.91532719452755
2440,163720.83306709252,5398423.983301566,-5.94373924055914,54.655280170294475
2441,163720.83306709252,5398423.983301566,-5.94373924055914,54.655280170294475
2442,163719.5232006357,5398423.574842299,-6.249086877684093,54.57122086599452
2443,163631.41330435648,5398381.769467932,-26.788698756680958,45.96783988716771
2444,163627.91891035464,5398380.068973261,-27.60328939384013,45.61788479812449
2445,163627.91891035464,5398380.068973261,-27.60328939384013,45.61788479812449
2446,163626.68274531365,5398379.467411609,-27.89145623130642,45.49408578546138
2447,163625.44724672392,5398378.864652435,-28.179467709944277,45.37004032739483
2448,163583.9581713524,5398358.62337771,-37.85113390563517,41.20446591027837
2449,163583.9581713524,5398358.62337771,-37.85113390563517,41.20446591027837
2450,163582.72267839935,5398358.020614265,-38.13914407028545,41.08041957343923
2451,163581.48649839213,5398357.419085699,-38.42731439658464,40.95662736958673
2452,163578.3706193956,5398355.902889566,-39.15366805211221,40.644600191904914
2453,163578.3706193956,5398355.902889566,-39.15366805211221,40.644600191904914
2454,163577.13443996152,5398355.3013605615,-39.44183824480431,40.520807897971025
2455,163777.3727724164,5398434.726759239,7.236432932437538,56.86624133954385
2456,163758.73309300872,5398435.329363941,2.8912708479288654,56.99025500789173
2457,163758.73309300872,5398435.329363941,2.8912708479288654,56.99025500789173
2458,163757.36069555642,5398435.373730872,2.571346387631351,56.999385547031466
2459,163622.20905013257,5398243.957670058,-28.93433525584939,17.60671602604964
2460,163636.0001866931,5398282.112255885,-25.719434270996032,25.458779138252964
2461,163643.91500248856,5398302.575650035,-23.874383358470226,29.670064855905082
2462,163644.0138626854,5398302.810221658,-23.851337705724447,29.71833876966204
2463,163644.0138626854,5398302.810221658,-23.851337705724447,29.71833876966204
2464,163644.5495235861,5398304.081216858,-23.726467884470182,29.9799045633103
2465,163645.10622038276,5398305.3414233,-23.596694310549324,30.239250073293846
2466,163645.54016744753,5398306.323758414,-23.495535364020498,30.441410761049184
2467,163645.54016744753,5398306.323758414,-23.495535364020498,30.441410761049184
2468,163646.09686450817,5398307.583965103,-23.365761728564266,30.70075632182332
2469,163509.3091781641,5398163.185987752,-55.2528267005751,0.9842227294274863
2470,163620.61410970305,5398241.864469846,-29.306137502542896,17.175943687220723
2471,163620.61410970305,5398241.864469846,-29.306137502542896,17.175943687220723
2472,163621.74015992242,5398242.660434509,-29.043639923508735,17.33975007203179
2473,163622.85019497504,5398243.475263883,-28.784875697065402,17.50743874003416
2474,163649.6590882136,5398263.154467147,-22.535359067506732,21.557341069542105
2475,163656.40504935564,5398269.883402301,-20.962784028159604,22.942129355482848
2476,163658.4755918844,5398275.168231515,-20.480112481425465,24.02972634094705
2477,163659.3884117089,5398281.83572384,-20.267321799533164,25.401869935145257
2478,163657.05070240225,5398287.642898491,-20.812273545843055,26.59696354904125
2479,163645.3828175668,5398302.9854855295,-23.532215755393196,29.75440738238558
2480,163645.3828175668,5398302.9854855295,-23.532215755393196,29.75440738238558
2481,163644.5495235861,5398304.081216858,-23.726467884470182,29.9799045633103
2482,163643.67463434793,5398305.1413856745,-23.930416432223268,30.198083119777806
2483,163637.24696499004,5398312.930267616,-25.428793339615382,31.80100426946069
2484,163627.77450893814,5398319.590215348,-27.636951322579023,33.17159521621829
2485,163627.77450893814,5398319.590215348,-27.636951322579023,33.17159521621829
2486,163626.64934946646,5398320.381297824,-27.899241256242362,33.33439686629353
2487,164121.8747311107,5398272.788948401,87.5445120693235,23.540079270468837
2488,164123.55729247135,5398273.954564074,87.93673994348649,23.77995837364726
2489,164123.89125094368,5398274.18500725,88.01459019294768,23.827382669353184
2490,164132.90497554495,5398280.424419404,90.11581165288015,25.111429054727964
2491,163588.3398870462,5397943.113914411,-36.82969654711658,-44.305741023250356
2492,163545.7467615562,5397912.403283336,-46.758731799928995,-50.625867639331034
2493,163545.7467615562,5397912.403283336,-46.758731799928995,-50.625867639331034
2494,163544.62914864972,5397911.59745455,-47.019262526887275,-50.79170402181836
2495,163543.5116706724,5397910.791466998,-47.27976180003258,-50.95757307758852
2496,163524.36214890258,5397896.979730462,-51.743775054273755,-53.799973921953466
2497,163524.36214890258,5397896.979730462,-51.743775054273755,-53.799973921953466
2498,163523.24467446818,5397896.173741785,-52.00427350151503,-53.965843209251936
2499,163585.94045101135,5397873.140570044,-37.38903763098297,-58.705979008555644
2500,163592.47362817,5397865.131871783,-35.866065424204606,-60.35413748869857
2501,163592.47362817,5397865.131871783,-35.866065424204606,-60.35413748869857
2502,163593.342557821,5397864.066693072,-35.66350613705259,-60.57334706162338
2503,163594.12818743396,5397862.930580304,-35.48036521857925,-60.80715458344855
2504,163595.2015933172,5397861.378308879,-35.23013974832526,-61.12660591362317
2505,163607.91427916588,5397843.081954918,-32.26664025169812,-64.89192331684507
2506,163610.93103736636,5397837.04462691,-31.563392998128947,-66.13438158279926
2507,163612.4004546449,5397829.455726554,-31.220851900431782,-67.69614731187426
2508,163612.7455450664,5397820.161636416,-31.140406642633707,-69.60883436509685
2509,163612.65648947362,5397811.620299002,-31.161166709192884,-71.36660787989652
2510,163613.85873997427,5397805.844147231,-30.88090581107147,-72.55531710753385
2511,163616.7085189386,5397799.7300330615,-30.216583682229512,-73.8135776625105
2512,163620.58243721814,5397794.307216589,-29.31352078835735,-74.92957188081897
2513,163646.4753507768,5397757.853068196,-23.277531445843806,-82.43169168317351
2514,163647.5774137356,5397755.5026792325,-23.020625622598075,-82.9153924515389
2515,163647.96703195348,5397753.490255169,-22.929800331520426,-83.32954137795114
2516,163647.6108095829,5397751.44710752,-23.012840597635005,-83.75001309680832
2517,163646.65346196212,5397749.880182563,-23.236011312779752,-84.07248006597591
2518,163645.76290603576,5397748.574411969,-23.443611978045823,-84.34120249859564
2519,163644.1599053684,5397747.268641557,-23.81729317550034,-84.6099248936495
2520,163607.86385011053,5397720.591228691,-32.27839594848214,-90.10003112729231
2521,163554.04254465798,5397851.925301145,-44.82487224114566,-63.071997580742284
2522,163557.69805686886,5397846.538442187,-43.9727227641727,-64.18059188458211
2523,163539.618701084,5397834.197660055,-48.18726581239764,-66.72027612053262
2524,163831.59883778822,5398431.837149717,19.877264252141956,56.27157110932242
2525,163780.1152263339,5398434.6086397385,7.875736137190074,56.84193281271254
2526,163780.1152263339,5398434.6086397385,7.875736137190074,56.84193281271254
2527,163778.7451697379,5398434.682389328,7.556357362245535,56.85711018708406
2528,163833.9462086993,5398438.474111134,20.424468249484292,57.637431563365425
2529,163843.61103702328,5398439.322060225,22.677470818262975,57.81193613809805
2530,163881.78455233728,5398442.614757152,31.576234994783647,58.48956016480321
2531,163881.78455233728,5398442.614757152,31.576234994783647,58.48956016480321
2532,163883.15172015323,5398442.732680709,31.894940355915367,58.51382836718432
2533,163884.5265428494,5398442.784994189,32.215430173454195,58.5245942747284
2534,163898.09079581778,5398443.301117579,35.37744151570095,58.63081043066481
2535,163925.3752030113,5398442.410054394,41.737806897668975,58.44743314541557
2536,163943.29764102912,5398440.704744053,45.91577028608097,58.09648701055622
2537,163961.84346819526,5398437.21730857,50.23905414014936,57.37878655800125
2538,163983.99604686338,5398429.19774826,55.403120688588785,55.72839271092914
2539,163997.59928863827,5398422.207524155,58.574220850448086,54.289832190716425
2540,164013.551371669,5398411.806694988,62.29286776695412,52.149382615156924
2541,164033.70019950264,5398394.093049764,66.98983281851093,48.50398436919582
2542,164044.89894027644,5398380.0051184865,69.60041118417487,45.60474373766721
2543,164115.7614515919,5398279.18590114,86.11942369757247,24.85654688617977
2544,164115.7614515919,5398279.18590114,86.11942369757247,24.85654688617977
2545,164116.55529650048,5398278.05645341,86.30447971287333,24.624111002847158
2546,164117.34095828707,5398276.920278349,86.48762813145271,24.390290661483434
2547,164119.9552484061,5398273.139653548,87.09705461646246,23.61225300494057
2548,164119.9552484061,5398273.139653548,87.09705461646246,23.61225300494057
2549,164120.74090935424,5398272.003478778,87.28020283958728,23.378432723375525
2550,164121.5600743931,5398270.895678215,87.47116132068726,23.15045174161972
2551,164148.1969015694,5398234.873161239,93.68056701735358,15.737159980616639
2552,164148.1969015694,5398234.873161239,93.68056701735358,15.737159980616639
2553,164149.0160600158,5398233.765362504,93.87152396165635,15.509179375094334
2554,164149.83554938776,5398232.657846891,94.06255804919786,15.28125703497463
2555,164157.07559114933,5398222.873135715,95.75030998229673,13.26760210917179
2556,164175.30571881117,5398196.516839149,100.0,7.84358034222285
2557,163652.6454863793,5398315.206643047,-21.839189149826225,32.26947334495799
2558,163648.91324762526,5398322.2709414875,-22.70922462467182,33.72327807110901
2559,163644.83232940666,5398333.4523001835,-23.66054201192823,36.024357541834604
2560,163644.83232940666,5398333.4523001835,-23.66054201192823,36.024357541834604
2561,163644.36028045174,5398334.745671953,-23.770583025837183,36.29052834521974
2562,163644.03679464592,5398336.087283208,-23.845991954693574,36.566626644221515
2563,163642.20068233035,5398343.70229299,-24.274014639096563,38.13376558994227
2564,163643.53651621987,5398359.0038474435,-23.96261364120423,41.28276507924332
2565,163646.4530868787,5398367.806861614,-23.282721462463257,43.09439063735016
2566,163650.1822898203,5398373.706268471,-22.41339367667173,44.30846527504826
2567,163657.38092539198,5398377.31532118,-20.73529408804245,45.051194072501545
2568,163657.38092539198,5398377.31532118,-20.73529408804245,45.051194072501545
2569,163658.60917527328,5398377.931106424,-20.448972381654556,45.17792024431054
2570,163659.83820969498,5398378.545481919,-20.162467788257715,45.304356295430296
2571,163714.6362749898,5398405.937990037,-7.388295528324235,50.94162630838389
2572,163732.1641466502,5398412.031997636,-3.302310909429508,52.19574901048043
2573,163732.1641466502,5398412.031997636,-3.302310909429508,52.19574901048043
2574,163733.46040088293,5398412.482671711,-3.0001364663635997,52.28849595559538
2575,163734.47006403594,5398413.415771115,-2.764770291087572,52.480524128648625
2576,163738.44751407055,5398417.091605244,-1.837572740881697,53.236996278709256
2577,163745.9838435973,5398419.442162232,-0.08075211109668601,53.72073162567449
2578,163771.54279868357,5398422.391881647,5.877386981942067,54.32777223450631
2579,163777.38525673206,5398422.130576782,7.239343195747239,54.273996725105405
2580,163777.38525673206,5398422.130576782,7.239343195747239,54.273996725105405
2581,163778.75630168692,5398422.06925604,7.558952370548468,54.26137715859275
2582,163831.3306807225,5398419.718552103,19.8147532030398,53.77761156996698
2583,163780.12734842577,5398422.007957661,7.878561961219049,54.248762194088584
2584,163780.12734842577,5398422.007957661,7.878561961219049,54.248762194088584
2585,163778.75630168692,5398422.06925604,7.558952370548468,54.26137715859275
2586,164085.8530942919,5398191.685066353,79.1473799564954,6.849220578595492
2587,164098.38824549958,5398174.113411505,82.06949372035933,3.2330433915059587
2588,164098.38824549958,5398174.113411505,82.06949372035933,3.2330433915059587
2589,164099.18945593658,5398172.990280624,82.25626674023908,3.00190749076215
2590,164084.23954811093,5398193.921825048,78.77124045678423,7.309536686319817
2591,164080.8325731355,5398198.592445473,77.97702838036821,8.270731928253298
2592,164080.8325731355,5398198.592445473,77.97702838036821,8.270731928253298
2593,164080.02023962187,5398199.706072562,77.78766242046001,8.499911986120395
2594,164098.03188620458,5398170.46000574,81.98642153530699,2.481186910300977
2595,164101.4490896613,5398165.565522883,82.78301800944294,1.4739216639721775
2596,164101.4490896613,5398165.565522883,82.78301800944294,1.4739216639721775
2597,164102.2396099843,5398164.433254888,82.96729901875776,1.240905381331217
2598,164101.04823791512,5398205.744765106,82.68957403055771,9.74265106812399
2599,164096.80747373076,5398226.343999863,81.70099438065023,13.981892246312896
2600,164096.80747373076,5398226.343999863,81.70099438065023,13.981892246312896
2601,164096.5289201066,5398227.697054037,81.63605975276411,14.260345452917079
2602,163834.06284498397,5398419.471335897,20.451657749411197,53.726735450880994
2603,163836.7396043205,5398419.105726781,21.075646656303192,53.65149453840945
2604,163836.7396043205,5398419.105726781,21.075646656303192,53.65149453840945
2605,163838.10072222902,5398418.919816184,21.392941701959643,53.61323487151205
2606,163839.46184021773,5398418.733907027,21.71023676630739,53.5749755011166
2607,163854.2977081396,5398416.707527363,25.168678801442354,53.15795456721196
2608,163883.39662303304,5398412.897475636,31.95203053887849,52.37386096552663
2609,163890.71984962907,5398409.212734348,33.65917398514489,51.615555757533826
2610,163890.71984962907,5398409.212734348,33.65917398514489,51.615555757533826
2611,163891.94595992597,5398408.595806216,33.94499692539077,51.48859438381916
2612,163893.30750160269,5398408.415236907,34.26239075715907,51.45143393303283
2613,163895.65289896942,5398408.10418698,34.8091346945493,51.38742108621227
2614,163907.69766787335,5398407.151674788,37.61693369223366,51.19139783811471
2615,163929.24912129084,5398406.644692532,42.64086979154115,51.0870628914825
2616,163947.75042066086,5398403.356990085,46.95377361239099,50.410466709220145
2617,163961.9547876861,5398398.655884882,50.26500422331438,49.44299782055887
2618,163985.55451973435,5398386.9953107145,55.7664218527637,47.043297697847265
2619,164005.3025974012,5398371.509353503,60.36996660496709,43.85634884900011
2620,164021.0988331448,5398359.556916151,64.05228340504885,41.396584435529775
2621,164033.60112273792,5398342.389289762,66.9667366808529,37.863554709922454
2622,164033.60112273792,5398342.389289762,66.9667366808529,37.863554709922454
2623,164034.41264424377,5398341.274940293,67.1559133507333,37.634225989222244
2624,164035.2111116211,5398340.14943111,67.34204692619639,37.40260064338017
2625,164070.84751358046,5398289.9166080775,75.64937556825737,27.064884004407432
2626,164078.9070447139,5398268.976992943,77.5281615888774,22.75559388857475
2627,164089.4732149844,5398251.080854177,79.99127919050997,19.07263919216848
2628,164089.4732149844,5398251.080854177,79.99127919050997,19.07263919216848
2629,164090.17257718227,5398249.8963284055,80.15431000445395,18.828868465509757
2630,164090.86804243957,5398248.709619275,80.31643238869876,18.58464841216572
2631,164101.57754352284,5398230.4354046695,82.81296234682026,14.823887200898128
2632,164101.57754352284,5398230.4354046695,82.81296234682026,14.823887200898128
2633,164102.27300583155,5398229.24869709,82.97508404370726,14.579667466672191
2634,164103.07658585676,5398228.127581273,83.16240944673851,14.348946258240034
2635,164112.66816910804,5398214.745853862,85.39833759562785,11.595039593894612
2636,164112.66816910804,5398214.745853862,85.39833759562785,11.595039593894612
2637,164113.47174660547,5398213.624738828,85.58566240939834,11.36431854665065
2638,164114.5590102487,5398212.785558805,85.83911831145801,11.191618611283417
2639,164116.04689467224,5398211.637168295,86.18596435113182,10.955284378649722
2640,164116.04689467224,5398211.637168295,86.18596435113182,10.955284378649722
2641,164117.1341578525,5398210.797988134,86.43942014527047,10.782584415108104
2642,164118.20714843564,5398209.940687202,86.68954880343688,10.606155268195366
2643,164119.4607352101,5398208.93909277,86.98177688327067,10.400031088885541
2644,164139.01956974255,5398189.459120821,91.54120649409344,6.391129777243563
2645,164150.49660924342,5398179.227543148,94.21666006767003,4.285511490892759
2646,164157.7462833062,5398169.232892708,95.90665742082311,2.2286518935401176
2647,163778.58498051844,5398441.623684804,7.519015082503543,58.28560138870702
2648,163772.9454242675,5398443.255028101,6.204358029713092,58.62132539791574
2649,163765.09740016665,5398444.852796781,4.374877167113439,58.95013988360853
2650,163749.45701171007,5398445.467323265,0.7288904834288132,59.07660700762918
2651,163732.9260673272,5398444.222907171,-3.1246968655015337,58.82051108890471
2652,163722.21713231283,5398442.532959654,-5.6210948652867785,58.47272656262987
2653,163705.07393073055,5398438.492450023,-9.617407671597732,57.64120563428773
2654,163691.1701263305,5398433.1921644015,-12.858573057989076,56.550427781223476
2655,163639.73510226005,5398407.59492193,-24.848774794756523,51.282616349663726
2656,163639.73510226005,5398407.59492193,-24.848774794756523,51.282616349663726
2657,163638.504875236,5398406.982680697,-25.135557399938577,51.15661952135676
2658,163831.20932706614,5398438.429300461,19.78646401979624,57.628209703748524
2659,163781.27284153752,5398441.167343308,8.145591942173752,58.191688110720406
2660,163781.27284153752,5398441.167343308,8.145591942173752,58.191688110720406
2661,163779.90289244216,5398441.242454484,7.826238227087373,58.20714569414619
2662,163781.37379818122,5398408.88292587,8.169126305119832,51.54768247493965
2663,163734.82814307619,5398412.379916364,-2.6812972100911026,52.267349311042665
2664,163734.82814307619,5398412.379916364,-2.6812972100911026,52.267349311042665
2665,163733.46040088293,5398412.482671711,-3.0001364663635997,52.28849595559538
2666,163417.22934025346,5398621.863345422,-76.71788581915706,95.37821187871671
2667,163421.25375700314,5398617.905067991,-75.7797396906459,94.56361401255705
2668,163424.6826886479,5398613.098004408,-74.98040921680268,93.57433930751034
2669,163424.6826886479,5398613.098004408,-74.98040921680268,93.57433930751034
2670,163425.4838976533,5398611.97477859,-74.79363653065238,93.34318386907375
2671,163426.2856171659,5398610.851989489,-74.60674483834167,93.11211830540398
2672,163448.8273813793,5398579.282698175,-69.3519538606806,86.6152828023545
2673,163448.8273813793,5398579.282698175,-69.3519538606806,86.6152828023545
2674,163449.62909520633,5398578.159910854,-69.16506349375541,86.38421760495177
2675,163450.430905604,5398577.037206329,-68.97815061490371,86.15316944672941
2676,163460.29319495757,5398563.227893268,-66.67911720191884,83.31126734386106
2677,163460.29319495757,5398563.227893268,-66.67911720191884,83.31126734386106
2678,163461.09500275808,5398562.105189556,-66.49220492850213,83.08021935296006
2679,163461.8967022989,5398560.98239351,-66.30531789189008,82.84915235987131
2680,163557.34183449837,5398427.308082758,-44.05576303026692,55.33950701201118
2681,163565.84631840803,5398408.925914896,-42.07325248250573,51.55652944671468
2682,163565.84631840803,5398408.925914896,-42.07325248250573,51.55652944671468
2683,163566.42550494708,5398407.674020171,-41.938236244603125,51.29889445543009
2684,163567.0083364421,5398406.424168294,-41.8023703180298,51.04167987413314
2685,163567.28982706915,5398405.8205261845,-41.73675103493396,50.917452711383646
2686,163567.28982706915,5398405.8205261845,-41.73675103493396,50.917452711383646
2687,163567.87265832743,5398404.570674496,-41.60088516354574,50.66023816880249
2688,163460.8520140078,5398584.05964527,-66.548848901909,87.59835965303742
2689,163463.98930951877,5398579.680885893,-65.81750276638738,86.6972282625722
2690,163468.39756135418,5398577.391741736,-64.78987947334336,86.22613143351683
2691,163472.76128539335,5398577.391741736,-63.772636213545006,86.22613143351683
2692,163474.63845936005,5398578.411194173,-63.33504150133283,86.43593071977094
2693,163474.63845936005,5398578.411194173,-63.33504150133283,86.43593071977094
2694,163475.8448352882,5398579.066350496,-63.053818910103956,86.57075930434135
2695,163568.9776103177,5398405.39152886,-41.343305867875934,50.82916675581339
2696,163571.71029104554,5398407.421600717,-40.70628092619112,51.24694752845011
2697,163571.71029104554,5398407.421600717,-40.70628092619112,51.24694752845011
2698,163572.81524371868,5398408.242454885,-40.44870147133665,51.415876075020236
2699,163573.86559042477,5398409.127629825,-40.20385140803461,51.59804158268372
2700,163579.71310733526,5398414.05559458,-38.84071590488103,52.612197271567396
2701,163579.71310733526,5398414.05559458,-38.84071590488103,52.612197271567396
2702,163580.76345536133,5398414.940769311,-38.595865533874886,52.79436273610682
2703,163581.83452486532,5398415.801536286,-38.34618470531459,52.971505180919706
2704,163586.99494329255,5398419.948713228,-37.14322117789646,53.824977820682136
2705,163586.99494329255,5398419.948713228,-37.14322117789646,53.824977820682136
2706,163588.06601395732,5398420.809479967,-36.89354007874325,54.00212021681273
2707,163805.20846435457,5398117.537524828,13.72531026559858,-8.410050700234947
2708,163812.57250968096,5398124.084440943,15.44196911154856,-7.062721213841243
2709,163812.57250968096,5398124.084440943,15.44196911154856,-7.062721213841243
2710,163813.59930230543,5398124.997297779,15.68132839895489,-6.874858881377548
2711,163783.31285043215,5398102.406793139,8.621145684657833,-11.523895539034214
2712,163803.04262948953,5398115.848641941,13.220424782804429,-8.757616129813044
2713,163803.04262948953,5398115.848641941,13.220424782804429,-8.757616129813044
2714,163804.1816733842,5398116.624667818,13.485951363789155,-8.597913068539526
2715,163694.440333157,5398239.480252451,-12.096243492106751,16.6852811613643
2716,163703.68243709576,5398246.255336501,-9.941783711038667,18.07956670773885
2717,163697.54413888894,5398254.374760652,-11.372704278303985,19.75051213902337
2718,163697.54413888894,5398254.374760652,-11.372704278303985,19.75051213902337
2719,163696.71383697202,5398255.473040301,-11.566258916729439,19.976533754378906
2720,163898.25355226654,5397936.737470124,35.41538225141218,-45.617988080450466
2721,163782.96842965536,5398100.502010375,8.540856530124003,-11.915892310883095
2722,163782.96842965536,5398100.502010375,8.540856530124003,-11.915892310883095
2723,163782.17381005437,5398101.630765936,8.355619923511796,-11.683598873235155
2724,163781.37923757292,5398102.759562009,8.170394301103002,-11.451297098459762
2725,163703.78262463742,5398212.994864957,-9.918428636210479,11.234692991043232
2726,163702.43565879887,5398224.7166710785,-10.232424642405746,13.646994407930578
2727,163694.083173437,5398237.511889246,-12.17950226708578,16.280199785741644
2728,163694.083173437,5398237.511889246,-12.17950226708578,16.280199785741644
2729,163693.32972445185,5398238.666100596,-12.355141444736475,16.517731924195317
2730,163743.12792625994,5398096.403642016,-0.7465051779460623,-12.759320336969779
2731,163699.0070184823,5398157.458593443,-11.031687203692357,-0.1944524050808525
2732,163663.6129356629,5398210.801055037,-19.282527967591463,10.783215571631956
2733,163663.6129356629,5398210.801055037,-19.282527967591463,10.783215571631956
2734,163662.85044787262,5398211.950196193,-19.46027421331739,11.019704284055905
2735,163659.879733958,5398216.332348261,-20.152787919345897,11.921533877082084
2736,163654.6892141859,5398223.944771704,-21.362768478523464,13.488140564516769
2737,163654.6892141859,5398223.944771704,-21.362768478523464,13.488140564516769
2738,163653.9114927618,5398225.085378197,-21.544065890907333,13.72287287711211
2739,163544.5358837978,5397912.972231242,-47.041003828844744,-50.50878040679883
2740,163543.37123840372,5397930.139740873,-47.312498466577644,-46.975774709536864
2741,163538.73213716206,5397947.91688274,-48.39393588728503,-43.31730910521122
2742,163538.73213716206,5397947.91688274,-48.39393588728503,-43.31730910521122
2743,163538.3841252162,5397949.250470869,-48.47506219203919,-43.04286193387191
2744,163537.88047213395,5397950.533519811,-48.59247055668059,-42.77881552769838
2745,163534.1900969715,5397959.9346905425,-49.45274706052152,-40.84409171109235
2746,163534.1900969715,5397959.9346905425,-49.45274706052152,-40.84409171109235
2747,163533.68644270467,5397961.217740697,-49.57015570130554,-40.58004505537423
2748,163532.67307076775,5397962.150683565,-49.806386444415416,-40.388049096763744
2749,163526.37311819746,5397967.950618244,-51.274990836364545,-39.1944454405684
2750,163526.37311819746,5397967.950618244,-51.274990836364545,-39.1944454405684
2751,163525.3597447933,5397968.883560949,-51.511221921508096,-39.002449515498874
2752,163524.03524080952,5397969.241184756,-51.81998176470185,-38.928851948041945
2753,163509.9976550638,5397973.031402211,-55.09233339727332,-38.14884016133575
2754,163482.55529713677,5397955.312021256,-61.48951923755121,-41.795418797846814
2755,163482.55529713677,5397955.312021256,-61.48951923755121,-41.795418797846814
2756,163481.39967787894,5397954.565841694,-61.75890976050068,-41.94897960547534
2757,163538.57777096832,5397950.615664193,-48.42992074075424,-42.761910538140455
2758,163540.1385700733,5397961.619217032,-48.066077299880064,-40.49742281088088
2759,163540.1385700733,5397961.619217032,-48.066077299880064,-40.49742281088088
2760,163540.3322163051,5397962.984412134,-48.020935736773026,-40.2164710492657
2761,163540.773590424,5397964.289429618,-47.91804544318985,-39.94790360376689
2762,163544.86291958037,5397976.380401326,-46.96476735226103,-37.45962936665326
2763,163545.38536941094,5397987.0184796555,-46.842977210637514,-35.27035485030787
2764,163545.38536941094,5397987.0184796555,-46.842977210637514,-35.27035485030787
2765,163545.45291288156,5397988.393793444,-46.827231911527,-34.98732070294464
2766,163546.56038118343,5397989.211589081,-46.56906602949543,-34.81902158985244
2767,163553.22873856654,5397994.135747035,-45.014581478912454,-33.8056493256892
2768,163553.22873856654,5397994.135747035,-45.014581478912454,-33.8056493256892
2769,163554.33620824694,5397994.953542269,-44.756415275526365,-33.637350295586856
2770,163535.0141363002,5397961.570686976,-49.260652316352896,-40.50741010462517
2771,163539.0045222907,5397962.631466562,-48.33043921937495,-40.289105854351234
2772,163539.0045222907,5397962.631466562,-48.33043921937495,-40.289105854351234
2773,163540.3322163051,5397962.984412134,-48.020935736773026,-40.2164710492657
2774,163541.61007201238,5397962.469241323,-47.723050239534494,-40.322491167996766
2775,163550.23965098563,5397958.990198932,-45.71137833575575,-41.038464355341084
2776,163561.72782243564,5397955.733380204,-43.03332975384912,-41.70870479013181
2777,163575.62049488656,5397952.645548416,-39.79475937578785,-42.344168379941
2778,163584.87114457166,5397946.162641246,-37.63830746534257,-43.67832507825743
2779,163588.22440042612,5397944.52277588,-36.85661804463113,-44.015802895634295
2780,163588.22440042612,5397944.52277588,-36.85661804463113,-44.015802895634295
2781,163589.45750759236,5397943.919740771,-36.56916403924125,-44.139905140043865
2782,163525.01065079792,5397970.2168010445,-51.59260046667869,-38.72807396805569
2783,163522.9663757413,5397978.024176564,-52.06914870938693,-37.12134691307448
2784,163524.68069589944,5397986.765378768,-51.66951742877416,-35.322442013678796
2785,163527.08519690053,5397993.448025734,-51.10899563257881,-33.947179653983255
2786,163532.5732477967,5397997.22717995,-49.82965653288814,-33.16944463809965
2787,163538.7514795358,5397997.734139778,-48.389426917621684,-33.065114307275635
2788,163543.03727993136,5397992.941066141,-47.39034871604564,-34.051509936508324
2789,163544.80759727166,5397989.60855861,-46.9776637327702,-34.73732682822087
2790,163544.80759727166,5397989.60855861,-46.9776637327702,-34.73732682822087
2791,163545.45291288156,5397988.393793444,-46.827231911527,-34.98732070294464
2792,163524.20434414377,5397969.636157721,-51.78056148389775,-38.8475680713463
2793,163514.2277957138,5397976.134603186,-54.106230237313724,-37.510213653503776
2794,163509.4187937117,5397984.368844476,-55.227273829690844,-35.81563930841057
2795,163501.19228334207,5397993.448025734,-57.144984975044856,-33.947179653983255
2796,163488.33488215532,5398015.0629651835,-60.14221957978655,-29.498910460557653
2797,163483.7039913383,5398028.612654459,-61.22174303915388,-26.710437907829046
2798,163489.19204223447,5398038.0452163,-59.942403939463205,-24.769253924866717
2799,163497.93062226177,5398045.588200196,-57.90532241157712,-23.216937622054957
2800,163509.4187937116,5398053.991490921,-55.227273829711194,-21.48757357065925
2801,163526.74010647912,5398053.1311902385,-51.18944089035652,-21.664620054270642
2802,163528.63253782262,5398060.50519867,-50.748289476672895,-20.147078234966656
2803,163538.91845877204,5398071.827385546,-48.35050179287411,-17.817016880822337
2804,163545.329485006,5398075.776921592,-46.85600462340582,-17.004217957051623
2805,163545.329485006,5398075.776921592,-46.85600462340582,-17.004217957051623
2806,163546.49931609505,5398076.497599638,-46.58330112983664,-16.855905260666376
2807,163348.8222373661,5398151.820386984,-92.6645093246468,-1.3547730321616314
2808,163366.28419244915,5398190.380885128,-88.59389075397614,6.580825232038023
2809,163370.27175366523,5398201.222347034,-87.66433615022848,8.811955285494093
2810,163370.27175366523,5398201.222347034,-87.66433615022848,8.811955285494093
2811,163370.74810403,5398202.517457104,-87.55329241934281,9.078483824268261
2812,163371.22408150547,5398203.812673395,-87.442335614012,9.345034222726497
2813,163375.79357192377,5398216.247030046,-86.37712542037706,11.903975725269405
2814,163375.79357192377,5398216.247030046,-86.37712542037706,11.903975725269405
2815,163376.26955077326,5398217.542248004,-86.26616829474332,12.170526466995213
2816,163402.19485332092,5398080.925124472,-80.22262863959432,-15.944738131649515
2817,163399.6577757891,5398088.756922834,-80.81405582327368,-14.33298495220076
2818,163389.60562577043,5398108.421034061,-83.15734833241908,-10.286188504061329
2819,163385.83189503252,5398131.726132484,-84.03705615146984,-5.490091267388323
2820,163390.29580661329,5398158.472530682,-82.99645781685686,0.014211875155339726
2821,163392.68917566544,5398215.760165191,-82.43853102894411,11.803780860552266
2822,163392.3889257616,5398221.925395318,-82.50852335389317,13.072560877669588
2823,163392.3889257616,5398221.925395318,-82.50852335389317,13.072560877669588
2824,163392.32182134586,5398223.3032939285,-82.52416630335483,13.356126971100693
2825,163392.25507184715,5398224.681234466,-82.53972651684496,13.63970169298625
2826,163392.12140413857,5398227.440597444,-82.57088627268274,14.207567698670061
2827,163392.12140413857,5398227.440597444,-82.57088627268274,14.207567698670061
2828,163392.05465456788,5398228.8185385885,-82.58644650295093,14.49114254551958
2829,163371.51799003134,5398203.661170528,-87.37382155027782,9.313855531042094
2830,163376.13596738438,5398210.521458219,-86.29730839451425,10.725675650332562
2831,163381.0006291321,5398214.930575033,-85.16328976051389,11.633054481510769
2832,163389.3718548397,5398220.706982124,-83.21184350706568,12.821816253041533
2833,163391.29056837386,5398222.395672196,-82.7645653582661,13.169342002155474
2834,163391.29056837386,5398222.395672196,-82.7645653582661,13.169342002155474
2835,163392.32182134586,5398223.3032939285,-82.52416630335483,13.356126971100693
2836,163393.4696812977,5398224.063496272,-82.25658457987481,13.512573611796611
2837,163400.34795663197,5398228.618822151,-80.65316530770468,14.450041691227852
2838,163401.49778011348,5398229.980201246,-80.38512585882498,14.730208133730386
2839,163401.49778011348,5398229.980201246,-80.38512585882498,14.730208133730386
2840,163402.38510331354,5398231.030782496,-80.17827878590649,14.946413606703544
2841,163323.65988151394,5398250.206715931,-98.53019575704084,18.892744992754402
2842,163341.12598752975,5398253.921392851,-94.45860954764109,19.657210835593446
2843,163371.2156458912,5398260.7117727185,-87.44430207011068,21.05464420101002
2844,163376.98880789863,5398261.382970513,-86.09849970335758,21.192774056909997
2845,163376.98880789863,5398261.382970513,-86.09849970335758,21.192774056909997
2846,163378.35122525113,5398261.541366979,-85.7809017396859,21.225371424133186
2847,163317.35478187716,5398204.205942882,-100.0,9.425967530485991
2848,163318.27209606982,5398204.821871304,-99.7861616199321,9.552723167722405
2849,163366.46230363438,5398239.664683911,-88.55237062093242,16.723236427565595
2850,163380.72233040503,5398251.663054948,-85.22816496842651,19.192453812097227
2851,163381.95076619368,5398254.400846534,-84.94179992451319,19.755880510632593
2852,163381.95076619368,5398254.400846534,-84.94179992451319,19.755880510632593
2853,163382.5145742068,5398255.657394469,-84.81036862958463,20.014473114125295
2854,163589.43512784157,5397875.534725039,-36.57438106269327,-58.21327136361767
2855,163593.48727315912,5397878.645430094,-35.629771028924466,-57.57310054585586
2856,163600.86775539862,5397882.9314909745,-33.909280515590865,-56.691046139819214
2857,163609.27237695357,5397888.584792946,-31.950049237172777,-55.52761891570213
2858,163616.64172724407,5397891.841588041,-30.23215373213533,-54.85738334453922
2859,163616.93100552238,5397891.970828077,-30.16471904191033,-54.8307862554245
2860,163616.93100552238,5397891.970828077,-30.16471904191033,-54.8307862554245
2861,163618.1890681662,5397892.532889035,-29.87144757622262,-54.715116329577434
2862,163594.71555542658,5397864.030943456,-35.34344177288331,-60.58070419146189
2863,163599.83248413433,5397863.8977088975,-34.15061628893757,-60.608123337558915
2864,163605.15355579424,5397860.978891866,-32.91020231400125,-61.20880435781078
2865,163609.61746737506,5397857.030809237,-31.869603979374702,-62.02130417422055
2866,163614.76042784972,5397852.05346233,-30.670710137488882,-63.04562251481915
2867,163620.07036756058,5397848.627697344,-29.43289117086229,-63.750631422581364
2868,163625.90350887814,5397847.936399629,-28.07310681340067,-63.892897762699455
2869,163630.02233003755,5397849.825946838,-27.112953736551844,-63.50403640798665
2870,163631.1497571524,5397850.310795714,-26.8501351845092,-63.4042564236021
2871,163631.1497571524,5397850.310795714,-26.8501351845092,-63.4042564236021
2872,163632.41569908953,5397850.855212551,-26.555026948679796,-63.292217588254246
2873,163748.25206739633,5398076.758788633,0.4480016209391664,-16.80215359676481
2874,163781.06330297102,5398100.816526946,8.09674566029885,-11.851166042540072
2875,163781.06330297102,5398100.816526946,8.09674566029885,-11.851166042540072
2876,163782.17381005437,5398101.630765936,8.355619923511796,-11.683598873235155
2877,163404.83557739996,5398269.748809894,-79.60704003997577,22.914430769473242
2878,163414.21692245704,5398254.916305262,-77.42012126566927,19.86195988144486
2879,163414.21692245704,5398254.916305262,-77.42012126566927,19.86195988144486
2880,163414.95307382406,5398253.752401557,-77.24851439741427,19.62243309458968
2881,163494.03394879223,5398139.295063251,-58.81368984887313,-3.932435201088353
2882,163488.72499316328,5398146.893927819,-60.0512794126589,-2.368618876558955
2883,163488.72499316328,5398146.893927819,-60.0512794126589,-2.368618876558955
2884,163487.93413198847,5398148.025909893,-60.235639879153574,-2.1356614352664565
2885,163487.14332534096,5398149.157938818,-60.41998763459343,-1.9026943521997879
2886,163422.99079527703,5398240.990701325,-75.37481250912299,16.996125575714245
2887,163422.99079527703,5398240.990701325,-75.37481250912299,16.996125575714245
2888,163422.19997267483,5398242.12273561,-75.55916398381765,17.229093761798637
2889,163779.1516420707,5398420.750963053,7.651111576107056,53.99007766695681
2890,163782.34620012454,5398410.098454909,8.395806387035648,51.79783355182798
2891,163782.34620012454,5398410.098454909,8.395806387035648,51.79783355182798
2892,163782.74153945735,5398408.780163434,8.487965347599243,51.52653437145193
2893,163782.91401385542,5398407.41462213,8.528171469103185,51.24551136274911
2894,163783.6266005029,5398401.772817039,8.694285081620052,50.08445015135183
2895,163783.6266005029,5398401.772817039,8.694285081620052,50.08445015135183
2896,163783.79907461992,5398400.407276736,8.7344911376061,49.80342734868623
2897,163531.03236646962,5397882.246616186,-50.188856869587575,-56.83199066718044
2898,163516.76894576586,5397872.235534727,-53.513853693936234,-58.89223170330677
2899,163543.40181222305,5397864.671978423,-47.30537129461215,-60.44878172628547
2900,163527.73799719548,5397853.975389551,-50.956819029734405,-62.65009748132355
2901,163554.41425218867,5397853.829525589,-44.738222174180166,-62.680115708842344
2902,163583.92480352477,5397873.443591628,-37.85891239882996,-58.64361836289925
2903,163583.92480352477,5397873.443591628,-37.85891239882996,-58.64361836289925
2904,163585.07151965494,5397874.205749054,-37.59159731569298,-58.486769373915514
2905,163795.2818070095,5397772.654420728,11.41127180075749,-79.3856317743852
2906,163800.59149178612,5397776.371971048,12.649031338753588,-78.62057459693338
2907,163800.59149178612,5397776.371971048,12.649031338753588,-78.62057459693338
2908,163801.72151263768,5397777.163149145,12.91245452600451,-78.45775326848505
2909,163802.85187166385,5397777.953929044,13.17595654634296,-78.2950138876422
2910,163813.41515694416,5397785.343813463,15.638401617633235,-76.77420485275314
2911,163813.41515694416,5397785.343813463,15.638401617633235,-76.77420485275314
2912,163814.5455179772,5397786.134592662,15.901904105803482,-76.6114656160405
2913,163815.67551265628,5397786.925803575,16.165321191891408,-76.44863753417202
2914,163832.26191004724,5397798.539408856,20.031835389132468,-74.05860342287487
2915,163832.26191004724,5397798.539408856,20.031835389132468,-74.05860342287487
2916,163833.3919077684,5397799.330618709,20.29525318437679,-73.8957755591183
2917,163834.5212156834,5397800.122641299,20.558510176443633,-73.73278043743204
2918,163844.9134750656,5397807.411081664,22.981086791219354,-72.23284818820024
2919,163846.01553802448,5397809.48496588,23.23799261448545,-71.80605100512275
2920,163846.33836454782,5397816.305743912,23.313247855650516,-70.40236181759167
2921,163845.30309328335,5397823.12652697,23.071912082263097,-68.99867159565801
2922,163813.265343833,5397866.401747405,15.60347814946654,-60.09280209983505
2923,163810.86084283178,5397868.813613355,15.042956353244037,-59.59644961031292
2924,163807.99993191846,5397870.119400912,14.376039216105951,-59.327723686943926
2925,163805.13902100507,5397869.719983524,13.709122078954266,-59.40992220837152
2926,163800.71963722052,5397867.584636997,12.678903777580189,-59.84936809219625
2927,163792.75367280358,5397861.690173524,10.821929427645543,-61.06242540101509
2928,163792.75367280358,5397861.690173524,10.821929427645543,-61.06242540101509
2929,163791.64709872083,5397860.871356519,10.563972000219323,-61.23093470769719
2930,163790.54045131698,5397860.052626057,10.305997480648927,-61.39942620414068
2931,163773.48433904484,5397847.43398443,6.329986373745072,-63.996292827055555
2932,163773.48433904484,5397847.43398443,6.329986373745072,-63.996292827055555
2933,163772.3776948644,5397846.615253031,6.072012605598488,-64.16478451611987
2934,163771.270529592,5397845.7971356325,5.813917363844354,-64.3331498465005
2935,163761.23971417418,5397838.385058096,3.475598239520906,-65.85852613744551
2936,163761.23971417418,5397838.385058096,3.475598239520906,-65.85852613744551
2937,163760.13255087705,5397837.566940119,3.217503458230624,-66.02689158684856
2938,163759.02649165702,5397836.747521763,2.959666052285243,-66.19552464905415
2939,163758.0660042426,5397836.035949375,2.735763408657192,-66.34196343694347
2940,163758.0660042426,5397836.035949375,2.735763408657192,-66.34196343694347
2941,163756.95994538956,5397835.216530911,2.4779260882643115,-66.5105965213819
2942,163755.8535055456,5397834.397561412,2.219999953715984,-66.67913721049985
2943,163754.3928415816,5397833.3164004395,1.8794993723652027,-66.90163586981024
2944,163754.3928415816,5397833.3164004395,1.8794993723652027,-66.90163586981024
2945,163753.28640219336,5397832.497430811,1.6215733440553066,-67.07017658576092
2946,163832.6171325732,5397800.472807958,20.11464257790874,-73.66071752164783
2947,163792.42188407737,5397859.729163542,10.744584975433668,-61.4659935123927
2948,163792.42188407737,5397859.729163542,10.744584975433668,-61.4659935123927
2949,163791.64709872083,5397860.871356519,10.563972000219323,-61.23093470769719
2950,163813.75571319563,5397787.267403094,15.717789898898872,-76.37833770187137
2951,163773.16750981816,5397845.482439165,6.256129183773226,-64.39791313694866
2952,163773.16750981816,5397845.482439165,6.256129183773226,-64.39791313694866
2953,163772.3776948644,5397846.615253031,6.072012605598488,-64.16478451611987
2954,163403.79790021727,5398493.846819433,-79.84893666553523,69.03291629562597
2955,163419.79642938578,5398504.906822382,-76.11946252434765,71.30902123261916
2956,163419.79642938578,5398504.906822382,-76.11946252434765,71.30902123261916
2957,163420.93093047987,5398505.691117034,-75.85499493179739,71.4704259754167
2958,163454.98903560836,5398318.558913181,-67.91558868784412,32.95935730226137
2959,163518.87546618775,5398364.51337381,-53.02279521233629,42.41660385141773
2960,163518.87546618775,5398364.51337381,-53.02279521233629,42.41660385141773
2961,163519.99414533714,5398365.318050476,-52.76201592969008,42.58220313204893
2962,163438.4148749826,5398341.816910486,-71.77925032914507,37.745761314893656
2963,163502.61037699622,5398387.851384613,-56.81440811030707,47.21947432595499
2964,163502.61037699622,5398387.851384613,-56.81440811030707,47.21947432595499
2965,163503.7303677321,5398388.654521949,-56.553323079065024,47.38475681855053
2966,163421.80377528892,5398364.72578998,-75.6515229681967,42.460318260525554
2967,163486.31543512028,5398411.231370138,-60.61298007391376,52.030983032629194
2968,163486.31543512028,5398411.231370138,-60.61298007391376,52.030983032629194
2969,163487.43319427987,5398412.03714159,-60.35241525336914,52.1968076159892
2970,163406.1237451947,5398386.346705347,-79.30675065528597,46.90981727426211
2971,163470.09129897243,5398434.3784906585,-64.39504626194795,56.79456904076858
2972,163470.09129897243,5398434.3784906585,-64.39504626194795,56.79456904076858
2973,163471.19168057313,5398435.204736264,-64.13853238607715,56.96460712409254
2974,163424.94899568765,5398435.382168161,-74.91832943385123,57.00112190777813
2975,163453.7707432435,5398457.534343171,-68.19958916209137,61.55995205838053
2976,163453.7707432435,5398457.534343171,-68.19958916209137,61.55995205838053
2977,163454.86111127367,5398458.3723889375,-67.94540958533076,61.73241856817023
2978,163374.1091648816,5398430.483835311,-86.76978354793485,55.99306434799678
2979,163438.54244997306,5398478.76378083,-71.74951086854114,65.92888650558285
2980,163438.54244997306,5398478.76378083,-71.74951086854114,65.92888650558285
2981,163439.64373688216,5398479.588970545,-71.4927859530018,66.09870729057934
2982,163414.33213116843,5398232.631241113,-77.39326455244053,15.275781670836565
2983,163414.85288628246,5398228.695636165,-77.27186947222887,14.46584971210929
2984,163419.1498186271,5398222.565879852,-76.27019626233633,13.204370065703543
2985,163440.72353594287,5398192.11687483,-71.24107014636871,6.938085058248092
2986,163467.82983195112,5398154.140254159,-64.92222489745117,-0.8773535273837894
2987,163471.99146656998,5398147.8252523355,-63.952091422517256,-2.176955968356353
2988,163471.99146656998,5398147.8252523355,-63.952091422517256,-2.176955968356353
2989,163472.75015344424,5398146.673995124,-63.775231221868296,-2.4138801567827386
2990,163475.12902169063,5398580.2417074405,-63.22068476845594,86.81264312261118
2991,163467.1619150064,5398593.323582288,-65.07792539638716,89.5048413132348
2992,163457.54391100185,5398608.886727841,-67.32001258121602,92.70767521787548
2993,163449.30626868308,5398619.180234343,-69.24031873490011,94.82603821274901
2994,163446.55667726055,5398622.083927056,-69.88128578887996,95.42360670803481
2995,163437.17244418664,5398632.008724893,-72.0688777990826,97.46609091556707
2996,163434.40338385338,5398637.761234707,-72.71438332021529,98.64993472180873
2997,163479.76300059533,5398572.48828294,-62.14044143397094,85.21701897440462
2998,163479.2626247322,5398573.369078028,-62.25708583438939,85.39828312568122
2999,163479.2626247322,5398573.369078028,-62.25708583438939,85.39828312568122
3000,163478.58329476177,5398574.564879934,-62.415446864413475,85.64437443644536
3001,163477.86806917397,5398575.740565672,-62.58217564971177,85.88632591905557
3002,163476.56006139392,5398577.890664505,-62.887090004075525,86.32880776940726
3003,163476.56006139392,5398577.890664505,-62.887090004075525,86.32880776940726
3004,163475.8448352882,5398579.066350496,-63.053818910103956,86.57075930434135
3005,163516.29534307253,5398517.111088607,-53.62425690534053,73.82061103412286
3006,163505.71185466816,5398535.250081645,-56.09141159886971,77.55354418062319
3007,163499.36664369304,5398543.838176901,-57.57056633883625,79.3209402747712
3008,163488.4128057989,5398557.158190137,-60.12405452157102,82.06214640535222
3009,163481.11785759838,5398570.094548806,-61.824605890298464,84.72439794098761
3010,163481.11785759838,5398570.094548806,-61.824605890298464,84.72439794098761
3011,163480.44233025808,5398571.292481207,-61.98208047566578,84.97092769928972
3012,163522.89617765366,5398504.351148955,-52.085512835728174,71.19466583539531
3013,163522.557900269,5398505.095314198,-52.16436988223407,71.34781210423384
3014,163522.557900269,5398505.095314198,-52.16436988223407,71.34781210423384
3015,163521.9867642222,5398506.351737352,-52.29750944119861,71.60637902840031
3016,163521.3498862306,5398507.5713185165,-52.44597433917619,71.85736401659707
3017,163517.62539823935,5398514.703473711,-53.31420300608732,73.32513339482938
3018,163517.62539823935,5398514.703473711,-53.31420300608732,73.32513339482938
3019,163516.98851908572,5398515.923055639,-53.46266817494953,73.57611853999774
3020,163583.56335625536,5398423.7318491405,-37.943170659729766,54.60353225397199
3021,163562.2732879405,5398447.971519125,-42.90617434638111,59.59196062788385
3022,163537.15961081747,5398484.075031684,-48.76051310677326,67.0219209600572
3023,163524.2730952221,5398501.975432483,-51.764534675050726,70.70575276581809
3024,163524.2730952221,5398501.975432483,-51.764534675050726,70.70575276581809
3025,163523.46731344977,5398503.0947260065,-51.95237333519851,70.93609895358625
3026,163643.92511775493,5398406.7006322555,-23.872025352683494,51.09857506575315
3027,163639.87512172238,5398406.911378674,-24.816134358969407,51.14194584659927
3028,163639.87512172238,5398406.911378674,-24.816134358969407,51.14194584659927
3029,163638.504875236,5398406.982680697,-25.135557399938577,51.15661952135676
3030,163666.2960238277,5398339.992823598,-18.657063724993876,37.37037143568648
3031,163662.98403126156,5398360.770594814,-19.42913411353291,41.64635471217116
3032,163658.94978647295,5398376.595049487,-20.369571291216687,44.90296500211036
3033,163658.94978647295,5398376.595049487,-20.369571291216687,44.90296500211036
3034,163658.60917527328,5398377.931106424,-20.448972381654556,45.17792024431054
3035,164084.66017694073,5398245.907576237,78.86929474210368,18.007999018552454
3036,164082.50474914027,5398244.344761054,78.36683528721571,17.6863778246026
3037,164082.50474914027,5398244.344761054,78.36683528721571,17.6863778246026
3038,164081.3894693587,5398243.536115636,78.10684844331541,17.51996179048237
3039,164080.27255629457,5398242.729394453,77.84648085910075,17.35394175621265
3040,164080.12414509844,5398242.622200369,77.8118841963445,17.331881637027593
3041,164080.12414509844,5398242.622200369,77.8118841963445,17.331881637027593
3042,164079.0072322557,5398241.815479116,77.5515166637395,17.16586158838321
3043,164089.05621986202,5398249.088951207,79.89407197167327,18.66271342589394
3044,164086.89181404162,5398247.523598857,79.38951961856756,18.340570093055135
3045,164086.89181404162,5398247.523598857,79.38951961856756,18.340570093055135
3046,164085.77545729588,5398246.716221476,79.12928171971285,18.174415015873493
3047,163507.04984722013,5398161.603664607,-55.77950738748186,0.6585868738665965
3048,163505.30894534846,5398160.39572162,-56.185335226051045,0.4099969766588032
3049,163505.30894534846,5398160.39572162,-56.185335226051045,0.4099969766588032
3050,163504.1756456953,5398159.609369537,-56.44952274642521,0.24816882282208041
3051,163503.0533509501,5398158.808998383,-56.71114487349343,0.08345559950136305
3052,163501.31270217302,5398157.567643978,-57.11691371228019,-0.17201023562597584
3053,163501.31270217302,5398157.567643978,-57.11691371228019,-0.17201023562597584
3054,163500.19040792488,5398156.767272659,-57.378535723475984,-0.33672349287094505
3055,163499.0691430529,5398155.965689019,-57.63991777312407,-0.501686240844947
3056,163497.71911522924,5398155.000564231,-57.95462756958392,-0.7003051116226402
3057,163497.02893438636,5398154.5089584645,-58.115518085152914,-0.8014756372146792
3058,163496.9035522521,5398154.419351594,-58.144746361236486,-0.8199163774381191
3059,163496.9035522521,5398154.419351594,-58.144746361236486,-0.8199163774381191
3060,163495.7821560894,5398153.617923083,-58.40615901653357,-0.984847200571366
3061,163647.72123122492,5398309.664517356,-22.98709981520392,31.128925760546622
3062,163649.04772841957,5398310.7114484515,-22.677875327521974,31.34438004624164
3063,163649.04772841957,5398310.7114484515,-22.677875327521974,31.34438004624164
3064,163650.12663007487,5398311.562965818,-22.42636871826103,31.519618958051296
3065,163651.21742887486,5398312.400469433,-22.172088723208077,31.691973895153183
3066,163652.19730443775,5398313.152807204,-21.943666439204563,31.846802037962135
3067,163652.19730443775,5398313.152807204,-21.943666439204563,31.846802037962135
3068,163653.28810361348,5398313.990310723,-21.689386356563745,32.01915695532281
3069,163470.75496130553,5398313.642031108,-64.24033757068611,31.947482385730126
3070,163468.76748960244,5398316.351136634,-64.70364418124666,32.505005606265314
3071,163468.76748960244,5398316.351136634,-64.70364418124666,32.505005606265314
3072,163467.952283391,5398317.4623368215,-64.8936798059764,32.733686217317796
3073,163476.24090036657,5398306.173837166,-62.96149076841068,30.410557560219985
3074,163475.170471937,5398307.626792216,-63.21102215383097,30.70956997249624
3075,163475.170471937,5398307.626792216,-63.21102215383097,30.70956997249624
3076,163474.35315411165,5398308.736185212,-63.40155002440021,30.9378786706923
3077,163473.5381046707,5398309.847517902,-63.591549103802556,31.166586550336547
3078,163472.38521675687,5398311.419498288,-63.86030291342132,31.490093906916456
3079,163472.38521675687,5398311.419498288,-63.86030291342132,31.490093906916456
3080,163471.57016684185,5398312.530831114,-64.05030210333635,31.71880181454344
3081,163478.89012802334,5398302.578760936,-62.3439198694871,29.670705066949154
3082,163477.8757117739,5398303.955202703,-62.58039405600993,29.953971347892974
3083,163477.8757117739,5398303.955202703,-62.58039405600993,29.953971347892974
3084,163477.0582177379,5398305.064444301,-62.77096300367281,30.182248888856662
3085,163455.2217496798,5398308.404633156,-67.86133988143453,30.869646566749367
3086,163457.32798738757,5398309.835884514,-67.37034730432916,31.16419244506784
3087,163457.32798738757,5398309.835884514,-67.37034730432916,31.16419244506784
3088,163458.46786277535,5398310.61046356,-67.10462689102758,31.323597754226057
3089,163459.6076215314,5398311.385252466,-66.83893366615922,31.483046252038946
3090,163462.57125134522,5398313.399877414,-66.14807136011699,31.897648111649914
3091,163462.57125134522,5398313.399877414,-66.14807136011699,31.897648111649914
3092,163463.71101079177,5398314.174666058,-65.88237797428643,32.05709655541398
3093,163462.27893413467,5398315.996788583,-66.21621446666705,32.43208217641643
3094,163462.86103822288,5398315.256140475,-66.08051810848254,32.279659720274935
3095,163462.86103822288,5398315.256140475,-66.08051810848254,32.279659720274935
3096,163463.71101079177,5398314.174666058,-65.88237797428643,32.05709655541398
3097,163464.7976930206,5398315.017020457,-65.62905760780474,32.230449764775216
3098,163466.86560058667,5398316.619982561,-65.14700030661476,32.56033303651424
3099,163466.86560058667,5398316.619982561,-65.14700030661476,32.56033303651424
3100,163467.952283391,5398317.4623368215,-64.8936798059764,32.733686217317796
3101,163518.1765690421,5398353.802505403,-53.185717616304295,40.212349424450196
3102,163504.75757309678,5398344.095012568,-56.31386757631515,38.214585728465266
3103,163504.75757309678,5398344.095012568,-56.31386757631515,38.214585728465266
3104,163503.64131213952,5398343.287492169,-56.57408314557671,38.04840121882219
3105,163502.52516741332,5398342.479835031,-56.83427161980044,37.882188568714554
3106,163469.06842206095,5398318.26999586,-64.63349274354556,32.89989925841692
3107,163469.06842206095,5398318.26999586,-64.63349274354556,32.89989925841692
3108,163467.952283391,5398317.4623368215,-64.8936798059764,32.733686217317796
3109,163528.1474738941,5398360.996308648,-50.86136445745492,41.69280572802549
3110,163525.67782885992,5398359.223661638,-51.43707221132676,41.32800197252115
3111,163525.67782885992,5398359.223661638,-51.43707221132676,41.32800197252115
3112,163524.55824445953,5398358.4200527305,-51.698062520255704,41.162622432381056
3113,163523.44208736782,5398357.612406994,-51.95825387704965,40.996412128797544
3114,163520.40898891,5398355.417670967,-52.66531026623126,40.544744120187744
3115,163520.40898891,5398355.417670967,-52.66531026623126,40.544744120187744
3116,163519.29283254512,5398354.610024999,-52.92550145358915,40.37853376888023
3117,163518.49962029204,5398355.740036829,-53.11040998831519,40.611085741810996
3118,163518.01550258262,5398356.429711819,-53.22326439258927,40.75301813147405
3119,163518.01550258262,5398356.429711819,-53.22326439258927,40.75301813147405
3120,163517.22229001627,5398357.55972375,-53.40817300034364,40.985570125104346
3121,163527.99384459315,5398363.48268397,-50.89717753121652,42.20449195191861
3122,163528.43633517405,5398362.897858389,-50.79402697519977,42.08413715650886
3123,163528.43633517405,5398362.897858389,-50.79402697519977,42.08413715650886
3124,163529.26705892023,5398361.799917353,-50.600374002652494,41.85818522657482
3125,163499.1088442478,5398141.271551648,-57.63066288612024,-3.525681692933958
3126,163495.9397672412,5398138.972089184,-58.369417719334905,-3.998901988679478
3127,163495.9397672412,5398138.972089184,-58.369417719334905,-3.998901988679478
3128,163494.82480846855,5398138.16308168,-58.629329731698675,-4.165392538691435
3129,163493.71144541234,5398137.352194773,-58.88886976091982,-4.33226986249575
3130,163404.09957566654,5398072.085225838,-79.77861202661146,-17.763954366686463
3131,163404.09957566654,5398072.085225838,-79.77861202661146,-17.763954366686463
3132,163402.98622856376,5398071.274334033,-80.03814833686953,-17.930832698443908
3133,163401.87386442212,5398070.462284603,-80.29745550555776,-18.097949264782898
3134,163401.02617441444,5398069.843452772,-80.49506354377677,-18.225302412189777
3135,163401.02617441444,5398069.843452772,-80.49506354377677,-18.225302412189777
3136,163399.91381061787,5398069.031403238,-80.75437063202122,-18.39241899999496
3137,163755.74955493936,5397842.096458287,2.19576765749774,-65.09473463231018
3138,163755.20109743497,5397842.144863034,2.0679147743583997,-65.08477312656476
3139,163752.85225617932,5397843.097317081,1.520368019752354,-64.88876184434093
3140,163747.9158117836,5397849.7778797485,0.36961587689496866,-63.51392842514795
3141,163747.9158117836,5397849.7778797485,0.36961587689496866,-63.51392842514795
3142,163747.0970385052,5397850.885936903,0.17874872047234192,-63.28589463787941
3143,163746.31704541537,5397852.025209272,-0.0030782480033906268,-63.05143688259425
3144,163741.64238345635,5397859.089342383,-1.0928053542484548,-61.597666180755084
3145,163730.58835802056,5397871.594172966,-3.669648611811411,-59.02422142132416
3146,163649.59229651905,5397984.752904417,-22.55092911741933,-35.736601288908176
3147,163647.15439967066,5397988.0865453705,-23.11923593857776,-35.05055114334769
3148,163646.40855908228,5397990.237282107,-23.293101495749625,-34.60793801510236
3149,163646.8315731474,5397991.927147032,-23.194491179722448,-34.26017048584211
3150,163648.2230667823,5397993.6630995115,-22.870115140261177,-33.90291831980751
3151,163648.80757239167,5397994.21979117,-22.733858954920095,-33.78835337451312
3152,163648.80757239167,5397994.21979117,-22.733858954920095,-33.78835337451312
3153,163649.80380355145,5397995.168616081,-22.501623959446448,-33.59308895431961
3154,163757.89545190617,5397840.836421292,2.6960053457903967,-65.35404527064193
3155,163759.35289220104,5397838.706397891,3.0357544461496104,-65.79239567634951
3156,163759.35289220104,5397838.706397891,3.0357544461496104,-65.79239567634951
3157,163760.13255087705,5397837.566940119,3.217503458230624,-66.02689158684856
3158,163760.8444578898,5397836.548118059,3.3834586386705325,-66.2365611440338
3159,163760.9234571651,5397836.435060862,3.401874441232593,-66.25982786860013
3160,163760.9234571651,5397836.435060862,3.401874441232593,-66.25982786860013
3161,163761.63536400293,5397835.41623886,3.5678295808976515,-66.46949741390229
3162,163761.84555781173,5397834.0552150775,3.616828608639949,-66.74959073447451
3163,163762.42573238755,5397832.282360778,3.752075171315198,-67.1144371492617
3164,163763.20496882306,5397830.392817153,3.9337257534094476,-67.50329776664883
3165,163772.01579295046,5397815.989554702,5.98764836089299,-70.46743230854185
3166,163772.01579295046,5397815.989554702,5.98764836089299,-70.46743230854185
3167,163772.73391723502,5397814.815618553,6.155052871719846,-70.70902373281345
3168,163773.496904311,5397813.666822308,6.332915507714247,-70.94544146417732
3169,163793.14991184653,5397784.076075744,10.91429812284565,-77.03510026978677
3170,163794.70838471773,5397782.831748577,11.277599287074864,-77.2911778876166
3171,163796.6898716538,5397782.3862487655,11.739510767270176,-77.3828599897581
3172,163796.9333263616,5397782.418912232,11.796263361698365,-77.37613797734085
3173,163796.9333263616,5397782.418912232,11.796263361698365,-77.37613797734085
3174,163798.29287232118,5397782.601317637,12.113191964731456,-77.33859966526046
3175,163799.0272623284,5397781.436501588,12.28438823612666,-77.57831420892563
3176,163800.98712331307,5397778.327964887,12.74125841373295,-78.2180387880685
3177,163800.98712331307,5397778.327964887,12.74125841373295,-78.2180387880685
3178,163801.72151263768,5397777.163149145,12.91245452600451,-78.45775326848505
3179,163802.49554104084,5397776.020545926,13.092891045119856,-78.69289649955726
3180,163804.62102815017,5397772.882948845,13.588370918810952,-79.33860159027078
3181,163804.62102815017,5397772.882948845,13.588370918810952,-79.33860159027078
3182,163805.39505583394,5397771.740345892,13.768807270227086,-79.57374476652754
3183,163805.15015295427,5397770.379486651,13.711717087297927,-79.8538042249344
3184,163805.1501529541,5397768.45286898,13.711717087257199,-80.25029453445518
3185,163805.3171321903,5397766.501890245,13.750642211997999,-80.65179825489435
3186,163805.88486159328,5397764.489463787,13.882987636085446,-81.06594767407091
3187,163812.23420296676,5397754.518018495,15.363105227931271,-83.11803174338603
3188,163746.02455725655,5398075.137973275,-0.07126120491494703,-17.135710997777664
3189,163646.31950348968,5398003.141713018,-23.313861562268087,-31.952257085977294
3190,163645.52913510505,5398002.511853471,-23.498107152685634,-32.08187969362368
3191,163644.5049957898,5398002.035618236,-23.736847917729406,-32.17988702462392
3192,163642.67935614072,5398001.313584212,-24.16242928152758,-32.32847877587179
3193,163640.70900115368,5398001.15995996,-24.621745753419972,-32.36009404044319
3194,163639.03920879183,5398001.4672084665,-25.0109970007735,-32.29686351091708
3195,163637.33602058273,5398002.465766191,-25.40803327307657,-32.091364274049226
3196,163575.51773048032,5398089.521442662,-39.81871515270179,-14.175649790181126
3197,163575.51773048032,5398089.521442662,-39.81871515270179,-14.175649790181126
3198,163574.7188070112,5398090.64651921,-40.00495504935008,-13.944113478857489
3199,163573.9360951234,5398091.784305065,-40.18741580650887,-13.709961642427146
3200,163547.79062218827,5398129.790439806,-46.282280165203545,-5.888449177600222
3201,163547.91307362806,5398132.893693345,-46.253735073749134,-5.249811852336251
3202,163549.02626853608,5398137.594663551,-45.99423424215296,-4.282370745347279
3203,163550.2285190366,5398140.144864077,-45.71397334405869,-3.7575495464732
3204,163550.7509384638,5398140.785081451,-45.59219028987419,-3.6257953387464568
3205,163550.7509384638,5398140.785081451,-45.59219028987419,-3.6257953387464568
3206,163551.62001267145,5398141.850119034,-45.38959730460419,-3.4066148093998834
