run_id,seed,demand_factor,encounter_id,agent_1_id,agent_1_mode,agent_2_id,agent_2_mode,start_time_s,end_time_s,duration_s,start_x,start_y,end_x,end_y,minimum_distance_m
11,21092026,3,1,7462,car,7486,pedestrian,66.4,68,1.6,-11.438788,2.617157,-11.543058,2.618694,2.665
11,21092026,3,2,7471,pedestrian,7484,bike,101.6,103.2,1.6,-5.711106,8.209644,-5.64375,8.250169,2.182
11,21092026,3,3,7471,pedestrian,7480,bike,102.6,106.8,4.2,-5.608724,8.27374,-5.986838,8.009803,1.949
11,21092026,3,4,7478,pedestrian,7484,bike,109.8,113.4,3.6,-4.594855,8.770491,-4.605687,8.776444,0.254
11,21092026,3,5,7484,bike,7488,pedestrian,114.8,118.2,3.4,-4.329948,8.624895,-4.356212,8.63933,0.148
11,21092026,3,6,7505,pedestrian,7509,car,121.4,121.8,0.4,-11.211369,-2.621552,-11.188439,-2.612836,3.939
11,21092026,3,7,7480,bike,7486,pedestrian,129.4,131.2,1.8,-8.900167,5.503909,-8.964299,5.456542,2.564
11,21092026,3,8,7486,pedestrian,7506,bike,130.6,133.6,3,-8.982682,5.443393,-8.680649,5.656332,2.552
11,21092026,3,9,7485,pedestrian,7507,car,133.4,134,0.6,-3.711351,1.327059,-3.654795,1.366365,4.746
11,21092026,3,11,7517,pedestrian,7519,car,135,135.4,0.4,-11.211553,-2.620875,-11.190224,-2.61272,3.91
11,21092026,3,10,7483,pedestrian,7519,car,135,135.8,0.8,-11.241406,-2.514421,-11.175797,-2.493446,1.355
11,21092026,3,12,7519,car,7520,pedestrian,135.2,136,0.8,-11.219718,-2.506834,-11.160278,-2.46562,1.969
11,21092026,3,13,7469,pedestrian,7519,car,138.4,138.6,0.2,-10.473315,-2.157877,-10.473315,-2.157877,4.98
11,21092026,3,14,7471,pedestrian,7506,bike,140,141.6,1.6,-7.453516,6.508544,-7.376984,6.56152,2.631
11,21092026,3,15,7484,bike,7504,pedestrian,140.8,143.8,3,-2.89473,8.41395,-2.887587,8.372351,1.82
11,21092026,3,16,7497,pedestrian,7519,car,144,144.6,0.6,-9.355747,-1.380387,-9.304137,-1.344547,4.893
11,21092026,3,17,7478,pedestrian,7506,bike,147.6,149,1.4,-6.520355,7.552585,-6.478991,7.620402,2.535
11,21092026,3,18,7488,pedestrian,7506,bike,148.4,149.8,1.4,-6.404499,7.68861,-6.357509,7.742819,2.299
11,21092026,3,20,7496,car,7497,pedestrian,150.8,151,0.2,-8.954853,-1.101477,-8.954853,-1.101477,4.931
11,21092026,3,19,7488,pedestrian,7499,bike,149.4,152.6,3.2,-6.33215,7.762081,-6.575951,7.451543,2.446
11,21092026,3,22,7471,pedestrian,7518,bike,151.8,153.6,1.8,-8.097599,6.061335,-8.02331,6.112768,2.577
11,21092026,3,21,7478,pedestrian,7499,bike,151.2,154.2,3,-6.55362,7.494926,-6.664876,7.157413,2.397
11,21092026,3,23,7469,pedestrian,7496,car,154.4,154.6,0.2,-9.768764,-1.667732,-9.768764,-1.667732,4.924
11,21092026,3,25,7496,car,7505,pedestrian,154.8,155,0.2,-9.858015,-1.729822,-9.858015,-1.729822,4.931
11,21092026,3,26,7496,car,7517,pedestrian,156.8,157,0.2,-10.297222,-2.035358,-10.297222,-2.035358,4.977
11,21092026,3,27,7496,car,7520,pedestrian,157.2,157.4,0.2,-10.386138,-2.097215,-10.386138,-2.097215,4.984
11,21092026,3,24,7486,pedestrian,7518,bike,154.6,158,3.4,-7.69371,6.341778,-7.372997,6.564293,2.595
11,21092026,3,28,7496,car,7527,pedestrian,158.2,158.4,0.2,-10.615601,-2.256865,-10.615601,-2.256865,4.992
11,21092026,3,29,7486,pedestrian,7499,bike,158.2,159.6,1.4,-7.362747,6.571421,-7.424573,6.528628,2.6
11,21092026,3,30,7485,pedestrian,7521,car,159.8,161.2,1.4,-2.143996,2.419127,-1.989521,2.524866,4.29
11,21092026,3,31,7478,pedestrian,7518,bike,159.8,161.4,1.6,-6.932735,6.867867,-6.86876,6.913296,2.627
11,21092026,3,33,7487,pedestrian,7528,car,160.8,161.6,0.8,-4.065724,1.078975,-4.001728,1.123424,4.867
11,21092026,3,32,7488,pedestrian,7518,bike,160.2,161.8,1.6,-6.865323,6.91562,-6.806687,6.954777,2.544
11,21092026,3,34,7512,pedestrian,7534,bike,161.4,162.4,1,-2.791073,8.274566,-2.813401,8.253394,3.121
11,21092026,3,36,7504,pedestrian,7506,bike,165.4,169.2,3.8,-4.28222,8.598663,-4.27204,8.593068,0.039
11,21092026,3,37,7471,pedestrian,7499,bike,167,170.2,3.2,-8.756926,5.603366,-9.071836,5.382848,2.558
11,21092026,3,40,7527,pedestrian,7536,car,171,171.4,0.4,-9.829303,-1.709837,-9.802604,-1.691297,4.938
11,21092026,3,41,7520,pedestrian,7536,car,171.6,172,0.4,-9.699537,-1.619546,-9.674287,-1.602017,4.917
11,21092026,3,38,7486,pedestrian,7502,bike,170.4,172.4,2,-6.710928,7.064331,-6.751673,7.009772,2.713
11,21092026,3,39,7486,pedestrian,7516,bike,170.6,172.6,2,-6.694352,7.094701,-6.734555,7.026815,2.402
11,21092026,3,42,7517,pedestrian,7536,car,172.2,172.8,0.6,-9.574588,-1.532617,-9.524089,-1.497559,4.905
11,21092026,3,43,7513,pedestrian,7536,car,173.8,174.4,0.6,-9.253646,-1.30936,-9.199458,-1.271727,4.887
11,21092026,3,44,7508,pedestrian,7536,car,174.4,175,0.6,-9.118996,-1.21566,-9.066018,-1.178871,4.876
11,21092026,3,45,7504,pedestrian,7518,bike,176.2,179,2.8,-4.834294,8.791128,-4.780846,8.864546,1.145
11,21092026,3,46,7506,bike,7523,pedestrian,176.2,179.6,3.4,-3.634022,8.315609,-3.640692,8.317723,0.056
11,21092026,3,35,7504,pedestrian,7530,bike,165.4,180.2,14.8,-4.081318,8.488245,-4.975233,8.762332,2.705
11,21092026,3,50,7488,pedestrian,7516,bike,180,180.2,0.2,-7.776836,6.283912,-7.776836,6.283912,4.91
11,21092026,3,51,7488,pedestrian,7516,bike,180.4,180.8,0.4,-7.806934,6.26302,-7.812397,6.259222,4.55
11,21092026,3,48,7506,bike,7526,pedestrian,179.6,183.2,3.6,-3.418492,8.295081,-3.41091,8.29579,0.176
11,21092026,3,49,7506,bike,7524,pedestrian,180,184,4,-3.389298,8.295105,-3.35632,8.301525,0.272
11,21092026,3,47,7488,pedestrian,7502,bike,179.6,184.6,5,-7.764082,6.292768,-8.175544,6.007209,2.581
11,21092026,3,52,7488,pedestrian,7516,bike,181,186.4,5.4,-7.832121,6.245524,-8.27105,5.940888,2.587
11,21092026,3,53,7478,pedestrian,7502,bike,181.2,186.4,5.2,-7.953452,6.161276,-8.385978,5.861092,2.576
11,21092026,3,54,7478,pedestrian,7516,bike,182.8,188,5.2,-8.042554,6.099407,-8.472684,5.800886,2.57
11,21092026,3,57,7486,pedestrian,7530,bike,186.4,188,1.6,-6.165311,7.883155,-6.241322,7.823287,2.12
11,21092026,3,55,7518,bike,7523,pedestrian,185.4,189,3.6,-4.233527,8.571901,-4.249986,8.580947,0.135
11,21092026,3,56,7506,bike,7533,pedestrian,185.8,190.4,4.6,-3.015219,8.384565,-2.895533,8.346993,0.401
11,21092026,3,58,7464,pedestrian,7509,car,189,191.2,2.2,-2.913892,5.067334,-2.737758,4.966434,0.458
11,21092026,3,60,7465,pedestrian,7509,car,189.4,191.2,1.8,-2.895649,4.993894,-2.765201,4.936431,1.868
11,21092026,3,62,7467,pedestrian,7509,car,190.2,191.2,1,-2.8771,4.919013,-2.796011,4.870223,4.308
11,21092026,3,59,7504,pedestrian,7534,bike,189,191.4,2.4,-5.244651,8.546489,-5.511908,8.348302,2.566
11,21092026,3,65,7533,pedestrian,7543,car,192.4,192.6,0.2,-2.804569,8.209294,-2.804569,8.209294,4.971
11,21092026,3,61,7518,bike,7526,pedestrian,189.6,193.6,4,-4.010733,8.454288,-4.014471,8.455649,0.211
11,21092026,3,64,7486,pedestrian,7534,bike,192.2,193.6,1.4,-5.859638,8.101517,-5.946438,8.039856,1.882
11,21092026,3,63,7518,bike,7524,pedestrian,190.6,194.6,4,-3.955558,8.430728,-3.957238,8.430791,0.028
11,21092026,3,66,7471,pedestrian,7546,bike,199.6,201.4,1.8,-10.61151,4.238337,-10.529891,4.295804,0.348
11,21092026,3,67,7528,car,7533,pedestrian,201.4,202.6,1.2,-2.515376,7.626107,-2.40992,7.646619,3.921
11,21092026,3,69,7478,pedestrian,7546,bike,207,208.8,1.8,-9.499332,5.074358,-9.388889,5.109776,1.161
11,21092026,3,71,7488,pedestrian,7546,bike,207.2,209.2,2,-9.474942,5.115519,-9.342331,5.180651,2.491
11,21092026,3,73,7471,pedestrian,7516,bike,209.8,210,0.2,-10.977912,3.980359,-10.977912,3.980359,4.745
11,21092026,3,70,7488,pedestrian,7530,bike,207.2,210.2,3,-9.319181,5.220967,-9.548102,5.011256,2.242
11,21092026,3,68,7471,pedestrian,7502,bike,204.6,210.4,5.8,-10.698501,4.177088,-11.058524,3.919843,1.461
11,21092026,3,72,7478,pedestrian,7530,bike,207.4,210.6,3.2,-9.348792,5.166897,-9.606599,4.94588,0.135
11,21092026,3,74,7471,pedestrian,7516,bike,210.2,211,0.8,-10.997685,3.962679,-11.065487,3.898731,2.06
11,21092026,3,75,7518,bike,7544,pedestrian,210.8,212.4,1.6,-2.82077,8.427071,-2.826549,8.401745,2.567
11,21092026,3,77,7478,pedestrian,7534,bike,212.4,213.4,1,-9.543781,4.990109,-9.58033,4.964375,3.985
11,21092026,3,78,7541,pedestrian,7551,bike,214.4,217.2,2.8,-9.77113,-1.809685,-9.523344,-1.683481,0.813
11,21092026,3,79,7478,pedestrian,7534,bike,218.2,220.2,2,-9.850602,4.774081,-9.950057,4.704056,3.141
11,21092026,3,81,7478,pedestrian,7556,bike,223.2,225.2,2,-10.310231,4.450463,-10.221884,4.512667,0.525
11,21092026,3,82,7488,pedestrian,7556,bike,223.8,225.6,1.8,-10.231723,4.50574,-10.147752,4.564862,0.161
11,21092026,3,83,7504,pedestrian,7546,bike,224.4,226.2,1.8,-6.795228,6.967229,-6.731013,7.04334,2.663
11,21092026,3,84,7523,pedestrian,7546,bike,227.8,229.2,1.4,-6.552474,7.508518,-6.515335,7.570334,2.644
11,21092026,3,85,7526,pedestrian,7546,bike,231,232.8,1.8,-6.076971,7.943003,-5.996001,8.006803,1.941
11,21092026,3,86,7524,pedestrian,7546,bike,231.4,233.2,1.8,-6.010825,7.991891,-5.922677,8.058088,1.891
11,21092026,3,87,7532,pedestrian,7551,bike,233.6,235.8,2.2,-8.192911,-0.665368,-8.096076,-0.535036,3.218
11,21092026,3,80,7537,pedestrian,7551,bike,219.2,237,17.8,-8.931823,-1.22385,-8.07436,-0.461249,0.169
11,21092026,3,88,7532,pedestrian,7551,bike,236.8,237.8,1,-8.111766,-0.405751,-8.181438,-0.30976,4.603
11,21092026,3,89,7534,bike,7553,pedestrian,237.2,240.2,3,-10.855043,4.066869,-10.855023,4.066883,0.121
11,21092026,3,76,7488,pedestrian,7534,bike,211.6,240.6,29,-9.39277,5.094635,-11.037442,3.938445,0.337
11,21092026,3,91,7478,pedestrian,7534,bike,239.6,240.6,1,-10.993293,3.96953,-11.046771,3.928129,2.074
11,21092026,3,92,7534,bike,7555,pedestrian,240.4,240.6,0.2,-11.061432,3.862255,-11.061432,3.862255,4.689
11,21092026,3,93,7497,pedestrian,7534,bike,240.4,240.6,0.2,-11.059806,3.869562,-11.059806,3.869562,4.382
11,21092026,3,94,7533,pedestrian,7550,car,240.6,241,0.4,-2.722309,5.082516,-2.71217,5.061812,4.845
11,21092026,3,90,7544,pedestrian,7546,bike,239,241.8,2.8,-4.788406,8.780445,-4.757423,8.85973,0.281
11,21092026,3,96,7467,pedestrian,7568,car,241,242,1,-2.648769,8.048531,-2.765415,8.031695,3.727
11,21092026,3,95,7464,pedestrian,7568,car,240.6,242.2,1.6,-2.618682,8.118613,-2.821597,8.086568,1.078
11,21092026,3,97,7504,pedestrian,7556,bike,241.2,242.8,1.6,-7.616932,6.395079,-7.543934,6.445612,2.598
11,21092026,3,98,7523,pedestrian,7556,bike,243.6,245.2,1.6,-7.236462,6.659243,-7.169689,6.705453,2.642
11,21092026,3,99,7545,pedestrian,7546,bike,244.6,248.2,3.6,-4.405921,8.666651,-4.410856,8.669363,0.034
11,21092026,3,100,7522,pedestrian,7551,bike,247.2,249,1.8,-9.572824,1.725212,-9.717723,1.935457,3.74
11,21092026,3,103,7486,pedestrian,7572,bike,249.4,249.6,0.2,-2.758005,8.433343,-2.758005,8.433343,4.728
11,21092026,3,101,7526,pedestrian,7556,bike,248.2,249.8,1.6,-6.656384,7.177382,-6.635612,7.261609,2.625
11,21092026,3,102,7524,pedestrian,7556,bike,248.6,250.2,1.6,-6.629838,7.261698,-6.616761,7.348233,2.469
11,21092026,3,105,7464,pedestrian,7572,bike,249.4,252.4,3,-2.918715,8.357297,-2.93932,8.405278,1.383
11,21092026,3,104,7467,pedestrian,7572,bike,249.4,253.4,4,-2.891574,8.346715,-3.004877,8.387567,0.68
11,21092026,3,106,7546,bike,7548,pedestrian,249.6,253.4,3.8,-4.125582,8.512573,-4.121017,8.510064,0.176
11,21092026,3,107,7535,pedestrian,7563,car,252.6,253.8,1.2,-2.976954,1.841352,-2.855067,1.926092,4.508
11,21092026,3,109,7508,pedestrian,7549,car,253.6,254.8,1.2,-10.581655,3.177939,-10.659901,3.122555,3.891
11,21092026,3,110,7549,car,7551,bike,253.6,254.8,1.2,-10.416999,3.104191,-10.554261,3.114819,2.385
11,21092026,3,108,7485,pedestrian,7573,car,253.4,255,1.6,-2.632643,8.187624,-2.819036,8.165833,2.323
11,21092026,3,113,7485,pedestrian,7574,car,255.2,256,0.8,-2.706709,8.227676,-2.782949,8.21923,4.432
11,21092026,3,112,7529,pedestrian,7563,car,254.8,256.2,1.4,-2.548879,2.140591,-2.405173,2.23896,4.377
11,21092026,3,114,7465,pedestrian,7563,car,255.4,256.2,0.8,-2.441403,2.214525,-2.404288,2.239574,4.411
11,21092026,3,111,7508,pedestrian,7551,bike,254.6,257,2.4,-10.61223,3.20741,-10.808554,3.456833,0.78
11,21092026,3,115,7544,pedestrian,7556,bike,255.6,257.2,1.6,-5.728918,8.19778,-5.661576,8.237861,2.138
11,21092026,3,116,7546,bike,7552,pedestrian,255.6,259.4,3.8,-3.772673,8.359568,-3.766117,8.35749,0.102
11,21092026,3,118,7488,pedestrian,7549,car,258.6,260.6,2,-11.25215,2.788348,-11.454315,2.694702,1.821
11,21092026,3,117,7478,pedestrian,7549,car,258.4,261,2.6,-11.244799,2.72971,-11.535018,2.625519,0.732
11,21092026,3,120,7545,pedestrian,7556,bike,259.4,261,1.6,-5.172042,8.604071,-5.10696,8.656952,2.624
11,21092026,3,121,7485,pedestrian,7575,bike,259.4,263,3.6,-2.925793,8.353948,-2.904553,8.413976,1.53
11,21092026,3,122,7548,pedestrian,7556,bike,261.6,264.8,3.2,-4.772195,8.785661,-4.730778,8.845111,0.005
11,21092026,3,124,7546,bike,7562,pedestrian,263.8,267.6,3.8,-3.270154,8.317604,-3.261313,8.319324,0.133
11,21092026,3,127,7522,pedestrian,7554,car,268,270,2,-10.510529,3.110882,-10.668097,3.001201,0.543
11,21092026,3,126,7552,pedestrian,7556,bike,267.2,271,3.8,-4.393093,8.6596,-4.389083,8.657396,0.142
11,21092026,3,123,7551,bike,7555,pedestrian,262.4,277.8,15.4,-10.223597,4.511461,-9.366514,5.148751,0.551
11,21092026,3,130,7504,pedestrian,7551,bike,277,278.2,1.2,-9.371567,5.185126,-9.29456,5.236613,2.687
11,21092026,3,125,7552,pedestrian,7572,bike,265.2,278.8,13.6,-4.087608,8.491702,-4.917296,8.807912,1.986
11,21092026,3,129,7555,pedestrian,7579,bike,276.4,278.8,2.4,-9.567898,4.982519,-9.339226,5.189387,1.271
11,21092026,3,131,7504,pedestrian,7579,bike,277.6,278.8,1.2,-9.403041,5.164136,-9.331785,5.212749,2.729
11,21092026,3,133,7523,pedestrian,7551,bike,277.8,279,1.2,-9.20423,5.294561,-9.13116,5.342171,2.676
11,21092026,3,135,7476,pedestrian,7565,car,278,279.2,1.2,-2.83003,5.1279,-2.716678,5.045654,3.382
11,21092026,3,132,7495,pedestrian,7565,car,277.8,279.4,1.6,-2.905893,5.095469,-2.753085,4.984905,0.424
11,21092026,3,134,7477,pedestrian,7565,car,277.8,279.4,1.6,-2.895604,5.111883,-2.735122,4.998504,1.235
11,21092026,3,128,7556,bike,7562,pedestrian,275.6,279.6,4,-3.930598,8.419578,-3.923973,8.417152,0.175
11,21092026,3,136,7523,pedestrian,7579,bike,278.4,279.6,1.2,-9.242853,5.269226,-9.174934,5.313085,2.715
11,21092026,3,138,7477,pedestrian,7573,car,280.6,281.6,1,-2.808291,5.135829,-2.719945,5.073887,4.279
11,21092026,3,137,7495,pedestrian,7573,car,280.4,281.8,1.4,-2.853076,5.134279,-2.711147,5.048722,3.303
11,21092026,3,139,7551,bike,7553,pedestrian,280.6,282.8,2.2,-8.624511,5.695458,-8.366382,5.874559,2.571
11,21092026,3,141,7472,pedestrian,7582,car,281.6,283.2,1.6,-2.633049,8.066014,-2.804361,8.050001,2.868
11,21092026,3,143,7526,pedestrian,7551,bike,282,283.4,1.4,-8.336853,5.895205,-8.246405,5.957867,2.592
11,21092026,3,140,7548,pedestrian,7572,bike,281.2,283.6,2.4,-5.518674,8.337227,-5.782655,8.160753,2.196
11,21092026,3,144,7524,pedestrian,7551,bike,282.6,283.8,1.2,-8.23929,5.962928,-8.161934,6.016525,2.63
11,21092026,3,145,7526,pedestrian,7579,bike,283,284.2,1.2,-8.366536,5.874574,-8.296401,5.92316,2.633
11,21092026,3,142,7553,pedestrian,7579,bike,282,284.4,2.4,-8.543639,5.751612,-8.27122,5.940633,2.581
11,21092026,3,147,7524,pedestrian,7579,bike,283.4,284.8,1.4,-8.28416,5.93178,-8.199997,5.990083,2.585
11,21092026,3,146,7472,pedestrian,7583,car,283.4,285,1.6,-2.6314,8.136077,-2.825448,8.10993,0.493
11,21092026,3,148,7545,pedestrian,7572,bike,286.2,288.4,2.2,-6.450946,7.646708,-6.601011,7.400062,2.696
11,21092026,3,149,7544,pedestrian,7551,bike,287.2,288.4,1.2,-7.316376,6.60374,-7.246412,6.652177,2.61
11,21092026,3,150,7544,pedestrian,7579,bike,288.2,289.4,1.2,-7.378716,6.56046,-7.31399,6.605266,2.624
11,21092026,3,119,7562,pedestrian,7575,bike,259.4,291,31.6,-2.868684,8.380971,-4.513309,8.725673,2.042
11,21092026,3,153,7545,pedestrian,7551,bike,291.2,292.4,1.2,-6.641958,7.218893,-6.625859,7.306303,2.587
11,21092026,3,154,7504,pedestrian,7590,bike,291.8,293.8,2,-10.059402,4.627068,-9.964973,4.693554,0.428
11,21092026,3,156,7545,pedestrian,7579,bike,292.4,293.8,1.4,-6.667677,7.14261,-6.641001,7.237334,2.656
11,21092026,3,155,7523,pedestrian,7590,bike,292.4,294.2,1.8,-9.97398,4.687212,-9.890043,4.746311,0.228
11,21092026,3,157,7548,pedestrian,7551,bike,293.8,295.2,1.4,-6.290212,7.787798,-6.202861,7.855801,2.163
11,21092026,3,159,7553,pedestrian,7572,bike,294.6,295.8,1.2,-7.689362,6.34466,-7.754726,6.299396,2.638
11,21092026,3,151,7472,pedestrian,7556,bike,289.8,296,6.2,-3.087546,8.343055,-2.773165,8.426394,1.841
11,21092026,3,152,7556,bike,7576,pedestrian,290.8,296,5.2,-3.030224,8.378899,-2.879358,8.345855,0.323
11,21092026,3,160,7548,pedestrian,7579,bike,295.2,296.6,1.4,-6.350573,7.741448,-6.270886,7.806305,2.219
11,21092026,3,158,7544,pedestrian,7572,bike,294.2,296.8,2.6,-7.620687,6.392333,-7.919421,6.185057,2.604
11,21092026,3,161,7551,bike,7552,pedestrian,296.4,297.8,1.4,-5.777255,8.16445,-5.682754,8.223241,2.059
11,21092026,3,163,7552,pedestrian,7579,bike,297.8,299.4,1.6,-5.85199,8.110137,-5.75072,8.176002,2.03
11,21092026,3,164,7526,pedestrian,7590,bike,298,299.6,1.6,-9.146728,5.332626,-9.073544,5.382317,2.662
11,21092026,3,166,7524,pedestrian,7590,bike,298.6,300,1.4,-9.062281,5.389239,-9.01258,5.425163,2.665
11,21092026,3,165,7555,pedestrian,7572,bike,298.6,300.2,1.6,-8.434021,5.754728,-8.531414,5.687193,0.089
11,21092026,3,167,7576,pedestrian,7595,car,299,300.6,1.6,-2.692063,8.218293,-2.829913,8.113444,2.402
11,21092026,3,168,7551,bike,7562,pedestrian,300,301.2,1.2,-5.085623,8.673569,-5.012405,8.731343,2.669
11,21092026,3,162,7562,pedestrian,7575,bike,296.6,301.6,5,-4.79754,8.857217,-5.159175,8.614375,2.616
11,21092026,3,169,7562,pedestrian,7579,bike,301.6,303,1.4,-5.161329,8.612683,-5.080086,8.678052,2.624
11,21092026,3,175,7599,pedestrian,7600,car,304.2,304.6,0.4,-11.213464,-2.61384,-11.195586,-2.607289,3.608
11,21092026,3,171,7524,pedestrian,7572,bike,302.4,304.8,2.4,-9.156999,5.324807,-9.430134,5.145533,2.659
11,21092026,3,172,7526,pedestrian,7572,bike,302.8,305.2,2.4,-9.236616,5.273691,-9.492277,5.089985,2.698
11,21092026,3,174,7600,car,7601,pedestrian,304.2,305.2,1,-11.239531,-2.520572,-11.166617,-2.496819,1.175
11,21092026,3,179,7473,pedestrian,7598,car,305.6,306.2,0.6,-2.679247,8.016687,-2.723669,8.012181,4.783
11,21092026,3,173,7544,pedestrian,7590,bike,303.6,306.6,3,-8.347809,5.887595,-8.361263,5.878103,2.571
11,21092026,3,177,7492,pedestrian,7581,car,305.2,306.8,1.6,-2.910457,5.05902,-2.802148,4.889435,2.661
11,21092026,3,178,7515,pedestrian,7581,car,305.2,306.8,1.6,-2.86181,5.122121,-2.772028,4.954091,0.779
11,21092026,3,176,7500,pedestrian,7581,car,305,307,2,-2.904501,5.122651,-2.773175,4.899005,0.923
11,21092026,3,180,7591,pedestrian,7600,car,307.4,307.6,0.2,-10.613069,-2.25509,-10.613069,-2.25509,4.997
11,21092026,3,182,7586,pedestrian,7600,car,309,309.2,0.2,-10.354148,-2.074977,-10.354148,-2.074977,4.971
11,21092026,3,183,7585,pedestrian,7600,car,310.2,310.6,0.4,-10.146889,-1.930771,-10.125321,-1.915793,4.955
11,21092026,3,181,7552,pedestrian,7575,bike,308,311.6,3.6,-6.178299,7.874015,-6.462472,7.630698,2.268
11,21092026,3,185,7492,pedestrian,7582,car,310.6,311.8,1.2,-3.031726,5.144866,-2.971454,5.079085,3.193
11,21092026,3,186,7515,pedestrian,7582,car,311,312.2,1.2,-2.968756,5.06983,-2.905954,5.002223,3.29
11,21092026,3,187,7553,pedestrian,7575,bike,313.2,315.2,2,-6.654581,7.172675,-6.686477,7.095361,2.545
11,21092026,3,184,7523,pedestrian,7572,bike,310.6,316.4,5.8,-10.683444,4.187689,-11.040862,3.936037,1.521
11,21092026,3,189,7504,pedestrian,7572,bike,315.2,316.4,1.2,-11.001909,3.94992,-11.057254,3.886361,3.576
11,21092026,3,188,7545,pedestrian,7590,bike,314,316.6,2.6,-7.838516,6.24123,-7.814432,6.257807,2.585
11,21092026,3,190,7569,pedestrian,7600,car,315.8,316.6,0.8,-9.209057,-1.278312,-9.146091,-1.234592,4.878
11,21092026,3,170,7555,pedestrian,7590,bike,302.4,318,15.6,-8.42908,5.758154,-7.566453,6.308697,0.457
11,21092026,3,192,7492,pedestrian,7587,car,318.4,319.8,1.4,-3.36178,5.431294,-3.285422,5.378788,3.406
11,21092026,3,191,7548,pedestrian,7575,bike,316,320,4,-6.9145,6.882333,-7.263138,6.640726,2.621
11,21092026,3,193,7515,pedestrian,7587,car,319,320.4,1.4,-3.270745,5.366541,-3.199526,5.30826,3.494
11,21092026,3,194,7492,pedestrian,7593,car,319.4,320.6,1.2,-3.411674,5.466764,-3.335303,5.414136,3.384
11,21092026,3,195,7548,pedestrian,7590,bike,319.4,321,1.6,-7.233055,6.661601,-7.159681,6.712401,2.642
11,21092026,3,196,7515,pedestrian,7593,car,320,321.2,1.2,-3.314232,5.397595,-3.238281,5.344492,3.434
11,21092026,3,197,7492,pedestrian,7592,car,320,321.2,1.2,-3.421223,5.473846,-3.352933,5.42684,3.379
11,21092026,3,198,7515,pedestrian,7592,car,320.6,321.6,1,-3.337245,5.414056,-3.26415,5.363526,3.43
11,21092026,3,199,7505,pedestrian,7587,car,321,323.4,2.4,-2.90841,5.103,-2.718003,4.993786,1.085
11,21092026,3,200,7513,pedestrian,7587,car,321.2,323.4,2.2,-2.906465,5.061933,-2.738932,4.977941,0.024
11,21092026,3,202,7513,pedestrian,7593,car,322,323.8,1.8,-2.902655,5.102078,-2.731933,4.996653,1.005
11,21092026,3,203,7505,pedestrian,7593,car,322,323.8,1.8,-2.883626,5.120768,-2.713828,5.01036,1.934
11,21092026,3,204,7513,pedestrian,7592,car,322.6,324.2,1.6,-2.894786,5.127475,-2.730091,5.01844,1.706
11,21092026,3,205,7505,pedestrian,7592,car,322.8,324.2,1.4,-2.855804,5.127052,-2.714751,5.029929,2.75
11,21092026,3,206,7552,pedestrian,7590,bike,322.8,324.6,1.8,-6.73337,7.029086,-6.682244,7.114651,2.331
11,21092026,3,201,7551,bike,7580,pedestrian,321.4,325,3.6,-3.188437,8.332963,-3.125061,8.34083,0.265
11,21092026,3,208,7492,pedestrian,7595,car,324,325.2,1.2,-3.608064,5.596268,-3.531708,5.542951,3.584
11,21092026,3,209,7515,pedestrian,7595,car,324.4,325.6,1.2,-3.525104,5.545733,-3.444684,5.488841,3.418
11,21092026,3,207,7579,bike,7580,pedestrian,323.4,327.2,3.8,-3.277543,8.316254,-3.21822,8.327369,0.022
11,21092026,3,210,7551,bike,7594,pedestrian,325.4,327.4,2,-2.876364,8.418405,-2.846463,8.392701,2.279
11,21092026,3,211,7551,bike,7597,pedestrian,326.6,327.4,0.8,-2.79737,8.429215,-2.789801,8.419512,3.629
11,21092026,3,212,7562,pedestrian,7590,bike,327,328.8,1.8,-6.368677,7.721123,-6.292885,7.790648,2.245
11,21092026,3,214,7579,bike,7594,pedestrian,327.4,330.8,3.4,-2.979641,8.395597,-2.933469,8.354239,1.091
11,21092026,3,216,7579,bike,7597,pedestrian,328.4,330.8,2.4,-2.906292,8.413273,-2.879204,8.379916,1.918
11,21092026,3,215,7553,pedestrian,7590,bike,327.6,331.2,3.6,-6.280434,7.794868,-5.928342,8.054023,2.022
11,21092026,3,213,7545,pedestrian,7575,bike,327.2,331.4,4.2,-8.408897,5.845029,-8.785914,5.583388,2.56
11,21092026,3,217,7476,pedestrian,7611,bike,341.4,349,7.6,-2.792625,8.278209,-3.121553,8.350013,2.532
11,21092026,3,223,7470,pedestrian,7607,car,349.4,349.8,0.4,-4.089458,1.062353,-4.078497,1.069842,4.873
11,21092026,3,219,7580,pedestrian,7590,bike,346,350.4,4.4,-4.21209,8.560119,-4.177494,8.541104,0.07
11,21092026,3,222,7476,pedestrian,7616,bike,349.4,352.6,3.2,-2.903384,8.364552,-2.931535,8.406857,1.538
11,21092026,3,220,7590,bike,7594,pedestrian,348.8,352.8,4,-4.064617,8.479066,-4.049111,8.470544,0.166
11,21092026,3,218,7544,pedestrian,7575,bike,343.4,353.2,9.8,-10.550723,4.281136,-11.017538,3.681019,0.628
11,21092026,3,221,7487,pedestrian,7616,bike,349.4,353.8,4.4,-2.789487,8.270845,-2.989169,8.346684,3.158
11,21092026,3,224,7590,bike,7597,pedestrian,349.6,354,4.4,-4.02438,8.458771,-3.984135,8.442956,0.018
11,21092026,3,225,7470,pedestrian,7612,car,354.2,354.4,0.2,-4.294082,0.918832,-4.294082,0.918832,4.971
11,21092026,3,226,7495,pedestrian,7607,car,354.8,355.6,0.8,-3.220303,1.671059,-3.192477,1.689938,4.609
11,21092026,3,227,7589,pedestrian,7612,car,355.2,355.6,0.4,-4.055312,1.086177,-4.02784,1.105262,4.874
11,21092026,3,228,7495,pedestrian,7612,car,358,358.6,0.6,-3.420574,1.530758,-3.389495,1.552003,4.658
11,21092026,3,230,7524,pedestrian,7598,car,358.4,360.4,2,-11.244769,2.797766,-11.446389,2.710505,2.595
11,21092026,3,229,7526,pedestrian,7598,car,358.2,360.8,2.6,-11.236036,2.744349,-11.517927,2.644395,0.32
11,21092026,3,231,7578,pedestrian,7607,car,362.4,364.2,1.8,-2.014365,2.508294,-1.84877,2.621641,4.256
11,21092026,3,233,7567,pedestrian,7607,car,363.4,365.2,1.8,-1.857439,2.61622,-1.696088,2.726622,4.225
11,21092026,3,234,7566,pedestrian,7607,car,364.2,366,1.8,-1.725153,2.707243,-1.564263,2.822862,4.196
11,21092026,3,235,7578,pedestrian,7612,car,364.8,366,1.2,-1.902602,2.585189,-1.765468,2.678984,4.234
11,21092026,3,236,7559,pedestrian,7607,car,365.2,366.6,1.4,-1.56902,2.814619,-1.45203,2.906255,4.419
11,21092026,3,237,7567,pedestrian,7612,car,365.4,366.6,1.2,-1.772609,2.674583,-1.637387,2.767681,4.219
11,21092026,3,232,7553,pedestrian,7611,bike,363.4,367.2,3.8,-4.097991,8.497408,-4.076223,8.485444,0.019
11,21092026,3,239,7566,pedestrian,7612,car,366,367.2,1.2,-1.638503,2.766831,-1.509276,2.864273,4.257
11,21092026,3,240,7559,pedestrian,7612,car,366.6,367.4,0.8,-1.507233,2.860576,-1.431185,2.921033,4.528
11,21092026,3,241,7477,pedestrian,7625,bike,366.8,367.6,0.8,-2.77911,8.423356,-2.787511,8.43122,3.903
11,21092026,3,238,7553,pedestrian,7616,bike,365.4,368.8,3.4,-3.980609,8.440124,-3.97906,8.440661,0.242
11,21092026,3,242,7513,pedestrian,7590,bike,369.6,371.2,1.6,-2.837501,8.274313,-2.815774,8.322978,0.978
11,21092026,3,246,7624,pedestrian,7634,bike,376,376.4,0.4,-11.094859,-2.733645,-11.092903,-2.73228,4.775
11,21092026,3,243,7553,pedestrian,7625,bike,373.8,377,3.2,-3.427983,8.295607,-3.433242,8.29595,0.3
11,21092026,3,248,7529,pedestrian,7600,car,380.2,381.2,1,-4.856628,6.150755,-4.813292,6.115389,3.927
11,21092026,3,247,7633,pedestrian,7634,bike,376.2,381.6,5.4,-11.216854,-2.685262,-11.095497,-2.734091,2.036
11,21092026,3,249,7535,pedestrian,7600,car,380.6,381.6,1,-4.783527,6.09281,-4.736258,6.061232,3.936
11,21092026,3,251,7555,pedestrian,7600,car,381,382.8,1.8,-4.704114,6.036943,-4.5276,5.928162,4.039
11,21092026,3,254,7575,bike,7588,pedestrian,382.6,383.4,0.8,-8.176811,-0.316125,-8.157107,-0.341685,4.578
11,21092026,3,256,7575,bike,7603,pedestrian,383.2,384,0.8,-8.12049,-0.396014,-8.102737,-0.418677,4.666
11,21092026,3,252,7594,pedestrian,7611,bike,381.8,384.2,2.4,-5.244736,8.546404,-5.391017,8.435203,2.632
11,21092026,3,250,7597,pedestrian,7611,bike,381,385.4,4.4,-5.13987,8.63066,-5.541594,8.32677,2.59
11,21092026,3,255,7594,pedestrian,7616,bike,383,385.6,2.6,-5.246277,8.545167,-5.4448,8.39648,2.638
11,21092026,3,253,7580,pedestrian,7611,bike,382.4,386,3.6,-5.325817,8.481246,-5.616948,8.275163,2.435
11,21092026,3,257,7597,pedestrian,7616,bike,383.2,386.4,3.2,-5.276143,8.521149,-5.546994,8.323273,2.447
11,21092026,3,258,7580,pedestrian,7616,bike,383.8,387.2,3.4,-5.375546,8.441263,-5.657544,8.247093,2.369
11,21092026,3,259,7548,pedestrian,7639,bike,386.8,388.6,1.8,-10.529045,4.2964,-10.436012,4.361902,0.099
11,21092026,3,260,7575,bike,7606,pedestrian,387.6,389.8,2.2,-8.372754,-0.833621,-8.457188,-0.892556,0.054
11,21092026,3,262,7552,pedestrian,7639,bike,390.2,393.2,3,-9.971388,4.689037,-9.938169,4.712426,0.465
11,21092026,3,263,7538,pedestrian,7600,car,391.2,393.4,2.2,-2.870336,5.124434,-2.76973,4.938229,0.425
11,21092026,3,264,7532,pedestrian,7600,car,391.6,393.4,1.8,-2.897944,5.013626,-2.772741,4.931776,1.941
11,21092026,3,265,7537,pedestrian,7600,car,392.2,393.4,1.2,-2.874709,4.931058,-2.795264,4.883392,3.929
11,21092026,3,266,7527,pedestrian,7641,car,393.8,395,1.2,-2.656614,8.036764,-2.773249,8.030876,3.93
11,21092026,3,267,7505,pedestrian,7630,car,397.4,398.2,0.8,-2.252557,2.344348,-2.216105,2.368998,4.33
11,21092026,3,261,7617,pedestrian,7639,bike,389.8,399.6,9.8,-10.028666,4.648708,-9.340935,5.188142,0.804
11,21092026,3,269,7562,pedestrian,7639,bike,397.8,399.6,1.8,-9.461427,5.124496,-9.344999,5.174227,2.293
11,21092026,3,268,7575,bike,7619,pedestrian,397.8,400,2.2,-9.735282,-1.784663,-9.828815,-1.849949,0.285
11,21092026,3,270,7575,bike,7621,pedestrian,398.4,400.6,2.2,-9.813974,-1.83959,-9.906231,-1.903984,0.349
11,21092026,3,271,7575,bike,7622,pedestrian,399,401.2,2.2,-9.893788,-1.8953,-9.991306,-1.963367,0.412
11,21092026,3,272,7555,pedestrian,7627,car,399.6,401.6,2,-3.708819,5.657976,-3.496471,5.52125,3.599
11,21092026,3,274,7575,bike,7624,pedestrian,399.6,401.8,2.2,-9.975034,-1.952009,-10.069393,-2.017871,0.31
11,21092026,3,275,7575,bike,7628,pedestrian,400.2,402.6,2.4,-10.058685,-2.010398,-10.163151,-2.083315,0.33
11,21092026,3,278,7589,pedestrian,7630,car,401.2,402.6,1.4,-1.582692,2.805176,-1.452252,2.906663,4.373
11,21092026,3,276,7594,pedestrian,7625,bike,400.6,403.2,2.6,-5.784455,8.152873,-6.049447,7.963146,1.854
11,21092026,3,281,7555,pedestrian,7632,car,401.4,403.2,1.8,-3.610334,5.597488,-3.413482,5.469042,3.444
11,21092026,3,277,7597,pedestrian,7625,bike,401.2,403.6,2.4,-5.897962,8.074467,-6.130747,7.904063,1.932
11,21092026,3,279,7575,bike,7631,pedestrian,401.4,403.8,2.4,-10.214894,-2.119431,-10.322069,-2.194239,0.297
11,21092026,3,282,7580,pedestrian,7625,bike,402,404.4,2.4,-6.03359,7.979193,-6.264579,7.806435,2.061
11,21092026,3,283,7575,bike,7633,pedestrian,402.2,404.4,2.2,-10.30734,-2.183958,-10.403058,-2.250769,0.453
11,21092026,3,284,7575,bike,7642,pedestrian,403.6,405.6,2,-10.511081,-2.326169,-10.575767,-2.37132,0.168
11,21092026,3,273,7527,pedestrian,7646,bike,399.6,405.8,6.2,-2.81747,8.336519,-2.963245,8.401456,0.084
11,21092026,3,280,7527,pedestrian,7647,bike,401.4,407,5.6,-2.881898,8.346034,-2.870551,8.419466,1.722
11,21092026,3,285,7575,bike,7644,pedestrian,405,407,2,-10.692573,-2.45285,-10.764017,-2.502718,0.246
11,21092026,3,245,7631,pedestrian,7634,bike,376,411.2,35.2,-11.197422,-2.756824,-9.786844,-1.820653,0.552
11,21092026,3,288,7611,bike,7617,pedestrian,410.2,412.2,2,-8.751115,5.534846,-8.81912,5.487198,0.485
11,21092026,3,289,7616,bike,7617,pedestrian,410.8,412.6,1.8,-8.723766,5.553811,-8.784424,5.511749,0.511
11,21092026,3,290,7622,pedestrian,7634,bike,411.2,412.6,1.4,-9.583452,-1.678686,-9.540407,-1.64864,3.713
11,21092026,3,244,7628,pedestrian,7634,bike,376,414.4,38.4,-11.157811,-2.777586,-9.557275,-1.79832,0.966
11,21092026,3,292,7492,pedestrian,7625,bike,413.2,414.6,1.4,-7.574636,6.231284,-7.700683,6.183252,3.685
11,21092026,3,293,7580,pedestrian,7639,bike,416.6,418.2,1.6,-6.586627,7.431219,-6.538675,7.529538,2.759
11,21092026,3,294,7617,pedestrian,7625,bike,417,418.6,1.6,-8.353591,5.810501,-8.43674,5.752843,0.062
11,21092026,3,295,7597,pedestrian,7639,bike,417,418.6,1.6,-6.547848,7.511415,-6.495653,7.598081,2.601
11,21092026,3,296,7594,pedestrian,7639,bike,417.6,419.2,1.6,-6.483399,7.603312,-6.412471,7.684157,2.427
11,21092026,3,297,7548,pedestrian,7626,car,421,423.4,2.4,-11.299294,2.687991,-11.58272,2.588993,1.899
11,21092026,3,299,7640,pedestrian,7655,bike,423.4,425.4,2,-2.838086,8.424692,-2.930939,8.409998,4.965
11,21092026,3,302,7558,pedestrian,7641,car,425,426.4,1.4,-2.842111,5.142188,-2.723914,5.068457,3.831
11,21092026,3,300,7645,pedestrian,7656,bike,424.8,429.4,4.6,-2.756082,8.434253,-3.000731,8.389847,4.516
11,21092026,3,301,7640,pedestrian,7656,bike,424.8,431.4,6.6,-2.814656,8.406536,-3.123923,8.339584,2.016
11,21092026,3,304,7613,pedestrian,7639,bike,428.6,432.8,4.2,-4.644643,8.797855,-4.602414,8.774646,0.134
11,21092026,3,305,7614,pedestrian,7639,bike,429.8,433.8,4,-4.578847,8.761693,-4.540364,8.740542,0.035
11,21092026,3,298,7562,pedestrian,7611,bike,422.2,434.8,12.6,-10.387408,4.396124,-11.04597,3.93244,1.186
11,21092026,3,307,7562,pedestrian,7625,bike,435.6,436.4,0.8,-11.009656,3.940963,-11.06703,3.886128,2.694
11,21092026,3,306,7562,pedestrian,7616,bike,434.4,437.4,3,-10.96497,3.989471,-11.019204,3.712698,0.959
11,21092026,3,310,7645,pedestrian,7660,car,437,437.4,0.4,-2.780553,8.223887,-2.801875,8.209128,4.896
11,21092026,3,309,7640,pedestrian,7660,car,436.4,437.8,1.4,-2.700154,8.229694,-2.830063,8.14568,3.237
11,21092026,3,303,7614,pedestrian,7646,bike,425,440.6,15.6,-4.192876,8.549558,-4.946933,8.784764,2.682
11,21092026,3,308,7613,pedestrian,7646,bike,435.8,441.2,5.4,-4.716931,8.83751,-5.032375,8.716375,2.657
11,21092026,3,311,7636,pedestrian,7639,bike,437.8,442,4.2,-4.10286,8.500085,-4.055479,8.474044,0.17
11,21092026,3,314,7588,pedestrian,7616,bike,444,445.2,1.2,-10.105713,2.50283,-10.06264,2.44141,3.543
11,21092026,3,291,7631,pedestrian,7634,bike,412.2,446.4,34.2,-9.726812,-1.778751,-8.296385,-0.780316,2.567
11,21092026,3,313,7639,bike,7648,pedestrian,443.2,446.6,3.4,-3.769814,8.358662,-3.770744,8.358957,0.017
11,21092026,3,315,7500,pedestrian,7634,bike,445.6,448,2.4,-8.184853,-0.675297,-8.076507,-0.626967,0.434
11,21092026,3,317,7620,pedestrian,7634,bike,445.6,448,2.4,-8.192952,-0.66328,-8.093269,-0.525571,3.206
11,21092026,3,287,7624,pedestrian,7634,bike,409.2,448.6,39.4,-9.722738,-1.775907,-8.023789,-0.541549,0.392
11,21092026,3,319,7567,pedestrian,7649,car,447.2,448.6,1.4,-3.342076,5.417241,-3.293009,5.384077,3.417
11,21092026,3,320,7578,pedestrian,7649,car,447.8,449.2,1.4,-3.263087,5.360993,-3.217707,5.326885,3.451
11,21092026,3,316,7622,pedestrian,7634,bike,445.6,449.4,3.8,-8.185456,-0.674403,-8.043851,-0.504574,1.05
11,21092026,3,321,7624,pedestrian,7634,bike,448.8,450.4,1.6,-8.04038,-0.507279,-8.131764,-0.38025,4.703
11,21092026,3,322,7620,pedestrian,7634,bike,449.8,452,2.2,-8.142899,-0.361284,-8.278846,-0.168396,4.498
11,21092026,3,323,7619,pedestrian,7634,bike,450.2,452.4,2.2,-8.184532,-0.284262,-8.238388,-0.124548,3.097
11,21092026,3,324,7567,pedestrian,7659,car,457.8,458.4,0.6,-4.025558,5.757008,-3.994991,5.753967,4.678
11,21092026,3,286,7636,pedestrian,7647,bike,405.4,458.6,53.2,-2.826777,8.425397,-4.870268,8.796876,0.517
11,21092026,3,325,7616,bike,7620,pedestrian,457.8,458.6,0.8,-8.52353,0.189518,-8.500797,0.157281,4.347
11,21092026,3,326,7578,pedestrian,7659,car,458.2,458.8,0.6,-3.928299,5.74443,-3.897733,5.741389,4.737
11,21092026,3,327,7567,pedestrian,7660,car,458.4,459,0.6,-4.061904,5.76178,-4.031338,5.758739,4.691
11,21092026,3,328,7578,pedestrian,7660,car,458.8,459.2,0.4,-3.964646,5.749201,-3.947393,5.747478,4.725
11,21092026,3,329,7616,bike,7622,pedestrian,460,460.8,0.8,-8.092531,-0.08037,-8.043508,-0.1214,4.477
11,21092026,3,331,7616,bike,7644,pedestrian,460.4,461.2,0.8,-8.219428,-0.255239,-8.194234,-0.288614,4.538
11,21092026,3,330,7616,bike,7631,pedestrian,460,461.6,1.6,-8.247987,-0.186532,-8.130513,-0.280165,3.104
11,21092026,3,312,7636,pedestrian,7655,bike,438.8,463,24.2,-3.933055,8.421039,-5.08814,8.671488,2.567
11,21092026,3,318,7648,pedestrian,7656,bike,446.2,463.2,17,-3.966675,8.435452,-4.796783,8.783374,2.567
11,21092026,3,332,7594,pedestrian,7646,bike,461.8,465,3.2,-7.659703,6.36524,-7.914684,6.188344,2.595
11,21092026,3,336,7589,pedestrian,7659,car,463.8,465,1.2,-2.931004,5.024981,-2.874736,4.967339,3.354
11,21092026,3,335,7616,bike,7651,pedestrian,463.6,465.2,1.6,-8.166951,-0.689971,-8.242826,-0.742932,0.48
11,21092026,3,339,7589,pedestrian,7660,car,464.4,465.4,1,-2.951281,5.049405,-2.899618,4.994776,3.332
11,21092026,3,333,7636,pedestrian,7656,bike,462.4,465.6,3.2,-4.918117,8.805191,-5.235049,8.553387,2.607
11,21092026,3,334,7597,pedestrian,7646,bike,462.8,466,3.2,-7.798766,6.268686,-8.053742,6.091783,2.583
11,21092026,3,340,7566,pedestrian,7670,car,464.6,466.4,1.8,-2.616278,8.082728,-2.821003,8.059436,2.295
11,21092026,3,337,7580,pedestrian,7646,bike,463.8,467,3.2,-7.934222,6.17463,-8.192801,5.995222,2.581
11,21092026,3,341,7616,bike,7652,pedestrian,465.8,467.6,1.8,-8.549605,-0.957063,-8.639034,-1.019484,0.011
11,21092026,3,344,7517,pedestrian,7668,car,467.4,467.8,0.4,-4.085124,1.065324,-4.070183,1.075566,4.905
11,21092026,3,346,7520,pedestrian,7668,car,467.8,468.2,0.4,-4.001581,1.123863,-3.987619,1.133411,4.867
11,21092026,3,347,7567,pedestrian,7664,car,468,469,1,-4.692599,6.029077,-4.638161,5.992774,4.006
11,21092026,3,349,7578,pedestrian,7664,car,468.4,469.2,0.8,-4.614186,5.975394,-4.567679,5.94831,4.047
11,21092026,3,338,7614,pedestrian,7647,bike,464.2,469.8,5.6,-5.590467,8.286387,-5.946725,8.039663,1.998
11,21092026,3,350,7616,bike,7658,pedestrian,468.4,470.2,1.8,-8.972415,-1.252183,-9.040086,-1.299417,0.37
11,21092026,3,353,7566,pedestrian,7672,car,469.4,470.2,0.8,-2.699092,8.228753,-2.773692,8.219289,4.443
11,21092026,3,342,7613,pedestrian,7647,bike,465.8,471.6,5.8,-5.745957,8.179242,-6.110921,7.918097,1.858
11,21092026,3,354,7637,pedestrian,7668,car,470.6,471.6,1,-3.445013,1.513613,-3.346274,1.582221,4.662
11,21092026,3,343,7614,pedestrian,7655,bike,466,472,6,-5.647164,8.247275,-6.044199,7.967033,1.924
11,21092026,3,355,7567,pedestrian,7667,car,472.2,473,0.8,-4.932503,6.214895,-4.897908,6.177303,4.157
11,21092026,3,345,7613,pedestrian,7655,bike,467.6,473.4,5.8,-5.805663,8.13793,-6.169701,7.875451,1.891
11,21092026,3,348,7614,pedestrian,7656,bike,468,473.6,5.6,-5.728552,8.191501,-6.074227,7.944987,1.831
11,21092026,3,357,7578,pedestrian,7667,car,472.6,473.6,1,-4.855306,6.150938,-4.802486,6.107927,3.911
11,21092026,3,352,7613,pedestrian,7656,bike,469,474.6,5.6,-5.863011,8.098733,-6.214205,7.842989,1.96
11,21092026,3,359,7589,pedestrian,7664,car,473.8,475,1.2,-3.429746,5.479469,-3.359154,5.431272,3.398
11,21092026,3,356,7535,pedestrian,7646,bike,472.6,476.4,3.8,-9.129042,5.343843,-9.473326,5.116656,2.661
11,21092026,3,358,7529,pedestrian,7646,bike,473.4,477.2,3.8,-9.243751,5.269186,-9.546148,5.014926,2.325
11,21092026,3,362,7589,pedestrian,7667,car,478,479,1,-3.658229,5.626897,-3.600402,5.586134,3.674
11,21092026,3,363,7532,pedestrian,7668,car,478.4,479.2,0.8,-1.907911,2.581426,-1.861369,2.612988,4.265
11,21092026,3,365,7557,pedestrian,7668,car,478.8,479.6,0.8,-1.823358,2.639618,-1.779016,2.669653,4.261
11,21092026,3,360,7616,bike,7662,pedestrian,476.8,479.8,3,-9.548762,-1.654472,-9.657711,-1.821077,2.23
11,21092026,3,361,7616,bike,7663,pedestrian,477.8,479.8,2,-9.603073,-1.692381,-9.675816,-1.743156,0.233
11,21092026,3,351,7500,pedestrian,7616,bike,469,480,11,-9.092559,-1.336043,-9.7006,-1.788123,0.802
11,21092026,3,366,7537,pedestrian,7668,car,479.2,480,0.8,-1.742792,2.695043,-1.69796,2.725419,4.239
11,21092026,3,364,7616,bike,7665,pedestrian,478.6,480.2,1.6,-9.67389,-1.741811,-9.751851,-1.796228,0.439
11,21092026,3,368,7588,pedestrian,7634,bike,480.4,482,1.6,-11.024573,3.672543,-11.092068,3.731874,3.677
11,21092026,3,369,7616,bike,7669,pedestrian,481,482.8,1.8,-10.081206,-2.026117,-10.172242,-2.08966,0.224
11,21092026,3,371,7492,pedestrian,7634,bike,485,487.2,2.2,-10.634889,4.221876,-10.546265,4.284275,0.122
11,21092026,3,372,7515,pedestrian,7634,bike,485.6,487.8,2.2,-10.554834,4.278242,-10.46621,4.34064,0.079
11,21092026,3,370,7558,pedestrian,7680,bike,482,488.4,6.4,-2.815254,8.331317,-3.117642,8.351497,0.422
11,21092026,3,373,7650,pedestrian,7675,car,488.4,489.4,1,-3.872404,1.214362,-3.78419,1.275681,4.793
11,21092026,3,374,7529,pedestrian,7634,bike,489,491,2,-10.111538,4.59036,-10.036893,4.642916,0.418
11,21092026,3,376,7589,pedestrian,7672,car,490.6,491.4,0.8,-4.43275,5.87978,-4.384075,5.860101,4.282
11,21092026,3,375,7535,pedestrian,7634,bike,489.6,491.6,2,-10.03262,4.645925,-9.957975,4.698481,0.455
11,21092026,3,377,7558,pedestrian,7685,bike,492.6,493.6,1,-2.790493,8.41797,-2.789593,8.430264,3.496
11,21092026,3,378,7589,pedestrian,7674,car,492.8,493.6,0.8,-4.564584,5.947158,-4.514424,5.921331,4.091
11,21092026,3,379,7617,pedestrian,7672,car,492.8,494.8,2,-3.915267,5.74282,-3.66445,5.624192,3.952
11,21092026,3,382,7532,pedestrian,7675,car,495.6,496.4,0.8,-2.634298,2.081246,-2.595242,2.1079,4.42
11,21092026,3,384,7557,pedestrian,7675,car,496,496.8,0.8,-2.5659,2.128778,-2.533376,2.150756,4.398
11,21092026,3,386,7537,pedestrian,7675,car,496.4,497.4,1,-2.481004,2.187324,-2.431088,2.221104,4.372
11,21092026,3,383,7580,pedestrian,7634,bike,495.8,497.8,2,-9.245555,5.267541,-9.156057,5.325401,2.669
11,21092026,3,380,7646,bike,7671,pedestrian,494,498,4,-10.825216,4.08787,-10.827132,4.08652,0.127
11,21092026,3,390,7657,pedestrian,7683,car,497.6,498,0.4,-9.109419,-1.209023,-9.077951,-1.187182,4.891
11,21092026,3,385,7597,pedestrian,7634,bike,496.2,498.2,2,-9.192491,5.302367,-9.104284,5.361298,2.66
11,21092026,3,387,7617,pedestrian,7674,car,496.6,498.4,1.8,-3.660345,5.628191,-3.439314,5.48524,3.51
11,21092026,3,388,7594,pedestrian,7634,bike,497,498.8,1.8,-9.093932,5.367831,-9.022977,5.418318,2.663
11,21092026,3,381,7646,bike,7673,pedestrian,495.4,499,3.6,-10.891992,4.040854,-10.912928,4.026113,0.163
11,21092026,3,391,7555,pedestrian,7675,car,498.4,499.4,1,-2.135666,2.424854,-2.085877,2.458546,4.295
11,21092026,3,392,7637,pedestrian,7675,car,499,500.8,1.8,-2.029834,2.49766,-1.851085,2.619996,4.259
11,21092026,3,367,7515,pedestrian,7646,bike,480,501.2,21.2,-10.126372,4.579915,-11.022875,3.75772,0.086
11,21092026,3,389,7492,pedestrian,7646,bike,497.6,501.6,4,-10.998364,3.957379,-11.021827,3.656522,2.224
11,21092026,3,393,7620,pedestrian,7646,bike,505.2,506.6,1.4,-10.525717,3.097994,-10.491007,3.054927,3.381
11,21092026,3,394,7646,bike,7670,car,506,506.8,0.8,-10.405702,3.214028,-10.418594,3.114412,4.517
11,21092026,3,399,7597,pedestrian,7655,bike,507.4,507.6,0.2,-9.360328,5.144386,-9.360328,5.144386,4.948
11,21092026,3,395,7620,pedestrian,7670,car,506.6,508.2,1.6,-10.541013,3.14137,-10.67579,3.039389,1.749
11,21092026,3,402,7580,pedestrian,7647,bike,508,512,4,-9.443656,5.060221,-9.5805,4.964255,2.679
11,21092026,3,404,7580,pedestrian,7655,bike,510.6,512,1.4,-9.535546,4.995907,-9.5805,4.964255,4.285
11,21092026,3,407,7580,pedestrian,7656,bike,511.8,512,0.2,-9.5805,4.964255,-9.5805,4.964255,4.848
11,21092026,3,405,7613,pedestrian,7634,bike,511.2,513.2,2,-7.196497,6.687008,-7.108595,6.747868,2.626
11,21092026,3,406,7614,pedestrian,7634,bike,511.8,513.6,1.8,-7.120507,6.739806,-7.054601,6.78537,2.623
11,21092026,3,408,7634,bike,7648,pedestrian,512,514,2,-7.08577,6.763957,-6.990811,6.829567,2.649
11,21092026,3,409,7634,bike,7636,pedestrian,512,514.4,2.4,-7.086413,6.763509,-6.939557,6.865032,2.622
11,21092026,3,400,7597,pedestrian,7655,bike,507.8,514.8,7,-9.379878,5.119242,-9.581039,4.963876,1.53
11,21092026,3,403,7597,pedestrian,7656,bike,508.4,514.8,6.4,-9.397142,5.091791,-9.581039,4.963876,2.247
11,21092026,3,410,7617,pedestrian,7675,car,513.8,516,2.2,-2.670085,5.029164,-2.728762,5.245684,0.63
11,21092026,3,401,7594,pedestrian,7656,bike,507.8,520,12.2,-9.321916,5.210888,-9.580527,4.964236,0
11,21092026,3,411,7647,bike,7671,pedestrian,516.6,520,3.4,-9.742877,4.849928,-9.77304,4.828691,0.106
11,21092026,3,416,7620,pedestrian,7701,bike,519.8,520.6,0.8,-11.062792,3.918917,-11.013242,3.938411,1.004
11,21092026,3,414,7647,bike,7673,pedestrian,518.4,522,3.6,-9.830719,4.78808,-9.841537,4.780463,0.252
11,21092026,3,415,7655,bike,7671,pedestrian,519,523.2,4.2,-9.631137,4.928602,-9.62303,4.934311,0.019
11,21092026,3,417,7656,bike,7671,pedestrian,520,524.4,4.4,-9.581133,4.96381,-9.5717,4.976875,0.092
11,21092026,3,418,7655,bike,7673,pedestrian,520.8,524.6,3.8,-9.710833,4.87249,-9.726198,4.861671,0.326
11,21092026,3,396,7594,pedestrian,7647,bike,506.6,525,18.4,-9.322345,5.218908,-9.945899,4.706984,0
11,21092026,3,419,7656,bike,7673,pedestrian,522,525.2,3.2,-9.660005,4.908277,-9.694096,4.884275,0.289
11,21092026,3,421,7580,pedestrian,7701,bike,524,525.8,1.8,-10.194305,4.532084,-10.076958,4.614707,0.212
11,21092026,3,424,7597,pedestrian,7701,bike,525,526.8,1.8,-10.015666,4.657862,-9.898318,4.740484,0.572
11,21092026,3,425,7594,pedestrian,7701,bike,525.4,527.2,1.8,-9.93972,4.711334,-9.820987,4.794932,0.031
11,21092026,3,420,7597,pedestrian,7655,bike,522,528,6,-9.764253,4.834878,-9.950671,4.703624,2.064
11,21092026,3,423,7597,pedestrian,7656,bike,524.8,528,3.2,-9.842371,4.779876,-9.950671,4.703624,2.627
11,21092026,3,427,7646,bike,7657,pedestrian,528.2,529.2,1,-8.378047,-0.023351,-8.353169,-0.058651,4.403
11,21092026,3,426,7673,pedestrian,7701,bike,527.2,529.8,2.6,-9.599074,4.951178,-9.353886,5.165066,0.776
11,21092026,3,428,7671,pedestrian,7701,bike,528.6,530.8,2.2,-9.40416,5.163016,-9.16856,5.317233,2.65
11,21092026,3,422,7594,pedestrian,7656,bike,524.4,531.2,6.8,-9.775073,4.82726,-9.951854,4.70279,0.06
11,21092026,3,429,7580,pedestrian,7707,bike,530.6,532.6,2,-10.430223,4.365979,-10.321743,4.442358,0.286
11,21092026,3,430,7597,pedestrian,7707,bike,531.6,533.6,2,-10.268248,4.480022,-10.159769,4.556401,0.43
11,21092026,3,432,7594,pedestrian,7707,bike,532.2,534.2,2,-10.175851,4.545078,-10.070474,4.619272,0.338
11,21092026,3,431,7648,pedestrian,7680,bike,532,534.6,2.6,-7.478552,6.491013,-7.721449,6.322518,2.593
11,21092026,3,434,7567,pedestrian,7701,bike,533,534.6,1.6,-8.552677,5.672449,-8.466632,5.732114,0.101
11,21092026,3,435,7578,pedestrian,7701,bike,533.4,535,1.6,-8.473901,5.727074,-8.386686,5.787552,0.443
11,21092026,3,433,7636,pedestrian,7680,bike,532.8,535.4,2.6,-7.612017,6.398347,-7.850838,6.232673,2.588
11,21092026,3,436,7614,pedestrian,7680,bike,533.6,536.2,2.6,-7.742421,6.30781,-7.979706,6.143192,2.584
11,21092026,3,437,7613,pedestrian,7680,bike,534.4,537,2.6,-7.874351,6.216202,-8.111635,6.051582,2.582
11,21092026,3,438,7613,pedestrian,7701,bike,535.8,537.4,1.6,-8.075371,6.076762,-7.971934,6.148441,2.606
11,21092026,3,439,7614,pedestrian,7701,bike,536.2,537.8,1.6,-7.992983,6.133979,-7.889546,6.205658,2.607
11,21092026,3,440,7636,pedestrian,7701,bike,536.8,538.2,1.4,-7.899391,6.198951,-7.809442,6.261286,2.584
11,21092026,3,442,7648,pedestrian,7701,bike,537.2,538.8,1.6,-7.818534,6.255103,-7.712019,6.328915,2.628
11,21092026,3,441,7634,bike,7684,pedestrian,537,541.2,4.2,-4.445602,8.68846,-4.451873,8.691906,0.119
11,21092026,3,446,7671,pedestrian,7680,bike,539.8,541.4,1.6,-8.732812,5.620126,-8.79288,5.578537,2.556
11,21092026,3,445,7567,pedestrian,7707,bike,539.8,541.6,1.8,-8.977789,5.374675,-8.900781,5.428676,0.144
11,21092026,3,447,7578,pedestrian,7707,bike,540.4,542,1.6,-8.899138,5.430096,-8.836246,5.475081,0.393
11,21092026,3,444,7673,pedestrian,7707,bike,539.4,542.4,3,-9.08312,5.375417,-8.798344,5.574613,2.569
11,21092026,3,448,7673,pedestrian,7680,bike,540.8,543.2,2.4,-8.864844,5.528438,-8.896642,5.505551,2.589
11,21092026,3,452,7606,pedestrian,7691,car,541.6,543.4,1.8,-2.8621,5.13099,-2.720633,5.047444,2.881
11,21092026,3,451,7591,pedestrian,7691,car,541.6,543.8,2.2,-2.911597,5.07237,-2.746931,4.971161,0.568
11,21092026,3,450,7671,pedestrian,7707,bike,541.2,544.2,3,-8.805329,5.569904,-8.518188,5.769142,2.558
11,21092026,3,413,7684,pedestrian,7690,bike,517.8,544.4,26.6,-3.362552,8.300283,-4.846806,8.792364,1.919
11,21092026,3,443,7578,pedestrian,7680,bike,539.4,544.8,5.4,-8.66561,5.594137,-9.134391,5.314307,0.361
11,21092026,3,449,7567,pedestrian,7680,bike,540.8,545.4,4.6,-8.853904,5.462068,-9.235739,5.274007,2.161
11,21092026,3,454,7613,pedestrian,7707,bike,544,545.8,1.8,-8.36921,5.872729,-8.272023,5.940068,2.574
11,21092026,3,453,7646,bike,7693,pedestrian,544,546,2,-9.555573,-1.659226,-9.629938,-1.711133,0.275
11,21092026,3,455,7614,pedestrian,7707,bike,544.6,546.2,1.6,-8.279931,5.934718,-8.198464,5.991155,2.604
11,21092026,3,456,7646,bike,7694,pedestrian,544.8,546.8,2,-9.653182,-1.727357,-9.726332,-1.778416,0.099
11,21092026,3,458,7636,pedestrian,7707,bike,545.2,546.8,1.6,-8.192182,5.995642,-8.105612,6.055627,2.577
11,21092026,3,457,7646,bike,7695,pedestrian,545.2,547.2,2,-9.722905,-1.776023,-9.794843,-1.826236,0.035
11,21092026,3,459,7648,pedestrian,7707,bike,545.6,547.4,1.8,-8.117079,6.047803,-8.020645,6.114617,2.588
11,21092026,3,460,7646,bike,7700,pedestrian,545.8,547.8,2,-9.799987,-1.829826,-9.872073,-1.880142,0.169
11,21092026,3,461,7634,bike,7692,pedestrian,546.2,549.8,3.6,-4.002321,8.450392,-4.035401,8.463804,0.123
11,21092026,3,397,7597,pedestrian,7647,bike,506.8,551,44.2,-9.343382,5.174047,-10.956429,3.995485,0.111
11,21092026,3,412,7580,pedestrian,7647,bike,517.6,551,33.4,-9.787851,4.818262,-11.049948,3.929639,1.194
11,21092026,3,462,7646,bike,7704,pedestrian,549.6,551.8,2.2,-10.314542,-2.188985,-10.412221,-2.257165,0.037
11,21092026,3,463,7646,bike,7705,pedestrian,550.2,552.4,2.2,-10.396884,-2.246459,-10.494563,-2.314639,0
11,21092026,3,464,7646,bike,7706,pedestrian,550.8,553,2.2,-10.475388,-2.301255,-10.574948,-2.370748,0.037
11,21092026,3,465,7684,pedestrian,7701,bike,552.4,553.8,1.4,-5.361461,8.457994,-5.293985,8.506773,2.642
11,21092026,3,466,7646,bike,7712,pedestrian,553.2,555.2,2,-10.795531,-2.524715,-10.865579,-2.573609,0.029
11,21092026,3,467,7646,bike,7713,pedestrian,553.6,556.2,2.6,-10.860821,-2.570287,-10.90328,-2.599924,0.183
11,21092026,3,470,7602,pedestrian,7697,car,555,556.4,1.4,-2.972848,5.074649,-2.908034,5.005451,3.291
11,21092026,3,471,7608,pedestrian,7697,car,555.4,556.8,1.4,-2.926284,5.019744,-2.844864,4.93276,3.412
11,21092026,3,469,7646,bike,7715,pedestrian,554.6,557.4,2.8,-10.996693,-2.665126,-10.978479,-2.652412,0.004
11,21092026,3,472,7646,bike,7716,pedestrian,555.8,558.2,2.4,-11.079308,-2.72279,-11.108062,-2.742861,0.093
11,21092026,3,473,7646,bike,7717,pedestrian,556.2,558.2,2,-11.11217,-2.683001,-11.174738,-2.787315,0.61
11,21092026,3,475,7646,bike,7719,pedestrian,556.8,558.2,1.4,-11.13754,-2.643453,-11.193041,-2.719914,2.914
11,21092026,3,398,7594,pedestrian,7655,bike,507.2,558.2,51,-9.327813,5.21535,-11.05336,3.927237,0
11,21092026,3,478,7597,pedestrian,7655,bike,558,558.2,0.2,-11.075796,3.839314,-11.075796,3.839314,4.835
11,21092026,3,477,7594,pedestrian,7656,bike,557.8,559,1.2,-10.972069,3.984473,-11.060138,3.908312,1.977
11,21092026,3,474,7692,pedestrian,7701,bike,556.2,559.2,3,-4.654363,8.803197,-4.655302,8.803713,0.058
11,21092026,3,481,7594,pedestrian,7680,bike,559,559.8,0.8,-11.012011,3.937804,-11.063852,3.888122,2.862
11,21092026,3,476,7671,pedestrian,7685,bike,556.8,560,3.2,-7.903414,6.196023,-7.913319,6.18929,2.582
11,21092026,3,479,7671,pedestrian,7688,bike,558.6,561,2.4,-7.829803,6.247148,-7.856415,6.228794,2.597
11,21092026,3,480,7673,pedestrian,7685,bike,559,562,3,-8.010116,6.121934,-8.020915,6.11457,2.585
11,21092026,3,483,7684,pedestrian,7707,bike,561.4,563,1.6,-5.969714,8.022686,-5.909359,8.066718,1.868
11,21092026,3,482,7673,pedestrian,7688,bike,560,563.2,3.2,-7.964667,6.153494,-7.976237,6.145604,2.61
11,21092026,3,484,7602,pedestrian,7702,car,561.6,563.4,1.8,-3.201897,5.317237,-3.12861,5.242586,3.374
11,21092026,3,485,7608,pedestrian,7702,car,562.2,564,1.8,-3.135423,5.266682,-3.054471,5.174323,3.014
11,21092026,3,486,7602,pedestrian,7703,car,564.4,566,1.6,-3.30183,5.388656,-3.230865,5.337582,3.436
11,21092026,3,487,7671,pedestrian,7690,bike,564.8,566.4,1.6,-7.530668,6.454835,-7.594264,6.410818,2.632
11,21092026,3,488,7608,pedestrian,7703,car,565,566.6,1.6,-3.218454,5.329224,-3.155622,5.26901,3.477
11,21092026,3,491,7602,pedestrian,7709,car,566.2,567.4,1.2,-3.37181,5.438573,-3.296693,5.386733,3.441
11,21092026,3,489,7673,pedestrian,7690,bike,565.8,567.6,1.8,-7.684757,6.347839,-7.75832,6.296908,2.616
11,21092026,3,490,7692,pedestrian,7707,bike,566.2,567.8,1.6,-5.221022,8.564661,-5.158049,8.616046,2.66
11,21092026,3,492,7608,pedestrian,7709,car,566.6,567.8,1.2,-3.291714,5.381382,-3.215175,5.326779,3.457
11,21092026,3,493,7637,pedestrian,7703,car,568,569.6,1.6,-2.761326,5.116665,-2.713458,5.002103,3.938
11,21092026,3,494,7637,pedestrian,7709,car,569,570.6,1.6,-2.807137,5.122073,-2.733424,4.976392,2.57
11,21092026,3,468,7589,pedestrian,7685,bike,554,577.4,23.4,-7.647322,6.300237,-9.013849,5.349531,0.286
11,21092026,3,495,7589,pedestrian,7688,bike,574.6,578.8,4.2,-8.765014,5.525208,-9.094651,5.293493,0.008
11,21092026,3,496,7692,pedestrian,7710,bike,575.6,579.6,4,-5.634928,8.255799,-6.03105,7.976848,1.899
11,21092026,3,497,7589,pedestrian,7690,bike,576,580.8,4.8,-8.83114,5.478428,-9.141048,5.315224,0.276
11,21092026,3,501,7613,pedestrian,7685,bike,578.6,581.2,2.6,-9.387206,5.109696,-9.457035,5.051185,3.162
11,21092026,3,506,7613,pedestrian,7688,bike,579.4,581.2,1.8,-9.398651,5.090692,-9.457035,5.051185,3.754
11,21092026,3,505,7692,pedestrian,7711,bike,579.4,583.2,3.8,-5.870935,8.093306,-6.248359,7.818185,1.961
11,21092026,3,510,7701,bike,7714,pedestrian,582.2,584,1.8,-2.868636,8.417034,-2.845412,8.39574,2.329
11,21092026,3,513,7701,bike,7720,pedestrian,583.4,584,0.6,-2.795535,8.427411,-2.786656,8.423542,4
11,21092026,3,509,7636,pedestrian,7690,bike,581.4,584.2,2.8,-9.397225,5.091737,-9.45778,5.050661,3.217
11,21092026,3,511,7613,pedestrian,7688,bike,582.4,584.8,2.4,-9.506467,5.016381,-9.582546,4.962815,3.652
11,21092026,3,514,7589,pedestrian,7690,bike,584,585.4,1.4,-9.316789,5.220797,-9.378024,5.180086,4.027
11,21092026,3,515,7671,pedestrian,7710,bike,584,585.8,1.8,-6.652094,7.182109,-6.687147,7.092049,2.536
11,21092026,3,517,7673,pedestrian,7710,bike,585.4,587.2,1.8,-6.766815,6.994477,-6.840586,6.933294,2.596
11,21092026,3,518,7671,pedestrian,7711,bike,585.6,587.2,1.6,-6.634072,7.267258,-6.655449,7.182416,2.577
11,21092026,3,503,7636,pedestrian,7688,bike,578.8,587.8,9,-9.332077,5.192211,-9.58329,4.962291,1.085
11,21092026,3,516,7636,pedestrian,7690,bike,585.2,587.8,2.6,-9.509007,5.014593,-9.58329,4.962291,3.438
11,21092026,3,512,7714,pedestrian,7730,bike,583,588.4,5.4,-2.923985,8.411096,-3.155566,8.338129,4.614
11,21092026,3,521,7673,pedestrian,7711,bike,586.8,588.8,2,-6.712486,7.069238,-6.777456,6.981243,2.708
11,21092026,3,522,7589,pedestrian,7685,bike,588.4,589,0.6,-9.530585,5.038337,-9.541419,5.020596,4.731
11,21092026,3,498,7648,pedestrian,7685,bike,578,590.2,12.2,-9.321755,5.219292,-9.579194,4.965175,0.007
11,21092026,3,523,7589,pedestrian,7685,bike,589.2,590.2,1,-9.55581,5.00035,-9.579194,4.965175,4.632
11,21092026,3,524,7613,pedestrian,7685,bike,590.4,590.8,0.4,-9.788714,4.817655,-9.798104,4.811044,4.845
11,21092026,3,502,7614,pedestrian,7688,bike,578.8,592.4,13.6,-9.324734,5.217354,-9.580202,4.964466,0
11,21092026,3,508,7614,pedestrian,7690,bike,580.8,592.4,11.6,-9.326479,5.216218,-9.580202,4.964466,0
11,21092026,3,529,7714,pedestrian,7732,bike,591,594.2,3.2,-2.861171,8.344576,-2.895463,8.317164,0.092
11,21092026,3,507,7648,pedestrian,7690,bike,580.8,594.6,13.8,-9.33431,5.189411,-9.582455,4.962879,0
11,21092026,3,528,7720,pedestrian,7732,bike,591,594.6,3.6,-2.911465,8.348113,-2.911266,8.327264,0.126
11,21092026,3,525,7684,pedestrian,7710,bike,590.6,594.8,4.2,-7.518988,6.46293,-7.953445,6.161428,2.588
11,21092026,3,530,7615,pedestrian,7732,bike,591,594.8,3.8,-2.934572,8.349738,-2.935422,8.407376,1.312
11,21092026,3,527,7613,pedestrian,7685,bike,591,595.2,4.2,-9.811051,4.801928,-9.952233,4.702524,2.55
11,21092026,3,526,7570,pedestrian,7732,bike,591,597.6,6.6,-2.811409,8.322294,-3.090574,8.360336,0.658
11,21092026,3,531,7684,pedestrian,7711,bike,594,598.2,4.2,-7.752081,6.301096,-8.19381,5.99453,2.58
11,21092026,3,535,7602,pedestrian,7724,car,597.2,598.4,1.2,-4.707591,6.039486,-4.642798,5.995959,4.013
11,21092026,3,536,7608,pedestrian,7724,car,597.6,598.8,1.2,-4.635674,5.989023,-4.560945,5.946683,4.042
11,21092026,3,537,7602,pedestrian,7725,car,597.8,598.8,1,-4.735152,6.058723,-4.67502,6.018237,3.997
11,21092026,3,538,7608,pedestrian,7725,car,598.4,599.2,0.8,-4.645991,5.996476,-4.601531,5.966462,4.089
11,21092026,3,539,7637,pedestrian,7724,car,600,600.6,0.6,-4.202623,5.780488,-4.174335,5.777105,4.599
11,21092026,3,499,7614,pedestrian,7685,bike,578,601,23,-9.321755,5.219292,-9.952515,4.702326,0.007
11,21092026,3,541,7637,pedestrian,7725,car,600.4,601.2,0.8,-4.223468,5.785967,-4.210913,5.784133,4.565
11,21092026,3,533,7570,pedestrian,7707,bike,595.8,601.4,5.6,-3.109626,8.341097,-2.799598,8.429524,2.829
11,21092026,3,543,7606,pedestrian,7707,bike,602,602.2,0.2,-2.780043,8.240164,-2.780043,8.240164,4.808
11,21092026,3,504,7648,pedestrian,7688,bike,578.8,603.8,25,-9.324734,5.217354,-9.950985,4.703403,0
11,21092026,3,544,7648,pedestrian,7690,bike,602.4,603.8,1.4,-9.914844,4.728849,-9.950985,4.703403,3.832
11,21092026,3,542,7685,bike,7722,pedestrian,601.8,606.2,4.4,-10.178106,4.54349,-10.142567,4.568513,0.237
11,21092026,3,540,7614,pedestrian,7690,bike,600.4,606.6,6.2,-9.768664,4.831772,-9.948172,4.705384,1.265
11,21092026,3,551,7619,pedestrian,7724,car,608.4,609.4,1,-2.864463,4.910597,-2.802345,4.867568,4.448
11,21092026,3,545,7688,bike,7722,pedestrian,605.4,609.8,4.4,-9.989793,4.676079,-9.954253,4.701101,0.158
11,21092026,3,552,7619,pedestrian,7725,car,608.6,610.2,1.6,-2.883261,4.936533,-2.791332,4.880682,4.134
11,21092026,3,548,7710,bike,7722,pedestrian,607,612,5,-9.914128,4.729353,-9.834289,4.785567,0.093
11,21092026,3,519,7589,pedestrian,7690,bike,586.4,612.4,26,-9.445603,5.135101,-9.950161,4.703983,0
11,21092026,3,549,7589,pedestrian,7711,bike,607.6,612.4,4.8,-9.79084,4.816158,-9.950161,4.703983,1.641
11,21092026,3,553,7640,pedestrian,7734,car,612,612.6,0.6,-3.266277,1.638659,-3.233988,1.660834,4.639
11,21092026,3,554,7617,pedestrian,7734,car,612.4,613,0.6,-3.183237,1.696827,-3.152758,1.717719,4.606
11,21092026,3,550,7711,bike,7722,pedestrian,608,613.2,5.2,-9.851288,4.773598,-9.776272,4.826416,0.093
11,21092026,3,547,7690,bike,7722,pedestrian,606.2,613.4,7.2,-9.948434,4.705199,-9.764692,4.834569,0.093
11,21092026,3,555,7740,pedestrian,7742,car,616.6,617.4,0.8,-11.358624,2.800314,-11.260287,2.820095,4.054
11,21092026,3,556,7698,pedestrian,7734,car,619.2,620.4,1.2,-1.799697,2.655902,-1.676862,2.739898,4.221
11,21092026,3,557,7696,pedestrian,7734,car,619.8,621,1.2,-1.67432,2.742167,-1.551107,2.832272,4.208
11,21092026,3,558,7682,pedestrian,7734,car,620.4,621.6,1.2,-1.546027,2.831146,-1.432752,2.926766,4.461
11,21092026,3,559,7564,pedestrian,7734,car,621,621.6,0.6,-1.447657,2.906401,-1.421489,2.934584,4.561
11,21092026,3,500,7636,pedestrian,7685,bike,578,625.8,47.8,-9.324999,5.208185,-11.054017,3.926774,0.004
11,21092026,3,532,7648,pedestrian,7685,bike,594.4,625.8,31.4,-9.767156,4.832834,-10.945498,4.003181,2.162
11,21092026,3,560,7613,pedestrian,7685,bike,623.8,625.8,2,-10.979171,3.979472,-11.061086,3.895015,2.693
11,21092026,3,561,7671,pedestrian,7730,bike,624,626,2,-5.025579,8.720771,-5.084476,8.674473,2.601
11,21092026,3,562,7673,pedestrian,7730,bike,625.8,627.8,2,-5.2196,8.566592,-5.279368,8.519473,2.662
11,21092026,3,563,7671,pedestrian,7732,bike,626.4,628,1.6,-4.92421,8.800492,-4.991025,8.749674,2.655
11,21092026,3,564,7673,pedestrian,7732,bike,627.8,629.6,1.8,-5.127153,8.640884,-5.202391,8.57964,2.617
11,21092026,3,570,7640,pedestrian,7745,car,631,631.2,0.2,-4.000389,1.124564,-4.000389,1.124564,4.846
11,21092026,3,573,7636,pedestrian,7752,bike,631.2,631.4,0.2,-11.083062,3.832235,-11.083062,3.832235,4.638
11,21092026,3,572,7648,pedestrian,7752,bike,631.2,631.8,0.6,-11.069618,3.892638,-11.037596,3.906473,2.054
11,21092026,3,577,7617,pedestrian,7745,car,631.4,631.8,0.4,-3.91228,1.186272,-3.894655,1.198384,4.821
11,21092026,3,567,7652,pedestrian,7734,car,631,632,1,-2.601211,5.122258,-2.642967,5.211006,4.021
11,21092026,3,520,7589,pedestrian,7688,bike,586.4,632.2,45.8,-9.445603,5.135101,-10.942596,4.005224,0
11,21092026,3,534,7614,pedestrian,7688,bike,596.4,632.2,35.8,-9.769485,4.831194,-11.049515,3.929944,0
11,21092026,3,571,7648,pedestrian,7688,bike,631.2,632.2,1,-11.016281,3.930191,-11.061888,3.885788,3.186
11,21092026,3,574,7614,pedestrian,7752,bike,631.2,632.2,1,-11.040162,3.936529,-10.991847,3.970547,0.224
11,21092026,3,568,7651,pedestrian,7734,car,631,632.4,1.4,-2.599412,5.123395,-2.681686,5.24423,3.878
11,21092026,3,569,7631,pedestrian,7734,car,631,632.4,1.4,-2.599412,5.123395,-2.681686,5.24423,3.878
11,21092026,3,575,7665,pedestrian,7734,car,631.2,632.4,1.2,-2.759021,5.02149,-2.808264,5.151999,3.703
11,21092026,3,566,7663,pedestrian,7734,car,630.8,632.6,1.8,-2.702613,5.018277,-2.769265,5.211988,1.214
11,21092026,3,576,7589,pedestrian,7752,bike,631.4,633.2,1.8,-10.920142,4.021034,-10.826238,4.08715,0.019
11,21092026,3,578,7684,pedestrian,7752,bike,633.4,635,1.6,-10.58114,4.25972,-10.504153,4.313925,0.55
11,21092026,3,581,7589,pedestrian,7711,bike,636,637,1,-10.989221,3.972396,-11.05603,3.906321,2.475
11,21092026,3,582,7711,bike,7740,pedestrian,636.6,637,0.4,-11.046287,3.89298,-11.060339,3.88696,3.256
11,21092026,3,583,7614,pedestrian,7711,bike,636.8,637,0.2,-11.069065,3.847754,-11.069065,3.847754,4.907
11,21092026,3,565,7684,pedestrian,7690,bike,630,637.2,7.2,-10.35311,4.420272,-10.817986,4.092961,2.656
11,21092026,3,584,7690,bike,7740,pedestrian,637.2,638,0.8,-11.017047,3.92519,-11.055392,3.909815,2.327
11,21092026,3,585,7589,pedestrian,7690,bike,637.4,638,0.6,-11.031288,3.913509,-11.060922,3.88497,3.325
11,21092026,3,579,7710,bike,7740,pedestrian,635.8,638,2.2,-11.054212,3.871903,-11.024041,3.784685,1.275
11,21092026,3,546,7589,pedestrian,7710,bike,606,638.2,32.2,-9.770538,4.830453,-11.021651,3.737999,0.147
11,21092026,3,580,7614,pedestrian,7710,bike,635.8,638.4,2.6,-11.054854,3.869015,-11.02672,3.657799,2.735
11,21092026,3,586,7650,pedestrian,7755,car,638.4,640,1.6,-2.616183,8.133199,-2.812986,8.096989,0.472
11,21092026,3,587,7564,pedestrian,7745,car,639.8,640.6,0.8,-2.083817,2.460415,-2.029176,2.497528,4.288
11,21092026,3,588,7569,pedestrian,7745,car,640.2,641,0.8,-1.998099,2.519369,-1.942095,2.557427,4.277
11,21092026,3,590,7603,pedestrian,7745,car,640.6,641.4,0.8,-1.909988,2.579983,-1.854316,2.617812,4.265
11,21092026,3,589,7692,pedestrian,7752,bike,640.2,641.8,1.6,-9.459083,5.126181,-9.356717,5.161521,2.19
11,21092026,3,591,7684,pedestrian,7757,bike,641.6,643.8,2.2,-11.044408,3.93354,-11.049193,3.879861,0.002
11,21092026,3,593,7722,pedestrian,7752,bike,649,651.8,2.8,-7.933696,6.175144,-7.640956,6.378256,2.591
11,21092026,3,594,7722,pedestrian,7730,bike,650.2,652.2,2,-7.713544,6.327858,-7.770817,6.288239,2.624
11,21092026,3,595,7708,pedestrian,7710,bike,650.8,652.2,1.4,-9.602372,1.766702,-9.564075,1.712499,3.772
11,21092026,3,596,7722,pedestrian,7732,bike,650.8,652.8,2,-7.677717,6.352727,-7.728966,6.317289,2.589
11,21092026,3,598,7710,bike,7718,pedestrian,657.8,659,1.2,-8.896519,0.734628,-8.86379,0.68825,4.152
11,21092026,3,597,7692,pedestrian,7757,bike,656.4,660.4,4,-10.401484,4.386213,-10.445182,4.355446,0.05
11,21092026,3,599,7678,pedestrian,7755,car,660,661,1,-3.669887,5.633917,-3.602328,5.586503,3.674
11,21092026,3,602,7710,bike,7729,pedestrian,663.6,666,2.4,-8.219634,-0.109699,-8.054263,-0.236393,0.525
11,21092026,3,603,7710,bike,7731,pedestrian,663.8,666.2,2.4,-8.253053,-0.154317,-8.081871,-0.276991,1.931
11,21092026,3,601,7671,pedestrian,7767,bike,663,667,4,-2.98488,8.347124,-3.002442,8.389109,0.692
11,21092026,3,606,7728,pedestrian,7770,car,666,667,1,-11.262343,-2.445738,-11.182529,-2.416359,3.969
11,21092026,3,608,7710,bike,7727,pedestrian,666.4,667,0.6,-8.041426,-0.507661,-8.0266,-0.526949,4.775
11,21092026,3,604,7671,pedestrian,7768,bike,664.8,668.4,3.6,-2.910076,8.361385,-2.919091,8.41074,1.561
11,21092026,3,609,7710,bike,7727,pedestrian,667.2,669,1.8,-8.040504,-0.541482,-8.184735,-0.585015,3.231
11,21092026,3,615,7761,pedestrian,7770,car,669.6,670,0.4,-10.482176,-2.164029,-10.456716,-2.146343,4.988
11,21092026,3,607,7673,pedestrian,7767,bike,666.4,670.2,3.8,-3.191748,8.332325,-3.203121,8.330201,0.011
11,21092026,3,616,7760,pedestrian,7770,car,670.4,670.8,0.4,-10.3323,-2.059755,-10.308501,-2.043228,4.971
11,21092026,3,612,7730,bike,7740,pedestrian,668.6,671.2,2.6,-9.836922,4.783712,-9.929662,4.718416,0.024
11,21092026,3,613,7732,bike,7740,pedestrian,669.4,672,2.6,-9.810197,4.802529,-9.899939,4.739344,0.1
11,21092026,3,617,7743,car,7774,pedestrian,670.8,672.4,1.6,-11.394598,2.639292,-11.517337,2.64282,2.036
11,21092026,3,600,7747,pedestrian,7767,bike,662.2,672.8,10.6,-2.819343,8.404319,-3.358475,8.30105,1.931
11,21092026,3,614,7710,bike,7736,pedestrian,669.4,673,3.6,-8.325821,-0.800862,-8.35287,-0.819742,0.165
11,21092026,3,610,7673,pedestrian,7768,bike,667.8,673.2,5.4,-3.106984,8.340801,-3.045645,8.37505,0.025
11,21092026,3,618,7730,bike,7751,pedestrian,670.8,673.2,2.4,-10.09152,4.604454,-10.160749,4.555711,0.404
11,21092026,3,619,7732,bike,7751,pedestrian,671.6,673.8,2.2,-10.059056,4.627312,-10.121991,4.583,0.048
11,21092026,3,620,7624,pedestrian,7771,car,672,674,2,-2.623841,8.165111,-2.82988,8.145966,1.454
11,21092026,3,621,7658,pedestrian,7771,car,672.2,674.2,2,-2.619682,8.103561,-2.829207,8.088549,1.243
11,21092026,3,625,7751,pedestrian,7757,bike,673.8,674.2,0.4,-9.929878,4.718264,-9.920746,4.724693,4.905
11,21092026,3,622,7624,pedestrian,7772,car,672.6,674.6,2,-2.631105,8.184156,-2.822751,8.170534,2.092
11,21092026,3,623,7658,pedestrian,7772,car,672.8,675,2.2,-2.630879,8.122441,-2.843676,8.107966,0.661
11,21092026,3,628,7748,pedestrian,7770,car,674.8,675.4,0.6,-9.519916,-1.49458,-9.471494,-1.460952,4.904
11,21092026,3,629,7645,pedestrian,7770,car,675.2,675.4,0.2,-9.464754,-1.456248,-9.464754,-1.456248,4.899
11,21092026,3,624,7739,pedestrian,7752,bike,673.4,677.4,4,-4.431871,8.680913,-4.396931,8.661709,0.201
11,21092026,3,631,7744,pedestrian,7770,car,677.8,678.2,0.4,-8.972017,-1.113421,-8.948736,-1.09596,4.903
11,21092026,3,632,7623,pedestrian,7770,car,678,678.2,0.2,-8.939883,-1.08978,-8.939883,-1.08978,4.936
11,21092026,3,627,7741,pedestrian,7752,bike,674.6,678.4,3.8,-4.363963,8.64359,-4.335155,8.627757,0.032
11,21092026,3,630,7710,bike,7744,pedestrian,677.6,680.8,3.2,-8.822139,-1.147291,-8.827779,-1.151227,0.015
11,21092026,3,626,7751,pedestrian,7757,bike,674.4,681.2,6.8,-9.902483,4.737552,-9.560031,4.978668,2.619
11,21092026,3,633,7624,pedestrian,7778,bike,679.2,682.4,3.2,-2.92652,8.353604,-2.948547,8.40517,1.304
11,21092026,3,636,7665,pedestrian,7776,car,681.4,682.4,1,-2.665009,8.03028,-2.759196,8.023385,4.214
11,21092026,3,592,7740,pedestrian,7757,bike,641.6,682.6,41,-11.006272,3.960391,-9.351875,5.163991,0.606
11,21092026,3,634,7658,pedestrian,7778,bike,679.2,683.4,4.2,-2.886187,8.346336,-3.015355,8.384926,0.649
11,21092026,3,635,7710,bike,7748,pedestrian,680.6,683.8,3.2,-9.009084,-1.277778,-9.01105,-1.27915,0.224
11,21092026,3,637,7564,pedestrian,7769,car,683.4,684,0.6,-3.574189,1.423187,-3.544841,1.443349,4.713
11,21092026,3,639,7569,pedestrian,7769,car,684,684.6,0.6,-3.477825,1.49055,-3.450523,1.509261,4.696
11,21092026,3,641,7603,pedestrian,7769,car,684.4,685,0.6,-3.400083,1.545032,-3.371209,1.564857,4.652
11,21092026,3,640,7692,pedestrian,7749,car,684.2,686.6,2.4,-11.242072,2.755183,-11.51068,2.64733,0.06
11,21092026,3,638,7747,pedestrian,7752,bike,683.4,687.6,4.2,-3.809471,8.371235,-3.759371,8.355351,0.068
11,21092026,3,642,7710,bike,7760,pedestrian,685.8,689.2,3.4,-9.323938,-1.497545,-9.332622,-1.503607,0.178
11,21092026,3,643,7710,bike,7761,pedestrian,686.8,690.2,3.4,-9.375309,-1.533402,-9.380671,-1.537145,0.284
11,21092026,3,644,7602,pedestrian,7757,bike,688.2,690.2,2,-8.256089,5.878111,-8.152532,5.949921,0.256
11,21092026,3,646,7608,pedestrian,7757,bike,688.8,690.8,2,-8.172264,5.936238,-8.06713,6.00914,0.493
11,21092026,3,647,7637,pedestrian,7757,bike,689.4,691.2,1.8,-8.080498,5.999871,-7.992418,6.060948,0.115
11,21092026,3,645,7710,bike,7762,pedestrian,688.4,691.4,3,-9.483152,-1.608676,-9.505658,-1.624386,0.419
11,21092026,3,611,7623,pedestrian,7710,bike,668.2,692.8,24.6,-8.178777,-0.698231,-9.675583,-1.824621,1.122
11,21092026,3,648,7710,bike,7764,pedestrian,691.8,693.8,2,-9.758501,-1.80087,-9.84836,-1.863591,0.483
11,21092026,3,650,7747,pedestrian,7778,bike,694.2,694.8,0.6,-4.034601,8.464373,-4.050014,8.47104,4.777
11,21092026,3,651,7619,pedestrian,7769,car,694.4,695.2,0.8,-1.584684,2.80374,-1.545391,2.83682,4.265
11,21092026,3,652,7622,pedestrian,7769,car,694.8,695.6,0.8,-1.505126,2.862672,-1.466068,2.896067,4.458
11,21092026,3,653,7651,pedestrian,7769,car,695.4,695.8,0.4,-1.416778,2.930279,-1.403545,2.945833,4.694
11,21092026,3,649,7752,bike,7763,pedestrian,692.4,696.2,3.8,-3.202998,8.33021,-3.168564,8.336678,0.047
11,21092026,3,654,7696,pedestrian,7766,car,696,697.2,1.2,-3.244943,5.348029,-3.19508,5.307597,3.496
11,21092026,3,655,7741,pedestrian,7767,bike,696.2,699.4,3.2,-5.052052,8.700074,-5.35324,8.464058,2.621
11,21092026,3,656,7739,pedestrian,7767,bike,697,700,3,-5.177799,8.600215,-5.443815,8.397108,2.642
11,21092026,3,661,7770,car,7785,pedestrian,699.4,700,0.6,-11.256127,2.815802,-11.297884,2.828301,4.647
11,21092026,3,657,7693,pedestrian,7766,car,698.6,700.2,1.6,-2.891601,4.980081,-2.775629,4.913275,2.704
11,21092026,3,662,7564,pedestrian,7779,car,699.8,700.4,0.6,-4.126252,1.036597,-4.10291,1.052608,4.882
11,21092026,3,658,7710,bike,7783,pedestrian,698.6,700.6,2,-10.766613,-2.50453,-10.85659,-2.567334,0.282
11,21092026,3,659,7722,pedestrian,7767,bike,699,700.6,1.6,-5.469225,8.372879,-5.543433,8.325132,2.406
11,21092026,3,666,7569,pedestrian,7779,car,700.4,701,0.6,-4.041968,1.095555,-4.015555,1.113744,4.857
11,21092026,3,660,7710,bike,7733,pedestrian,699.2,701.2,2,-10.848901,-2.561967,-10.939211,-2.625003,0.445
11,21092026,3,664,7718,pedestrian,7745,car,699.8,701.4,1.6,-10.501641,3.05229,-10.63642,2.939321,2.032
11,21092026,3,665,7696,pedestrian,7771,car,700.2,701.4,1.2,-3.520975,5.542849,-3.46423,5.501128,3.424
11,21092026,3,669,7603,pedestrian,7779,car,701,701.4,0.4,-3.951542,1.158869,-3.939871,1.166874,4.836
11,21092026,3,663,7710,bike,7784,pedestrian,699.8,701.6,1.8,-10.932912,-2.620606,-11.01283,-2.676389,0.039
11,21092026,3,667,7696,pedestrian,7772,car,700.8,701.8,1,-3.552128,5.562104,-3.496534,5.52177,3.46
11,21092026,3,668,7710,bike,7787,pedestrian,700.8,702.2,1.4,-11.096102,-2.719686,-11.156771,-2.77686,0.065
11,21092026,3,672,7708,pedestrian,7745,car,704,704.8,0.8,-11.286489,2.829183,-11.368522,2.799745,4.496
11,21092026,3,671,7693,pedestrian,7771,car,704,705,1,-2.801667,5.132612,-2.721518,5.083485,4.468
11,21092026,3,670,7756,pedestrian,7779,car,704,705.6,1.6,-3.484202,1.486226,-3.334375,1.590581,4.66
11,21092026,3,675,7696,pedestrian,7776,car,706.4,706.8,0.4,-3.93505,5.745567,-3.920807,5.744179,4.767
11,21092026,3,673,7753,pedestrian,7779,car,705.2,707,1.8,-3.300503,1.614873,-3.129272,1.734135,4.598
11,21092026,3,674,7693,pedestrian,7769,car,706.2,707.2,1,-2.599299,5.115002,-2.629054,5.199885,4.415
11,21092026,3,676,7739,pedestrian,7757,bike,707,708.8,1.8,-5.731891,8.19563,-5.637053,8.254411,2.12
11,21092026,3,677,7741,pedestrian,7757,bike,707.6,709.2,1.6,-5.645551,8.254802,-5.562568,8.306235,2.285
11,21092026,3,680,7619,pedestrian,7779,car,711.8,712.8,1,-2.296815,2.314027,-2.252233,2.344212,4.351
11,21092026,3,681,7696,pedestrian,7782,car,712.2,713,0.8,-4.368984,5.85011,-4.327201,5.833655,4.368
11,21092026,3,683,7622,pedestrian,7779,car,712.4,713.4,1,-2.210095,2.373649,-2.165513,2.403835,4.313
11,21092026,3,605,7747,pedestrian,7768,bike,664.8,713.8,49,-2.870669,8.380032,-4.913314,8.811132,0.647
11,21092026,3,679,7722,pedestrian,7768,bike,711.6,713.8,2.2,-4.832008,8.853625,-4.893257,8.804083,2.69
11,21092026,3,686,7651,pedestrian,7779,car,713,714,1,-2.127368,2.4305,-2.078793,2.463457,4.305
11,21092026,3,687,7644,pedestrian,7779,car,713.4,714.6,1.2,-2.051794,2.482576,-1.994909,2.521111,4.278
11,21092026,3,685,7722,pedestrian,7778,bike,712.6,714.8,2.2,-4.785827,8.862078,-4.850724,8.799751,1.683
11,21092026,3,684,7747,pedestrian,7757,bike,712.6,715,2.4,-4.884081,8.812819,-4.807129,8.855467,2.698
11,21092026,3,678,7747,pedestrian,7778,bike,711,715.2,4.2,-4.67763,8.815954,-4.95903,8.775184,2.689
11,21092026,3,688,7652,pedestrian,7779,car,714,715.2,1.2,-1.965074,2.542198,-1.909347,2.57993,4.289
11,21092026,3,689,7663,pedestrian,7779,car,714.6,715.6,1,-1.875945,2.603543,-1.835355,2.630955,4.241
11,21092026,3,690,7631,pedestrian,7779,car,715.2,716.2,1,-1.792037,2.661163,-1.749354,2.690031,4.22
11,21092026,3,691,7751,pedestrian,7767,bike,716.2,717.8,1.6,-7.818363,6.255087,-7.890656,6.205026,2.61
11,21092026,3,693,7714,pedestrian,7779,car,717.6,718.2,0.6,-1.443098,2.910107,-1.422946,2.927588,4.558
11,21092026,3,692,7759,pedestrian,7789,car,717.6,718.4,0.8,-4.055265,1.086314,-3.98077,1.138103,4.863
11,21092026,3,694,7740,pedestrian,7767,bike,718,719.8,1.8,-8.074452,6.004063,-8.168571,5.938798,0.052
11,21092026,3,696,7696,pedestrian,7786,car,719.2,720,0.8,-4.82815,6.128051,-4.788713,6.097897,3.957
11,21092026,3,695,7757,bike,7763,pedestrian,718.2,722.2,4,-4.412588,8.670315,-4.392128,8.65907,0.171
11,21092026,3,697,7741,pedestrian,7768,bike,720.2,723.6,3.4,-5.992222,8.00949,-6.278987,7.795919,2.059
11,21092026,3,699,7739,pedestrian,7768,bike,721.2,724.4,3.2,-6.135042,7.905589,-6.395082,7.697089,2.19
11,21092026,3,698,7741,pedestrian,7778,bike,721.2,724.8,3.6,-6.034024,7.978997,-6.331445,7.757684,2.079
11,21092026,3,701,7619,pedestrian,7789,car,724.2,725,0.8,-2.778168,1.980557,-2.732274,2.012063,4.475
11,21092026,3,700,7739,pedestrian,7778,bike,722.4,725.4,3,-6.185173,7.869022,-6.430266,7.660373,2.236
11,21092026,3,703,7622,pedestrian,7789,car,724.6,725.4,0.8,-2.694665,2.039082,-2.648771,2.070588,4.464
11,21092026,3,704,7651,pedestrian,7789,car,725,725.8,0.8,-2.621178,2.090503,-2.568003,2.126973,4.402
11,21092026,3,705,7644,pedestrian,7789,car,725.2,726,0.8,-2.57656,2.121416,-2.534824,2.149831,4.41
11,21092026,3,702,7767,bike,7774,pedestrian,724.6,726.2,1.6,-9.132515,5.341349,-9.202774,5.295619,2.692
11,21092026,3,706,7652,pedestrian,7789,car,725.8,726.4,0.6,-2.480123,2.187798,-2.452245,2.206663,4.376
11,21092026,3,708,7663,pedestrian,7789,car,726.2,727,0.8,-2.398265,2.244144,-2.356124,2.272665,4.357
11,21092026,3,711,7631,pedestrian,7789,car,726.8,727.6,0.8,-2.282164,2.323987,-2.238396,2.353639,4.334
11,21092026,3,712,7714,pedestrian,7789,car,728.6,729.6,1,-1.912871,2.578127,-1.851911,2.61947,4.247
11,21092026,3,714,7602,pedestrian,7767,bike,728.8,729.8,1,-9.552604,4.983897,-9.580824,4.964027,4.245
11,21092026,3,715,7720,pedestrian,7789,car,729.2,730,0.8,-1.817861,2.643346,-1.768031,2.677205,4.236
11,21092026,3,713,7756,pedestrian,7789,car,728.6,730.2,1.6,-1.922832,2.571214,-1.741934,2.695076,4.237
11,21092026,3,716,7753,pedestrian,7789,car,729.4,731,1.6,-1.765056,2.679754,-1.587177,2.806024,4.208
11,21092026,3,717,7751,pedestrian,7768,bike,730.2,731.8,1.6,-7.077189,6.769693,-7.140472,6.725932,2.654
11,21092026,3,718,7751,pedestrian,7778,bike,730.6,732.4,1.8,-7.064846,6.778285,-7.118387,6.741295,2.612
11,21092026,3,719,7759,pedestrian,7792,car,731.6,732.4,0.8,-3.279881,1.629256,-3.195984,1.687544,4.612
11,21092026,3,720,7619,pedestrian,7792,car,732.4,733,0.6,-3.101225,1.754342,-3.06436,1.779679,4.557
11,21092026,3,721,7622,pedestrian,7792,car,732.8,733.4,0.6,-3.011453,1.8172,-2.974588,1.842537,4.529
11,21092026,3,722,7651,pedestrian,7792,car,733.2,733.8,0.6,-2.923672,1.878645,-2.887644,1.903389,4.502
11,21092026,3,723,7644,pedestrian,7792,car,733.6,734.2,0.6,-2.835308,1.940505,-2.795045,1.968252,4.473
11,21092026,3,724,7663,pedestrian,7792,car,734,734.6,0.6,-2.746103,2.00296,-2.706822,2.03001,4.447
11,21092026,3,727,7652,pedestrian,7792,car,734.4,735,0.6,-2.652366,2.06863,-2.618317,2.09197,4.417
11,21092026,3,729,7602,pedestrian,7767,bike,735,735.2,0.2,-9.794595,4.813515,-9.794595,4.813515,4.843
11,21092026,3,728,7631,pedestrian,7792,car,734.6,735.4,0.8,-2.61236,2.096598,-2.544994,2.142785,4.405
11,21092026,3,725,7740,pedestrian,7768,bike,734,735.6,1.6,-7.546719,6.275495,-7.6284,6.178776,4.194
11,21092026,3,731,7740,pedestrian,7778,bike,735.2,735.8,0.6,-7.561979,6.230554,-7.594216,6.196752,4.863
11,21092026,3,730,7740,pedestrian,7788,car,735.2,737,1.8,-7.434422,6.070425,-7.549538,5.950023,3.409
11,21092026,3,734,7714,pedestrian,7792,car,736.4,737,0.6,-2.21009,2.373547,-2.173313,2.39851,4.314
11,21092026,3,710,7790,pedestrian,7795,bike,726.6,737.4,10.8,-2.804423,8.411378,-3.526561,8.304355,0.412
11,21092026,3,726,7757,bike,7790,pedestrian,734,737.4,3.4,-3.49628,8.302705,-3.529825,8.303709,0.075
11,21092026,3,736,7720,pedestrian,7792,car,736.8,737.4,0.6,-2.122707,2.433635,-2.083136,2.460537,4.302
11,21092026,3,733,7722,pedestrian,7795,bike,736.4,740.4,4,-3.478566,8.301623,-3.476242,8.301237,0.22
11,21092026,3,735,7767,bike,7785,pedestrian,736.8,741,4.2,-9.943339,4.708786,-9.922917,4.723165,0.073
11,21092026,3,707,7637,pedestrian,7767,bike,725.8,741.8,16,-9.324774,5.212538,-9.949639,4.70435,0
11,21092026,3,739,7768,bike,7774,pedestrian,739.2,742.2,3,-8.278969,5.935244,-8.280432,5.934382,2.57
11,21092026,3,738,7722,pedestrian,7797,bike,739,742.4,3.4,-3.324963,8.307329,-3.339365,8.304722,0.185
11,21092026,3,740,7774,pedestrian,7778,bike,740,743,3,-8.235971,5.965104,-8.225655,5.97241,2.578
11,21092026,3,741,7722,pedestrian,7802,bike,741.6,745.6,4,-3.165607,8.337208,-3.139241,8.344241,0.187
11,21092026,3,742,7775,pedestrian,7798,car,746.2,746.8,0.6,-4.067155,1.07798,-4.011747,1.11646,4.859
11,21092026,3,682,7722,pedestrian,7757,bike,712.2,747,34.8,-4.949625,8.782639,-2.887829,8.372622,1.796
11,21092026,3,743,7773,pedestrian,7798,car,746.8,747.4,0.6,-3.92999,1.174034,-3.874582,1.212514,4.819
11,21092026,3,744,7619,pedestrian,7798,car,747.8,748.2,0.4,-3.706404,1.330562,-3.687776,1.343366,4.761
11,21092026,3,745,7622,pedestrian,7798,car,748.2,748.6,0.4,-3.620206,1.390878,-3.597614,1.406493,4.732
11,21092026,3,746,7775,pedestrian,7799,car,748.2,748.8,0.6,-3.965831,1.148939,-3.908081,1.189051,4.829
11,21092026,3,747,7651,pedestrian,7798,car,748.6,749.2,0.6,-3.530044,1.454005,-3.488824,1.482424,4.723
11,21092026,3,748,7773,pedestrian,7799,car,748.8,749.4,0.6,-3.826622,1.246399,-3.769607,1.28599,4.784
11,21092026,3,749,7644,pedestrian,7798,car,749,749.4,0.4,-3.439882,1.517133,-3.422662,1.528938,4.703
11,21092026,3,750,7619,pedestrian,7799,car,749.2,749.6,0.4,-3.748072,1.301262,-3.72864,1.314622,4.776
11,21092026,3,752,7663,pedestrian,7798,car,749.4,749.8,0.4,-3.354484,1.576881,-3.333907,1.591067,4.682
11,21092026,3,753,7622,pedestrian,7799,car,749.6,750,0.4,-3.659129,1.363496,-3.640835,1.376049,4.739
11,21092026,3,754,7652,pedestrian,7798,car,749.8,750.2,0.4,-3.262373,1.641391,-3.24093,1.656191,4.635
11,21092026,3,755,7651,pedestrian,7799,car,749.8,750.4,0.6,-3.585954,1.414969,-3.549065,1.440287,4.71
11,21092026,3,756,7644,pedestrian,7799,car,750.2,750.6,0.4,-3.500123,1.474996,-3.480691,1.488355,4.695
11,21092026,3,757,7631,pedestrian,7798,car,750.2,750.8,0.6,-3.169395,1.706515,-3.133663,1.731042,4.611
11,21092026,3,758,7663,pedestrian,7799,car,750.6,751.2,0.6,-3.408353,1.539235,-3.369489,1.565953,4.679
11,21092026,3,759,7652,pedestrian,7799,car,751,751.4,0.4,-3.31799,1.602475,-3.300212,1.614662,4.671
11,21092026,3,760,7619,pedestrian,7800,car,751.2,751.6,0.4,-3.824643,1.247625,-3.807963,1.259082,4.793
11,21092026,3,761,7775,pedestrian,7800,car,751.2,752,0.8,-3.809103,1.258645,-3.732203,1.312066,4.78
11,21092026,3,762,7622,pedestrian,7800,car,751.4,752,0.6,-3.759022,1.29379,-3.721697,1.319516,4.776
11,21092026,3,763,7631,pedestrian,7799,car,751.4,752,0.6,-3.225418,1.667283,-3.183392,1.696244,4.64
11,21092026,3,764,7714,pedestrian,7798,car,751.6,752.2,0.6,-2.840965,1.936583,-2.80394,1.962026,4.478
11,21092026,3,766,7651,pedestrian,7800,car,752,752.4,0.4,-3.652111,1.368494,-3.637421,1.378539,4.77
11,21092026,3,765,7773,pedestrian,7800,car,751.8,752.6,0.8,-3.67815,1.3504,-3.600882,1.404081,4.735
11,21092026,3,767,7720,pedestrian,7798,car,752,752.6,0.6,-2.750918,1.999629,-2.713894,2.025072,4.447
11,21092026,3,768,7644,pedestrian,7800,car,752.4,752.8,0.4,-3.567252,1.427931,-3.551979,1.43839,4.75
11,21092026,3,769,7663,pedestrian,7800,car,752.8,753.4,0.6,-3.482393,1.487367,-3.448209,1.510866,4.706
11,21092026,3,770,7714,pedestrian,7799,car,752.8,753.4,0.6,-2.887484,1.90399,-2.848851,1.930544,4.489
11,21092026,3,737,7678,pedestrian,7768,bike,737.2,753.8,16.6,-8.067226,6.009074,-9.148145,5.317987,0.425
11,21092026,3,772,7652,pedestrian,7800,car,753.2,753.8,0.6,-3.397534,1.546804,-3.365907,1.568489,4.668
11,21092026,3,774,7720,pedestrian,7799,car,753.2,753.8,0.6,-2.799909,1.965253,-2.757197,1.994701,4.46
11,21092026,3,751,7678,pedestrian,7778,bike,749.4,754.2,4.8,-8.79142,5.506897,-9.151687,5.329116,0.52
11,21092026,3,775,7631,pedestrian,7800,car,753.6,754.2,0.6,-3.310092,1.608072,-3.278256,1.629906,4.624
11,21092026,3,771,7768,bike,7785,pedestrian,753,754.6,1.6,-9.214777,5.287562,-9.2809,5.244287,2.677
11,21092026,3,773,7778,bike,7785,pedestrian,753.2,754.8,1.6,-9.190124,5.303484,-9.263103,5.255926,2.646
11,21092026,3,776,7714,pedestrian,7800,car,755.2,755.8,0.6,-2.981615,1.838047,-2.948487,1.860797,4.52
11,21092026,3,778,7720,pedestrian,7800,car,755.6,756.2,0.6,-2.898239,1.896433,-2.86511,1.919183,4.494
11,21092026,3,777,7759,pedestrian,7798,car,755.4,756.6,1.2,-1.965378,2.542006,-1.823867,2.638805,4.247
11,21092026,3,779,7759,pedestrian,7799,car,757.2,758.2,1,-1.851192,2.620463,-1.734753,2.700104,4.225
11,21092026,3,780,7693,pedestrian,7798,car,758,758.2,0.2,-1.392355,2.947757,-1.392355,2.947757,4.982
11,21092026,3,781,7693,pedestrian,7799,car,759,759.4,0.4,-1.437669,2.91402,-1.421,2.928303,4.574
11,21092026,3,782,7619,pedestrian,7806,car,760.8,761,0.2,-4.205002,0.981305,-4.205002,0.981305,4.911
11,21092026,3,783,7622,pedestrian,7806,car,761.2,761.6,0.4,-4.121722,1.039675,-4.109363,1.048095,4.902
11,21092026,3,784,7651,pedestrian,7806,car,761.6,762,0.4,-4.042407,1.095234,-4.023256,1.108471,4.872
11,21092026,3,787,7644,pedestrian,7806,car,762,762.4,0.4,-3.955162,1.156416,-3.941383,1.165843,4.83
11,21092026,3,786,7693,pedestrian,7800,car,761.8,762.6,0.8,-1.597676,2.794898,-1.554319,2.829896,4.294
11,21092026,3,785,7759,pedestrian,7800,car,761.8,763,1.2,-1.600276,2.793093,-1.473956,2.890461,4.333
11,21092026,3,789,7663,pedestrian,7806,car,762.6,763,0.4,-3.859653,1.223115,-3.846016,1.232441,4.804
11,21092026,3,790,7652,pedestrian,7806,car,763,763.4,0.4,-3.778026,1.280313,-3.764493,1.289566,4.795
11,21092026,3,791,7631,pedestrian,7806,car,763.4,764,0.6,-3.694617,1.338776,-3.661754,1.361391,4.765
11,21092026,3,709,7608,pedestrian,7767,bike,726.4,765.2,38.8,-9.398552,5.092602,-10.952927,3.997951,0
11,21092026,3,732,7602,pedestrian,7767,bike,735.4,765.2,29.8,-9.808829,4.803493,-11.054184,3.926657,0.952
11,21092026,3,792,7714,pedestrian,7806,car,765,765.6,0.6,-3.382316,1.557494,-3.352174,1.57818,4.646
11,21092026,3,793,7720,pedestrian,7806,car,765.4,766,0.6,-3.301925,1.613815,-3.269009,1.636469,4.632
11,21092026,3,794,7751,pedestrian,7795,bike,765.6,767.2,1.6,-5.518962,8.336986,-5.590874,8.292358,2.324
11,21092026,3,796,7751,pedestrian,7797,bike,766.4,767.8,1.4,-5.484246,8.362108,-5.555993,8.316257,2.358
11,21092026,3,798,7712,pedestrian,7798,car,766.8,767.8,1,-2.611566,5.139681,-2.673134,5.230551,3.878
11,21092026,3,800,7713,pedestrian,7798,car,766.8,767.8,1,-2.611566,5.139681,-2.673134,5.230551,3.878
11,21092026,3,797,7716,pedestrian,7798,car,766.4,768,1.6,-2.666995,5.032424,-2.738597,5.218417,0.438
11,21092026,3,799,7775,pedestrian,7806,car,766.8,768,1.2,-3.026299,1.80687,-2.904986,1.891178,4.527
11,21092026,3,805,7713,pedestrian,7799,car,767.6,768.4,0.8,-2.605945,5.132149,-2.640442,5.211072,4.096
11,21092026,3,803,7712,pedestrian,7799,car,767.6,768.6,1,-2.605945,5.132149,-2.670224,5.225897,3.883
11,21092026,3,801,7716,pedestrian,7799,car,767.2,768.8,1.6,-2.638974,5.039252,-2.714794,5.230357,1.516
11,21092026,3,804,7773,pedestrian,7806,car,767.6,768.8,1.2,-2.875195,1.91265,-2.753882,1.996958,4.487
11,21092026,3,795,7790,pedestrian,7795,bike,766,770.2,4.2,-5.588375,8.287682,-6.029863,7.977755,1.925
11,21092026,3,788,7637,pedestrian,7768,bike,762.6,771.6,9,-10.576152,4.263232,-11.052471,3.927863,1.381
11,21092026,3,806,7608,pedestrian,7768,bike,771.4,771.6,0.2,-11.07311,3.842155,-11.07311,3.842155,4.896
11,21092026,3,802,7790,pedestrian,7797,bike,767.6,771.8,4.2,-5.701477,8.209872,-6.140609,7.896571,1.863
11,21092026,3,808,7637,pedestrian,7778,bike,771.4,772.4,1,-10.989141,3.972453,-11.066218,3.899766,1.929
11,21092026,3,809,7693,pedestrian,7806,car,771.6,772.4,0.8,-2.111132,2.441661,-2.069479,2.469849,4.316
11,21092026,3,807,7763,pedestrian,7795,bike,771.4,774,2.6,-6.395946,7.70249,-6.564442,7.480302,2.503
11,21092026,3,811,7774,pedestrian,7795,bike,772.8,774.4,1.6,-6.558646,7.478695,-6.597597,7.409905,2.492
11,21092026,3,810,7763,pedestrian,7797,bike,772.4,775,2.6,-6.425601,7.671992,-6.582534,7.446507,2.594
11,21092026,3,812,7774,pedestrian,7797,bike,773.4,775,1.6,-6.542916,7.515437,-6.58051,7.44908,2.755
11,21092026,3,813,7747,pedestrian,7795,bike,774.2,777.8,3.6,-6.644883,7.21877,-6.859355,6.91999,2.471
11,21092026,3,814,7747,pedestrian,7797,bike,775.4,778.6,3.2,-6.6592,7.158829,-6.885415,6.900329,2.653
11,21092026,3,815,7751,pedestrian,7802,bike,778.4,780.4,2,-4.860741,8.846635,-4.917028,8.808168,2.676
11,21092026,3,817,7631,pedestrian,7818,car,782.2,782.4,0.2,-4.426049,0.826463,-4.426049,0.826463,4.998
11,21092026,3,816,7751,pedestrian,7809,bike,780.8,783.4,2.6,-4.754801,8.858287,-4.817239,8.78259,0.609
11,21092026,3,820,7714,pedestrian,7818,car,783.4,783.6,0.2,-4.112233,1.046236,-4.112233,1.046236,4.882
11,21092026,3,821,7720,pedestrian,7818,car,783.6,784,0.4,-4.041663,1.09582,-4.020035,1.110695,4.89
11,21092026,3,818,7785,pedestrian,7795,bike,782.6,784.6,2,-7.755495,6.225237,-7.847043,6.161755,0.43
11,21092026,3,819,7785,pedestrian,7797,bike,783.2,785.2,2,-7.735698,6.238964,-7.815862,6.183376,0.174
11,21092026,3,822,7719,pedestrian,7806,car,785.2,787.2,2,-2.639641,5.044518,-2.718473,5.246313,1.608
11,21092026,3,823,7721,pedestrian,7806,car,785.2,787.2,2,-2.674923,5.017997,-2.749947,5.223139,0.276
11,21092026,3,829,7693,pedestrian,7818,car,787.8,788.2,0.4,-2.965358,1.849391,-2.944965,1.86339,4.554
11,21092026,3,825,7774,pedestrian,7802,bike,786.8,788.8,2,-5.852472,8.105955,-5.911077,8.066205,1.898
11,21092026,3,824,7741,pedestrian,7795,bike,786.2,789.2,3,-8.325824,5.902713,-8.597078,5.714509,2.565
11,21092026,3,828,7774,pedestrian,7809,bike,787.6,789.4,1.8,-5.809763,8.135517,-5.869984,8.096901,1.904
11,21092026,3,826,7739,pedestrian,7795,bike,787.2,790,2.8,-8.475398,5.798855,-8.725756,5.625152,2.568
11,21092026,3,827,7741,pedestrian,7797,bike,787.4,790.2,2.8,-8.378468,5.866159,-8.630034,5.691621,2.571
11,21092026,3,830,7739,pedestrian,7797,bike,788.2,791,2.8,-8.518531,5.768908,-8.771735,5.593231,2.558
11,21092026,3,831,7785,pedestrian,7812,car,791.4,793.4,2,-7.384161,6.038631,-7.514715,5.886824,0.766
11,21092026,3,834,7775,pedestrian,7818,car,792.6,793.6,1,-1.705385,2.720817,-1.581989,2.809175,4.203
11,21092026,3,832,7813,pedestrian,7826,car,791.4,793.8,2.4,-2.68722,8.227894,-2.833693,8.081565,2.01
11,21092026,3,836,7773,pedestrian,7818,car,793.2,794,0.8,-1.559117,2.822069,-1.471079,2.892116,4.407
11,21092026,3,833,7696,pedestrian,7795,bike,792.4,796,3.6,-9.268749,5.253173,-9.584818,4.961215,1.765
11,21092026,3,837,7813,pedestrian,7828,car,793.8,796,2.2,-2.623697,8.159752,-2.762486,8.02291,1.91
11,21092026,3,838,7753,pedestrian,7817,car,797.8,799,1.2,-3.660233,5.628327,-3.597745,5.583352,3.707
11,21092026,3,839,7756,pedestrian,7817,car,798.2,799.4,1.2,-3.576938,5.577756,-3.51467,5.532459,3.566
11,21092026,3,840,7795,bike,7807,pedestrian,798.2,800.2,2,-10.133808,4.574679,-10.232777,4.504997,0.285
11,21092026,3,841,7637,pedestrian,7792,car,798.8,800.4,1.6,-11.376869,2.648412,-11.586903,2.570935,2.986
11,21092026,3,842,7795,bike,7816,pedestrian,799.2,801,1.8,-10.273069,4.476628,-10.344854,4.426085,0.344
11,21092026,3,846,7729,pedestrian,7817,car,802,803.8,1.8,-2.904937,5.032871,-2.763519,4.935064,1.564
11,21092026,3,847,7731,pedestrian,7817,car,802.4,803.8,1.4,-2.891968,4.959595,-2.784651,4.8897,3.426
11,21092026,3,843,7790,pedestrian,7802,bike,800.4,804.4,4,-7.187189,6.693293,-7.498957,6.476995,2.602
11,21092026,3,852,7693,pedestrian,7824,car,804.6,805.2,0.6,-3.863311,1.220712,-3.844484,1.233533,4.8
11,21092026,3,844,7790,pedestrian,7809,bike,801.2,805.4,4.2,-7.230413,6.663289,-7.537363,6.450328,2.604
11,21092026,3,845,7763,pedestrian,7802,bike,801.6,805.8,4.2,-7.334903,6.590733,-7.66308,6.363052,2.596
11,21092026,3,854,7740,pedestrian,7825,car,805.2,806.4,1.2,-4.910338,6.195303,-4.789404,6.098732,3.974
11,21092026,3,848,7797,bike,7807,pedestrian,802.6,806.6,4,-9.949572,4.704397,-9.971854,4.688709,0.359
11,21092026,3,849,7763,pedestrian,7809,bike,803.2,807.2,4,-7.410579,6.538203,-7.716367,6.326046,2.615
11,21092026,3,850,7797,bike,7816,pedestrian,804,807.6,3.6,-10.002434,4.667178,-10.034321,4.644727,0.178
11,21092026,3,851,7747,pedestrian,7802,bike,804.2,808,3.8,-7.653288,6.369687,-7.938566,6.171757,2.592
11,21092026,3,855,7753,pedestrian,7825,car,807.6,808.2,0.6,-4.35835,5.845049,-4.323827,5.831188,4.381
11,21092026,3,856,7756,pedestrian,7825,car,808,808.6,0.6,-4.264498,5.801067,-4.227569,5.791576,4.504
11,21092026,3,853,7747,pedestrian,7809,bike,805.2,809.2,4,-7.688896,6.344964,-7.978067,6.144325,2.61
11,21092026,3,857,7801,pedestrian,7824,car,809.6,811.6,2,-3.117709,1.742846,-2.926387,1.876141,4.541
11,21092026,3,858,7696,pedestrian,7835,bike,816.6,818,1.4,-10.89539,4.038461,-10.814668,4.095296,0.487
11,21092026,3,859,7753,pedestrian,7826,car,817.2,818.2,1,-4.965213,6.241833,-4.940042,6.211536,4.326
11,21092026,3,860,7756,pedestrian,7826,car,817.8,818.8,1,-4.891303,6.179568,-4.865332,6.151806,4.031
11,21092026,3,865,7753,pedestrian,7828,car,819.6,820.2,0.6,-5.066952,6.332544,-5.055558,6.314386,4.699
11,21092026,3,861,7802,bike,7807,pedestrian,818.2,820.4,2.2,-9.354874,5.164846,-9.459069,5.126132,2.243
11,21092026,3,866,7756,pedestrian,7828,car,819.8,820.6,0.8,-5.015492,6.283543,-4.989241,6.255226,4.485
11,21092026,3,835,7696,pedestrian,7797,bike,793.2,820.8,27.6,-9.326336,5.215755,-11.061796,3.921298,0.415
11,21092026,3,863,7807,pedestrian,7809,bike,818.6,820.8,2.2,-9.351372,5.175045,-9.443623,5.136343,2.39
11,21092026,3,862,7802,bike,7816,pedestrian,818.6,821,2.4,-9.393856,5.100756,-9.511749,5.065742,0.941
11,21092026,3,864,7809,bike,7816,pedestrian,819,821.6,2.6,-9.384678,5.112612,-9.480726,5.104897,1.294
11,21092026,3,868,7696,pedestrian,7838,bike,820.8,821.6,0.8,-11.065199,3.91244,-11.020624,3.924443,1.266
11,21092026,3,869,7705,pedestrian,7824,car,821.4,821.6,0.2,-1.387023,2.952136,-1.387023,2.952136,4.886
11,21092026,3,870,7739,pedestrian,7835,bike,821.4,823,1.6,-9.933382,4.715796,-9.822312,4.794,0.319
11,21092026,3,871,7740,pedestrian,7826,car,821.8,823,1.2,-4.272864,5.804784,-4.167026,5.776216,4.635
11,21092026,3,872,7741,pedestrian,7835,bike,821.8,823.2,1.4,-9.851846,4.773205,-9.766428,4.833346,0.171
11,21092026,3,873,7739,pedestrian,7802,bike,822.6,826.4,3.8,-9.811366,4.801706,-9.952635,4.702241,3.07
11,21092026,3,875,7739,pedestrian,7809,bike,824.8,826.4,1.6,-9.908363,4.733412,-9.952635,4.702241,3.726
11,21092026,3,877,7740,pedestrian,7828,car,825,826.4,1.4,-4.153544,5.773175,-4.01626,5.756763,4.63
11,21092026,3,876,7816,pedestrian,7835,bike,824.8,826.6,1.8,-9.294366,5.235472,-9.125092,5.346835,2.64
11,21092026,3,878,7807,pedestrian,7835,bike,825,827.2,2.2,-9.252318,5.263082,-9.009295,5.428275,2.668
11,21092026,3,879,7739,pedestrian,7838,bike,825.8,827.8,2,-10.124039,4.581558,-10.011002,4.661146,0.519
11,21092026,3,880,7741,pedestrian,7838,bike,826.4,828.2,1.8,-10.033296,4.645449,-9.932819,4.716193,0.067
11,21092026,3,874,7741,pedestrian,7809,bike,823.6,828.8,5.2,-9.768266,4.832052,-9.947624,4.705769,1.159
11,21092026,3,881,7747,pedestrian,7835,bike,828,829.4,1.4,-8.658079,5.672142,-8.559769,5.740273,2.56
11,21092026,3,882,7763,pedestrian,7835,bike,828.4,829.8,1.4,-8.572461,5.731599,-8.476388,5.798174,2.569
11,21092026,3,883,7790,pedestrian,7835,bike,828.8,830.2,1.4,-8.490188,5.788729,-8.392118,5.856693,2.607
11,21092026,3,886,7712,pedestrian,7844,bike,831.2,831.4,0.2,-2.756286,8.434156,-2.756286,8.434156,4.798
11,21092026,3,884,7736,pedestrian,7826,car,830.6,833.2,2.6,-2.911839,5.095839,-2.726934,4.985493,0.557
11,21092026,3,885,7744,pedestrian,7826,car,831,833.2,2.2,-2.899811,5.045736,-2.744817,4.971955,0.764
11,21092026,3,887,7748,pedestrian,7826,car,831.4,833.4,2,-2.897399,4.974643,-2.766723,4.91558,2.715
11,21092026,3,892,7736,pedestrian,7828,car,833,835,2,-2.857963,5.130224,-2.719733,5.051437,3.007
11,21092026,3,889,7744,pedestrian,7828,car,832.8,835.2,2.4,-2.893507,5.126246,-2.718799,5.029566,2.046
11,21092026,3,888,7816,pedestrian,7838,bike,832.6,835.4,2.8,-9.040571,5.403948,-8.766883,5.596451,2.553
11,21092026,3,891,7748,pedestrian,7828,car,833,835.4,2.4,-2.910254,5.068479,-2.73694,4.993061,0.234
11,21092026,3,894,7747,pedestrian,7838,bike,833.6,835.4,1.8,-8.871022,5.523546,-8.766892,5.596445,2.552
11,21092026,3,895,7760,pedestrian,7828,car,833.6,835.6,2,-2.897921,4.975055,-2.774777,4.92081,2.583
11,21092026,3,899,7761,pedestrian,7828,car,834.4,835.6,1.2,-2.870254,4.912802,-2.791805,4.884232,4.139
11,21092026,3,897,7763,pedestrian,7838,bike,834.2,835.8,1.6,-8.779908,5.587552,-8.687922,5.651291,2.585
11,21092026,3,893,7807,pedestrian,7838,bike,833.4,836.2,2.8,-8.904336,5.4996,-8.634304,5.688509,2.572
11,21092026,3,902,7760,pedestrian,7824,car,835.2,836.2,1,-2.783712,5.031155,-2.8114,5.115413,4.616
11,21092026,3,901,7790,pedestrian,7838,bike,834.8,836.4,1.6,-8.690663,5.649511,-8.599477,5.712694,2.559
11,21092026,3,890,7774,pedestrian,7844,bike,833,836.6,3.6,-3.038833,8.344958,-3.030095,8.380052,0.261
11,21092026,3,898,7736,pedestrian,7824,car,834.2,836.6,2.4,-2.650311,5.044413,-2.713902,5.241836,1.422
11,21092026,3,896,7744,pedestrian,7824,car,834.2,836.8,2.6,-2.671106,5.028716,-2.737893,5.246341,0.773
11,21092026,3,900,7748,pedestrian,7824,car,834.4,836.8,2.4,-2.713192,5.019309,-2.760344,5.22981,1.164
11,21092026,3,903,7814,pedestrian,7835,bike,840.6,841.8,1.2,-6.454787,7.63833,-6.401159,7.700274,2.331
11,21092026,3,904,7785,pedestrian,7839,car,843,844.2,1.2,-4.922971,6.206875,-4.790447,6.099316,3.946
11,21092026,3,905,7705,pedestrian,7842,car,847,847.6,0.6,-2.552967,2.137724,-2.522013,2.158707,4.391
11,21092026,3,906,7715,pedestrian,7842,car,847.4,848.2,0.8,-2.468135,2.196103,-2.424307,2.225769,4.378
11,21092026,3,908,7713,pedestrian,7842,car,847.8,848.6,0.8,-2.38789,2.251297,-2.341254,2.282913,4.397
11,21092026,3,909,7716,pedestrian,7842,car,848.2,849,0.8,-2.30393,2.30907,-2.252038,2.344334,4.369
11,21092026,3,907,7814,pedestrian,7838,bike,847.6,849.2,1.6,-6.65857,7.175431,-6.636117,7.259939,2.619
11,21092026,3,910,7827,pedestrian,7835,bike,848.6,850.4,1.8,-4.887098,8.809925,-4.813655,8.856988,2.771
11,21092026,3,912,7740,pedestrian,7839,car,850.6,852,1.4,-3.082386,5.2053,-2.952946,5.057211,3.14
11,21092026,3,916,7739,pedestrian,7802,bike,851.8,852,0.2,-10.979024,3.979576,-10.979024,3.979576,4.918
11,21092026,3,915,7721,pedestrian,7842,car,851.6,852.4,0.8,-1.632046,2.771144,-1.588892,2.804731,4.189
11,21092026,3,914,7785,pedestrian,7840,car,851.2,852.6,1.4,-4.527531,5.924987,-4.373912,5.855445,4.19
11,21092026,3,918,7773,pedestrian,7839,car,852,852.6,0.6,-2.734953,5.091244,-2.705875,5.043568,4.639
11,21092026,3,917,7810,pedestrian,7842,car,851.8,853,1.2,-1.579503,2.807362,-1.452224,2.906537,4.377
11,21092026,3,911,7802,bike,7841,pedestrian,849.8,853.4,3.6,-10.878402,4.050422,-10.874432,4.053218,0.095
11,21092026,3,867,7741,pedestrian,7802,bike,820.4,854,33.6,-9.617677,4.93808,-11.060797,3.922001,0.503
11,21092026,3,919,7739,pedestrian,7802,bike,852.2,854,1.8,-10.990306,3.968393,-11.070164,3.879916,2.795
11,21092026,3,913,7809,bike,7841,pedestrian,851,854,3,-10.816701,4.093865,-10.833442,4.082078,0.132
11,21092026,3,923,7705,pedestrian,7846,car,853.4,854.2,0.8,-2.858036,1.924702,-2.814609,1.954471,4.5
11,21092026,3,924,7741,pedestrian,7809,bike,853.6,854.6,1,-10.987335,3.973724,-11.053983,3.926799,1.496
11,21092026,3,927,7739,pedestrian,7809,bike,854.2,854.6,0.4,-11.047328,3.887932,-11.066541,3.870373,3.719
11,21092026,3,926,7715,pedestrian,7846,car,853.8,854.6,0.8,-2.778174,1.980653,-2.736716,2.009025,4.458
11,21092026,3,928,7713,pedestrian,7846,car,854.4,855,0.6,-2.685192,2.045566,-2.654268,2.066811,4.426
11,21092026,3,929,7716,pedestrian,7846,car,854.6,855.6,1,-2.627691,2.086002,-2.560652,2.131859,4.402
11,21092026,3,921,7843,pedestrian,7854,bike,853,856,3,-2.889815,8.370972,-3.043019,8.344038,3.254
11,21092026,3,930,7759,pedestrian,7852,car,855.4,856,0.6,-2.712062,8.236686,-2.748468,8.235723,4.917
11,21092026,3,925,7803,pedestrian,7850,bike,853.8,858.2,4.4,-9.846182,-1.862071,-9.522544,-1.705237,0.954
11,21092026,3,931,7827,pedestrian,7838,bike,857.2,858.8,1.6,-5.297171,8.505983,-5.220292,8.566071,2.652
11,21092026,3,920,7719,pedestrian,7854,bike,853,859,6,-2.89409,8.346891,-2.940563,8.408199,1.109
11,21092026,3,933,7721,pedestrian,7846,car,858,859,1,-1.972398,2.537185,-1.915774,2.575529,4.259
11,21092026,3,932,7679,pedestrian,7850,bike,857.6,859.6,2,-9.44391,-1.581285,-9.352562,-1.517525,0.504
11,21092026,3,934,7682,pedestrian,7850,bike,858.2,860.2,2,-9.360358,-1.522967,-9.269823,-1.459773,0.224
11,21092026,3,935,7698,pedestrian,7850,bike,858.8,860.6,1.8,-9.278651,-1.465935,-9.199511,-1.410696,0.014
11,21092026,3,936,7773,pedestrian,7840,car,859.6,861,1.4,-2.956889,5.055515,-2.894968,4.991189,3.305
11,21092026,3,938,7775,pedestrian,7840,car,860,861.4,1.4,-2.907715,4.997563,-2.830832,4.91771,3.411
11,21092026,3,937,7740,pedestrian,7840,car,859.6,861.6,2,-2.904184,5.085009,-2.74853,4.974686,0.398
11,21092026,3,922,7759,pedestrian,7854,bike,853,862.2,9.2,-2.780034,8.248658,-3.056641,8.372054,1.224
11,21092026,3,939,7835,bike,7836,pedestrian,860,863.2,3.2,-3.913363,8.411252,-3.89266,8.403796,0.03
11,21092026,3,940,7819,pedestrian,7842,car,862.2,864,1.8,-2.641335,5.040787,-2.793675,5.16882,1.025
11,21092026,3,942,7740,pedestrian,7842,car,862.4,864.2,1.8,-2.686154,5.03744,-2.76506,5.220694,0.638
11,21092026,3,941,7835,bike,7843,pedestrian,862.2,865.4,3.2,-3.733887,8.347271,-3.724694,8.344356,0.332
11,21092026,3,943,7794,pedestrian,7837,car,864.4,865.8,1.4,-10.507824,3.026724,-10.620397,2.934825,2.541
11,21092026,3,944,7731,pedestrian,7857,car,864.6,866.8,2.2,-2.62374,8.175541,-2.838617,8.152964,1.787
11,21092026,3,945,7836,pedestrian,7838,bike,866.6,870.2,3.6,-4.310008,8.613936,-4.308175,8.612929,0.246
11,21092026,3,947,7831,pedestrian,7850,bike,869.6,872,2.4,-8.091113,-0.27488,-8.152414,-0.075416,0.964
11,21092026,3,946,7838,bike,7843,pedestrian,868.8,872.2,3.4,-4.17951,8.542212,-4.189401,8.547649,0.022
11,21092026,3,950,7784,pedestrian,7846,car,871.8,872.8,1,-2.77755,5.027165,-2.815067,5.132659,4.441
11,21092026,3,949,7764,pedestrian,7846,car,871.4,873,1.6,-2.742538,5.005849,-2.808733,5.171063,3.377
11,21092026,3,948,7731,pedestrian,7835,bike,870.6,875.2,4.6,-3.076648,8.34273,-2.857653,8.389963,0.457
11,21092026,3,951,7827,pedestrian,7844,bike,872,875.6,3.6,-5.902713,8.071233,-6.241842,7.822906,1.99
11,21092026,3,952,7807,pedestrian,7844,bike,880.2,881.8,1.6,-6.793799,6.963456,-6.870692,6.910577,2.554
11,21092026,3,954,7794,pedestrian,7868,bike,881,882,1,-11.050222,3.898282,-10.992048,3.96922,1.528
11,21092026,3,953,7816,pedestrian,7844,bike,880.6,882.2,1.6,-6.852059,6.924433,-6.913924,6.880303,2.572
11,21092026,3,957,7747,pedestrian,7868,bike,883.2,885,1.8,-10.573077,4.265397,-10.458103,4.346349,0.494
11,21092026,3,959,7761,pedestrian,7846,car,883.6,885.2,1.6,-2.475032,7.402631,-2.363889,7.531958,3.258
11,21092026,3,955,7838,bike,7855,pedestrian,882.2,885.4,3.2,-3.330862,8.306221,-3.347805,8.303149,0.108
11,21092026,3,956,7736,pedestrian,7846,car,883.2,885.4,2.2,-2.540392,7.446113,-2.376021,7.6181,0.264
11,21092026,3,958,7744,pedestrian,7846,car,883.4,885.4,2,-2.507234,7.425105,-2.363697,7.590773,1.576
11,21092026,3,960,7763,pedestrian,7868,bike,883.6,885.4,1.8,-10.491702,4.322692,-10.376728,4.403643,0.05
11,21092026,3,961,7790,pedestrian,7868,bike,884.2,885.8,1.6,-10.395956,4.390105,-10.298685,4.458592,0.511
11,21092026,3,962,7773,pedestrian,7852,car,886,887,1,-4.353119,5.842394,-4.31328,5.826881,4.368
11,21092026,3,963,7775,pedestrian,7852,car,886.6,887.4,0.8,-4.264554,5.800964,-4.233647,5.793188,4.492
11,21092026,3,964,7773,pedestrian,7857,car,889.2,890.2,1,-4.539707,5.932824,-4.487558,5.908929,4.101
11,21092026,3,966,7775,pedestrian,7857,car,889.8,890.6,0.8,-4.441849,5.884285,-4.402518,5.868629,4.258
11,21092026,3,965,7753,pedestrian,7868,bike,889.6,891.2,1.6,-9.464707,5.122602,-9.353962,5.157541,2.13
11,21092026,3,967,7756,pedestrian,7868,bike,889.8,891.4,1.6,-9.42171,5.150947,-9.320855,5.219878,2.694
11,21092026,3,969,7838,bike,7859,pedestrian,891.2,891.6,0.4,-2.774442,8.431923,-2.773782,8.428574,4.395
11,21092026,3,968,7814,pedestrian,7868,bike,890.6,891.8,1.2,-9.294896,5.235039,-9.235234,5.274443,2.686
11,21092026,3,971,7841,pedestrian,7844,bike,892.8,894.6,1.8,-8.676413,5.586646,-8.75374,5.533026,0.158
11,21092026,3,973,7773,pedestrian,7860,car,895.4,896.4,1,-4.845979,6.143804,-4.80172,6.107025,3.903
11,21092026,3,974,7775,pedestrian,7860,car,895.8,897,1.2,-4.772307,6.084664,-4.712218,6.044556,3.969
11,21092026,3,975,7773,pedestrian,7862,car,896,897,1,-4.872042,6.165147,-4.829352,6.126436,3.905
11,21092026,3,976,7775,pedestrian,7862,car,896.4,897.4,1,-4.793704,6.100362,-4.745917,6.067926,3.972
11,21092026,3,983,7736,pedestrian,7877,car,898.8,900,1.2,-2.685232,8.219842,-2.794896,8.203001,3.911
11,21092026,3,981,7810,pedestrian,7857,car,898.6,900.4,1.8,-2.798326,5.13053,-2.739233,4.969383,2.647
11,21092026,3,977,7747,pedestrian,7850,bike,897.8,900.6,2.8,-11.000891,3.848427,-11.015662,3.939594,0.276
11,21092026,3,979,7761,pedestrian,7877,car,898.6,900.6,2,-2.645383,8.181173,-2.839672,8.143624,1.378
11,21092026,3,982,7744,pedestrian,7877,car,898.6,900.6,2,-2.623904,8.132838,-2.824345,8.107652,0.473
11,21092026,3,985,7773,pedestrian,7866,car,900.2,900.8,0.6,-5.039653,6.305738,-5.020242,6.283056,4.548
11,21092026,3,986,7829,pedestrian,7873,car,900.4,900.8,0.4,-4.265553,0.939004,-4.243868,0.954051,4.927
11,21092026,3,978,7763,pedestrian,7850,bike,898.2,901.2,3,-10.974263,3.911416,-10.946313,4.002607,0.04
11,21092026,3,987,7775,pedestrian,7866,car,900.6,901.4,0.8,-4.969983,6.24349,-4.940472,6.211169,4.352
11,21092026,3,984,7790,pedestrian,7850,bike,899.6,901.6,2,-10.967977,3.987354,-10.877288,4.051207,0.151
11,21092026,3,988,7721,pedestrian,7873,car,901.4,901.8,0.4,-4.083793,1.066249,-4.070338,1.07546,4.9
11,21092026,3,989,7756,pedestrian,7844,bike,902,903,1,-9.90602,4.735062,-9.952175,4.702565,4.303
11,21092026,3,992,7721,pedestrian,7874,car,905,905.4,0.4,-4.25717,0.944819,-4.247713,0.951267,4.935
11,21092026,3,990,7753,pedestrian,7850,bike,904,905.8,1.8,-10.32081,4.443015,-10.253023,4.490742,0.115
11,21092026,3,991,7756,pedestrian,7850,bike,904.6,906.4,1.8,-10.240782,4.499361,-10.172996,4.547088,0.393
11,21092026,3,993,7814,pedestrian,7850,bike,905.2,907,1.8,-10.154323,4.560235,-10.085765,4.608506,0.46
11,21092026,3,994,7829,pedestrian,7874,car,906.2,907,0.8,-4.07625,1.07157,-4.02319,1.108422,4.868
11,21092026,3,995,7729,pedestrian,7873,car,907,907.8,0.8,-3.029262,1.804833,-2.987662,1.833341,4.542
11,21092026,3,972,7854,bike,7855,pedestrian,894.8,908.6,13.8,-4.258191,8.585456,-4.885516,8.800921,1.743
11,21092026,3,996,7748,pedestrian,7873,car,909,909.8,0.8,-2.673458,2.053852,-2.635895,2.079497,4.431
11,21092026,3,998,7760,pedestrian,7873,car,911,911.8,0.8,-2.298204,2.313019,-2.259282,2.33934,4.363
11,21092026,3,1000,7729,pedestrian,7874,car,912,912.8,0.8,-3.238099,1.658458,-3.208493,1.678677,4.605
11,21092026,3,997,7805,pedestrian,7824,car,910,913.2,3.2,-11.274279,2.701053,-11.600161,2.56732,2.124
11,21092026,3,999,7827,pedestrian,7868,bike,911.6,913.4,1.8,-7.792702,6.273045,-7.730011,6.316435,2.587
11,21092026,3,970,7841,pedestrian,7868,bike,892.6,914.2,21.6,-8.861577,5.456551,-7.550274,6.3184,0.309
11,21092026,3,1001,7762,pedestrian,7873,car,913.6,914.6,1,-1.812226,2.647323,-1.759339,2.683107,4.225
11,21092026,3,1002,7748,pedestrian,7874,car,913.8,914.6,0.8,-2.964449,1.850194,-2.938881,1.867549,4.516
11,21092026,3,1003,7844,bike,7871,pedestrian,914.2,917.4,3.2,-10.615642,4.235428,-10.640346,4.218034,0.306
11,21092026,3,1004,7807,pedestrian,7854,bike,914.8,917.4,2.6,-5.659839,8.238406,-5.72819,8.198261,2.115
11,21092026,3,1006,7760,pedestrian,7874,car,916.4,917.4,1,-2.594152,2.109224,-2.558372,2.133448,4.402
11,21092026,3,1005,7816,pedestrian,7854,bike,915.6,918.2,2.6,-5.735166,8.186602,-5.799449,8.149274,2.003
11,21092026,3,1007,7836,pedestrian,7868,bike,918,919.6,1.6,-6.743212,7.023821,-6.681441,7.107486,2.344
11,21092026,3,1009,7843,pedestrian,7868,bike,918.8,920.2,1.4,-6.67484,7.121622,-6.647975,7.203425,2.655
11,21092026,3,1008,7827,pedestrian,7850,bike,918.8,920.4,1.6,-8.163559,6.01553,-8.095565,6.06261,2.584
11,21092026,3,1010,7762,pedestrian,7874,car,919.6,920.6,1,-2.126181,2.431374,-2.089358,2.456209,4.3
11,21092026,3,1011,7756,pedestrian,7844,bike,921.4,923.4,2,-11.077931,3.835257,-11.046291,3.635666,3.992
11,21092026,3,980,7814,pedestrian,7844,bike,898.6,923.6,25,-9.571792,4.970387,-11.020056,3.694753,0.706
11,21092026,3,1012,7855,pedestrian,7868,bike,924.4,926,1.6,-5.888891,8.082632,-5.807126,8.137094,1.96
11,21092026,3,1013,7836,pedestrian,7850,bike,925.6,927.2,1.6,-7.14944,6.719714,-7.083245,6.76549,2.618
11,21092026,3,1015,7804,pedestrian,7873,car,926.6,927.6,1,-2.604684,5.122663,-2.632921,5.210303,4.362
11,21092026,3,1014,7843,pedestrian,7850,bike,926,927.8,1.8,-7.088626,6.761974,-7.006111,6.818937,2.642
11,21092026,3,1016,7816,pedestrian,7868,bike,927.4,929.6,2.2,-5.363956,8.455984,-5.167914,8.608132,2.665
11,21092026,3,1017,7807,pedestrian,7868,bike,928,930.2,2.2,-5.268784,8.527326,-5.057439,8.695923,2.617
11,21092026,3,1018,7859,pedestrian,7868,bike,929.2,930.6,1.4,-5.056297,8.697111,-4.984333,8.753347,2.621
11,21092026,3,1019,7850,bike,7855,pedestrian,932.8,934.4,1.6,-6.397682,7.69366,-6.351231,7.747376,2.325
11,21092026,3,1021,7850,bike,7859,pedestrian,938.6,940.2,1.6,-5.55543,8.316863,-5.487857,8.359464,2.396
11,21092026,3,1024,7807,pedestrian,7850,bike,944.4,945.6,1.2,-4.653951,8.801029,-4.609779,8.778693,4.704
11,21092026,3,1020,7843,pedestrian,7854,bike,938.2,946.2,8,-7.568826,6.428327,-8.15628,6.020588,2.585
11,21092026,3,1022,7836,pedestrian,7854,bike,940.8,948.8,8,-7.818449,6.255016,-8.405212,5.847737,2.577
11,21092026,3,1025,7813,pedestrian,7844,bike,948.2,950,1.8,-8.237147,-0.117722,-8.20049,-0.271107,3.269
11,21092026,3,1026,7844,bike,7845,pedestrian,950.4,951.2,0.8,-8.094902,-0.432278,-8.069592,-0.465667,4.72
11,21092026,3,1029,7844,bike,7845,pedestrian,952.4,952.8,0.4,-8.123691,-0.524848,-8.141307,-0.531666,4.923
11,21092026,3,1032,7856,pedestrian,7877,car,952.8,953.2,0.4,-11.483557,2.584494,-11.504463,2.58411,4.182
11,21092026,3,1027,7844,bike,7851,pedestrian,951,953.8,2.8,-8.038218,-0.512217,-8.195774,-0.615623,2.249
11,21092026,3,1031,7813,pedestrian,7844,bike,952.6,954,1.4,-8.136125,-0.539354,-8.202221,-0.639011,4.018
11,21092026,3,1028,7854,bike,7871,pedestrian,951.8,954.4,2.6,-8.849892,5.465051,-8.903992,5.426365,0.173
11,21092026,3,1030,7844,bike,7872,pedestrian,952.6,954.6,2,-8.150293,-0.678375,-8.244223,-0.743907,0.323
11,21092026,3,1033,7807,pedestrian,7850,bike,961,962.6,1.6,-3.909107,8.410818,-3.840753,8.381153,4.756
11,21092026,3,1034,7867,pedestrian,7870,car,969,969.8,0.8,-11.165122,-2.521143,-11.2124,-2.579609,2.75
11,21092026,3,1036,7807,pedestrian,7850,bike,969.6,971.8,2.2,-3.495572,8.302723,-3.389989,8.294969,4.739
11,21092026,3,1039,7807,pedestrian,7850,bike,972,972.2,0.2,-3.374068,8.298115,-3.374068,8.298115,4.985
11,21092026,3,1037,7844,bike,7863,pedestrian,971.2,973,1.8,-10.953999,-2.635325,-11.030357,-2.688623,0.165
11,21092026,3,1038,7844,bike,7867,pedestrian,972,973.4,1.4,-11.083551,-2.725752,-11.137445,-2.763371,0.173
11,21092026,3,1035,7827,pedestrian,7854,bike,969.4,978.4,9,-10.542205,4.287134,-11.06055,3.917531,1.405
11,21092026,3,1023,7816,pedestrian,7850,bike,943.4,983.4,40,-4.800628,8.786853,-2.832866,8.400831,0.917
11,21092026,3,1040,7807,pedestrian,7850,bike,973,983.4,10.4,-3.324012,8.307485,-2.778631,8.426494,3.67
