run_id,seed,demand_factor,encounter_id,agent_1_id,agent_1_mode,agent_2_id,agent_2_mode,start_time_s,end_time_s,duration_s,start_x,start_y,end_x,end_y,minimum_distance_m
6,21092032,3,2,7467,pedestrian,7485,bike,61.8,62.4,0.6,-2.934674,8.349746,-2.957583,8.348363,4.934
6,21092032,3,4,7467,pedestrian,7470,bike,88.2,92.4,4.2,-4.416752,8.672604,-4.402243,8.664629,0.096
6,21092032,3,1,7467,pedestrian,7482,bike,56.6,96.4,39.8,-2.806852,8.410229,-4.801468,8.787984,0.376
6,21092032,3,6,7461,pedestrian,7471,car,98.6,100.2,1.6,-11.238853,2.757473,-11.378477,2.785578,2.684
6,21092032,3,3,7467,pedestrian,7485,bike,62.6,103.4,40.8,-2.979221,8.347204,-5.098837,8.662868,2.657
6,21092032,3,7,7468,pedestrian,7491,car,112,113.4,1.4,-11.319184,2.675616,-11.464863,2.68156,0.848
6,21092032,3,5,7486,pedestrian,7492,bike,89.2,120.8,31.6,-11.006138,3.960485,-9.093019,5.36939,1.746
6,21092032,3,10,7482,bike,7486,pedestrian,127.2,129.2,2,-8.753667,5.533076,-8.819593,5.487027,0.281
6,21092032,3,11,7485,bike,7486,pedestrian,130.8,132.8,2,-8.550649,5.673855,-8.617021,5.627831,0.12
6,21092032,3,8,7500,pedestrian,7513,bike,126.8,133.6,6.8,-2.769337,8.42798,-3.108443,8.341219,2.608
6,21092032,3,14,7517,pedestrian,7523,car,134.6,135.4,0.8,-11.257682,-2.461026,-11.21121,-2.411503,3.486
6,21092032,3,15,7518,pedestrian,7523,car,134.6,135.6,1,-11.239531,-2.520572,-11.171763,-2.473584,1.175
6,21092032,3,16,7514,pedestrian,7523,car,134.6,135.6,1,-11.239531,-2.520572,-11.171763,-2.473584,1.175
6,21092032,3,17,7522,pedestrian,7523,car,134.6,135.6,1,-11.240187,-2.518419,-11.176773,-2.457148,1.234
6,21092032,3,12,7500,pedestrian,7520,bike,131.8,136.2,4.4,-2.911913,8.360516,-2.94264,8.350306,0.058
6,21092032,3,18,7461,pedestrian,7482,bike,137.6,139.6,2,-10.127684,4.578992,-10.205204,4.524411,0.372
6,21092032,3,19,7482,bike,7501,pedestrian,138.2,140.2,2,-10.204451,4.524941,-10.284723,4.468422,0.438
6,21092032,3,21,7468,pedestrian,7482,bike,140.2,142.2,2,-10.481989,4.329531,-10.550357,4.281394,0.102
6,21092032,3,22,7461,pedestrian,7485,bike,141.2,143.4,2.2,-9.95085,4.703497,-10.0373,4.642629,0.17
6,21092032,3,23,7485,bike,7501,pedestrian,141.8,144,2.2,-10.030465,4.647442,-10.114162,4.588512,0.171
6,21092032,3,24,7467,pedestrian,7492,bike,143.2,145.6,2.4,-6.773268,6.98416,-6.737967,7.029159,2.676
6,21092032,3,25,7468,pedestrian,7485,bike,143.8,145.8,2,-10.287264,4.466634,-10.355917,4.418296,0.449
6,21092032,3,13,7503,pedestrian,7520,bike,131.8,148,16.2,-2.824423,8.401915,-3.754134,8.353691,0.783
6,21092032,3,27,7484,car,7525,pedestrian,147.8,148.2,0.4,-6.037007,-1.551859,-6.03002,-1.561893,4.908
6,21092032,3,28,7465,car,7525,pedestrian,148.4,148.6,0.2,-6.050281,-1.531899,-6.050281,-1.531899,4.9
6,21092032,3,30,7485,bike,7511,pedestrian,149.4,150.2,0.8,-11.021098,3.923973,-11.057029,3.913316,1.97
6,21092032,3,31,7476,pedestrian,7496,car,150.2,151.8,1.6,-11.296464,2.693779,-11.439573,2.704381,0.639
6,21092032,3,32,7478,pedestrian,7496,car,150.6,152.2,1.6,-11.375533,2.650145,-11.510068,2.650858,1.802
6,21092032,3,33,7477,pedestrian,7524,car,152,153,1,-2.93307,1.872097,-2.8239,1.947891,4.5
6,21092032,3,34,7475,pedestrian,7524,car,157,158.2,1.2,-1.785903,2.665457,-1.645485,2.761499,4.206
6,21092032,3,26,7468,pedestrian,7528,bike,147,162,15,-10.277768,4.47332,-9.337563,5.192847,0.788
6,21092032,3,37,7481,pedestrian,7505,car,162.4,163.2,0.8,-11.523928,2.559804,-11.5937,2.556314,4.398
6,21092032,3,35,7501,pedestrian,7528,bike,160.8,164,3.2,-9.338616,5.206217,-9.050267,5.399487,2.64
6,21092032,3,36,7461,pedestrian,7528,bike,161.4,164.4,3,-9.252467,5.262977,-8.981822,5.425551,2.66
6,21092032,3,29,7503,pedestrian,7520,bike,149.4,165.2,15.8,-3.838107,8.380315,-4.600303,8.773486,4.101
6,21092032,3,20,7503,pedestrian,7513,bike,138.6,165.4,26.8,-3.387271,8.295506,-4.814885,8.783032,1.873
6,21092032,3,9,7493,pedestrian,7513,bike,126.8,166,39.2,-2.910443,8.361211,-4.962725,8.77237,2.341
6,21092032,3,38,7492,bike,7493,pedestrian,165.8,168.2,2.4,-4.958105,8.775932,-4.902596,8.817375,2.666
6,21092032,3,39,7492,bike,7503,pedestrian,166.4,169.4,3,-4.862351,8.79463,-4.83641,8.851597,2.618
6,21092032,3,40,7467,pedestrian,7528,bike,169.2,170.8,1.6,-8.089787,6.066756,-8.02116,6.114277,2.581
6,21092032,3,41,7503,pedestrian,7520,bike,170.6,174.2,3.6,-4.911615,8.810297,-5.202921,8.579202,2.606
6,21092032,3,43,7493,pedestrian,7520,bike,171.8,175.4,3.6,-5.06591,8.689194,-5.359213,8.45957,2.626
6,21092032,3,42,7492,bike,7504,pedestrian,170.8,175.6,4.8,-4.573392,8.758695,-4.608881,8.7782,0.198
6,21092032,3,45,7495,car,7541,pedestrian,176.2,176.6,0.4,-5.727824,-2.010785,-5.719321,-2.023057,4.756
6,21092032,3,47,7498,car,7541,pedestrian,176.8,177.2,0.4,-5.74828,-1.980389,-5.739777,-1.992661,4.756
6,21092032,3,46,7469,car,7541,pedestrian,176.2,177.4,1.2,-5.704463,-2.044945,-5.777286,-1.937652,4.729
6,21092032,3,44,7492,bike,7507,pedestrian,175.6,180.6,5,-4.410488,8.669161,-4.43904,8.684853,0.036
6,21092032,3,48,7493,pedestrian,7528,bike,186.4,188.4,2,-5.860044,8.104137,-5.764337,8.166398,1.974
6,21092032,3,50,7468,pedestrian,7513,bike,187,188.6,1.6,-7.928841,6.178374,-7.994114,6.133187,2.603
6,21092032,3,49,7503,pedestrian,7528,bike,187,188.8,1.8,-5.777754,8.164196,-5.689906,8.218289,2.046
6,21092032,3,51,7461,pedestrian,7513,bike,187.2,189.2,2,-7.9496,6.090639,-8.042674,6.026099,0.23
6,21092032,3,52,7501,pedestrian,7513,bike,187.8,189.8,2,-8.031807,6.033634,-8.127648,5.967176,0.463
6,21092032,3,53,7504,pedestrian,7528,bike,189.6,191.4,1.8,-5.394171,8.433308,-5.313399,8.491188,2.593
6,21092032,3,54,7472,pedestrian,7553,bike,191.8,193.4,1.6,-11.199736,-2.748303,-11.093902,-2.730227,1.791
6,21092032,3,55,7507,pedestrian,7528,bike,192,193.6,1.6,-5.070738,8.685545,-5.000062,8.740907,2.615
6,21092032,3,58,7468,pedestrian,7520,bike,193,194.6,1.6,-7.586474,6.416085,-7.64194,6.377715,2.609
6,21092032,3,59,7486,pedestrian,7540,car,193.6,195,1.4,-5.002132,6.270522,-4.870027,6.155111,4.288
6,21092032,3,60,7461,pedestrian,7520,bike,193.6,195.8,2.2,-7.65422,6.295454,-7.745001,6.225888,0.042
6,21092032,3,64,7501,pedestrian,7520,bike,194.2,196.2,2,-7.732225,6.241371,-7.805767,6.190377,0.212
6,21092032,3,63,7507,pedestrian,7537,bike,194,196.4,2.4,-5.026166,8.720448,-5.249834,8.541678,2.625
6,21092032,3,62,7511,pedestrian,7513,bike,194,196.6,2.6,-8.978324,5.421384,-9.078209,5.304977,0.259
6,21092032,3,67,7502,pedestrian,7533,car,197.8,199.2,1.4,-11.344908,2.66042,-11.491015,2.657173,1.486
6,21092032,3,70,7508,pedestrian,7533,car,198.6,199.6,1,-11.495789,2.575203,-11.598807,2.568399,3.83
6,21092032,3,66,7504,pedestrian,7537,bike,197.4,200.2,2.8,-5.592516,8.285069,-5.876542,8.091902,2.066
6,21092032,3,65,7467,pedestrian,7513,bike,196.6,201.4,4.8,-9.318838,5.217627,-9.613267,4.941185,0.269
6,21092032,3,71,7476,pedestrian,7513,bike,200.8,202.6,1.8,-9.725461,4.862191,-9.808005,4.804072,0.012
6,21092032,3,73,7478,pedestrian,7513,bike,201.2,203.2,2,-9.792203,4.815199,-9.891668,4.745167,0.242
6,21092032,3,74,7511,pedestrian,7520,bike,201.2,203.2,2,-8.673068,5.588966,-8.751463,5.534605,0.243
6,21092032,3,72,7503,pedestrian,7537,bike,201.2,203.8,2.6,-6.237492,7.830806,-6.471101,7.618835,2.304
6,21092032,3,75,7476,pedestrian,7552,bike,201.4,203.8,2.4,-9.870361,4.760169,-9.766263,4.833463,3.252
6,21092032,3,76,7493,pedestrian,7537,bike,202,204.4,2.4,-6.371331,7.726919,-6.550516,7.506184,2.433
6,21092032,3,68,7542,pedestrian,7559,bike,198.2,205.2,7,-2.817258,8.405305,-3.001855,8.347219,0.921
6,21092032,3,80,7481,pedestrian,7513,bike,205.6,207.6,2,-10.447567,4.353767,-10.544052,4.285833,0.432
6,21092032,3,82,7468,pedestrian,7537,bike,206.6,208,1.4,-6.818712,6.946741,-6.886827,6.898742,2.545
6,21092032,3,78,7467,pedestrian,7552,bike,204.2,208.2,4,-9.764012,4.835047,-9.774753,4.827485,0.073
6,21092032,3,81,7480,pedestrian,7513,bike,206.2,208.2,2,-10.532978,4.29363,-10.629463,4.225696,0.218
6,21092032,3,83,7497,pedestrian,7513,bike,206.6,208.6,2,-10.603433,4.244024,-10.699964,4.176058,0.213
6,21092032,3,86,7476,pedestrian,7552,bike,208.6,208.8,0.2,-9.558369,4.999575,-9.558369,4.999575,4.984
6,21092032,3,84,7476,pedestrian,7520,bike,206.8,209,2.2,-9.443116,5.060802,-9.549357,5.010203,0.275
6,21092032,3,85,7478,pedestrian,7520,bike,207.4,209.4,2,-9.523621,5.004303,-9.597326,4.952408,0.474
6,21092032,3,79,7492,bike,7534,pedestrian,205.2,210.6,5.4,-3.345251,8.3036,-3.363892,8.300085,0.025
6,21092032,3,57,7478,pedestrian,7552,bike,192.8,212.8,20,-10.371352,4.407429,-9.33748,5.192424,0.445
6,21092032,3,87,7476,pedestrian,7552,bike,209.2,213.8,4.6,-9.53704,5.027439,-9.211462,5.289759,2.686
6,21092032,3,92,7511,pedestrian,7537,bike,213.8,215.6,1.8,-8.042202,6.026426,-8.139828,5.95873,0.399
6,21092032,3,90,7528,bike,7534,pedestrian,212.6,217,4.4,-3.672957,8.327953,-3.644897,8.319057,0.075
6,21092032,3,91,7481,pedestrian,7520,bike,213.4,217.4,4,-10.115405,4.587637,-10.136443,4.572825,0.369
6,21092032,3,89,7492,bike,7550,pedestrian,211.4,218.6,7.2,-3.105236,8.35642,-2.855692,8.280512,2.82
6,21092032,3,93,7480,pedestrian,7520,bike,214.6,218.6,4,-10.178741,4.543043,-10.189714,4.535317,0.26
6,21092032,3,97,7550,pedestrian,7568,bike,219,219.6,0.6,-2.784364,8.25882,-2.796266,8.24854,3.853
6,21092032,3,94,7497,pedestrian,7520,bike,215.4,219.8,4.4,-10.23117,4.506129,-10.253049,4.490724,0.072
6,21092032,3,95,7467,pedestrian,7561,bike,215.6,219.8,4.2,-10.334321,4.433502,-10.352399,4.420773,0.192
6,21092032,3,96,7550,pedestrian,7567,car,218.8,220.4,1.6,-2.664757,8.186779,-2.825614,8.074254,0.75
6,21092032,3,99,7478,pedestrian,7537,bike,219.4,221,1.6,-9.015014,5.424092,-9.087128,5.372509,2.671
6,21092032,3,98,7476,pedestrian,7537,bike,219.2,221.2,2,-8.970405,5.417012,-9.081479,5.30192,0.379
6,21092032,3,61,7472,pedestrian,7553,bike,193.8,223,29.2,-11.065055,-2.712842,-9.720768,-1.774532,2.567
6,21092032,3,100,7487,pedestrian,7553,bike,220.2,223.4,3.2,-9.710831,-1.792341,-9.549045,-1.770851,3.5
6,21092032,3,56,7490,pedestrian,7553,bike,192.2,224.6,32.4,-11.027767,-2.686815,-9.521675,-1.709673,0.838
6,21092032,3,102,7481,pedestrian,7537,bike,223.6,225.4,1.8,-9.692329,4.885519,-9.794735,4.813416,0.057
6,21092032,3,106,7480,pedestrian,7561,bike,225.2,225.4,0.2,-9.911724,4.731046,-9.911724,4.731046,4.941
6,21092032,3,107,7480,pedestrian,7561,bike,225.6,225.8,0.2,-9.892145,4.744831,-9.892145,4.744831,4.778
6,21092032,3,104,7480,pedestrian,7537,bike,224.2,226,1.8,-9.783289,4.821475,-9.88634,4.748918,0.487
6,21092032,3,103,7511,pedestrian,7552,bike,223.6,226.2,2.6,-7.749023,6.228205,-7.55651,6.275109,1.683
6,21092032,3,105,7497,pedestrian,7537,bike,224.6,226.4,1.8,-9.859227,4.768008,-9.952841,4.702096,0.41
6,21092032,3,109,7525,pedestrian,7562,car,226.2,227.6,1.4,-2.432876,2.220421,-2.281684,2.323923,4.354
6,21092032,3,108,7480,pedestrian,7561,bike,226,229,3,-9.872337,4.758778,-9.762046,4.836432,2.801
6,21092032,3,111,7493,pedestrian,7552,bike,227.4,229.2,1.8,-7.324526,6.598092,-7.258522,6.643774,2.607
6,21092032,3,113,7503,pedestrian,7552,bike,228,229.8,1.8,-7.247364,6.651664,-7.180087,6.698237,2.607
6,21092032,3,110,7502,pedestrian,7520,bike,226.4,230.4,4,-10.782754,4.117767,-10.785703,4.115691,0.17
6,21092032,3,115,7499,pedestrian,7545,car,229.4,230.4,1,-10.523614,2.951949,-10.588832,2.905669,4.185
6,21092032,3,112,7508,pedestrian,7520,bike,227.6,231.6,4,-10.838945,4.078203,-10.841894,4.076127,0.153
6,21092032,3,114,7502,pedestrian,7537,bike,229.2,231.6,2.4,-10.652398,4.209548,-10.739163,4.148458,0.419
6,21092032,3,117,7511,pedestrian,7565,car,230.2,231.8,1.6,-7.51171,5.911042,-7.320423,5.986724,0.573
6,21092032,3,116,7508,pedestrian,7537,bike,229.8,232.2,2.4,-10.742151,4.146355,-10.805503,4.10175,0.163
6,21092032,3,118,7504,pedestrian,7552,bike,230.4,232.2,1.8,-6.942588,6.861329,-6.878858,6.906574,2.587
6,21092032,3,88,7467,pedestrian,7520,bike,209.8,232.4,22.6,-9.858036,4.768847,-11.059367,3.923008,1.055
6,21092032,3,120,7467,pedestrian,7537,bike,232,233,1,-10.978245,3.980124,-11.052893,3.913904,2.317
6,21092032,3,119,7511,pedestrian,7539,car,231.8,233.2,1.4,-7.334358,5.970517,-7.450646,5.851847,2.556
6,21092032,3,121,7510,pedestrian,7545,car,233.2,234.8,1.6,-11.239627,2.759684,-11.379741,2.783785,2.6
6,21092032,3,122,7507,pedestrian,7552,bike,234,236,2,-6.633631,7.247419,-6.618156,7.337292,2.519
6,21092032,3,77,7497,pedestrian,7561,bike,202.4,237.4,35,-10.957672,3.99461,-9.356845,5.154235,0.011
6,21092032,3,123,7480,pedestrian,7561,bike,234.2,238,3.8,-9.548546,5.009714,-9.280472,5.245735,2.168
6,21092032,3,124,7481,pedestrian,7561,bike,235.8,239,3.2,-9.412485,5.157267,-9.132874,5.341192,2.652
6,21092032,3,125,7483,pedestrian,7576,car,238.8,239.8,1,-11.2498,-2.486882,-11.160713,-2.457644,2.394
6,21092032,3,126,7475,pedestrian,7567,car,240.2,241,0.8,-3.754753,5.684501,-3.703267,5.648561,3.877
6,21092032,3,128,7477,pedestrian,7562,car,242.4,243.4,1,-2.616078,5.172196,-2.686007,5.237503,4.17
6,21092032,3,69,7534,pedestrian,7559,bike,198.2,244.2,46,-2.873863,8.37852,-4.911693,8.812456,0.642
6,21092032,3,131,7477,pedestrian,7567,car,244.8,245,0.2,-2.716973,5.07471,-2.716973,5.07471,4.899
6,21092032,3,127,7534,pedestrian,7568,bike,241.4,245.2,3.8,-4.667411,8.81035,-4.937556,8.791985,2.694
6,21092032,3,129,7468,pedestrian,7559,bike,244,245.4,1.4,-5.049853,8.701932,-5.108756,8.654947,2.602
6,21092032,3,130,7468,pedestrian,7568,bike,244.6,246,1.4,-5.001521,8.739633,-5.085208,8.673857,2.597
6,21092032,3,135,7475,pedestrian,7565,car,245.8,246.4,0.6,-4.136237,5.771208,-4.092347,5.766608,4.626
6,21092032,3,132,7493,pedestrian,7561,bike,245,247,2,-8.110702,6.052229,-8.037471,6.102935,2.577
6,21092032,3,133,7503,pedestrian,7561,bike,245.6,248.2,2.6,-8.027906,6.109719,-7.982641,6.141006,2.59
6,21092032,3,139,7535,pedestrian,7553,bike,249,249.8,0.8,-8.1874,-0.587509,-8.154861,-0.542476,4.621
6,21092032,3,136,7534,pedestrian,7552,bike,248,250,2,-5.05501,8.698134,-4.978418,8.75794,2.614
6,21092032,3,137,7538,pedestrian,7553,bike,248.2,250.6,2.4,-8.190849,-0.683515,-8.064884,-0.528591,2.161
6,21092032,3,138,7504,pedestrian,7561,bike,248.6,250.8,2.2,-7.798391,6.269092,-7.741599,6.308383,2.587
6,21092032,3,101,7543,pedestrian,7553,bike,222.8,251.6,28.8,-9.542094,-1.649818,-8.060873,-0.480164,0.442
6,21092032,3,134,7476,pedestrian,7561,bike,245.8,251.8,6,-7.948833,6.091171,-7.553616,6.314517,0.341
6,21092032,3,141,7477,pedestrian,7565,car,251,252.2,1.2,-2.903552,5.021218,-2.81954,4.903937,3.362
6,21092032,3,142,7538,pedestrian,7553,bike,251.4,252.8,1.4,-8.094936,-0.429625,-8.191115,-0.296232,4.617
6,21092032,3,143,7467,pedestrian,7539,car,251.6,253.4,1.8,-11.256964,2.731393,-11.493827,2.657753,0.397
6,21092032,3,144,7535,pedestrian,7553,bike,252.2,253.6,1.4,-8.194399,-0.288257,-8.249876,-0.164226,4.081
6,21092032,3,146,7515,pedestrian,7539,car,252.4,253.6,1.2,-11.436879,2.61947,-11.555933,2.600704,2.894
6,21092032,3,148,7518,pedestrian,7539,car,252.8,253.8,1,-11.502276,2.582455,-11.607388,2.558479,3.798
6,21092032,3,147,7507,pedestrian,7561,bike,252.4,254.2,1.8,-7.341789,6.586113,-7.263256,6.640483,2.605
6,21092032,3,145,7478,pedestrian,7561,bike,252.4,256.2,3.8,-7.336158,6.590028,-6.981735,6.835812,2.609
6,21092032,3,149,7478,pedestrian,7559,bike,257.8,259.2,1.4,-6.896921,6.894287,-6.959007,6.850247,2.597
6,21092032,3,150,7478,pedestrian,7568,bike,258,259.6,1.6,-6.865642,6.915566,-6.941978,6.861592,2.621
6,21092032,3,151,7507,pedestrian,7559,bike,262.2,265,2.8,-7.61589,6.395656,-7.87977,6.212584,2.601
6,21092032,3,153,7566,pedestrian,7582,car,264.2,265.4,1.2,-2.736695,8.235693,-2.823051,8.176128,4.228
6,21092032,3,152,7507,pedestrian,7568,bike,263.2,265.8,2.6,-7.666359,6.360625,-7.905183,6.19493,2.587
6,21092032,3,159,7507,pedestrian,7568,bike,266,266.2,0.2,-7.936267,6.173359,-7.936267,6.173359,4.897
6,21092032,3,155,7480,pedestrian,7559,bike,265.4,267,1.6,-8.115941,6.048461,-8.198068,5.991568,2.584
6,21092032,3,154,7481,pedestrian,7559,bike,265.2,267.2,2,-8.072693,6.005283,-8.178669,5.931796,0.388
6,21092032,3,156,7497,pedestrian,7559,bike,265.8,267.4,1.6,-8.192921,5.994996,-8.275048,5.938103,2.575
6,21092032,3,158,7480,pedestrian,7568,bike,265.8,267.6,1.8,-8.088382,6.067587,-8.177486,6.005864,2.618
6,21092032,3,157,7481,pedestrian,7568,bike,265.8,267.8,2,-8.056995,6.016168,-8.148703,5.952576,0.633
6,21092032,3,160,7534,pedestrian,7561,bike,266.2,268,1.8,-5.7267,8.19904,-5.641124,8.251969,2.121
6,21092032,3,161,7497,pedestrian,7568,bike,266.6,268,1.4,-8.17456,6.00776,-8.244955,5.958995,2.576
6,21092032,3,162,7504,pedestrian,7559,bike,268,271,3,-8.544799,5.750661,-8.833605,5.550273,2.556
6,21092032,3,163,7504,pedestrian,7568,bike,269.2,271.6,2.4,-8.608038,5.706757,-8.849224,5.539415,2.56
6,21092032,3,165,7502,pedestrian,7559,bike,270,271.6,1.6,-8.858124,5.533104,-8.936587,5.47663,2.602
6,21092032,3,164,7566,pedestrian,7585,car,269.8,271.8,2,-2.627463,8.142793,-2.788773,8.031755,1.677
6,21092032,3,168,7502,pedestrian,7568,bike,270.6,272,1.4,-8.826896,5.554784,-8.922653,5.486543,2.55
6,21092032,3,166,7566,pedestrian,7586,car,270.6,272.4,1.8,-2.627102,8.122887,-2.76708,8.025369,2.321
6,21092032,3,167,7508,pedestrian,7559,bike,270.6,272.6,2,-8.942465,5.401462,-9.040647,5.331076,0.452
6,21092032,3,170,7508,pedestrian,7568,bike,271.2,273,1.8,-8.924748,5.411458,-9.000356,5.358233,0.36
6,21092032,3,169,7503,pedestrian,7559,bike,271.2,274.2,3,-9.045571,5.402245,-9.346842,5.200645,2.65
6,21092032,3,171,7493,pedestrian,7559,bike,271.8,274.6,2.8,-9.148121,5.330602,-9.418116,5.153501,2.659
6,21092032,3,172,7503,pedestrian,7568,bike,271.8,274.8,3,-9.068087,5.386445,-9.362456,5.190385,2.636
6,21092032,3,173,7493,pedestrian,7568,bike,272.4,275.8,3.4,-9.180371,5.3096,-9.47527,5.114336,2.663
6,21092032,3,174,7509,pedestrian,7559,bike,276.6,278.6,2,-9.89821,4.740561,-10.003837,4.666191,0.509
6,21092032,3,176,7559,bike,7570,pedestrian,277.2,279,1.8,-9.986648,4.678293,-10.080538,4.612186,0.088
6,21092032,3,175,7509,pedestrian,7568,bike,277.2,279.2,2,-9.873186,4.75818,-9.97408,4.687142,0.043
6,21092032,3,177,7568,bike,7570,pedestrian,277.8,279.6,1.8,-9.971985,4.688617,-10.049113,4.634312,0.336
6,21092032,3,178,7510,pedestrian,7559,bike,277.8,279.6,1.8,-10.073426,4.617194,-10.165656,4.552256,0.191
6,21092032,3,180,7567,car,7587,pedestrian,279.6,279.8,0.2,-6.0053,-1.598714,-6.0053,-1.598714,4.873
6,21092032,3,179,7510,pedestrian,7568,bike,278.2,280.2,2,-10.04783,4.635216,-10.134231,4.574382,0.277
6,21092032,3,183,7565,car,7587,pedestrian,284,284.2,0.2,-6.183,-1.334889,-6.183,-1.334889,4.971
6,21092032,3,184,7515,pedestrian,7559,bike,284.2,284.4,0.2,-11.063331,3.867752,-11.063331,3.867752,4.174
6,21092032,3,186,7515,pedestrian,7568,bike,284.6,286.2,1.6,-11.03783,3.89257,-11.032483,3.789494,1.159
6,21092032,3,187,7518,pedestrian,7568,bike,285.2,286.6,1.4,-11.101961,3.79954,-11.017741,3.694622,2.806
6,21092032,3,189,7536,pedestrian,7568,bike,285.8,286.6,0.8,-11.073996,3.683525,-11.032291,3.629249,4.491
6,21092032,3,190,7481,pedestrian,7576,car,286,287.6,1.6,-7.494135,5.883672,-7.329627,5.94856,1.993
6,21092032,3,192,7565,car,7593,pedestrian,287.4,288,0.6,-5.614475,-2.179399,-5.588755,-2.216711,4.664
6,21092032,3,185,7493,pedestrian,7553,bike,284.4,288.4,4,-9.806845,4.804889,-9.793261,4.814454,0.032
6,21092032,3,193,7477,pedestrian,7582,car,287.6,288.6,1,-4.645702,5.996151,-4.595314,5.965445,4.037
6,21092032,3,191,7511,pedestrian,7582,car,287.2,288.8,1.6,-4.715396,6.04501,-4.559685,5.945256,4.018
6,21092032,3,188,7503,pedestrian,7553,bike,285.4,289.4,4,-9.743588,4.849428,-9.742368,4.850287,0.138
6,21092032,3,196,7540,car,7593,pedestrian,289.8,290.8,1,-5.65159,-2.123346,-5.714618,-2.03059,4.702
6,21092032,3,181,7510,pedestrian,7553,bike,283.6,291,7.4,-9.946594,4.706494,-9.584135,4.961696,0.261
6,21092032,3,140,7468,pedestrian,7552,bike,249.2,291.2,42,-4.908375,8.812949,-2.852658,8.391051,0.424
6,21092032,3,194,7504,pedestrian,7553,bike,288.6,291.2,2.6,-9.603469,4.948083,-9.539895,4.992845,0.136
6,21092032,3,182,7553,bike,7570,pedestrian,284,292.2,8.2,-9.877603,4.75507,-9.380006,5.122572,0.065
6,21092032,3,195,7509,pedestrian,7553,bike,289.2,292.6,3.4,-9.564628,4.986777,-9.325512,5.213394,1.829
6,21092032,3,197,7477,pedestrian,7585,car,291.8,292.8,1,-4.832393,6.131448,-4.782521,6.093766,3.913
6,21092032,3,198,7477,pedestrian,7586,car,292.4,293.4,1,-4.8554,6.150144,-4.808769,6.112181,3.895
6,21092032,3,199,7507,pedestrian,7553,bike,293,294.4,1.4,-9.084411,5.374148,-9.009431,5.42746,2.652
6,21092032,3,200,7543,pedestrian,7568,bike,293.4,294.4,1,-9.887454,2.183668,-9.847039,2.126152,3.626
6,21092032,3,201,7511,pedestrian,7585,car,294.4,295.4,1,-4.34617,5.839405,-4.245805,5.796218,4.451
6,21092032,3,202,7511,pedestrian,7586,car,295.4,296.2,0.8,-4.293866,5.814811,-4.21098,5.783929,4.518
6,21092032,3,203,7501,pedestrian,7582,car,295.6,298.2,2.6,-3.168837,5.293691,-2.961862,5.068612,3.062
6,21092032,3,204,7461,pedestrian,7582,car,296.6,299,2.4,-3.04115,5.155889,-2.849781,4.94036,3.265
6,21092032,3,208,7546,pedestrian,7562,car,300.4,301,0.6,-11.25308,2.819351,-11.297278,2.828823,4.742
6,21092032,3,209,7486,pedestrian,7590,car,300.4,301.2,0.8,-2.461878,2.200424,-2.42212,2.227298,4.397
6,21092032,3,207,7548,pedestrian,7562,car,300.2,302,1.8,-11.26274,2.704993,-11.429788,2.72329,0.386
6,21092032,3,210,7555,pedestrian,7568,bike,301.2,302,0.8,-8.788648,0.577127,-8.75556,0.529871,4.23
6,21092032,3,211,7556,pedestrian,7562,car,301.8,302.6,0.8,-11.516877,2.560307,-11.584487,2.561328,4.26
6,21092032,3,205,7578,pedestrian,7598,bike,298.6,303.8,5.2,-2.878426,8.376361,-3.062118,8.343292,0.125
6,21092032,3,213,7461,pedestrian,7585,car,302.2,304,1.8,-2.898965,5.056484,-2.7608,4.9688,0.675
6,21092032,3,215,7501,pedestrian,7585,car,302.4,304.2,1.8,-2.897258,5.013506,-2.759003,4.93845,1.756
6,21092032,3,206,7583,pedestrian,7598,bike,298.6,304.6,6,-2.824192,8.402024,-3.117039,8.3402,1.406
6,21092032,3,212,7502,pedestrian,7553,bike,302.2,304.8,2.6,-7.51598,6.465182,-7.2573,6.644624,2.607
6,21092032,3,217,7461,pedestrian,7586,car,302.8,304.8,2,-2.903147,5.084627,-2.73429,4.969282,0.234
6,21092032,3,218,7501,pedestrian,7586,car,303,304.8,1.8,-2.897754,5.044472,-2.747716,4.959117,0.928
6,21092032,3,221,7563,pedestrian,7568,bike,305.8,306.4,0.6,-8.134292,-0.376481,-8.110186,-0.408446,4.653
6,21092032,3,219,7534,pedestrian,7553,bike,305.8,307.4,1.6,-6.903975,6.887058,-6.812274,6.951024,2.557
6,21092032,3,220,7511,pedestrian,7591,car,305.8,307.4,1.6,-3.710447,5.658275,-3.524187,5.538161,3.662
6,21092032,3,222,7578,pedestrian,7602,car,307,307.8,0.8,-2.754466,8.226924,-2.820099,8.186456,4.473
6,21092032,3,223,7475,pedestrian,7592,car,308,309.6,1.6,-7.36947,6.031225,-7.543056,5.972543,2.22
6,21092032,3,227,7583,pedestrian,7603,car,309.4,310.2,0.8,-2.7248,8.226581,-2.802919,8.194504,4.161
6,21092032,3,214,7561,bike,7583,pedestrian,302.4,310.4,8,-3.132948,8.346534,-2.81495,8.32049,1.099
6,21092032,3,216,7561,bike,7578,pedestrian,302.8,310.4,7.6,-3.101122,8.340828,-2.791536,8.26554,3.476
6,21092032,3,226,7578,pedestrian,7603,car,309.2,310.6,1.4,-2.684378,8.203541,-2.830274,8.115132,2.037
6,21092032,3,224,7497,pedestrian,7553,bike,308.4,310.8,2.4,-6.629542,7.263266,-6.535695,7.541973,2.371
6,21092032,3,225,7480,pedestrian,7553,bike,309.2,311.6,2.4,-6.589854,7.425401,-6.438802,7.658474,2.629
6,21092032,3,231,7567,car,7608,pedestrian,311.6,312.4,0.8,-5.52871,-2.305889,-5.584239,-2.224288,4.629
6,21092032,3,228,7493,pedestrian,7607,bike,310.4,313.8,3.4,-10.95135,3.999061,-10.913164,4.025947,0.08
6,21092032,3,234,7567,car,7604,pedestrian,313.2,313.8,0.6,-5.771099,-1.946146,-5.81061,-1.88799,4.758
6,21092032,3,230,7503,pedestrian,7607,bike,311.2,315,3.8,-10.882082,4.047831,-10.857999,4.064788,0.114
6,21092032,3,233,7578,pedestrian,7605,car,312.8,315,2.2,-2.618995,8.143808,-2.778017,8.029505,1.922
6,21092032,3,232,7583,pedestrian,7605,car,312.8,315.2,2.4,-2.632476,8.173942,-2.813937,8.061729,1.082
6,21092032,3,237,7567,car,7599,pedestrian,315.4,315.8,0.4,-6.108004,-1.446043,-6.127011,-1.418093,4.941
6,21092032,3,238,7565,car,7608,pedestrian,316.8,317.4,0.6,-5.686807,-2.071214,-5.725132,-2.014904,4.713
6,21092032,3,235,7504,pedestrian,7607,bike,313.4,317.8,4.4,-10.749204,4.141388,-10.762155,4.13227,0.278
6,21092032,3,236,7478,pedestrian,7598,bike,314.8,318.2,3.4,-4.041671,8.466656,-4.04693,8.469643,0.148
6,21092032,3,239,7565,car,7604,pedestrian,318.8,319.4,0.6,-6.00762,-1.594961,-6.048436,-1.534897,4.889
6,21092032,3,242,7512,pedestrian,7568,bike,319.6,321.2,1.6,-10.617996,-2.400796,-10.729356,-2.478525,0.537
6,21092032,3,240,7595,pedestrian,7611,bike,319.4,322,2.6,-2.895913,8.34702,-2.924151,8.346581,0.027
6,21092032,3,243,7568,bike,7574,pedestrian,321.2,322.8,1.6,-10.956535,-2.637095,-11.060001,-2.709315,0.643
6,21092032,3,244,7517,pedestrian,7568,bike,322.6,322.8,0.2,-11.201293,-2.667654,-11.201293,-2.667654,4.999
6,21092032,3,245,7507,pedestrian,7607,bike,323.6,327.8,4.2,-10.365061,4.411858,-10.353497,4.42,0.419
6,21092032,3,246,7478,pedestrian,7611,bike,324.8,328.4,3.6,-3.399422,8.294968,-3.394265,8.295789,0.094
6,21092032,3,248,7578,pedestrian,7590,car,328,329.6,1.6,-2.530187,7.434163,-2.384259,7.497306,2.557
6,21092032,3,247,7583,pedestrian,7590,car,328,330,2,-2.539658,7.456683,-2.358176,7.554389,1.062
6,21092032,3,249,7486,pedestrian,7609,car,331.2,331.6,0.4,-4.262577,0.941031,-4.253938,0.946895,4.935
6,21092032,3,250,7476,pedestrian,7602,car,331.4,332.2,0.8,-4.020421,5.756213,-3.92795,5.745221,4.71
6,21092032,3,254,7480,pedestrian,7598,bike,332,333.6,1.6,-5.599893,8.280139,-5.696595,8.219953,2.246
6,21092032,3,255,7476,pedestrian,7603,car,332.4,333.8,1.4,-3.948472,5.747224,-3.780708,5.685833,4.61
6,21092032,3,256,7497,pedestrian,7598,bike,332.4,334,1.6,-5.677306,8.226539,-5.776839,8.164284,2.053
6,21092032,3,257,7587,pedestrian,7609,car,333,334,1,-3.990514,1.131613,-3.9085,1.188728,4.83
6,21092032,3,258,7530,pedestrian,7607,bike,333.8,334.8,1,-9.782607,4.821955,-9.765463,4.834026,4.321
6,21092032,3,253,7553,bike,7596,pedestrian,332,335.4,3.4,-3.98273,8.442037,-3.987074,8.443575,0.073
6,21092032,3,260,7570,pedestrian,7601,car,335,335.6,0.6,-7.321988,5.911543,-7.347165,5.877999,4.844
6,21092032,3,259,7510,pedestrian,7601,car,334.6,336.6,2,-7.335807,6.001509,-7.449287,5.850516,2.127
6,21092032,3,261,7502,pedestrian,7598,bike,335.2,336.8,1.6,-6.160747,7.886554,-6.247978,7.818487,2.139
6,21092032,3,229,7594,pedestrian,7607,bike,310.4,338.6,28.2,-10.985345,3.975126,-9.76715,4.832838,0.008
6,21092032,3,252,7536,pedestrian,7607,bike,331.8,340.6,8.8,-9.949788,4.704245,-9.5952,4.953906,0
6,21092032,3,251,7522,pedestrian,7607,bike,331.8,341.8,10,-9.949788,4.704245,-9.392851,5.103815,0.314
6,21092032,3,262,7530,pedestrian,7607,bike,338.4,342.4,4,-9.582213,4.96305,-9.320099,5.215109,1.148
6,21092032,3,265,7550,pedestrian,7609,car,341.6,342.4,0.8,-2.73073,2.013758,-2.702316,2.033122,4.466
6,21092032,3,263,7518,pedestrian,7607,bike,340.2,342.8,2.6,-9.485333,5.098377,-9.247608,5.26666,2.704
6,21092032,3,264,7515,pedestrian,7607,bike,340.8,343.2,2.4,-9.39937,5.166119,-9.179226,5.310327,2.667
6,21092032,3,266,7475,pedestrian,7607,bike,342,343.4,1.4,-9.210833,5.290231,-9.144362,5.333112,2.657
6,21092032,3,267,7509,pedestrian,7598,bike,343,344.6,1.6,-7.204096,6.68156,-7.298134,6.616428,2.644
6,21092032,3,268,7500,pedestrian,7592,car,345.4,346,0.6,-9.048796,-1.166904,-9.100523,-1.202818,4.866
6,21092032,3,271,7592,car,7597,pedestrian,346.6,346.8,0.2,-9.280131,-1.3278,-9.280131,-1.3278,4.884
6,21092032,3,270,7534,pedestrian,7607,bike,346.6,348.2,1.6,-8.450731,5.816124,-8.36365,5.876458,2.583
6,21092032,3,241,7596,pedestrian,7611,bike,319.4,348.4,29,-2.914637,8.359227,-4.927918,8.799574,2.055
6,21092032,3,272,7480,pedestrian,7611,bike,347.8,349,1.2,-4.966529,8.767444,-5.050324,8.701931,2.629
6,21092032,3,269,7476,pedestrian,7605,car,346.4,349.2,2.8,-3.280811,5.373547,-3.040088,5.161195,3.256
6,21092032,3,273,7497,pedestrian,7611,bike,348,349.2,1.2,-5.019278,8.725861,-5.096049,8.66516,2.692
6,21092032,3,274,7481,pedestrian,7613,car,348.4,349.8,1.4,-4.812777,6.116281,-4.660162,6.008116,3.95
6,21092032,3,277,7517,pedestrian,7592,car,350,350.2,0.2,-9.978014,-1.813291,-9.978014,-1.813291,4.952
6,21092032,3,276,7566,pedestrian,7605,car,349.6,350.6,1,-2.89065,4.952611,-2.84478,4.880005,4.672
6,21092032,3,280,7526,pedestrian,7592,car,350.4,350.6,0.2,-10.063188,-1.87255,-10.063188,-1.87255,4.952
6,21092032,3,275,7541,pedestrian,7605,car,348.8,351.2,2.4,-2.862401,5.132648,-2.768696,4.923285,0.482
6,21092032,3,279,7502,pedestrian,7611,bike,350.2,351.4,1.2,-5.474838,8.368892,-5.562,8.312022,2.405
6,21092032,3,278,7534,pedestrian,7598,bike,350,352.4,2.4,-8.434197,5.827467,-8.669774,5.664033,2.564
6,21092032,3,281,7477,pedestrian,7607,bike,351.2,352.8,1.6,-7.649932,6.184557,-7.559242,6.296639,3.268
6,21092032,3,283,7515,pedestrian,7598,bike,352.4,354,1.6,-8.856419,5.534289,-8.954509,5.463636,2.581
6,21092032,3,284,7518,pedestrian,7598,bike,352.6,354.2,1.6,-8.866776,5.453187,-8.949001,5.394087,0.553
6,21092032,3,286,7530,pedestrian,7598,bike,353,354.4,1.4,-8.951769,5.46809,-9.032852,5.408933,2.629
6,21092032,3,285,7522,pedestrian,7598,bike,353,354.6,1.6,-8.930065,5.407898,-9.01316,5.350025,0.215
6,21092032,3,287,7536,pedestrian,7598,bike,353.4,355.2,1.8,-9.038512,5.407547,-9.145156,5.304695,2.717
6,21092032,3,288,7594,pedestrian,7598,bike,353.8,355.2,1.4,-9.105397,5.360457,-9.174639,5.314035,2.661
6,21092032,3,289,7579,pedestrian,7592,car,355.2,355.8,0.6,-11.216468,-2.423314,-11.254859,-2.461814,3.388
6,21092032,3,282,7615,pedestrian,7626,bike,351.4,357.2,5.8,-2.760745,8.432046,-3.081812,8.343512,1.745
6,21092032,3,291,7555,pedestrian,7601,car,356.8,357.2,0.4,-10.611354,3.203259,-10.623452,3.193121,4.84
6,21092032,3,290,7541,pedestrian,7613,car,356.4,357.4,1,-3.036228,5.150942,-2.983175,5.093219,3.158
6,21092032,3,292,7509,pedestrian,7611,bike,356.8,358.2,1.4,-6.661409,7.143258,-6.727259,7.038665,2.41
6,21092032,3,293,7476,pedestrian,7613,car,357,358.6,1.6,-2.897662,5.033297,-2.760504,4.932392,1.46
6,21092032,3,295,7546,pedestrian,7598,bike,357.2,359.2,2,-9.685728,4.890166,-9.795972,4.812545,0.077
6,21092032,3,300,7579,pedestrian,7630,bike,359,359.8,0.8,-11.188039,-2.659721,-11.138927,-2.643098,4.719
6,21092032,3,294,7509,pedestrian,7607,bike,357,360.2,3.2,-6.767793,6.990159,-6.62413,7.315967,2.603
6,21092032,3,296,7548,pedestrian,7598,bike,357.6,360.2,2.6,-9.763308,4.835543,-9.859717,4.767663,0.501
6,21092032,3,297,7569,pedestrian,7598,bike,358,361.4,3.4,-9.83063,4.788143,-9.916068,4.727987,0.109
6,21092032,3,299,7571,pedestrian,7598,bike,358.6,361.8,3.2,-9.921553,4.724125,-9.942227,4.709569,0.263
6,21092032,3,302,7476,pedestrian,7609,car,364,365.6,1.6,-2.607539,5.096893,-2.645892,5.21882,3.903
6,21092032,3,303,7596,pedestrian,7607,bike,364.6,366.2,1.6,-5.868236,8.098264,-5.794046,8.145999,1.898
6,21092032,3,304,7518,pedestrian,7611,bike,365,368.6,3.6,-8.146534,5.954079,-8.134573,5.962374,0.131
6,21092032,3,305,7522,pedestrian,7611,bike,366,369.6,3.6,-8.196802,5.919223,-8.180147,5.930771,0.02
6,21092032,3,306,7621,pedestrian,7634,bike,367,372,5,-2.850054,8.389786,-3.037362,8.345198,0.115
6,21092032,3,307,7515,pedestrian,7611,bike,368,372,4,-8.312589,5.9119,-8.342499,5.891282,2.569
6,21092032,3,308,7536,pedestrian,7611,bike,368.6,372.6,4,-8.331388,5.825897,-8.322684,5.831932,0.077
6,21092032,3,309,7480,pedestrian,7626,bike,368.8,372.8,4,-4.029483,8.461922,-4.053082,8.472726,0.207
6,21092032,3,310,7530,pedestrian,7611,bike,369.2,373.2,4,-8.374544,5.868884,-8.395805,5.854263,2.569
6,21092032,3,315,7510,pedestrian,7624,car,373.2,373.6,0.4,-5.092981,6.354199,-5.07458,6.331604,4.961
6,21092032,3,311,7594,pedestrian,7611,bike,369.8,373.8,4,-8.37717,5.79415,-8.375695,5.795173,0.275
6,21092032,3,312,7497,pedestrian,7626,bike,370,373.8,3.8,-4.094571,8.495529,-4.11007,8.504048,0.079
6,21092032,3,313,7577,pedestrian,7598,bike,371,374.8,3.8,-10.635233,4.221634,-10.643305,4.21595,0.245
6,21092032,3,316,7570,pedestrian,7624,car,373.4,374.8,1.4,-5.020594,6.285909,-4.889662,6.168995,4.418
6,21092032,3,318,7602,car,7635,pedestrian,376.6,377.2,0.6,-5.793531,-1.913501,-5.770451,-1.946997,4.755
6,21092032,3,319,7603,car,7635,pedestrian,377.2,377.6,0.4,-5.805594,-1.895484,-5.792513,-1.914485,4.774
6,21092032,3,321,7602,car,7637,pedestrian,377.4,378,0.6,-5.681757,-2.079384,-5.659087,-2.112262,4.694
6,21092032,3,322,7541,pedestrian,7624,car,377.4,378,0.6,-4.229615,5.789689,-4.200078,5.780298,4.556
6,21092032,3,317,7502,pedestrian,7626,bike,374.6,378.4,3.8,-4.358351,8.640506,-4.372737,8.648412,0.123
6,21092032,3,323,7603,car,7637,pedestrian,378,378.6,0.6,-5.695975,-2.058187,-5.673305,-2.091065,4.715
6,21092032,3,298,7475,pedestrian,7598,bike,358.2,379.2,21,-9.863756,4.764819,-11.053459,3.927167,0.941
6,21092032,3,320,7480,pedestrian,7634,bike,377.4,381.2,3.8,-3.619732,8.311078,-3.647872,8.32,0.123
6,21092032,3,324,7497,pedestrian,7634,bike,378.4,382.2,3.8,-3.68801,8.332726,-3.71615,8.341648,0.024
6,21092032,3,325,7546,pedestrian,7611,bike,379.8,383.2,3.4,-8.907035,5.499133,-8.934757,5.478028,2.57
6,21092032,3,332,7542,pedestrian,7630,bike,382,383.2,1.2,-8.183516,-0.280134,-8.236857,-0.229839,4.479
6,21092032,3,329,7508,pedestrian,7624,car,381.2,383.4,2.2,-3.448578,5.492479,-3.225906,5.333166,3.399
6,21092032,3,327,7569,pedestrian,7611,bike,380.6,384,3.4,-8.989413,5.441945,-9.008363,5.425379,2.601
6,21092032,3,330,7571,pedestrian,7611,bike,381.8,384.4,2.6,-9.037087,5.408532,-9.094427,5.367509,2.672
6,21092032,3,331,7481,pedestrian,7624,car,382,384.4,2.4,-3.306356,5.391744,-3.079915,5.19751,3.478
6,21092032,3,328,7548,pedestrian,7611,bike,380.8,384.6,3.8,-9.001655,5.433515,-9.078407,5.304801,0.578
6,21092032,3,301,7477,pedestrian,7611,bike,363.4,384.8,21.4,-7.997418,6.057481,-9.146343,5.298951,0.4
6,21092032,3,336,7623,pedestrian,7641,car,384.2,384.8,0.6,-2.632329,8.049741,-2.66784,8.019501,4.849
6,21092032,3,334,7535,pedestrian,7624,car,384.2,386,1.8,-2.862912,5.136583,-2.703417,5.035675,3.068
6,21092032,3,337,7578,pedestrian,7624,car,384.8,386,1.2,-2.767883,5.124781,-2.709704,5.031045,4.196
6,21092032,3,335,7538,pedestrian,7624,car,384.2,386.2,2,-2.897117,5.110686,-2.712963,5.001116,1.408
6,21092032,3,333,7502,pedestrian,7634,bike,382.6,386.4,3.8,-3.957073,8.430565,-3.976279,8.439408,0.12
6,21092032,3,338,7563,pedestrian,7622,car,385.8,387.4,1.6,-10.517536,3.088011,-10.640755,2.975335,0.851
6,21092032,3,346,7579,pedestrian,7601,car,389,389.2,0.2,-10.185279,-1.957507,-10.185279,-1.957507,4.962
6,21092032,3,344,7486,pedestrian,7582,car,388.8,389.4,0.6,-5.646717,-2.130806,-5.661922,-2.108933,4.706
6,21092032,3,341,7597,pedestrian,7630,bike,387.4,389.6,2.2,-8.750854,0.523055,-8.89306,0.729614,4.167
6,21092032,3,342,7509,pedestrian,7626,bike,388,389.8,1.8,-5.636356,8.254635,-5.735414,8.193229,2.127
6,21092032,3,348,7564,pedestrian,7601,car,389.6,389.8,0.2,-10.275173,-2.020025,-10.275173,-2.020025,4.968
6,21092032,3,347,7486,pedestrian,7585,car,389.4,390,0.6,-5.609413,-2.185894,-5.625623,-2.16255,4.692
6,21092032,3,350,7486,pedestrian,7586,car,390,390.6,0.6,-5.594373,-2.208426,-5.603956,-2.194772,4.663
6,21092032,3,353,7557,pedestrian,7601,car,390.6,390.8,0.2,-10.450624,-2.14211,-10.450624,-2.14211,4.997
6,21092032,3,351,7541,pedestrian,7628,car,390.4,391.2,0.8,-4.92868,6.211671,-4.888849,6.169564,4.132
6,21092032,3,352,7486,pedestrian,7591,car,390.4,391.2,0.8,-5.568118,-2.247177,-5.58494,-2.223118,4.644
6,21092032,3,354,7601,car,7642,bike,391.2,391.4,0.2,-10.537693,-2.202657,-10.537693,-2.202657,4.988
6,21092032,3,340,7577,pedestrian,7611,bike,387.2,391.6,4.4,-9.83981,4.781679,-9.811947,4.801297,0.066
6,21092032,3,343,7534,pedestrian,7643,bike,388.8,391.6,2.8,-9.986258,4.678568,-9.913848,4.729551,0.432
6,21092032,3,349,7555,pedestrian,7622,car,389.8,392,2.2,-11.248292,2.718637,-11.525764,2.633479,0.791
6,21092032,3,355,7582,car,7637,pedestrian,393.2,393.6,0.4,-6.14473,-1.391698,-6.159359,-1.370172,4.951
6,21092032,3,357,7585,car,7637,pedestrian,394.2,394.6,0.4,-6.169834,-1.354312,-6.184966,-1.33205,4.971
6,21092032,3,356,7601,car,7647,pedestrian,394,395,1,-11.169221,-2.456622,-11.24234,-2.476923,2.628
6,21092032,3,360,7586,car,7637,pedestrian,395.4,395.6,0.2,-6.21464,-1.287982,-6.21464,-1.287982,4.986
6,21092032,3,358,7510,pedestrian,7628,car,395,396.8,1.8,-3.841842,5.732793,-3.61861,5.596429,3.851
6,21092032,3,359,7477,pedestrian,7643,bike,395.2,397.6,2.4,-9.561246,4.988727,-9.475741,5.038015,0.19
6,21092032,3,361,7570,pedestrian,7628,car,395.8,397.6,1.8,-3.666454,5.632114,-3.445807,5.489367,3.519
6,21092032,3,345,7577,pedestrian,7643,bike,389,398.4,9.4,-9.934196,4.715224,-9.346549,5.172729,0.685
6,21092032,3,364,7481,pedestrian,7628,car,399.6,400.6,1,-2.812042,5.138263,-2.726058,5.074522,4.21
6,21092032,3,363,7508,pedestrian,7628,car,399.4,400.8,1.4,-2.853632,5.13912,-2.718928,5.048121,3.283
6,21092032,3,367,7595,pedestrian,7628,car,400.2,400.8,0.6,-2.876806,4.924882,-2.843132,4.88259,4.606
6,21092032,3,362,7509,pedestrian,7634,bike,399.4,401,1.6,-5.178764,8.599407,-5.26259,8.53209,2.669
6,21092032,3,366,7515,pedestrian,7626,bike,400,401.6,1.6,-7.227357,6.665412,-7.316478,6.603681,2.641
6,21092032,3,368,7530,pedestrian,7626,bike,400.6,402.2,1.6,-7.315658,6.604116,-7.404779,6.542384,2.603
6,21092032,3,369,7605,car,7648,pedestrian,401.6,402.2,0.6,-5.808913,-1.890555,-5.79424,-1.911694,4.764
6,21092032,3,370,7613,car,7648,pedestrian,402,402.8,0.8,-5.82811,-1.862168,-5.816961,-1.877995,4.781
6,21092032,3,377,7579,pedestrian,7642,bike,403.6,403.8,0.2,-9.668746,-1.829173,-9.668746,-1.829173,4.922
6,21092032,3,380,7579,pedestrian,7642,bike,404,405.4,1.4,-9.657964,-1.834111,-9.578238,-1.815853,4.789
6,21092032,3,372,7596,pedestrian,7626,bike,402.4,405.6,3.2,-7.617787,6.394343,-7.948191,6.16508,2.587
6,21092032,3,374,7564,pedestrian,7642,bike,403,406.2,3.2,-9.711823,-1.795956,-9.534957,-1.737642,2.304
6,21092032,3,381,7546,pedestrian,7626,bike,404.6,406.2,1.6,-7.975718,6.145818,-8.062357,6.08579,2.587
6,21092032,3,314,7502,pedestrian,7607,bike,371.4,406.6,35.2,-4.716987,8.789772,-2.804573,8.411923,2.028
6,21092032,3,326,7557,pedestrian,7642,bike,379.8,406.6,26.8,-11.092724,-2.732155,-9.528428,-1.672621,1.011
6,21092032,3,382,7548,pedestrian,7626,bike,404.8,406.8,2,-7.991887,6.061316,-8.097523,5.988065,0.472
6,21092032,3,383,7569,pedestrian,7626,bike,405.2,406.8,1.6,-8.062111,6.085839,-8.152526,6.023185,2.601
6,21092032,3,385,7546,pedestrian,7643,bike,406.6,406.8,0.2,-8.057461,6.089206,-8.057461,6.089206,4.975
6,21092032,3,371,7611,bike,7632,pedestrian,402.4,407,4.6,-10.420552,4.372788,-10.398906,4.388028,0.057
6,21092032,3,386,7546,pedestrian,7643,bike,407,407.2,0.2,-8.041078,6.100581,-8.041078,6.100581,4.919
6,21092032,3,384,7571,pedestrian,7626,bike,405.6,407.4,1.8,-8.139903,6.03181,-8.23892,5.963206,2.573
6,21092032,3,389,7546,pedestrian,7643,bike,407.6,407.8,0.2,-8.016504,6.117643,-8.016504,6.117643,4.835
6,21092032,3,378,7611,bike,7633,pedestrian,403.8,408.4,4.6,-10.467489,4.33974,-10.442062,4.357642,0.257
6,21092032,3,379,7534,pedestrian,7650,bike,403.8,408.4,4.6,-10.568761,4.268436,-10.548728,4.282541,0.007
6,21092032,3,388,7542,pedestrian,7642,bike,407.4,409.2,1.8,-9.204854,-1.414425,-9.121977,-1.356577,0.33
6,21092032,3,387,7596,pedestrian,7643,bike,407,410.4,3.4,-8.041239,6.10047,-8.068982,6.081054,2.579
6,21092032,3,391,7563,pedestrian,7630,bike,408.8,410.6,1.8,-11.019335,3.720925,-11.104692,3.805301,2.522
6,21092032,3,393,7577,pedestrian,7626,bike,410.2,412,1.8,-8.847203,5.467326,-8.935589,5.403501,0.373
6,21092032,3,395,7515,pedestrian,7634,bike,411.4,413,1.6,-6.838777,6.933311,-6.932326,6.868075,2.59
6,21092032,3,394,7530,pedestrian,7634,bike,411.4,413.2,1.8,-6.852019,6.92467,-6.9807,6.835822,2.602
6,21092032,3,396,7534,pedestrian,7630,bike,411.4,413.4,2,-10.848819,4.071252,-10.747993,4.142241,0.465
6,21092032,3,397,7525,pedestrian,7642,bike,411.8,413.6,1.8,-8.505393,-0.926203,-8.42748,-0.871819,0.438
6,21092032,3,373,7571,pedestrian,7643,bike,402.8,414,11.2,-8.393753,5.855684,-7.840375,6.2398,2.573
6,21092032,3,392,7477,pedestrian,7650,bike,410.2,414.2,4,-10.261359,4.484873,-10.265333,4.482075,0.156
6,21092032,3,399,7571,pedestrian,7643,bike,414.2,414.6,0.4,-7.814175,6.257986,-7.810399,6.260611,4.7
6,21092032,3,376,7569,pedestrian,7643,bike,403.4,415.4,12,-8.280333,5.934446,-7.673525,6.355639,2.609
6,21092032,3,401,7570,pedestrian,7641,car,415,415.4,0.4,-2.785442,5.133665,-2.764791,5.121109,4.903
6,21092032,3,375,7548,pedestrian,7643,bike,403.4,415.8,12.4,-8.235565,5.892343,-7.557273,6.323096,0.255
6,21092032,3,390,7546,pedestrian,7643,bike,408,416,8,-8.004537,6.125955,-7.558389,6.435585,2.59
6,21092032,3,398,7477,pedestrian,7630,bike,414.2,416,1.8,-10.438058,4.360462,-10.355973,4.418257,0.141
6,21092032,3,400,7510,pedestrian,7641,car,414.6,416.4,1.8,-2.885049,5.11485,-2.717474,5.017646,1.881
6,21092032,3,402,7546,pedestrian,7634,bike,415.6,417.2,1.6,-7.557008,6.436534,-7.648281,6.373314,2.599
6,21092032,3,403,7626,bike,7632,pedestrian,416,417.8,1.8,-9.788039,4.81813,-9.878496,4.754441,0.199
6,21092032,3,404,7548,pedestrian,7634,bike,416,417.8,1.8,-7.562028,6.306723,-7.672119,6.178088,2.806
6,21092032,3,405,7569,pedestrian,7634,bike,416.2,417.8,1.6,-7.649163,6.372562,-7.740431,6.309336,2.625
6,21092032,3,406,7626,bike,7633,pedestrian,416.4,418.2,1.8,-9.86394,4.764689,-9.950096,4.704028,0.297
6,21092032,3,407,7571,pedestrian,7634,bike,416.6,418.2,1.6,-7.726396,6.318931,-7.815768,6.257016,2.606
6,21092032,3,408,7632,pedestrian,7650,bike,418.4,420.4,2,-9.844504,4.778374,-9.762433,4.836159,3.474
6,21092032,3,411,7630,bike,7632,pedestrian,419.6,420.4,0.8,-9.790052,4.816713,-9.762433,4.836159,4.472
6,21092032,3,339,7534,pedestrian,7611,bike,386.6,421,34.4,-9.739687,4.852174,-11.030777,3.791686,0.118
6,21092032,3,410,7530,pedestrian,7643,bike,419.4,422,2.6,-6.777361,6.981494,-6.644789,7.217387,2.307
6,21092032,3,413,7577,pedestrian,7634,bike,420.4,422.2,1.8,-8.335249,5.823219,-8.430134,5.757423,0.135
6,21092032,3,365,7633,pedestrian,7650,bike,400,422.6,22.6,-10.825845,4.087427,-9.763303,4.835547,0.685
6,21092032,3,412,7515,pedestrian,7643,bike,420.2,422.8,2.6,-6.693791,7.083513,-6.602264,7.372493,2.573
6,21092032,3,417,7630,bike,7632,pedestrian,425.4,425.8,0.4,-9.540655,5.024102,-9.533718,5.03343,4.856
6,21092032,3,415,7596,pedestrian,7634,bike,423.2,426.2,3,-8.834205,5.549706,-9.151623,5.329178,2.607
6,21092032,3,416,7597,pedestrian,7611,bike,425.4,426.4,1,-10.260683,2.729616,-10.215454,2.665076,3.477
6,21092032,3,418,7632,pedestrian,7634,bike,426.2,428,1.8,-9.338806,5.180286,-9.455193,5.128724,2.377
6,21092032,3,421,7633,pedestrian,7634,bike,426.6,428.4,1.8,-9.38811,5.106603,-9.508258,5.063442,1.03
6,21092032,3,409,7630,bike,7633,pedestrian,418.4,428.6,10.2,-9.946971,4.706229,-9.340722,5.182813,0.558
6,21092032,3,424,7550,pedestrian,7624,car,428.2,428.8,0.6,-6.044471,-1.540731,-6.012552,-1.587712,4.888
6,21092032,3,419,7630,bike,7632,pedestrian,426.2,429.2,3,-9.508529,5.064496,-9.247231,5.266875,2.693
6,21092032,3,414,7477,pedestrian,7626,bike,421,429.4,8.4,-10.597607,4.248126,-11.055431,3.925779,0.786
6,21092032,3,420,7633,pedestrian,7650,bike,426.4,429.4,3,-9.574411,4.972361,-9.326845,5.21201,1.521
6,21092032,3,423,7596,pedestrian,7630,bike,428,429.4,1.4,-9.262414,5.256396,-9.206226,5.292954,2.636
6,21092032,3,425,7596,pedestrian,7650,bike,428.4,430,1.6,-9.303867,5.229287,-9.229109,5.278493,2.672
6,21092032,3,422,7632,pedestrian,7650,bike,427.4,430.2,2.8,-9.468908,5.119054,-9.195175,5.300169,2.678
6,21092032,3,430,7461,pedestrian,7659,car,430.8,431.2,0.4,-4.229721,0.964097,-4.211124,0.976867,4.957
6,21092032,3,431,7624,car,7662,pedestrian,430.8,431.4,0.6,-5.711662,-2.035016,-5.694598,-2.05961,4.712
6,21092032,3,434,7501,pedestrian,7659,car,431.2,431.4,0.2,-4.14035,1.026641,-4.14035,1.026641,4.911
6,21092032,3,427,7587,pedestrian,7645,car,430.4,431.6,1.2,-2.917726,5.009754,-2.876646,4.969297,3.384
6,21092032,3,432,7587,pedestrian,7649,car,431,432,1,-2.94163,5.038422,-2.899097,4.994423,3.317
6,21092032,3,435,7624,car,7663,pedestrian,431.6,432,0.4,-5.621875,-2.168089,-5.613353,-2.180371,4.704
6,21092032,3,429,7623,pedestrian,7645,car,430.6,432.2,1.6,-2.776713,5.12027,-2.725235,4.995614,3.407
6,21092032,3,426,7621,pedestrian,7645,car,430,432.4,2.4,-2.846387,5.138464,-2.761428,4.938397,1.177
6,21092032,3,428,7621,pedestrian,7649,car,430.6,433.2,2.6,-2.871963,5.138419,-2.774011,4.91789,0.534
6,21092032,3,433,7623,pedestrian,7649,car,431,433.2,2.2,-2.810357,5.137853,-2.743798,4.962084,2.607
6,21092032,3,438,7461,pedestrian,7660,car,433.8,434,0.2,-4.362411,0.87114,-4.362411,0.87114,4.969
6,21092032,3,437,7511,pedestrian,7659,car,433.8,434.2,0.4,-3.540953,1.446288,-3.522584,1.458897,4.716
6,21092032,3,439,7501,pedestrian,7660,car,434.2,434.6,0.4,-4.279922,0.928953,-4.266825,0.937897,4.975
6,21092032,3,440,7511,pedestrian,7660,car,437.2,437.6,0.4,-3.710479,1.327636,-3.696237,1.337392,4.793
6,21092032,3,441,7628,car,7662,pedestrian,437.8,438,0.2,-5.976503,-1.641494,-5.976503,-1.641494,4.858
6,21092032,3,436,7509,pedestrian,7658,bike,433.8,438.4,4.6,-3.685286,8.331862,-3.683825,8.331399,0.119
6,21092032,3,443,7628,car,7663,pedestrian,438.4,438.8,0.4,-5.889568,-1.77056,-5.879038,-1.785779,4.813
6,21092032,3,442,7577,pedestrian,7630,bike,437.8,439.4,1.6,-7.703466,6.184083,-7.574078,6.222459,3.849
6,21092032,3,445,7577,pedestrian,7650,bike,439,439.6,0.6,-7.652954,6.175105,-7.613336,6.187908,4.796
6,21092032,3,444,7610,pedestrian,7659,car,438.8,439.8,1,-2.349188,2.277987,-2.237566,2.354295,4.347
6,21092032,3,446,7608,pedestrian,7659,car,439.4,440.4,1,-2.20989,2.373796,-2.098838,2.449708,4.315
6,21092032,3,447,7522,pedestrian,7652,car,439.6,440.6,1,-4.200374,5.780809,-4.090856,5.766322,4.576
6,21092032,3,449,7476,pedestrian,7659,car,440,440.6,0.6,-2.084038,2.460272,-2.046646,2.485642,4.286
6,21092032,3,448,7550,pedestrian,7628,car,440,440.8,0.8,-5.644235,-2.135096,-5.59033,-2.214381,4.674
6,21092032,3,450,7518,pedestrian,7652,car,440.4,441.4,1,-4.022959,5.756612,-3.913106,5.743324,4.704
6,21092032,3,453,7518,pedestrian,7652,car,441.6,442.6,1,-3.861611,5.727259,-3.765019,5.677564,4.73
6,21092032,3,454,7587,pedestrian,7652,car,442.6,443.8,1.2,-3.610501,5.597903,-3.556123,5.558518,3.6
6,21092032,3,456,7535,pedestrian,7668,car,442.8,443.8,1,-2.686319,8.23098,-2.79198,8.212738,4.324
6,21092032,3,455,7538,pedestrian,7668,car,442.6,444.2,1.6,-2.638088,8.18435,-2.821218,8.148303,1.681
6,21092032,3,459,7511,pedestrian,7664,car,444.6,445,0.4,-4.062368,1.081198,-4.048397,1.090767,4.871
6,21092032,3,457,7476,pedestrian,7660,car,444.4,445.4,1,-2.305941,2.307761,-2.24774,2.347197,4.332
6,21092032,3,452,7509,pedestrian,7667,bike,441.4,445.6,4.2,-3.306115,8.310871,-3.325828,8.307202,0.042
6,21092032,3,463,7569,pedestrian,7650,bike,446.2,446.4,0.2,-6.681366,7.10902,-6.681366,7.10902,4.841
6,21092032,3,462,7610,pedestrian,7660,car,445.8,447.2,1.4,-2.037315,2.49253,-1.89547,2.589543,4.271
6,21092032,3,458,7571,pedestrian,7630,bike,444.6,447.6,3,-6.763663,6.990915,-6.641066,7.236948,2.277
6,21092032,3,465,7608,pedestrian,7660,car,446.6,448,1.4,-1.889245,2.594343,-1.747542,2.691257,4.231
6,21092032,3,460,7569,pedestrian,7630,bike,445,448.4,3.4,-6.72421,7.04996,-6.598407,7.383195,2.569
6,21092032,3,461,7571,pedestrian,7650,bike,445.2,448.6,3.4,-6.762969,6.991393,-6.631705,7.280034,2.397
6,21092032,3,451,7597,pedestrian,7642,bike,441.4,449,7.6,-10.804006,3.449369,-11.03456,3.911982,0.274
6,21092032,3,464,7546,pedestrian,7630,bike,446.4,449,2.6,-6.633759,7.248049,-6.54958,7.505173,2.338
6,21092032,3,466,7569,pedestrian,7650,bike,446.6,449.4,2.8,-6.671219,7.136228,-6.583273,7.421752,2.496
6,21092032,3,467,7546,pedestrian,7650,bike,447.4,450,2.6,-6.623675,7.291151,-6.535929,7.539944,2.428
6,21092032,3,475,7594,pedestrian,7661,car,450.2,451.6,1.4,-4.630956,5.985802,-4.483903,5.907599,4.062
6,21092032,3,469,7535,pedestrian,7670,bike,448.8,452.2,3.4,-2.904777,8.363892,-2.909003,8.412153,1.632
6,21092032,3,478,7536,pedestrian,7661,car,450.8,452.2,1.4,-4.509063,5.915634,-4.351742,5.84524,4.218
6,21092032,3,479,7596,pedestrian,7642,bike,451,452.6,1.6,-10.549418,4.282055,-10.480127,4.330842,0.563
6,21092032,3,483,7587,pedestrian,7661,car,452.2,452.6,0.4,-4.238775,5.789466,-4.223807,5.786135,4.624
6,21092032,3,485,7511,pedestrian,7669,car,452.4,452.6,0.2,-4.433499,0.821287,-4.433499,0.821287,4.986
6,21092032,3,482,7476,pedestrian,7664,car,452,452.8,0.8,-2.64558,2.073424,-2.602871,2.102631,4.45
6,21092032,3,474,7535,pedestrian,7672,bike,450.2,453.2,3,-2.866169,8.382161,-2.848791,8.422907,2.055
6,21092032,3,487,7635,pedestrian,7669,car,452.8,453.2,0.4,-4.333969,0.891052,-4.307077,0.909714,4.96
6,21092032,3,470,7509,pedestrian,7670,bike,448.8,453.6,4.8,-2.933027,8.350525,-2.982123,8.39504,0.913
6,21092032,3,471,7535,pedestrian,7671,bike,449,454,5,-2.899262,8.366502,-2.793272,8.430994,1.931
6,21092032,3,481,7530,pedestrian,7630,bike,451.4,454.4,3,-6.047198,7.964783,-5.791406,8.148198,1.855
6,21092032,3,477,7509,pedestrian,7672,bike,450.2,454.6,4.4,-2.913627,8.359705,-2.932437,8.408433,1.559
6,21092032,3,468,7538,pedestrian,7670,bike,448.8,454.8,6,-2.912307,8.348173,-3.045835,8.375034,0.498
6,21092032,3,480,7643,bike,7654,pedestrian,451,454.8,3.8,-3.496675,8.302171,-3.476429,8.301454,0.036
6,21092032,3,484,7515,pedestrian,7630,bike,452.4,455.4,3,-5.908923,8.06786,-5.64924,8.245728,1.984
6,21092032,3,486,7530,pedestrian,7650,bike,452.6,455.6,3,-6.001803,7.998656,-5.746679,8.178572,1.865
6,21092032,3,489,7589,pedestrian,7611,bike,454.2,455.6,1.4,-10.900581,-2.59804,-10.994216,-2.663397,0.417
6,21092032,3,473,7509,pedestrian,7671,bike,449,455.8,6.8,-2.928418,8.352706,-2.87234,8.419237,1.931
6,21092032,3,476,7538,pedestrian,7672,bike,450.2,456,5.8,-2.92209,8.3557,-2.990971,8.392429,0.777
6,21092032,3,488,7515,pedestrian,7650,bike,453.4,456.2,2.8,-5.878926,8.09015,-5.634581,8.256348,2.021
6,21092032,3,472,7538,pedestrian,7671,bike,449,457,8,-2.91925,8.348661,-2.938934,8.406969,1.41
6,21092032,3,491,7610,pedestrian,7664,car,458.2,459,0.8,-1.476603,2.884148,-1.413354,2.937262,4.565
6,21092032,3,492,7476,pedestrian,7669,car,458.8,459.4,0.6,-2.951999,1.858831,-2.915679,1.883769,4.51
6,21092032,3,490,7522,pedestrian,7661,car,458,460.2,2.2,-3.084318,5.207338,-2.888757,4.984345,3.191
6,21092032,3,493,7518,pedestrian,7661,car,458.8,460.8,2,-2.963665,5.063721,-2.791338,4.890137,3.45
6,21092032,3,494,7541,pedestrian,7642,bike,462.4,464.2,1.8,-8.729632,5.549743,-8.645725,5.607927,0.511
6,21092032,3,495,7515,pedestrian,7658,bike,464,466,2,-5.366711,8.448305,-5.448322,8.393454,2.526
6,21092032,3,496,7530,pedestrian,7658,bike,464.4,466.4,2,-5.423,8.406215,-5.496989,8.358407,2.449
6,21092032,3,501,7522,pedestrian,7664,car,469,470.2,1.2,-2.606544,5.110214,-2.642897,5.222188,4.085
6,21092032,3,497,7630,bike,7654,pedestrian,466.4,470.4,4,-4.338999,8.629869,-4.336883,8.628707,0.22
6,21092032,3,499,7546,pedestrian,7658,bike,468.2,470.4,2.2,-5.896045,8.075953,-5.980806,8.014292,1.858
6,21092032,3,502,7624,car,7679,pedestrian,469.4,470.4,1,-5.677959,-2.084216,-5.740686,-1.991924,4.715
6,21092032,3,500,7569,pedestrian,7658,bike,468.8,471,2.2,-5.969184,8.026121,-6.056932,7.957655,1.917
6,21092032,3,498,7650,bike,7654,pedestrian,467.6,471.4,3.8,-4.396266,8.661344,-4.394261,8.660242,0.078
6,21092032,3,503,7571,pedestrian,7658,bike,469.4,471.4,2,-6.043686,7.971933,-6.101043,7.925411,2.013
6,21092032,3,504,7515,pedestrian,7667,bike,471,472.8,1.8,-5.125567,8.642176,-5.213357,8.570883,2.646
6,21092032,3,505,7530,pedestrian,7667,bike,471.4,473.4,2,-5.176609,8.601137,-5.297558,8.505603,2.632
6,21092032,3,507,7628,car,7679,pedestrian,473.8,474.6,0.8,-5.821094,-1.871789,-5.874166,-1.793758,4.804
6,21092032,3,506,7633,pedestrian,7642,bike,472.6,475.6,3,-7.169726,6.705613,-6.873134,6.910409,2.617
6,21092032,3,508,7593,pedestrian,7669,car,474.4,475.6,1.2,-2.604463,5.146689,-2.706196,5.245743,3.773
6,21092032,3,509,7546,pedestrian,7667,bike,474.6,476.6,2,-5.650629,8.244831,-5.755498,8.179702,2.14
6,21092032,3,512,7476,pedestrian,7678,car,476,476.6,0.6,-3.736761,1.309331,-3.706305,1.330217,4.759
6,21092032,3,510,7569,pedestrian,7667,bike,475.2,477,1.8,-5.7357,8.186474,-5.83045,8.126391,1.986
6,21092032,3,511,7571,pedestrian,7667,bike,475.8,477.6,1.8,-5.821119,8.127865,-5.911507,8.065941,1.849
6,21092032,3,513,7648,pedestrian,7678,car,476.8,477.8,1,-3.574779,1.422779,-3.474745,1.492294,4.698
6,21092032,3,515,7637,pedestrian,7678,car,477.6,478.4,0.8,-3.42098,1.530423,-3.350614,1.579255,4.665
6,21092032,3,516,7635,pedestrian,7678,car,478.2,479.2,1,-3.297521,1.616907,-3.201682,1.683447,4.613
6,21092032,3,514,7633,pedestrian,7658,bike,477.6,479.6,2,-6.750723,7.014373,-6.802576,6.961933,2.622
6,21092032,3,522,7645,car,7679,pedestrian,481.4,481.8,0.4,-6.087221,-1.477245,-6.079774,-1.487991,4.937
6,21092032,3,518,7653,car,7684,pedestrian,480,482.2,2.2,-11.359081,2.65,-11.498008,2.661202,1.503
6,21092032,3,521,7653,car,7685,pedestrian,481,482.2,1.2,-11.478053,2.588898,-11.562325,2.54216,4.568
6,21092032,3,523,7649,car,7679,pedestrian,482,482.2,0.2,-6.105441,-1.450176,-6.105441,-1.450176,4.941
6,21092032,3,517,7596,pedestrian,7653,car,479.6,482.4,2.8,-11.299117,2.684031,-11.577122,2.570132,2.72
6,21092032,3,520,7596,pedestrian,7655,car,480.6,482.4,1.8,-11.34985,2.655318,-11.519226,2.585881,3.497
6,21092032,3,519,7655,car,7684,pedestrian,480.6,482.8,2.2,-11.343939,2.663544,-11.473692,2.678762,1.087
6,21092032,3,524,7633,pedestrian,7667,bike,482.2,483.8,1.6,-6.629535,7.28927,-6.646643,7.208849,2.548
6,21092032,3,529,7481,pedestrian,7678,car,484.4,485.2,0.8,-2.060986,2.476188,-2.013919,2.508109,4.303
6,21092032,3,531,7508,pedestrian,7678,car,484.8,485.6,0.8,-1.976108,2.534602,-1.929041,2.566523,4.263
6,21092032,3,525,7515,pedestrian,7670,bike,482.8,486,3.2,-4.756206,8.859056,-4.827539,8.793582,0.73
6,21092032,3,526,7530,pedestrian,7670,bike,483.2,486.2,3,-4.783928,8.862269,-4.852034,8.788864,1.214
6,21092032,3,532,7570,pedestrian,7678,car,485.2,486.2,1,-1.895439,2.590094,-1.831788,2.633278,4.241
6,21092032,3,535,7510,pedestrian,7678,car,485.8,486.6,0.8,-1.790664,2.66207,-1.748539,2.690561,4.233
6,21092032,3,538,7645,car,7689,pedestrian,486,486.6,0.6,-5.595199,-2.207832,-5.578982,-2.23132,4.651
6,21092032,3,539,7668,car,7684,pedestrian,486.2,487.2,1,-11.236969,2.804406,-11.335953,2.825304,4.315
6,21092032,3,530,7571,pedestrian,7642,bike,484.6,487.4,2.8,-5.599482,8.286979,-5.347747,8.463584,2.478
6,21092032,3,541,7649,car,7689,pedestrian,486.6,487.4,0.8,-5.607511,-2.189491,-5.587109,-2.218986,4.663
6,21092032,3,527,7515,pedestrian,7672,bike,484,487.6,3.6,-4.708497,8.832884,-4.789309,8.784459,0.08
6,21092032,3,528,7530,pedestrian,7672,bike,484.4,487.6,3.2,-4.730314,8.844852,-4.801316,8.791059,0.148
6,21092032,3,540,7642,bike,7654,pedestrian,486.6,488.2,1.6,-5.291337,8.510792,-5.218001,8.567828,2.634
6,21092032,3,545,7656,pedestrian,7668,car,488,488.2,0.2,-11.568114,2.543882,-11.568114,2.543882,4.913
6,21092032,3,533,7569,pedestrian,7642,bike,485.2,488.4,3.2,-5.505319,8.353012,-5.200624,8.581857,2.567
6,21092032,3,537,7546,pedestrian,7642,bike,486,488.8,2.8,-5.385444,8.439728,-5.140664,8.630028,2.647
6,21092032,3,543,7546,pedestrian,7670,bike,487.2,489,1.8,-5.201776,8.580872,-5.282014,8.517713,2.651
6,21092032,3,544,7569,pedestrian,7670,bike,487.4,489.2,1.8,-5.242359,8.548326,-5.316549,8.49137,2.637
6,21092032,3,546,7571,pedestrian,7670,bike,488,489.6,1.6,-5.316732,8.488509,-5.376459,8.44598,2.605
6,21092032,3,534,7515,pedestrian,7671,bike,485.4,489.8,4.4,-4.660195,8.806394,-4.715538,8.788264,0.109
6,21092032,3,547,7546,pedestrian,7672,bike,488.4,490,1.6,-5.15399,8.619289,-5.236832,8.552008,2.668
6,21092032,3,536,7530,pedestrian,7671,bike,485.8,490.2,4.4,-4.680405,8.817479,-4.789436,8.791759,0.114
6,21092032,3,542,7654,pedestrian,7670,bike,486.8,490.4,3.6,-5.153965,8.619317,-5.469536,8.378974,2.644
6,21092032,3,548,7569,pedestrian,7672,bike,488.6,490.6,2,-5.184715,8.594603,-5.321157,8.488281,2.637
6,21092032,3,549,7571,pedestrian,7672,bike,489,490.6,1.6,-5.255862,8.537474,-5.328087,8.482751,2.668
6,21092032,3,550,7654,pedestrian,7672,bike,489,492,3,-5.252464,8.540189,-5.54314,8.325701,2.525
6,21092032,3,552,7515,pedestrian,7642,bike,490,492.4,2.4,-4.703711,8.787733,-4.610893,8.779306,3.976
6,21092032,3,553,7546,pedestrian,7671,bike,490.6,492.4,1.8,-5.072982,8.683678,-5.154945,8.617772,2.608
6,21092032,3,554,7569,pedestrian,7671,bike,491.2,492.8,1.6,-5.152458,8.620508,-5.217984,8.567169,2.633
6,21092032,3,555,7571,pedestrian,7671,bike,491.4,493.4,2,-5.181252,8.597382,-5.296486,8.506524,2.637
6,21092032,3,556,7501,pedestrian,7652,car,493.2,493.6,0.4,-6.122749,-1.424479,-6.107014,-1.44767,4.932
6,21092032,3,558,7461,pedestrian,7652,car,494,494.6,0.6,-6.028163,-1.564935,-5.998553,-1.608513,4.879
6,21092032,3,559,7633,pedestrian,7670,bike,494.2,496,1.8,-6.193136,7.863024,-6.261322,7.808789,2.135
6,21092032,3,561,7652,car,7689,pedestrian,495.6,496.2,0.6,-5.83673,-1.849256,-5.818378,-1.875867,4.778
6,21092032,3,560,7633,pedestrian,7672,bike,494.8,496.6,1.8,-6.157053,7.889427,-6.227212,7.833696,2.096
6,21092032,3,557,7654,pedestrian,7671,bike,493.4,497,3.6,-5.464112,8.376562,-5.797924,8.150355,2.214
6,21092032,3,562,7633,pedestrian,7671,bike,497.2,499,1.8,-6.02662,7.984489,-6.09722,7.92843,1.984
6,21092032,3,563,7461,pedestrian,7641,car,500,500.4,0.4,-5.826214,-1.864442,-5.835763,-1.85062,4.797
6,21092032,3,565,7501,pedestrian,7641,car,500.4,500.8,0.4,-5.878816,-1.786302,-5.891156,-1.768272,4.826
6,21092032,3,568,7641,car,7689,pedestrian,501,501.6,0.6,-5.952938,-1.676296,-5.983292,-1.631686,4.859
6,21092032,3,564,7614,pedestrian,7658,bike,500.2,502.4,2.2,-9.504341,5.017878,-9.580362,4.964353,0.072
6,21092032,3,572,7661,car,7689,pedestrian,502.2,502.6,0.4,-5.991674,-1.618979,-5.981362,-1.633945,4.867
6,21092032,3,567,7616,pedestrian,7658,bike,500.8,503,2.2,-9.578452,4.965698,-9.644756,4.919014,0.041
6,21092032,3,574,7511,pedestrian,7641,car,503,503.2,0.2,-6.193915,-1.318799,-6.193915,-1.318799,4.98
6,21092032,3,569,7618,pedestrian,7658,bike,501.4,503.6,2.2,-9.653911,4.912568,-9.725975,4.861828,0.094
6,21092032,3,571,7614,pedestrian,7667,bike,502,504,2,-9.414457,5.080045,-9.529157,5.031761,0.533
6,21092032,3,573,7616,pedestrian,7667,bike,502.6,504.4,1.8,-9.489746,5.028154,-9.570622,4.971211,0.485
6,21092032,3,576,7501,pedestrian,7661,car,503.6,504.4,0.8,-5.803634,-1.898355,-5.755813,-1.968702,4.763
6,21092032,3,575,7618,pedestrian,7667,bike,503,505,2,-9.567274,4.973567,-9.65423,4.912343,0.412
6,21092032,3,566,7515,pedestrian,7687,bike,500.6,505.2,4.6,-4.102201,8.499722,-4.144147,8.522776,0.037
6,21092032,3,577,7461,pedestrian,7661,car,504.2,505.2,1,-5.719516,-2.023406,-5.655755,-2.117202,4.703
6,21092032,3,570,7530,pedestrian,7687,bike,501.8,506.2,4.4,-4.166222,8.534909,-4.206261,8.556915,0.051
6,21092032,3,579,7587,pedestrian,7681,car,504.8,506.8,2,-7.32642,5.988473,-7.526969,5.935604,0.269
6,21092032,3,578,7629,pedestrian,7658,bike,504.8,507,2.2,-10.065102,4.623055,-10.143447,4.567893,0.221
6,21092032,3,580,7629,pedestrian,7667,bike,506,508,2,-10.006925,4.664016,-10.101109,4.597703,0.327
6,21092032,3,581,7631,pedestrian,7658,bike,506.6,508.8,2.2,-10.290563,4.464311,-10.37189,4.40705,0.035
6,21092032,3,583,7640,pedestrian,7658,bike,507.2,509.6,2.4,-10.368225,4.40963,-10.457684,4.346643,0.225
6,21092032,3,584,7631,pedestrian,7667,bike,507.6,509.6,2,-10.247086,4.494923,-10.343023,4.427374,0.425
6,21092032,3,587,7587,pedestrian,7672,bike,508.2,509.6,1.4,-7.588698,6.207509,-7.693102,6.18839,4.132
6,21092032,3,585,7638,pedestrian,7658,bike,507.8,510.2,2.4,-10.444567,4.355879,-10.535346,4.291963,0.277
6,21092032,3,586,7640,pedestrian,7667,bike,508,510.2,2.2,-10.317671,4.445224,-10.420686,4.372694,0.202
6,21092032,3,589,7638,pedestrian,7667,bike,508.6,510.8,2.2,-10.406108,4.382957,-10.49514,4.320271,0.054
6,21092032,3,591,7599,pedestrian,7678,car,509.2,510.8,1.6,-2.544911,7.513668,-2.42306,7.646905,2.388
6,21092032,3,582,7546,pedestrian,7687,bike,507,511.4,4.4,-4.456541,8.694472,-4.488668,8.712129,0.229
6,21092032,3,588,7569,pedestrian,7687,bike,508.2,512.4,4.2,-4.522332,8.730632,-4.550726,8.746237,0.184
6,21092032,3,593,7658,bike,7684,pedestrian,510.2,512.6,2.4,-10.744227,4.144893,-10.82971,4.084705,0.438
6,21092032,3,599,7541,pedestrian,7698,bike,512.4,513,0.6,-11.074224,3.871944,-11.047779,3.879868,2.927
6,21092032,3,590,7515,pedestrian,7642,bike,508.8,513.2,4.4,-4.005394,8.452091,-3.841371,8.381349,3.66
6,21092032,3,595,7667,bike,7684,pedestrian,511,513.2,2.2,-10.716545,4.164383,-10.796888,4.107815,0.025
6,21092032,3,596,7656,pedestrian,7658,bike,511.4,513.4,2,-10.883102,4.047113,-10.941,4.006348,0.392
6,21092032,3,600,7541,pedestrian,7658,bike,513,513.4,0.4,-11.054626,3.869699,-11.068375,3.854671,4.535
6,21092032,3,592,7571,pedestrian,7687,bike,509.4,513.6,4.2,-4.588123,8.766791,-4.61872,8.783607,0.04
6,21092032,3,597,7656,pedestrian,7667,bike,512,514,2,-10.843635,4.074901,-10.904163,4.032285,0.318
6,21092032,3,603,7481,pedestrian,7694,car,515.8,516.4,0.6,-3.366514,1.568559,-3.32556,1.596715,4.65
6,21092032,3,607,7508,pedestrian,7694,car,516.2,516.6,0.4,-3.274332,1.633044,-3.254802,1.646451,4.66
6,21092032,3,601,7614,pedestrian,7670,bike,515.2,517,1.8,-8.864893,5.528394,-8.939987,5.474208,2.563
6,21092032,3,609,7570,pedestrian,7694,car,516.6,517,0.4,-3.181902,1.697706,-3.162065,1.71133,4.623
6,21092032,3,602,7633,pedestrian,7687,bike,515.6,517.2,1.6,-5.078936,8.679066,-5.147287,8.623901,2.622
6,21092032,3,610,7510,pedestrian,7694,car,516.8,517.4,0.6,-3.108303,1.749457,-3.06381,1.780122,4.57
6,21092032,3,604,7616,pedestrian,7670,bike,515.8,517.6,1.8,-8.944963,5.472802,-9.019613,5.418024,2.601
6,21092032,3,605,7614,pedestrian,7672,bike,515.8,517.6,1.8,-8.835974,5.548475,-8.919361,5.488856,2.566
6,21092032,3,608,7616,pedestrian,7672,bike,516.4,518,1.6,-8.914008,5.494294,-8.99322,5.435969,2.591
6,21092032,3,606,7618,pedestrian,7670,bike,516.2,518.2,2,-9.001089,5.433735,-9.104963,5.360621,2.685
6,21092032,3,611,7618,pedestrian,7672,bike,517,518.6,1.6,-9.000297,5.434112,-9.084632,5.374276,2.645
6,21092032,3,612,7599,pedestrian,7700,car,517.2,518.6,1.4,-2.615498,8.129795,-2.807575,8.091501,0.795
6,21092032,3,613,7663,pedestrian,7694,car,518.8,519.8,1,-2.617027,2.09338,-2.494381,2.177611,4.394
6,21092032,3,615,7662,pedestrian,7694,car,519.6,520.6,1,-2.41838,2.230363,-2.295634,2.314318,4.35
6,21092032,3,614,7629,pedestrian,7670,bike,519.2,521.4,2.2,-9.409691,5.083391,-9.533878,5.034951,0.612
6,21092032,3,617,7629,pedestrian,7672,bike,519.8,522,2.2,-9.400808,5.09805,-9.510613,5.063928,1.043
6,21092032,3,623,7518,pedestrian,7694,car,522.2,523,0.8,-1.768531,2.677382,-1.711414,2.716095,4.285
6,21092032,3,618,7631,pedestrian,7670,bike,521,523.2,2.2,-9.67391,4.898487,-9.773876,4.828102,0.133
6,21092032,3,625,7522,pedestrian,7694,car,522.6,523.4,0.8,-1.672803,2.743204,-1.616966,2.78365,4.242
6,21092032,3,619,7640,pedestrian,7670,bike,521.6,523.6,2,-9.75489,4.84147,-9.84336,4.779179,0.068
6,21092032,3,624,7648,pedestrian,7694,car,522.6,523.6,1,-1.668429,2.74624,-1.5576,2.827713,4.19
6,21092032,3,620,7631,pedestrian,7672,bike,521.8,523.8,2,-9.652661,4.913448,-9.748705,4.845825,0.41
6,21092032,3,627,7637,pedestrian,7694,car,523.2,524,0.8,-1.531518,2.842958,-1.449657,2.908352,4.452
6,21092032,3,628,7635,pedestrian,7694,car,523.8,524,0.2,-1.396187,2.945465,-1.396187,2.945465,4.807
6,21092032,3,621,7638,pedestrian,7670,bike,522,524.2,2.2,-9.809291,4.803167,-9.926183,4.720866,0.156
6,21092032,3,622,7640,pedestrian,7672,bike,522.2,524.4,2.2,-9.725764,4.861977,-9.825884,4.791484,0.141
6,21092032,3,629,7632,pedestrian,7695,car,523.8,524.8,1,-4.959466,6.235445,-4.862574,6.149734,4.163
6,21092032,3,626,7638,pedestrian,7672,bike,522.6,525,2.4,-9.772058,4.829383,-9.904471,4.736152,0.053
6,21092032,3,630,7670,bike,7684,pedestrian,524.2,526.2,2,-10.115834,4.587335,-10.20255,4.52628,0.365
6,21092032,3,632,7672,bike,7684,pedestrian,524.8,526.8,2,-10.081478,4.611524,-10.168195,4.550469,0.253
6,21092032,3,633,7656,pedestrian,7670,bike,524.8,526.8,2,-10.198365,4.529226,-10.285081,4.468171,0.225
6,21092032,3,631,7614,pedestrian,7671,bike,524.2,527.2,3,-8.447538,5.818204,-8.464919,5.806278,2.576
6,21092032,3,635,7656,pedestrian,7672,bike,525.4,527.4,2,-10.164696,4.552932,-10.250075,4.492818,0.463
6,21092032,3,634,7616,pedestrian,7671,bike,525,528.2,3.2,-8.506521,5.777238,-8.514392,5.771924,2.568
6,21092032,3,636,7618,pedestrian,7671,bike,526,529.2,3.2,-8.566172,5.735818,-8.57937,5.7268,2.563
6,21092032,3,637,7670,bike,7693,pedestrian,528.8,530.8,2,-10.764487,4.130628,-10.850295,4.070212,0.104
6,21092032,3,638,7665,pedestrian,7670,bike,529.2,531.2,2,-10.832615,4.08266,-10.921688,4.019945,0.291
6,21092032,3,639,7672,bike,7693,pedestrian,529.4,531.4,2,-10.729829,4.15503,-10.817662,4.093189,0.452
6,21092032,3,641,7665,pedestrian,7672,bike,529.8,532,2.2,-10.799982,4.105637,-10.900614,4.034783,0.301
6,21092032,3,643,7481,pedestrian,7702,car,531.8,532.2,0.4,-4.01839,1.11198,-4.002938,1.122585,4.855
6,21092032,3,640,7654,pedestrian,7687,bike,529.6,532.6,3,-6.918091,6.879881,-7.205964,6.680438,2.619
6,21092032,3,645,7508,pedestrian,7702,car,532.2,532.6,0.4,-3.934365,1.170862,-3.91986,1.180795,4.849
6,21092032,3,642,7548,pedestrian,7694,car,531.4,533,1.6,-2.635118,5.042949,-2.723758,5.237888,1.524
6,21092032,3,649,7570,pedestrian,7702,car,532.6,533,0.4,-3.855275,1.226244,-3.839067,1.237384,4.829
6,21092032,3,646,7608,pedestrian,7695,car,532.4,533.4,1,-3.004787,5.113295,-2.947719,5.050708,3.214
6,21092032,3,651,7510,pedestrian,7702,car,533,533.4,0.4,-3.772877,1.283972,-3.755042,1.296266,4.783
6,21092032,3,650,7610,pedestrian,7695,car,532.8,533.8,1,-2.935568,5.030992,-2.877105,4.969701,3.338
6,21092032,3,652,7632,pedestrian,7700,car,533.2,534,0.8,-4.535853,5.928824,-4.43275,5.882975,4.138
6,21092032,3,648,7577,pedestrian,7695,car,532.6,534.4,1.8,-2.961595,5.061383,-2.79126,4.867408,3.415
6,21092032,3,644,7629,pedestrian,7671,bike,532,535,3,-8.955289,5.398658,-9.003523,5.356392,0.33
6,21092032,3,594,7587,pedestrian,7671,bike,510.4,535.8,25.4,-7.563696,6.322505,-9.151012,5.318373,0.465
6,21092032,3,647,7684,pedestrian,7698,bike,532.6,536,3.4,-9.908997,4.732966,-9.762819,4.835888,3.039
6,21092032,3,653,7631,pedestrian,7671,bike,534.8,536.4,1.6,-9.188173,5.304575,-9.262182,5.256541,2.659
6,21092032,3,551,7530,pedestrian,7642,bike,489.4,536.6,47.2,-4.808972,8.785155,-2.872131,8.38266,0.49
6,21092032,3,616,7515,pedestrian,7642,bike,519.8,536.6,16.8,-3.574792,8.306493,-2.817896,8.408323,2.535
6,21092032,3,654,7640,pedestrian,7671,bike,535,536.6,1.6,-9.227781,5.279385,-9.287934,5.23966,2.648
6,21092032,3,655,7638,pedestrian,7671,bike,535.6,537.2,1.6,-9.31168,5.225703,-9.375162,5.182247,2.705
6,21092032,3,656,7614,pedestrian,7687,bike,535.8,537.4,1.6,-7.890955,6.204675,-7.96716,6.151895,2.602
6,21092032,3,659,7616,pedestrian,7687,bike,536.4,538,1.6,-7.972876,6.147803,-8.051335,6.093456,2.589
6,21092032,3,657,7515,pedestrian,7707,bike,536,538.2,2.2,-2.819324,8.404327,-2.82885,8.425479,2.682
6,21092032,3,660,7618,pedestrian,7687,bike,536.8,538.4,1.6,-8.050555,6.09385,-8.12848,6.039875,2.588
6,21092032,3,663,7608,pedestrian,7700,car,537.8,538.8,1,-3.219724,5.330189,-3.14353,5.258271,3.475
6,21092032,3,661,7671,bike,7684,pedestrian,537.2,539.2,2,-9.521977,5.005461,-9.611477,4.942445,0.315
6,21092032,3,664,7610,pedestrian,7700,car,538.2,539.2,1,-3.128345,5.25998,-3.059724,5.180409,3.011
6,21092032,3,665,7518,pedestrian,7702,car,538.4,539.2,0.8,-2.692708,2.04046,-2.650878,2.069064,4.466
6,21092032,3,658,7530,pedestrian,7707,bike,536,539.6,3.6,-2.874488,8.378225,-2.889753,8.414622,1.902
6,21092032,3,666,7522,pedestrian,7702,car,539,539.6,0.6,-2.593328,2.109772,-2.565382,2.128767,4.403
6,21092032,3,662,7656,pedestrian,7671,bike,537.8,539.8,2,-9.604098,4.947641,-9.693598,4.884625,0.127
6,21092032,3,667,7577,pedestrian,7700,car,539,540.2,1.2,-2.846748,5.137501,-2.714707,5.038835,3.266
6,21092032,3,670,7481,pedestrian,7705,car,540,540.2,0.2,-4.349993,0.8797,-4.349993,0.8797,4.98
6,21092032,3,671,7679,pedestrian,7705,car,540.2,540.4,0.2,-4.297184,0.916763,-4.297184,0.916763,4.94
6,21092032,3,672,7508,pedestrian,7705,car,540.4,540.6,0.2,-4.26303,0.940596,-4.26303,0.940596,4.948
6,21092032,3,674,7570,pedestrian,7705,car,540.8,541,0.2,-4.176067,1.001491,-4.176067,1.001491,4.916
6,21092032,3,675,7684,pedestrian,7698,bike,540.8,541,0.2,-9.551671,5.006899,-9.551671,5.006899,4.814
6,21092032,3,676,7510,pedestrian,7705,car,541,541.4,0.4,-4.105552,1.05111,-4.089104,1.062386,4.885
6,21092032,3,673,7629,pedestrian,7687,bike,540.4,542.2,1.8,-8.585321,5.649812,-8.674248,5.588148,0.204
6,21092032,3,679,7671,bike,7693,pedestrian,541.6,543.6,2,-10.161337,4.555297,-10.249929,4.492921,0.341
6,21092032,3,680,7587,pedestrian,7698,bike,541.8,543.6,1.8,-9.491762,5.08424,-9.390289,5.109501,1.25
6,21092032,3,681,7640,pedestrian,7687,bike,542.2,543.6,1.4,-8.881845,5.516638,-8.938041,5.47575,2.549
6,21092032,3,598,7656,pedestrian,7698,bike,512.4,544,31.6,-10.976111,3.981627,-9.350833,5.161383,0.194
6,21092032,3,682,7665,pedestrian,7671,bike,542.2,544,1.8,-10.243192,4.497664,-10.319137,4.444193,0.142
6,21092032,3,668,7546,pedestrian,7707,bike,539.2,544.2,5,-3.080301,8.342672,-3.087136,8.361721,0.052
6,21092032,3,684,7638,pedestrian,7687,bike,542.6,544.2,1.6,-8.958346,5.463505,-9.027508,5.412538,2.629
6,21092032,3,683,7631,pedestrian,7687,bike,542.4,544.4,2,-8.904727,5.425642,-9.007179,5.354054,0.358
6,21092032,3,678,7684,pedestrian,7698,bike,541.2,544.6,3.4,-9.536731,5.025933,-9.267275,5.254168,2.296
6,21092032,3,669,7569,pedestrian,7707,bike,539.8,545,5.2,-3.106525,8.341537,-3.120174,8.351615,0.006
6,21092032,3,677,7571,pedestrian,7707,bike,541,545.6,4.6,-3.160909,8.338115,-3.155893,8.339059,0.077
6,21092032,3,685,7684,pedestrian,7687,bike,544.6,546.2,1.6,-9.264684,5.255741,-9.343061,5.203573,2.69
6,21092032,3,690,7518,pedestrian,7705,car,545.6,546.2,0.6,-3.101491,1.754233,-3.06972,1.775988,4.582
6,21092032,3,691,7476,pedestrian,7661,car,546,546.2,0.2,-6.166721,-1.359169,-6.166721,-1.359169,4.965
6,21092032,3,686,7656,pedestrian,7687,bike,545,546.6,1.6,-9.32773,5.210097,-9.399491,5.16579,2.741
6,21092032,3,692,7522,pedestrian,7705,car,546,546.6,0.6,-3.01211,1.816844,-2.980332,1.838603,4.577
6,21092032,3,695,7671,bike,7673,pedestrian,548,548.4,0.4,-11.060664,3.861517,-11.07363,3.85824,3.84
6,21092032,3,694,7566,pedestrian,7681,car,547.8,548.4,0.6,-8.949239,-1.094747,-8.990887,-1.12654,4.865
6,21092032,3,689,7638,pedestrian,7698,bike,545.4,548.8,3.4,-8.960069,5.459578,-8.787034,5.582612,3.08
6,21092032,3,688,7633,pedestrian,7707,bike,545.4,549.6,4.2,-3.374767,8.297978,-3.34033,8.304517,0.176
6,21092032,3,696,7546,pedestrian,7714,bike,548.2,549.8,1.6,-2.811947,8.407818,-2.83377,8.425168,2.85
6,21092032,3,701,7681,car,7686,pedestrian,549.4,549.8,0.4,-9.242343,-1.30156,-9.255599,-1.31073,4.884
6,21092032,3,699,7569,pedestrian,7714,bike,548.2,550.8,2.6,-2.870339,8.380188,-2.905476,8.411007,1.98
6,21092032,3,698,7703,pedestrian,7714,bike,548.2,551,2.8,-2.890268,8.346623,-2.905124,8.326942,0.079
6,21092032,3,697,7571,pedestrian,7714,bike,548.2,552,3.8,-2.913627,8.359705,-2.978412,8.396223,1.112
6,21092032,3,704,7703,pedestrian,7710,car,550.6,552.6,2,-2.730241,8.232232,-2.833745,8.12075,3.277
6,21092032,3,700,7687,bike,7693,pedestrian,549.2,552.8,3.6,-9.79889,4.810491,-9.820977,4.794939,0.174
6,21092032,3,705,7536,pedestrian,7705,car,552.2,553,0.8,-1.669758,2.74532,-1.620306,2.780247,4.208
6,21092032,3,706,7594,pedestrian,7705,car,552.6,553.4,0.8,-1.58208,2.805632,-1.535356,2.844211,4.335
6,21092032,3,702,7633,pedestrian,7714,bike,550.2,553.6,3.4,-3.074161,8.343068,-3.090329,8.360298,0.003
6,21092032,3,703,7665,pedestrian,7687,bike,550.2,554,3.8,-9.848941,4.77525,-9.876533,4.755823,0
6,21092032,3,708,7566,pedestrian,7709,car,553.6,554,0.4,-9.191363,-1.266014,-9.179725,-1.257963,4.879
6,21092032,3,707,7703,pedestrian,7715,car,553.4,555,1.6,-2.639454,8.16135,-2.791216,8.044274,1.023
6,21092032,3,709,7686,pedestrian,7709,car,554.6,555.4,0.8,-9.038453,-1.15964,-8.978542,-1.118037,4.866
6,21092032,3,713,7595,pedestrian,7672,bike,558.2,558.8,0.6,-8.036086,-0.1344,-8.023423,-0.173804,4.888
6,21092032,3,711,7578,pedestrian,7672,bike,557.4,559,1.6,-8.094715,-0.07836,-8.039568,-0.208869,3.548
6,21092032,3,712,7583,pedestrian,7672,bike,557.8,559,1.2,-8.066568,-0.107188,-8.027077,-0.200316,3.992
6,21092032,3,714,7534,pedestrian,7681,car,559.6,560.4,0.8,-11.207963,-2.409881,-11.257366,-2.460211,3.507
6,21092032,3,710,7654,pedestrian,7698,bike,557.4,561,3.6,-8.426749,5.832773,-8.442625,5.821606,2.568
6,21092032,3,716,7656,pedestrian,7698,bike,561,561.2,0.2,-8.435078,5.826846,-8.435078,5.826846,4.953
6,21092032,3,715,7673,pedestrian,7687,bike,559.8,563,3.2,-10.422668,4.371298,-10.430927,4.365483,0.31
6,21092032,3,718,7672,bike,7686,pedestrian,563,565,2,-8.48301,-0.910579,-8.588417,-0.984153,0.5
6,21092032,3,722,7700,car,7717,pedestrian,568.8,569,0.2,-6.215024,-1.287383,-6.215024,-1.287383,4.986
6,21092032,3,719,7604,pedestrian,7698,bike,566.4,570,3.6,-8.002416,6.054015,-8.033556,6.032422,0.025
6,21092032,3,721,7629,pedestrian,7699,car,568.2,570.4,2.2,-7.540061,5.945735,-7.332158,6.016086,1.082
6,21092032,3,693,7587,pedestrian,7687,bike,546.6,570.6,24,-9.561907,4.977346,-11.050587,3.92919,1.061
6,21092032,3,720,7676,pedestrian,7687,bike,568.2,570.6,2.4,-10.919149,4.021733,-10.964289,3.989951,0.224
6,21092032,3,723,7566,pedestrian,7672,bike,569.6,571.6,2,-9.521698,-1.696325,-9.6473,-1.834312,3.13
6,21092032,3,724,7608,pedestrian,7708,car,571.2,572.4,1.2,-4.81699,6.120255,-4.766272,6.082248,3.922
6,21092032,3,725,7610,pedestrian,7708,car,571.8,573,1.2,-4.734585,6.058406,-4.681404,6.022881,3.993
6,21092032,3,687,7631,pedestrian,7698,bike,545,575.6,30.6,-8.975436,5.376241,-7.558326,6.318821,0.304
6,21092032,3,717,7656,pedestrian,7698,bike,561.4,575.8,14.4,-8.414769,5.840951,-7.575145,6.423946,2.581
6,21092032,3,726,7612,pedestrian,7672,bike,574.4,576.4,2,-10.339324,-2.206283,-10.453111,-2.285706,0.28
6,21092032,3,727,7620,pedestrian,7672,bike,575,577,2,-10.427487,-2.267821,-10.541273,-2.347243,0.399
6,21092032,3,728,7625,pedestrian,7672,bike,575.6,577.4,1.8,-10.520842,-2.332982,-10.617628,-2.400539,0.04
6,21092032,3,730,7608,pedestrian,7715,car,577.2,577.8,0.6,-5.027251,6.292506,-4.997451,6.262146,4.522
6,21092032,3,731,7610,pedestrian,7715,car,577.4,578.2,0.8,-4.960768,6.238106,-4.916644,6.192407,4.259
6,21092032,3,732,7672,bike,7675,pedestrian,577.6,579.4,1.8,-10.856529,-2.567291,-10.948718,-2.631639,0.341
6,21092032,3,733,7644,pedestrian,7672,bike,578.2,580,1.8,-10.945049,-2.629078,-11.036783,-2.693109,0.135
6,21092032,3,734,7647,pedestrian,7672,bike,578.6,580.2,1.6,-11.01953,-2.681066,-11.102256,-2.738808,0.388
6,21092032,3,729,7638,pedestrian,7698,bike,577.2,580.6,3.4,-7.191085,6.690769,-6.866465,6.914882,2.616
6,21092032,3,735,7640,pedestrian,7698,bike,581.4,585,3.6,-6.666764,7.152256,-6.527552,7.553668,2.349
6,21092032,3,736,7689,pedestrian,7722,car,584.8,585.4,0.6,-4.133445,1.031489,-4.08686,1.063821,4.89
6,21092032,3,744,7536,pedestrian,7722,car,588.4,588.8,0.4,-3.429695,1.524222,-3.415017,1.534278,4.704
6,21092032,3,745,7594,pedestrian,7722,car,588.8,589.4,0.6,-3.34771,1.581658,-3.320818,1.600023,4.667
6,21092032,3,737,7618,pedestrian,7698,bike,586.2,589.8,3.6,-6.183086,7.865584,-5.85846,8.101689,1.905
6,21092032,3,739,7614,pedestrian,7707,bike,587.6,589.8,2.2,-5.745183,8.17968,-5.817214,8.136123,1.985
6,21092032,3,740,7616,pedestrian,7707,bike,588.4,590.4,2,-5.827259,8.123646,-5.890239,8.081811,1.894
6,21092032,3,742,7614,pedestrian,7714,bike,588.4,590.4,2,-5.718321,8.19864,-5.795846,8.151945,2.027
6,21092032,3,738,7616,pedestrian,7698,bike,587.2,590.8,3.6,-6.039446,7.970576,-5.706345,8.206646,1.87
6,21092032,3,746,7616,pedestrian,7714,bike,588.8,591,2.2,-5.788924,8.14946,-5.862344,8.102581,1.994
6,21092032,3,743,7684,pedestrian,7710,car,588.4,591.2,2.8,-7.366781,6.042055,-7.49346,5.872335,0.284
6,21092032,3,747,7618,pedestrian,7707,bike,589,591.2,2.2,-5.899634,8.073709,-5.968213,8.023575,1.873
6,21092032,3,741,7614,pedestrian,7698,bike,588.4,591.8,3.4,-5.87272,8.094796,-5.559431,8.3078,2.072
6,21092032,3,749,7618,pedestrian,7714,bike,589.6,591.8,2.2,-5.857393,8.102381,-5.930695,8.051687,1.864
6,21092032,3,750,7684,pedestrian,7720,car,590.8,592.4,1.6,-7.328034,5.987353,-7.461397,5.853299,2.258
6,21092032,3,751,7640,pedestrian,7707,bike,591.4,593.4,2,-6.181561,7.871581,-6.228421,7.832771,2.157
6,21092032,3,752,7640,pedestrian,7714,bike,592.2,594,1.8,-6.143261,7.899158,-6.196229,7.856083,2.067
6,21092032,3,748,7719,pedestrian,7730,bike,589.6,594.2,4.6,-2.886254,8.372657,-2.974375,8.347817,0.072
6,21092032,3,753,7638,pedestrian,7707,bike,593.6,595.6,2,-6.428251,7.66971,-6.470559,7.619698,2.401
6,21092032,3,756,7637,pedestrian,7718,car,594.8,596,1.2,-2.767794,5.121687,-2.708303,5.019911,4.089
6,21092032,3,754,7638,pedestrian,7714,bike,594.2,596.2,2,-6.40797,7.691523,-6.436762,7.65797,2.329
6,21092032,3,755,7635,pedestrian,7718,car,594.4,596.2,1.8,-2.836706,5.129172,-2.743264,4.963972,1.814
6,21092032,3,757,7656,pedestrian,7707,bike,595.6,597.4,1.8,-6.583571,7.422901,-6.606513,7.373881,2.364
6,21092032,3,758,7656,pedestrian,7714,bike,596.2,598.2,2,-6.565239,7.463876,-6.592611,7.417118,2.397
6,21092032,3,759,7679,pedestrian,7722,car,597.2,598.6,1.4,-1.668035,2.746541,-1.525608,2.851871,4.211
6,21092032,3,764,7548,pedestrian,7722,car,598.4,599,0.6,-1.453345,2.902028,-1.425357,2.926083,4.55
6,21092032,3,760,7719,pedestrian,7732,car,597.4,599.6,2.2,-2.63365,8.189333,-2.789946,8.05181,0.6
6,21092032,3,762,7648,pedestrian,7699,car,598,600,2,-2.842754,5.136231,-2.760972,4.961075,1.429
6,21092032,3,763,7635,pedestrian,7699,car,598,600,2,-2.904378,5.071527,-2.796186,4.889481,2.202
6,21092032,3,765,7663,pedestrian,7699,car,598.4,600,1.6,-2.783974,5.12753,-2.72499,4.988317,3.302
6,21092032,3,761,7637,pedestrian,7699,car,597.8,600.2,2.4,-2.884911,5.130714,-2.766933,4.909995,0.087
6,21092032,3,768,7637,pedestrian,7723,car,603.8,604.8,1,-2.95293,5.051942,-2.896544,4.992165,3.301
6,21092032,3,766,7693,pedestrian,7709,car,603.4,605.2,1.8,-7.527157,6.005618,-7.375717,6.050224,3.219
6,21092032,3,769,7648,pedestrian,7723,car,604,605.2,1.2,-2.918586,5.011072,-2.829577,4.91641,3.407
6,21092032,3,770,7663,pedestrian,7723,car,604,605.2,1.2,-2.913091,5.004183,-2.829679,4.916539,3.407
6,21092032,3,767,7662,pedestrian,7723,car,603.6,605.4,1.8,-2.910352,5.092422,-2.795548,4.885993,2.068
6,21092032,3,771,7695,car,7731,pedestrian,605.8,606.4,0.6,-5.993968,-1.615342,-6.030748,-1.561256,4.88
6,21092032,3,772,7481,pedestrian,7695,car,606,606.4,0.4,-6.02261,-1.572848,-6.034785,-1.555172,4.921
6,21092032,3,773,7508,pedestrian,7695,car,606.4,606.8,0.4,-6.082966,-1.483231,-6.094499,-1.466522,4.963
6,21092032,3,774,7481,pedestrian,7700,car,606.6,606.8,0.2,-6.010258,-1.591291,-6.010258,-1.591291,4.882
6,21092032,3,776,7570,pedestrian,7695,car,606.8,607,0.2,-6.14268,-1.394581,-6.14268,-1.394581,4.998
6,21092032,3,775,7700,car,7731,pedestrian,606.6,607.2,0.6,-6.018651,-1.578641,-6.055432,-1.524555,4.896
6,21092032,3,778,7508,pedestrian,7700,car,607,607.2,0.2,-6.068688,-1.504576,-6.068688,-1.504576,4.91
6,21092032,3,780,7570,pedestrian,7700,car,607.4,607.6,0.2,-6.130969,-1.412058,-6.130969,-1.412058,4.956
6,21092032,3,782,7510,pedestrian,7700,car,607.8,608,0.2,-6.190683,-1.323408,-6.190683,-1.323408,4.99
6,21092032,3,777,7614,pedestrian,7724,bike,606.8,608.6,1.8,-4.861517,8.845859,-4.94414,8.786967,2.667
6,21092032,3,779,7616,pedestrian,7724,bike,607.4,609,1.6,-4.938449,8.789257,-5.009856,8.734478,2.641
6,21092032,3,781,7618,pedestrian,7724,bike,607.8,609.4,1.6,-4.99291,8.746575,-5.076954,8.680519,2.619
6,21092032,3,783,7673,pedestrian,7707,bike,608,610.2,2.2,-7.755901,6.224955,-7.814149,6.184565,0.236
6,21092032,3,785,7640,pedestrian,7724,bike,608.8,610.2,1.4,-5.145577,8.626024,-5.201693,8.580254,2.618
6,21092032,3,784,7673,pedestrian,7714,bike,608.2,610.8,2.6,-7.737662,6.237601,-7.77065,6.214728,0.404
6,21092032,3,786,7638,pedestrian,7724,bike,611,612.6,1.6,-5.492223,8.356263,-5.567756,8.308498,2.378
6,21092032,3,787,7656,pedestrian,7724,bike,612.4,614,1.6,-5.717214,8.199207,-5.791089,8.154771,2.059
6,21092032,3,789,7676,pedestrian,7707,bike,615.8,618,2.2,-8.664802,5.594698,-8.731,5.548794,0.089
6,21092032,3,790,7676,pedestrian,7714,bike,616.4,618.6,2.2,-8.635356,5.615117,-8.708819,5.564175,0.475
6,21092032,3,788,7614,pedestrian,7730,bike,615.8,619.8,4,-4.4359,8.683127,-4.441424,8.686164,0.172
6,21092032,3,791,7616,pedestrian,7730,bike,617,620.8,3.8,-4.495301,8.715775,-4.500535,8.718652,0.202
6,21092032,3,795,7629,pedestrian,7738,car,620.8,621.2,0.4,-5.074577,6.331576,-5.070374,6.328019,4.875
6,21092032,3,792,7618,pedestrian,7730,bike,618,622,4,-4.554411,8.748263,-4.559325,8.750963,0.105
6,21092032,3,793,7698,bike,7728,pedestrian,618.4,622.2,3.8,-3.462238,8.300537,-3.484069,8.301862,0.009
6,21092032,3,794,7640,pedestrian,7730,bike,619,623,4,-4.610349,8.779007,-4.615989,8.782106,0.289
6,21092032,3,796,7638,pedestrian,7730,bike,623.2,625,1.8,-4.84467,8.852467,-4.905099,8.815593,2.693
6,21092032,3,797,7629,pedestrian,7709,car,623.6,625.2,1.6,-5.019121,6.286472,-4.893984,6.172317,4.357
6,21092032,3,798,7656,pedestrian,7730,bike,624.6,626.2,1.6,-5.018492,8.726439,-5.079815,8.678192,2.634
6,21092032,3,799,7637,pedestrian,7732,car,626,626.6,0.6,-3.95913,5.748445,-3.930415,5.745502,4.72
6,21092032,3,801,7637,pedestrian,7738,car,626.6,627,0.4,-3.995436,5.753045,-3.969255,5.750231,4.704
6,21092032,3,800,7663,pedestrian,7732,car,626.6,627.6,1,-3.851258,5.734764,-3.806682,5.69864,4.389
6,21092032,3,803,7663,pedestrian,7738,car,627,628,1,-3.878273,5.73815,-3.849172,5.722105,4.587
6,21092032,3,802,7648,pedestrian,7732,car,627,628.2,1.2,-3.779695,5.700746,-3.72394,5.660943,3.932
6,21092032,3,805,7662,pedestrian,7732,car,627.6,628.6,1,-3.689448,5.645124,-3.646856,5.614406,3.733
6,21092032,3,804,7648,pedestrian,7738,car,627.4,628.8,1.4,-3.795973,5.710381,-3.735012,5.666134,3.944
6,21092032,3,806,7662,pedestrian,7738,car,628,629,1,-3.724088,5.666935,-3.67629,5.632613,3.834
6,21092032,3,808,7637,pedestrian,7709,car,629,629.6,0.6,-4.115882,5.768632,-4.089427,5.765946,4.618
6,21092032,3,811,7663,pedestrian,7709,car,629.4,630.2,0.8,-4.024627,5.756679,-3.984945,5.752651,4.694
6,21092032,3,812,7648,pedestrian,7709,car,630,630.6,0.6,-3.921957,5.743643,-3.894596,5.740828,4.758
6,21092032,3,807,7676,pedestrian,7724,bike,628.8,630.8,2,-7.996026,6.058446,-8.094951,5.989848,0.527
6,21092032,3,813,7662,pedestrian,7709,car,630.4,630.8,0.4,-3.846156,5.733901,-3.827794,5.733721,4.913
6,21092032,3,809,7698,bike,7735,pedestrian,629,631.4,2.4,-2.865622,8.41971,-2.860139,8.386726,2.15
6,21092032,3,814,7698,bike,7736,pedestrian,630.4,631.4,1,-2.802445,8.426963,-2.802027,8.414223,3.252
6,21092032,3,815,7691,pedestrian,7707,bike,631.6,634,2.4,-10.507183,4.311792,-10.586855,4.255696,0.172
6,21092032,3,816,7691,pedestrian,7714,bike,632.4,634.6,2.2,-10.475486,4.334109,-10.547915,4.283113,0.002
6,21092032,3,817,7691,pedestrian,7724,bike,641.8,643.6,1.8,-10.065748,4.6226,-10.158492,4.5573,0.108
6,21092032,3,819,7548,pedestrian,7748,car,646.8,647.2,0.4,-3.56015,1.432851,-3.543508,1.444275,4.724
6,21092032,3,820,7577,pedestrian,7748,car,647.2,647.6,0.4,-3.473541,1.493515,-3.4569,1.504938,4.712
6,21092032,3,823,7717,pedestrian,7748,car,651.2,652.2,1,-2.616611,2.09366,-2.511458,2.165903,4.396
6,21092032,3,810,7691,pedestrian,7747,bike,629.2,652.8,23.6,-10.787882,4.114156,-9.765426,4.834052,0.91
6,21092032,3,822,7691,pedestrian,7750,bike,650.6,652.8,2.2,-9.855383,4.770715,-9.765426,4.834052,3.443
6,21092032,3,824,7716,pedestrian,7748,car,651.8,653,1.2,-2.488444,2.182141,-2.355415,2.273152,4.368
6,21092032,3,826,7632,pedestrian,7748,car,652.6,653.4,0.8,-2.317912,2.299447,-2.268918,2.33266,4.364
6,21092032,3,825,7711,pedestrian,7748,car,652.4,653.6,1.2,-2.355167,2.273854,-2.223784,2.363722,4.351
6,21092032,3,827,7703,pedestrian,7748,car,653,653.8,0.8,-2.233477,2.357523,-2.182177,2.392337,4.34
6,21092032,3,829,7548,pedestrian,7752,car,655.2,655.8,0.6,-3.94177,1.165771,-3.921842,1.179387,4.825
6,21092032,3,828,7701,pedestrian,7748,car,655.2,656.4,1.2,-1.760919,2.68261,-1.633998,2.770228,4.211
6,21092032,3,830,7577,pedestrian,7752,car,655.8,656.4,0.6,-3.859086,1.223634,-3.839158,1.23725,4.799
6,21092032,3,831,7697,pedestrian,7748,car,655.8,657,1.2,-1.632107,2.771223,-1.513584,2.861118,4.253
6,21092032,3,832,7689,pedestrian,7748,car,656.4,657.2,0.8,-1.507595,2.8604,-1.43706,2.916669,4.513
6,21092032,3,821,7691,pedestrian,7749,bike,648.8,658.6,9.8,-9.934196,4.715224,-9.373558,5.139297,0.545
6,21092032,3,833,7691,pedestrian,7750,bike,657.2,661.6,4.4,-9.572802,4.976787,-9.284074,5.243402,1.8
6,21092032,3,835,7608,pedestrian,7749,bike,660.6,662,1.4,-8.721199,5.55559,-8.617115,5.627766,0.077
6,21092032,3,836,7610,pedestrian,7749,bike,661,662.4,1.4,-8.632887,5.616829,-8.528944,5.688905,0.135
6,21092032,3,834,7691,pedestrian,7747,bike,658.6,662.6,4,-9.531379,5.034454,-9.246409,5.267379,2.409
6,21092032,3,837,7632,pedestrian,7752,car,663,663.8,0.8,-2.814402,1.955201,-2.785621,1.974836,4.475
6,21092032,3,839,7703,pedestrian,7752,car,663.6,664.4,0.8,-2.73536,2.010481,-2.707899,2.02918,4.454
6,21092032,3,838,7608,pedestrian,7750,bike,663.4,665.8,2.4,-8.851313,5.464154,-8.771971,5.520384,0.278
6,21092032,3,841,7610,pedestrian,7750,bike,664,666.4,2.4,-8.776622,5.517159,-8.696984,5.572382,0.292
6,21092032,3,840,7608,pedestrian,7747,bike,663.8,666.6,2.8,-8.874146,5.447625,-8.803807,5.498043,0.087
6,21092032,3,842,7610,pedestrian,7747,bike,664.4,667.2,2.8,-8.78542,5.511058,-8.729517,5.549823,0.149
6,21092032,3,843,7679,pedestrian,7748,car,666,667.6,1.6,-2.677265,5.019652,-2.811341,5.14218,2.429
6,21092032,3,845,7691,pedestrian,7730,bike,668.6,671.8,3.2,-8.972559,5.453647,-8.970004,5.452831,2.58
6,21092032,3,847,7728,pedestrian,7749,bike,672,673,1,-6.568433,7.479459,-6.531642,7.546768,2.681
6,21092032,3,818,7610,pedestrian,7730,bike,645.2,673.2,28,-7.756265,6.224703,-9.144216,5.302238,0.232
6,21092032,3,846,7717,pedestrian,7752,car,671.4,673.2,1.8,-1.596531,2.795683,-1.44107,2.91471,4.372
6,21092032,3,848,7716,pedestrian,7752,car,672.8,673.2,0.4,-1.410377,2.934351,-1.391715,2.948967,4.787
6,21092032,3,844,7608,pedestrian,7730,bike,668,673.6,5.6,-8.874318,5.447409,-9.226982,5.279736,2.375
6,21092032,3,849,7739,pedestrian,7762,car,673.8,674.6,0.8,-4.15045,1.019645,-4.088626,1.062664,4.884
6,21092032,3,850,7731,pedestrian,7762,car,674.8,675.6,0.8,-4.000024,1.124948,-3.939216,1.167246,4.841
6,21092032,3,851,7727,pedestrian,7762,car,675.6,676.8,1.2,-3.869175,1.216643,-3.769638,1.285856,4.802
6,21092032,3,852,7726,pedestrian,7762,car,676.6,677.8,1.2,-3.718056,1.322437,-3.620176,1.390476,4.746
6,21092032,3,853,7673,pedestrian,7760,car,677.2,678.2,1,-4.362308,5.846607,-4.235795,5.794629,4.456
6,21092032,3,854,7736,pedestrian,7749,bike,677.2,678.4,1.2,-5.486531,8.365455,-5.403418,8.420423,2.535
6,21092032,3,855,7665,pedestrian,7760,car,677.8,678.4,0.6,-4.22341,5.786361,-4.158925,5.774979,4.581
6,21092032,3,856,7632,pedestrian,7762,car,678,678.6,0.6,-3.513166,1.465815,-3.492115,1.480194,4.695
6,21092032,3,857,7693,pedestrian,7760,car,678.2,679,0.8,-4.093879,5.765677,-3.995706,5.75403,4.669
6,21092032,3,858,7703,pedestrian,7762,car,678.4,679.2,0.8,-3.438419,1.518274,-3.406842,1.539842,4.685
6,21092032,3,859,7673,pedestrian,7761,car,679.6,680.2,0.6,-4.248083,5.793386,-4.187151,5.778473,4.571
6,21092032,3,860,7665,pedestrian,7761,car,680,681,1,-4.126502,5.7698,-4.006269,5.755481,4.642
6,21092032,3,861,7693,pedestrian,7761,car,680.8,682.4,1.6,-3.941223,5.746179,-3.748783,5.671796,4.413
6,21092032,3,864,7679,pedestrian,7760,car,681.4,682.4,1,-3.342167,5.417573,-3.271311,5.368676,3.433
6,21092032,3,862,7728,pedestrian,7750,bike,680.8,682.6,1.8,-6.865323,6.914772,-6.818866,6.946741,2.547
6,21092032,3,863,7728,pedestrian,7747,bike,681.2,682.8,1.6,-6.888066,6.897945,-6.841316,6.931549,2.557
6,21092032,3,866,7732,car,7767,pedestrian,682.2,682.8,0.6,-5.935149,-1.703199,-5.919213,-1.726208,4.832
6,21092032,3,865,7684,pedestrian,7760,car,681.6,683.4,1.8,-3.282364,5.374691,-3.086283,5.204505,3.466
6,21092032,3,870,7738,car,7767,pedestrian,682.8,683.4,0.6,-5.949625,-1.681593,-5.940407,-1.694779,4.885
6,21092032,3,867,7631,pedestrian,7760,car,682.2,684,1.8,-3.152166,5.279056,-2.978242,5.08788,3.068
6,21092032,3,868,7704,pedestrian,7730,bike,682.2,684.2,2,-10.6765,4.192579,-10.778494,4.120766,0.277
6,21092032,3,871,7679,pedestrian,7761,car,683.2,684.4,1.2,-3.434312,5.483009,-3.356674,5.429668,3.377
6,21092032,3,869,7712,pedestrian,7730,bike,682.6,684.8,2.2,-10.751911,4.139482,-10.865238,4.059691,0.1
6,21092032,3,873,7684,pedestrian,7761,car,684.6,686.6,2,-3.149927,5.276842,-2.973616,5.082405,3.09
6,21092032,3,872,7749,bike,7753,pedestrian,684.2,687.2,3,-4.398766,8.662718,-4.374008,8.649111,0.196
6,21092032,3,874,7631,pedestrian,7761,car,685.4,687.2,1.8,-3.031078,5.144158,-2.873181,4.966689,3.251
6,21092032,3,875,7749,bike,7758,pedestrian,688.4,691.2,2.8,-4.075681,8.485147,-4.062177,8.477725,0.142
6,21092032,3,878,7719,pedestrian,7762,car,690.2,691.2,1,-1.617322,2.781414,-1.580052,2.810542,4.21
6,21092032,3,876,7736,pedestrian,7750,bike,689.6,691.6,2,-6.158316,7.884015,-6.104822,7.927485,2.044
6,21092032,3,877,7736,pedestrian,7747,bike,690.2,692.2,2,-6.199627,7.853593,-6.146151,7.897088,2.118
6,21092032,3,879,7679,pedestrian,7766,car,691.8,692.6,0.8,-3.839684,5.731546,-3.787921,5.688371,4.338
6,21092032,3,881,7673,pedestrian,7766,car,693.2,694.4,1.2,-3.491848,5.522845,-3.374356,5.441965,3.358
6,21092032,3,880,7686,pedestrian,7774,car,693.2,695,1.8,-11.440929,2.709528,-11.288006,2.694397,0.167
6,21092032,3,882,7665,pedestrian,7766,car,693.4,695.2,1.8,-3.436131,5.483756,-3.221075,5.328413,3.405
6,21092032,3,883,7693,pedestrian,7766,car,694.2,695.8,1.6,-3.274133,5.368961,-3.099349,5.217925,3.452
6,21092032,3,885,7631,pedestrian,7766,car,696,697,1,-2.813508,5.134679,-2.722439,5.065952,4.01
6,21092032,3,886,7735,pedestrian,7766,car,696.4,697.2,0.8,-2.75973,5.106243,-2.717127,5.036026,4.111
6,21092032,3,884,7684,pedestrian,7766,car,695.8,697.4,1.6,-2.874465,5.123037,-2.713352,5.004768,2.026
6,21092032,3,887,7750,bike,7753,pedestrian,698.4,700.2,1.8,-5.152069,8.62011,-5.106028,8.657794,2.61
6,21092032,3,888,7747,bike,7753,pedestrian,699,700.6,1.6,-5.181457,8.596514,-5.134324,8.635044,2.624
6,21092032,3,889,7750,bike,7758,pedestrian,700.6,703,2.4,-4.869276,8.800846,-4.835387,8.854141,2.701
6,21092032,3,890,7747,bike,7758,pedestrian,701.6,703.4,1.8,-4.905201,8.817431,-4.853692,8.848058,2.698
6,21092032,3,891,7693,pedestrian,7762,car,705,706,1,-2.77618,5.01581,-2.80797,5.098108,4.64
6,21092032,3,892,7759,car,7778,pedestrian,710,711.6,1.6,-11.237431,2.756477,-11.361693,2.800976,2.997
6,21092032,3,893,7734,pedestrian,7759,car,710.4,712.6,2.2,-11.321841,2.667646,-11.486213,2.672951,1.029
6,21092032,3,894,7737,pedestrian,7759,car,711.2,712.8,1.6,-11.425054,2.630887,-11.540156,2.619076,2.395
6,21092032,3,895,7742,pedestrian,7759,car,711.6,713,1.4,-11.483102,2.586067,-11.590421,2.57032,3.762
6,21092032,3,896,7679,pedestrian,7772,car,712.4,713.4,1,-4.89029,6.178794,-4.842329,6.135807,3.999
6,21092032,3,897,7679,pedestrian,7773,car,713.8,714.8,1,-4.955717,6.23377,-4.909717,6.185063,4.245
6,21092032,3,899,7760,car,7777,pedestrian,718.2,718.4,0.2,-6.177266,-1.343583,-6.177266,-1.343583,4.987
6,21092032,3,898,7758,pedestrian,7771,bike,718,720.8,2.8,-5.753592,8.173922,-6.08157,7.939531,1.87
6,21092032,3,900,7676,pedestrian,7772,car,718.8,721,2.2,-3.608575,5.596673,-3.374808,5.442569,3.413
6,21092032,3,903,7760,car,7783,pedestrian,721.6,722,0.4,-5.658439,-2.113788,-5.646737,-2.130734,4.72
6,21092032,3,901,7753,pedestrian,7771,bike,720.6,722.8,2.2,-6.239164,7.829465,-6.461998,7.631028,2.29
6,21092032,3,902,7676,pedestrian,7773,car,721,723.2,2.2,-3.500119,5.528356,-3.266102,5.36503,3.375
6,21092032,3,905,7577,pedestrian,7761,car,724.2,724.4,0.2,-6.223554,-1.274817,-6.223554,-1.274817,4.998
6,21092032,3,904,7691,pedestrian,7771,bike,723.6,725,1.4,-6.63963,7.241947,-6.669474,7.138932,2.622
6,21092032,3,906,7548,pedestrian,7761,car,724.8,725.2,0.4,-6.136898,-1.403552,-6.12006,-1.428306,4.939
6,21092032,3,907,7761,car,7783,pedestrian,726.8,727.2,0.4,-5.857525,-1.818381,-5.847338,-1.833112,4.8
6,21092032,3,908,7732,car,7783,pedestrian,729.6,730.4,0.8,-5.935916,-1.701442,-5.980635,-1.635556,4.855
6,21092032,3,909,7548,pedestrian,7732,car,730,730.4,0.4,-5.970325,-1.65059,-5.978581,-1.638651,4.858
6,21092032,3,911,7577,pedestrian,7732,car,730.4,730.8,0.4,-6.022981,-1.572239,-6.030876,-1.560844,4.896
6,21092032,3,910,7548,pedestrian,7738,car,730.4,731,0.6,-5.952968,-1.676238,-5.958253,-1.668776,4.875
6,21092032,3,912,7738,car,7783,pedestrian,730.6,731.4,0.8,-5.976578,-1.641159,-6.016787,-1.581867,4.885
6,21092032,3,913,7577,pedestrian,7738,car,731,731.4,0.4,-6.002653,-1.602363,-6.017265,-1.581146,4.92
6,21092032,3,918,7766,car,7783,pedestrian,731.4,731.8,0.4,-6.0209,-1.575688,-6.009052,-1.592848,4.899
6,21092032,3,917,7577,pedestrian,7766,car,731.4,732,0.6,-6.015089,-1.584445,-5.977732,-1.639354,4.869
6,21092032,3,914,7691,pedestrian,7775,bike,731,732.6,1.6,-6.502793,7.588305,-6.556178,7.491564,2.678
6,21092032,3,919,7548,pedestrian,7766,car,732,732.6,0.6,-5.923452,-1.720465,-5.886455,-1.774829,4.821
6,21092032,3,915,7758,pedestrian,7775,bike,731.2,733.8,2.6,-6.528095,7.553094,-6.639195,7.230606,2.388
6,21092032,3,921,7753,pedestrian,7775,bike,733,736.4,3.4,-6.653071,7.178219,-6.941671,6.861695,2.602
6,21092032,3,923,7691,pedestrian,7776,bike,736.2,737.8,1.6,-6.320431,7.770431,-6.399859,7.689451,2.342
6,21092032,3,924,7719,pedestrian,7787,car,738.2,738.6,0.4,-4.233156,0.961682,-4.220297,0.97047,4.951
6,21092032,3,925,7750,bike,7780,pedestrian,738.8,742.6,3.8,-3.05158,8.372334,-3.088837,8.342822,0.047
6,21092032,3,926,7747,bike,7780,pedestrian,739.4,743.2,3.8,-3.101149,8.357841,-3.125975,8.340229,0.029
6,21092032,3,916,7736,pedestrian,7771,bike,731.2,743.4,12.2,-7.946802,6.165896,-8.747078,5.610347,2.6
6,21092032,3,927,7704,pedestrian,7771,bike,740,743.4,3.4,-8.666043,5.593838,-8.71068,5.562885,0.204
6,21092032,3,928,7729,pedestrian,7771,bike,740.8,743.4,2.6,-8.72937,5.622503,-8.750879,5.607705,2.57
6,21092032,3,934,7637,pedestrian,7771,bike,743.8,744,0.2,-9.004039,5.431935,-9.004039,5.431935,4.957
6,21092032,3,930,7758,pedestrian,7776,bike,741.2,744.2,3,-6.888154,6.900507,-7.226401,6.666241,2.614
6,21092032,3,929,7712,pedestrian,7771,bike,741.2,744.6,3.4,-8.722225,5.554879,-8.792868,5.505893,0.143
6,21092032,3,940,7637,pedestrian,7771,bike,744.6,744.8,0.2,-9.040931,5.405986,-9.040931,5.405986,4.931
6,21092032,3,931,7753,pedestrian,7776,bike,742.8,745.4,2.6,-7.163465,6.709777,-7.445024,6.514444,2.608
6,21092032,3,939,7729,pedestrian,7775,bike,744.6,746,1.4,-8.54861,5.748031,-8.6226,5.696782,2.579
6,21092032,3,938,7704,pedestrian,7775,bike,744.4,746.2,1.8,-8.504578,5.705802,-8.614562,5.629536,0.106
6,21092032,3,942,7689,pedestrian,7774,car,744.8,746.2,1.4,-2.903512,4.993795,-2.829557,4.916785,3.447
6,21092032,3,935,7701,pedestrian,7774,car,744.4,746.4,2,-2.908812,5.078314,-2.796116,4.887582,2.506
6,21092032,3,936,7716,pedestrian,7774,car,744.4,746.4,2,-2.863346,5.130025,-2.777302,4.927997,0.412
6,21092032,3,937,7717,pedestrian,7774,car,744.4,746.4,2,-2.902917,5.090949,-2.790385,4.899893,1.393
6,21092032,3,941,7697,pedestrian,7774,car,744.6,746.4,1.8,-2.907045,5.034159,-2.806834,4.887075,3.238
6,21092032,3,945,7637,pedestrian,7771,bike,745.8,746.4,0.6,-9.103798,5.361464,-9.112901,5.355435,4.573
6,21092032,3,943,7712,pedestrian,7775,bike,745,746.8,1.8,-8.598833,5.640443,-8.705876,5.566216,0.439
6,21092032,3,920,7662,pedestrian,7771,bike,733,747.6,14.6,-8.267001,5.870545,-9.137956,5.313364,0.124
6,21092032,3,932,7648,pedestrian,7771,bike,743.2,747.8,4.6,-8.868625,5.451783,-9.189578,5.304262,1.678
6,21092032,3,944,7736,pedestrian,7775,bike,745.6,748.2,2.6,-8.733082,5.61993,-9.006011,5.427087,2.55
6,21092032,3,933,7663,pedestrian,7771,bike,743.8,748.4,4.6,-8.989472,5.422372,-9.302542,5.230134,2.654
6,21092032,3,946,7637,pedestrian,7771,bike,746.6,748.8,2.2,-9.14076,5.335469,-9.381858,5.177507,2.64
6,21092032,3,947,7662,pedestrian,7775,bike,747,749.2,2.2,-8.969515,5.412952,-9.184871,5.307324,2.506
6,21092032,3,948,7648,pedestrian,7775,bike,747.2,749.8,2.6,-9.019253,5.421141,-9.286107,5.240901,2.652
6,21092032,3,954,7767,pedestrian,7792,car,749.4,750.2,0.8,-4.063728,1.080361,-3.997321,1.126519,4.865
6,21092032,3,949,7663,pedestrian,7775,bike,747.8,750.4,2.6,-9.120799,5.349738,-9.388018,5.17333,2.653
6,21092032,3,951,7771,bike,7778,pedestrian,748.8,750.4,1.6,-9.549578,4.986027,-9.640438,4.922054,0.575
6,21092032,3,952,7729,pedestrian,7776,bike,749.2,750.6,1.4,-8.30506,5.917138,-8.381477,5.864206,2.568
6,21092032,3,950,7637,pedestrian,7775,bike,748.4,750.8,2.4,-9.221941,5.283049,-9.466823,5.121113,2.69
6,21092032,3,953,7704,pedestrian,7776,bike,749.4,751.2,1.8,-8.321506,5.832749,-8.434726,5.754239,0.092
6,21092032,3,955,7712,pedestrian,7776,bike,749.8,751.6,1.8,-8.401351,5.777382,-8.516042,5.697852,0.346
6,21092032,3,956,7775,bike,7778,pedestrian,750,751.6,1.6,-9.480421,5.03472,-9.562671,4.981878,0.609
6,21092032,3,957,7629,pedestrian,7787,car,751,752,1,-1.85726,2.616342,-1.801608,2.654046,4.235
6,21092032,3,922,7780,pedestrian,7794,bike,735.2,753.4,18.2,-2.768596,8.428331,-4.039413,8.46662,3.273
6,21092032,3,958,7734,pedestrian,7771,bike,753.4,755.2,1.8,-10.437317,4.360983,-10.559525,4.274939,0.198
6,21092032,3,963,7632,pedestrian,7760,car,754.8,755.2,0.4,-6.0011,-1.604827,-6.013259,-1.587191,4.891
6,21092032,3,968,7703,pedestrian,7760,car,755.2,755.4,0.2,-6.061814,-1.514704,-6.061814,-1.514704,4.923
6,21092032,3,959,7737,pedestrian,7771,bike,754,755.6,1.6,-10.533625,4.293175,-10.639136,4.218886,0.565
6,21092032,3,961,7742,pedestrian,7771,bike,754.4,756,1.6,-10.619477,4.232727,-10.726409,4.157439,0.268
6,21092032,3,974,7637,pedestrian,7776,bike,755.8,756,0.2,-9.46006,5.049055,-9.46006,5.049055,4.98
6,21092032,3,967,7689,pedestrian,7791,car,755,756.2,1.2,-3.227295,5.335375,-3.145094,5.261011,3.455
6,21092032,3,962,7776,bike,7778,pedestrian,754.6,756.6,2,-9.276264,5.248384,-9.319296,5.219137,2.669
6,21092032,3,964,7771,bike,7785,pedestrian,754.8,756.6,1.8,-10.70149,4.174983,-10.822479,4.089797,0.03
6,21092032,3,971,7697,pedestrian,7791,car,755.4,756.8,1.4,-3.147369,5.274848,-3.050426,5.170743,2.998
6,21092032,3,969,7734,pedestrian,7775,bike,755.2,757,1.8,-10.382514,4.399569,-10.490799,4.323328,0.178
6,21092032,3,976,7716,pedestrian,7791,car,756,757,1,-3.06012,5.179291,-3.009451,5.12482,3.131
6,21092032,3,972,7751,pedestrian,7771,bike,755.6,757.2,1.6,-10.850972,4.069735,-10.946016,4.002816,0.507
6,21092032,3,973,7737,pedestrian,7775,bike,755.6,757.4,1.8,-10.462475,4.34327,-10.57076,4.267028,0.372
6,21092032,3,975,7765,pedestrian,7771,bike,756,758,2,-10.932716,4.012181,-10.973194,3.909142,0.256
6,21092032,3,977,7742,pedestrian,7775,bike,756.2,758,1.8,-10.553325,4.279304,-10.662933,4.20213,0.188
6,21092032,3,978,7775,bike,7785,pedestrian,756.6,758.4,1.8,-10.632103,4.223838,-10.741466,4.146837,0.292
6,21092032,3,970,7663,pedestrian,7776,bike,755.2,758.8,3.6,-9.371488,5.134594,-9.481295,5.034104,2.837
6,21092032,3,979,7728,pedestrian,7771,bike,757.2,758.8,1.6,-11.097935,3.809716,-11.035887,3.6232,3.96
6,21092032,3,980,7751,pedestrian,7775,bike,757.4,759,1.6,-10.761741,4.132562,-10.844602,4.07422,0.517
6,21092032,3,981,7765,pedestrian,7775,bike,757.8,759.4,1.6,-10.840004,4.077458,-10.920275,4.02094,0.275
6,21092032,3,983,7629,pedestrian,7792,car,759.8,760.6,0.8,-2.24892,2.346908,-2.210278,2.373075,4.338
6,21092032,3,984,7663,pedestrian,7776,bike,760.2,761,0.8,-9.558264,4.979911,-9.579609,4.964883,4.335
6,21092032,3,982,7746,pedestrian,7771,bike,759.6,761.2,1.6,-10.761324,3.361712,-10.661881,3.322558,0.024
6,21092032,3,965,7662,pedestrian,7776,bike,754.8,763.4,8.6,-9.316183,5.222919,-9.582537,4.962821,1.767
6,21092032,3,985,7632,pedestrian,7761,car,763,763.6,0.6,-5.722134,-2.018675,-5.743423,-1.987834,4.727
6,21092032,3,986,7703,pedestrian,7761,car,763.4,764,0.6,-5.77749,-1.93649,-5.797885,-1.906997,4.756
6,21092032,3,988,7632,pedestrian,7766,car,764.4,765,0.6,-5.672956,-2.091596,-5.697567,-2.055899,4.706
6,21092032,3,990,7631,pedestrian,7792,car,764.8,765,0.2,-1.390378,2.949586,-1.390378,2.949586,4.885
6,21092032,3,987,7691,pedestrian,7794,bike,763.8,765.2,1.4,-5.135079,8.634478,-5.217342,8.567666,2.619
6,21092032,3,966,7648,pedestrian,7776,bike,754.8,765.4,10.6,-9.316183,5.222919,-9.579742,4.964789,0
6,21092032,3,989,7703,pedestrian,7766,car,764.8,765.4,0.6,-5.733186,-2.002216,-5.756244,-1.968858,4.734
6,21092032,3,996,7632,pedestrian,7772,car,771.2,771.4,0.2,-5.547824,-2.278356,-5.547824,-2.278356,4.967
6,21092032,3,993,7689,pedestrian,7797,car,770.6,771.6,1,-3.803146,5.71479,-3.739137,5.66916,3.93
6,21092032,3,998,7662,pedestrian,7776,bike,771.4,771.6,0.2,-9.951668,4.702922,-9.951668,4.702922,4.958
6,21092032,3,995,7697,pedestrian,7797,car,771,772,1,-3.714599,5.66112,-3.652882,5.618258,3.775
6,21092032,3,997,7703,pedestrian,7772,car,771.2,772.2,1,-5.552003,-2.272058,-5.486617,-2.368386,4.618
6,21092032,3,999,7716,pedestrian,7797,car,771.4,772.6,1.2,-3.626732,5.607829,-3.549585,5.554251,3.622
6,21092032,3,1001,7703,pedestrian,7773,car,772.2,772.8,0.6,-5.52288,-2.315254,-5.505884,-2.339747,4.611
6,21092032,3,1002,7764,pedestrian,7771,bike,772.2,773.2,1,-9.10365,1.03769,-9.064653,0.982097,4.044
6,21092032,3,991,7648,pedestrian,7776,bike,769.4,774.2,4.8,-9.76601,4.83364,-9.952699,4.702196,2.077
6,21092032,3,992,7734,pedestrian,7776,bike,770,775.2,5.2,-9.802024,4.808284,-9.794832,4.813348,0.355
6,21092032,3,1003,7691,pedestrian,7799,bike,773.4,776.2,2.8,-4.741861,8.851194,-4.804091,8.79107,0.349
6,21092032,3,994,7737,pedestrian,7776,bike,771,776.4,5.4,-9.87516,4.75679,-9.85446,4.771364,0
6,21092032,3,1006,7729,pedestrian,7794,bike,775.4,776.8,1.4,-6.96912,6.844602,-7.051913,6.787479,2.66
6,21092032,3,1000,7742,pedestrian,7776,bike,771.6,777.6,6,-9.949689,4.704315,-9.908501,4.733315,0.096
6,21092032,3,1004,7776,bike,7785,pedestrian,773.6,778.4,4.8,-9.952258,4.702507,-9.946285,4.706712,0.073
6,21092032,3,1005,7751,pedestrian,7776,bike,775.2,779,3.8,-9.983665,4.680393,-9.974372,4.686936,0.213
6,21092032,3,1007,7765,pedestrian,7776,bike,776.2,780.2,4,-10.038459,4.641813,-10.009092,4.662491,0.05
6,21092032,3,1009,7777,pedestrian,7808,car,779.6,780.4,0.8,-3.78044,1.278729,-3.699804,1.334739,4.772
6,21092032,3,1008,7780,pedestrian,7799,bike,777.8,781,3.2,-5.296787,8.504568,-5.634026,8.263288,2.446
6,21092032,3,1010,7778,pedestrian,7794,bike,779.8,782,2.2,-7.782178,6.206734,-7.826984,6.175664,0.2
6,21092032,3,1012,7629,pedestrian,7808,car,782,782.6,0.6,-3.248812,1.651048,-3.214298,1.674742,4.613
6,21092032,3,1015,7631,pedestrian,7808,car,786.4,787.2,0.8,-2.296638,2.31405,-2.243771,2.349923,4.338
6,21092032,3,1014,7767,pedestrian,7808,car,786.4,787.4,1,-2.292221,2.317116,-2.185462,2.390121,4.324
6,21092032,3,1013,7729,pedestrian,7799,bike,786,787.6,1.6,-6.586619,7.408975,-6.618485,7.316688,2.454
6,21092032,3,1017,7684,pedestrian,7808,car,786.8,787.6,0.8,-2.208968,2.374353,-2.155012,2.410983,4.324
6,21092032,3,1018,7693,pedestrian,7808,car,787.2,788,0.8,-2.121442,2.434557,-2.067545,2.471145,4.31
6,21092032,3,1020,7719,pedestrian,7774,car,787.8,788.2,0.4,-6.146747,-1.38876,-6.13057,-1.412582,4.949
6,21092032,3,1019,7665,pedestrian,7808,car,787.6,788.4,0.8,-2.030723,2.496976,-1.97925,2.531882,4.296
6,21092032,3,1021,7673,pedestrian,7808,car,788,788.8,0.8,-1.94358,2.556914,-1.892107,2.59182,4.271
6,21092032,3,1022,7719,pedestrian,7791,car,793.4,794,0.6,-5.945867,-1.687178,-5.908088,-1.742755,4.832
6,21092032,3,1023,7689,pedestrian,7810,car,794.4,795.4,1,-4.782064,6.09175,-4.72676,6.054524,3.941
6,21092032,3,1025,7697,pedestrian,7810,car,794.8,796,1.2,-4.702006,6.035482,-4.632876,5.98895,4.018
6,21092032,3,1026,7716,pedestrian,7810,car,795.2,796.4,1.2,-4.634179,5.988003,-4.54965,5.940036,4.046
6,21092032,3,1024,7769,pedestrian,7776,bike,794.8,797.8,3,-10.897357,4.037076,-10.924888,4.017692,0.026
6,21092032,3,960,7736,pedestrian,7776,bike,754.2,798,43.8,-9.200543,5.296732,-11.055888,3.925457,0
6,21092032,3,1027,7648,pedestrian,7776,bike,796.6,798,1.4,-10.988309,3.973038,-11.066739,3.904575,1.59
6,21092032,3,1028,7662,pedestrian,7776,bike,797.6,798,0.4,-11.062006,3.858518,-11.08134,3.838974,4.366
6,21092032,3,1030,7771,bike,7803,pedestrian,798.6,799.4,0.8,-9.582895,-1.8113,-9.650491,-1.834081,4.512
6,21092032,3,1016,7635,pedestrian,7771,bike,786.4,799.6,13.2,-9.067807,-1.318767,-9.694914,-1.80413,0.867
6,21092032,3,1029,7737,pedestrian,7794,bike,797.8,800,2.2,-8.778129,5.588647,-8.790915,5.579899,2.555
6,21092032,3,1033,7726,pedestrian,7808,car,799.2,800.8,1.6,-2.669958,5.019473,-2.805031,5.148968,2.111
6,21092032,3,1038,7739,pedestrian,7808,car,800,800.8,0.8,-2.615123,5.187305,-2.676299,5.242447,4.686
6,21092032,3,1032,7727,pedestrian,7808,car,799.2,801,1.8,-2.653546,5.031899,-2.803458,5.183188,1.035
6,21092032,3,1034,7731,pedestrian,7808,car,799.4,801,1.6,-2.599653,5.103542,-2.738543,5.231734,2.408
6,21092032,3,1036,7737,pedestrian,7799,bike,799.8,801.2,1.4,-8.657699,5.672275,-8.721344,5.628213,2.556
6,21092032,3,1042,7785,pedestrian,7799,bike,800.8,802.6,1.8,-8.837626,5.547328,-8.897225,5.505146,2.576
6,21092032,3,1040,7734,pedestrian,7799,bike,800.6,802.8,2.2,-8.771157,5.520949,-8.867862,5.452132,0.007
6,21092032,3,1031,7734,pedestrian,7794,bike,799,803,4,-8.824844,5.48306,-8.847533,5.467053,0.5
6,21092032,3,1037,7785,pedestrian,7794,bike,799.8,803,3.2,-8.912875,5.495098,-8.886663,5.51249,2.55
6,21092032,3,1045,7765,pedestrian,7799,bike,801.4,803.4,2,-8.926158,5.485865,-8.966202,5.455475,2.583
6,21092032,3,1035,7742,pedestrian,7794,bike,799.6,803.6,4,-8.869313,5.451181,-8.920848,5.414437,0.071
6,21092032,3,1039,7765,pedestrian,7794,bike,800.4,803.6,3.2,-8.984831,5.44513,-8.960921,5.459147,2.582
6,21092032,3,1043,7742,pedestrian,7799,bike,800.8,803.6,2.8,-8.80902,5.494507,-8.937327,5.402186,0.065
6,21092032,3,1046,7751,pedestrian,7799,bike,801.8,804,2.2,-8.996997,5.436615,-9.053291,5.39545,2.636
6,21092032,3,1041,7751,pedestrian,7794,bike,800.8,804.4,3.6,-9.002361,5.433047,-9.029636,5.411339,2.663
6,21092032,3,1044,7679,pedestrian,7799,bike,801,804.6,3.6,-8.841255,5.471387,-9.136369,5.300765,0.137
6,21092032,3,1011,7679,pedestrian,7794,bike,780.2,805,24.8,-7.8637,6.150205,-9.136949,5.314019,0.278
6,21092032,3,1047,7741,pedestrian,7771,bike,804,805.6,1.6,-10.774133,-2.509779,-10.872599,-2.578508,0.207
6,21092032,3,1051,7727,pedestrian,7810,car,804.8,806,1.2,-2.906219,5.007313,-2.849201,4.896287,4.221
6,21092032,3,1050,7726,pedestrian,7810,car,804.8,806.2,1.4,-2.917808,5.009359,-2.850752,4.941137,3.383
6,21092032,3,1053,7811,pedestrian,7825,bike,806,806.2,0.2,-2.775602,8.238257,-2.775602,8.238257,4.809
6,21092032,3,1048,7731,pedestrian,7810,car,804.4,806.6,2.2,-2.900325,5.110988,-2.785332,4.898207,1.201
6,21092032,3,1049,7739,pedestrian,7810,car,804.4,806.6,2.2,-2.87737,5.128367,-2.775717,4.918861,0.3
6,21092032,3,1052,7811,pedestrian,7822,car,805.4,807.4,2,-2.639092,8.188325,-2.799308,8.058223,0.32
6,21092032,3,1055,7629,pedestrian,7819,car,808,808.2,0.2,-4.393012,0.849695,-4.393012,0.849695,4.973
6,21092032,3,1056,7772,car,7824,pedestrian,808.4,809.4,1,-5.601726,-2.197367,-5.665905,-2.102858,4.679
6,21092032,3,1058,7773,car,7824,pedestrian,809.4,810.6,1.2,-5.636322,-2.14595,-5.715955,-2.028678,4.705
6,21092032,3,1057,7769,pedestrian,7799,bike,809.4,811.2,1.8,-10.138643,4.571276,-10.231646,4.505793,0.288
6,21092032,3,1054,7691,pedestrian,7825,bike,807.8,811.8,4,-3.042464,8.344684,-3.065286,8.36834,0.243
6,21092032,3,1059,7769,pedestrian,7794,bike,810,811.8,1.8,-10.109687,4.591663,-10.202691,4.52618,0.181
6,21092032,3,1062,7631,pedestrian,7819,car,813,813.4,0.4,-3.400921,1.544369,-3.385355,1.555052,4.696
6,21092032,3,1061,7753,pedestrian,7830,bike,812.8,813.6,0.8,-11.063576,3.919784,-11.014802,3.937269,1.008
6,21092032,3,1060,7758,pedestrian,7830,bike,812.8,814,1.2,-11.011167,3.956944,-10.953772,3.997355,0.485
6,21092032,3,1063,7684,pedestrian,7819,car,813.4,814,0.6,-3.317013,1.603163,-3.286603,1.624018,4.642
6,21092032,3,1064,7693,pedestrian,7819,car,813.8,814.4,0.6,-3.233106,1.661957,-3.202896,1.682669,4.601
6,21092032,3,1065,7665,pedestrian,7819,car,814.2,814.8,0.6,-3.149299,1.720679,-3.120488,1.740399,4.575
6,21092032,3,1067,7673,pedestrian,7819,car,814.6,815.2,0.6,-3.065492,1.779402,-3.037271,1.798703,4.56
6,21092032,3,1068,7758,pedestrian,7799,bike,814.6,815.4,0.8,-11.000498,3.964456,-11.054215,3.913959,2.192
6,21092032,3,1069,7753,pedestrian,7799,bike,815.2,815.4,0.2,-11.068733,3.84873,-11.068733,3.84873,4.875
6,21092032,3,1066,7764,pedestrian,7805,car,814.2,815.6,1.4,-10.57532,3.179342,-10.66365,3.114385,3.743
6,21092032,3,1070,7758,pedestrian,7794,bike,815.4,816.2,0.8,-11.006638,3.941839,-11.067873,3.880497,2.967
6,21092032,3,1071,7794,bike,7820,pedestrian,816,816.2,0.2,-11.076925,3.839825,-11.076925,3.839825,4.703
6,21092032,3,1072,7797,car,7824,pedestrian,816.4,816.8,0.4,-5.92829,-1.713214,-5.918397,-1.727514,4.867
6,21092032,3,1074,7676,pedestrian,7819,car,817.8,818.6,0.8,-2.435929,2.218257,-2.391519,2.248335,4.38
6,21092032,3,1073,7783,pedestrian,7819,car,817.4,818.8,1.4,-2.504859,2.17091,-2.352962,2.274848,4.366
6,21092032,3,1075,7721,pedestrian,7819,car,818.2,819,0.8,-2.353022,2.275304,-2.308612,2.305383,4.377
6,21092032,3,1077,7736,pedestrian,7805,car,819.4,822,2.6,-11.238841,2.752501,-11.49032,2.668583,0.375
6,21092032,3,1080,7781,pedestrian,7805,car,820.4,822.2,1.8,-11.409097,2.629895,-11.538191,2.623229,2.402
6,21092032,3,1081,7662,pedestrian,7805,car,820.6,822.2,1.6,-11.435247,2.617631,-11.578507,2.542844,4.221
6,21092032,3,1082,7726,pedestrian,7814,car,820.8,822.2,1.4,-3.568312,5.572641,-3.496895,5.521736,3.487
6,21092032,3,1078,7648,pedestrian,7805,car,819.4,822.4,3,-11.252602,2.709623,-11.574338,2.59419,1.535
6,21092032,3,1083,7782,pedestrian,7805,car,821,822.4,1.4,-11.484242,2.591977,-11.589702,2.572808,3.753
6,21092032,3,1086,7784,pedestrian,7805,car,821.4,822.4,1,-11.521704,2.56423,-11.598203,2.560978,4.038
6,21092032,3,1084,7731,pedestrian,7814,car,821.4,822.8,1.4,-3.486963,5.519667,-3.409453,5.466069,3.37
6,21092032,3,1085,7726,pedestrian,7816,car,821.4,822.8,1.4,-3.594108,5.588309,-3.510653,5.52942,3.535
6,21092032,3,1087,7739,pedestrian,7814,car,821.8,823,1.2,-3.413366,5.468118,-3.361685,5.432947,3.383
6,21092032,3,1079,7679,pedestrian,7830,bike,819.6,823.2,3.6,-9.753583,4.84239,-9.733159,4.85677,0.097
6,21092032,3,1089,7777,pedestrian,7819,car,821.8,823.2,1.4,-1.628241,2.77389,-1.483485,2.883721,4.292
6,21092032,3,1090,7726,pedestrian,7817,car,822,823.2,1.2,-3.617288,5.602243,-3.536868,5.546439,3.595
6,21092032,3,1088,7731,pedestrian,7816,car,821.8,823.4,1.6,-3.515614,5.539313,-3.425265,5.475826,3.369
6,21092032,3,1091,7739,pedestrian,7816,car,822.2,823.6,1.4,-3.43419,5.482802,-3.396163,5.457556,3.41
6,21092032,3,1092,7731,pedestrian,7817,car,822.4,824,1.6,-3.53273,5.550671,-3.465696,5.502128,3.4
6,21092032,3,1093,7739,pedestrian,7817,car,822.8,824.4,1.6,-3.464469,5.504046,-3.395043,5.456978,3.343
6,21092032,3,1076,7769,pedestrian,7830,bike,819.2,825.8,6.6,-9.817415,4.797447,-9.35273,5.164706,0.5
6,21092032,3,1095,7779,pedestrian,7835,bike,825.2,826,0.8,-11.071931,3.882246,-11.01233,3.938386,2.489
6,21092032,3,1096,7764,pedestrian,7835,bike,825.2,826,0.8,-11.019068,3.84714,-10.973183,3.902845,3.852
6,21092032,3,1094,7756,pedestrian,7814,car,824.8,827,2.2,-2.90386,5.116955,-2.709479,5.016246,1.748
6,21092032,3,1098,7756,pedestrian,7816,car,825.6,827.2,1.6,-2.880313,5.135298,-2.720604,5.038506,2.721
6,21092032,3,1099,7756,pedestrian,7817,car,826.6,827.8,1.2,-2.827745,5.132158,-2.713596,5.063131,3.821
6,21092032,3,1100,7631,pedestrian,7829,car,827.4,827.8,0.4,-4.015795,1.113947,-4.000719,1.124292,4.85
6,21092032,3,1101,7684,pedestrian,7829,car,828,828.4,0.4,-3.91779,1.182409,-3.902353,1.19301,4.822
6,21092032,3,1102,7693,pedestrian,7829,car,828.4,828.8,0.4,-3.835524,1.240056,-3.819064,1.251383,4.813
6,21092032,3,1103,7665,pedestrian,7829,car,828.8,829.2,0.4,-3.750851,1.299411,-3.736236,1.309428,4.78
6,21092032,3,1104,7673,pedestrian,7829,car,829.2,829.8,0.6,-3.673299,1.353715,-3.64159,1.375508,4.757
6,21092032,3,1105,7726,pedestrian,7822,car,830.6,831.4,0.8,-4.042112,5.758905,-3.991737,5.753646,4.708
6,21092032,3,1107,7731,pedestrian,7822,car,831.2,831.8,0.6,-3.927127,5.744406,-3.893544,5.7409,4.739
6,21092032,3,1106,7780,pedestrian,7830,bike,831,832.4,1.4,-8.240263,5.962272,-8.168418,6.012025,2.613
6,21092032,3,1110,7676,pedestrian,7829,car,832,832.6,0.6,-3.136443,1.729584,-3.107922,1.749116,4.587
6,21092032,3,1109,7739,pedestrian,7822,car,831.6,832.8,1.2,-3.838625,5.733046,-3.766774,5.678115,4.107
6,21092032,3,1111,7721,pedestrian,7829,car,832.4,833,0.6,-3.054998,1.786648,-3.025448,1.806911,4.544
6,21092032,3,1108,7729,pedestrian,7825,bike,831.4,835.2,3.8,-4.435834,8.683091,-4.436904,8.683679,0.035
6,21092032,3,1113,7734,pedestrian,7830,bike,833.6,835.4,1.8,-7.715038,6.195006,-7.5511,6.263067,2.886
6,21092032,3,1114,7742,pedestrian,7830,bike,833.6,835.6,2,-7.737994,6.228256,-7.564696,6.320949,1.095
6,21092032,3,1112,7679,pedestrian,7835,bike,833,836.6,3.6,-10.384969,4.397841,-10.367735,4.409975,0.272
6,21092032,3,1116,7631,pedestrian,7831,car,836.4,836.8,0.4,-4.38159,0.857722,-4.372059,0.864233,4.979
6,21092032,3,1118,7684,pedestrian,7831,car,837,837.4,0.4,-4.300582,0.914429,-4.29033,0.921452,4.95
6,21092032,3,1120,7693,pedestrian,7831,car,837.6,838,0.4,-4.218132,0.97216,-4.208601,0.978671,4.925
6,21092032,3,1122,7665,pedestrian,7831,car,838.2,838.6,0.4,-4.138262,1.02806,-4.127794,1.035236,4.894
6,21092032,3,1115,7751,pedestrian,7830,bike,836,838.8,2.8,-7.350366,6.580165,-7.046386,6.791044,2.62
6,21092032,3,1119,7798,pedestrian,7830,bike,837.6,838.8,1.2,-7.082446,6.766241,-7.023885,6.806717,2.67
6,21092032,3,1123,7673,pedestrian,7831,car,838.6,839.2,0.6,-4.067669,1.077629,-4.045864,1.092598,4.865
6,21092032,3,1117,7765,pedestrian,7830,bike,837,839.8,2.8,-7.179218,6.699012,-6.868046,6.913965,2.616
6,21092032,3,1121,7785,pedestrian,7830,bike,837.8,840.6,2.8,-7.036204,6.798238,-6.74915,7.016547,2.581
6,21092032,3,1124,7820,pedestrian,7835,bike,841.6,841.8,0.2,-9.887209,4.748307,-9.887209,4.748307,4.945
6,21092032,3,1125,7676,pedestrian,7831,car,841.8,842.4,0.6,-3.631634,1.382901,-3.614203,1.394768,4.727
6,21092032,3,1127,7721,pedestrian,7831,car,842.4,843,0.6,-3.551536,1.438963,-3.536163,1.449371,4.705
6,21092032,3,1126,7820,pedestrian,7835,bike,842.2,844,1.8,-9.844394,4.778452,-9.763593,4.835343,3.155
6,21092032,3,1128,7737,pedestrian,7830,bike,843.2,846,2.8,-6.389697,7.701756,-6.091883,7.936794,2.166
6,21092032,3,1132,7807,pedestrian,7830,bike,845.6,847.2,1.6,-5.973004,8.02016,-5.885477,8.083078,1.902
6,21092032,3,1129,7809,pedestrian,7825,bike,844,847.4,3.4,-5.626829,8.261402,-5.95776,8.031379,1.961
6,21092032,3,1133,7809,pedestrian,7830,bike,846,847.6,1.6,-5.895065,8.078083,-5.805696,8.138373,1.926
6,21092032,3,1135,7820,pedestrian,7835,bike,847.8,848,0.2,-9.556257,5.000722,-9.556257,5.000722,4.852
6,21092032,3,1130,7729,pedestrian,7842,bike,844.6,848.2,3.6,-3.696948,8.335614,-3.707482,8.33892,0.224
6,21092032,3,1134,7737,pedestrian,7825,bike,846.6,848.2,1.6,-6.036264,7.977466,-6.097982,7.928058,1.974
6,21092032,3,1131,7807,pedestrian,7825,bike,845,848.4,3.4,-5.784767,8.152545,-6.11206,7.917326,1.865
6,21092032,3,1097,7821,pedestrian,7835,bike,825.6,850.4,24.8,-10.883034,4.047161,-9.368419,5.142056,0.392
6,21092032,3,1136,7820,pedestrian,7835,bike,848.2,851,2.8,-9.544994,5.019074,-9.271341,5.251559,2.332
6,21092032,3,1137,7780,pedestrian,7835,bike,849.8,851,1.2,-9.323436,5.21664,-9.258212,5.259792,2.683
6,21092032,3,1141,7676,pedestrian,7843,car,851,851.2,0.2,-4.082155,1.067363,-4.082155,1.067363,4.883
6,21092032,3,1138,7785,pedestrian,7825,bike,850,851.6,1.6,-6.520016,7.563815,-6.558151,7.486002,2.668
6,21092032,3,1142,7721,pedestrian,7843,car,851.4,851.6,0.2,-3.984395,1.135723,-3.984395,1.135723,4.844
6,21092032,3,1139,7765,pedestrian,7825,bike,850.4,851.8,1.4,-6.557463,7.485287,-6.596726,7.422542,2.599
6,21092032,3,1140,7751,pedestrian,7825,bike,850.8,852.4,1.6,-6.591267,7.400507,-6.617495,7.321808,2.441
6,21092032,3,1143,7813,pedestrian,7830,bike,851.6,853.2,1.6,-4.929872,8.798152,-4.85043,8.852418,2.725
6,21092032,3,1144,7726,pedestrian,7836,car,853.8,854.6,0.8,-5.036144,6.304267,-5.007695,6.271433,4.555
6,21092032,3,1145,7731,pedestrian,7836,car,854.2,855.2,1,-4.969605,6.244548,-4.93246,6.204042,4.326
6,21092032,3,1146,7739,pedestrian,7836,car,854.6,855.6,1,-4.898349,6.186441,-4.858722,6.147021,4.043
6,21092032,3,1147,7778,pedestrian,7836,car,854.8,856.6,1.8,-4.861465,6.156485,-4.701945,6.037301,3.922
6,21092032,3,1149,7798,pedestrian,7835,bike,855.8,857,1.2,-8.196578,5.992588,-8.133635,6.036176,2.633
6,21092032,3,1148,7712,pedestrian,7836,car,855.6,857.4,1.8,-4.733869,6.057897,-4.559129,5.945161,4.018
6,21092032,3,1152,7731,pedestrian,7844,car,857.6,857.8,0.2,-5.055456,6.31668,-5.055456,6.31668,4.643
6,21092032,3,1151,7704,pedestrian,7836,car,856.4,858,1.6,-4.599989,5.967682,-4.448888,5.891126,4.062
6,21092032,3,1153,7739,pedestrian,7844,car,857.6,858.2,0.6,-5.017724,6.284742,-4.97135,6.239168,4.492
6,21092032,3,1154,7778,pedestrian,7844,car,859,859.8,0.8,-4.641547,5.993407,-4.547105,5.936989,4.085
6,21092032,3,1155,7712,pedestrian,7844,car,859.2,860,0.8,-4.584999,5.957825,-4.487537,5.909039,4.051
6,21092032,3,1160,7704,pedestrian,7844,car,859.6,860.4,0.8,-4.465518,5.895567,-4.363837,5.850735,4.246
6,21092032,3,1157,7833,pedestrian,7851,bike,859.6,861.4,1.8,-2.807511,8.313145,-2.846128,8.273795,1.326
6,21092032,3,1159,7769,pedestrian,7825,bike,859.6,861.4,1.8,-7.683847,6.274914,-7.766688,6.217475,0.205
6,21092032,3,1158,7729,pedestrian,7851,bike,859.6,861.8,2.2,-2.862078,8.384097,-2.877061,8.415797,2.101
6,21092032,3,1150,7769,pedestrian,7835,bike,856.4,862.6,6.2,-8.019673,6.042048,-7.572382,6.319079,0.087
6,21092032,3,1162,7737,pedestrian,7842,bike,864,865.4,1.4,-4.973043,8.762037,-5.034971,8.714328,2.647
6,21092032,3,1163,7821,pedestrian,7825,bike,864.6,866.2,1.6,-8.459631,5.736969,-8.516172,5.697762,0.441
6,21092032,3,1164,7820,pedestrian,7825,bike,864.6,866.2,1.6,-8.493684,5.786155,-8.563225,5.738008,2.588
6,21092032,3,1169,7744,pedestrian,7852,car,866.4,868,1.6,-2.616036,8.120549,-2.81739,8.088472,0.946
6,21092032,3,1170,7807,pedestrian,7835,bike,866.6,868.2,1.6,-6.724906,7.038321,-6.672921,7.137411,2.38
6,21092032,3,1168,7767,pedestrian,7836,car,866.2,868.4,2.2,-2.852965,5.129146,-2.76434,4.94349,0.933
6,21092032,3,1172,7809,pedestrian,7835,bike,867.2,868.6,1.4,-6.671636,7.133384,-6.643283,7.2247,2.638
6,21092032,3,1171,7767,pedestrian,7844,car,866.8,869,2.2,-2.872171,5.124223,-2.770505,4.925422,0.564
6,21092032,3,1167,7798,pedestrian,7825,bike,865.8,869.2,3.4,-8.675808,5.659698,-9.021065,5.417071,2.553
6,21092032,3,1174,7785,pedestrian,7842,bike,868,869.6,1.6,-5.622651,8.264527,-5.707704,8.212479,2.193
6,21092032,3,1177,7765,pedestrian,7842,bike,868.4,870,1.6,-5.699022,8.21158,-5.784075,8.159532,2.038
6,21092032,3,1179,7779,pedestrian,7825,bike,868.6,870.2,1.6,-9.105973,5.359849,-9.182724,5.308752,2.698
6,21092032,3,1173,7813,pedestrian,7842,bike,867.4,870.4,3,-5.529659,8.329201,-5.839178,8.119686,2.119
6,21092032,3,1180,7751,pedestrian,7842,bike,869,870.6,1.6,-5.789589,8.149701,-5.873692,8.094005,1.921
6,21092032,3,1175,7830,bike,7834,pedestrian,868.2,871.8,3.6,-3.660162,8.323897,-3.633014,8.315289,0.268
6,21092032,3,1182,7813,pedestrian,7835,bike,872.4,873.8,1.4,-5.935138,8.048378,-5.853126,8.106073,1.851
6,21092032,3,1156,7837,pedestrian,7851,bike,859.6,874.6,15,-2.803232,8.411942,-3.656067,8.322598,2.437
6,21092032,3,1181,7830,bike,7837,pedestrian,870.8,874.6,3.8,-3.470957,8.300704,-3.438958,8.297127,0.154
6,21092032,3,1176,7744,pedestrian,7854,bike,868.4,875.4,7,-2.781636,8.25242,-3.133623,8.347156,3.441
6,21092032,3,1184,7751,pedestrian,7835,bike,873.6,876.2,2.6,-5.704074,8.215068,-5.411354,8.414659,2.32
6,21092032,3,1190,7837,pedestrian,7851,bike,875.6,876.2,0.6,-3.715625,8.341481,-3.739538,8.349063,4.839
6,21092032,3,1183,7830,bike,7846,pedestrian,872.8,876.4,3.6,-3.333628,8.305714,-3.310203,8.310154,0.165
6,21092032,3,1185,7781,pedestrian,7825,bike,874.4,876.4,2,-9.986134,4.678655,-10.088831,4.606348,0.115
6,21092032,3,1187,7782,pedestrian,7825,bike,874.8,876.8,2,-10.062073,4.625188,-10.160712,4.555737,0.354
6,21092032,3,1191,7629,pedestrian,7814,car,876,877,1,-5.818745,-1.875912,-5.761718,-1.959846,4.771
6,21092032,3,1186,7765,pedestrian,7835,bike,874.6,877.2,2.6,-5.522497,8.340441,-5.234309,8.55476,2.553
6,21092032,3,1189,7784,pedestrian,7825,bike,875.4,877.4,2,-10.145364,4.566543,-10.250894,4.492241,0.521
6,21092032,3,1188,7785,pedestrian,7835,bike,875.4,877.8,2.4,-5.382005,8.442124,-5.128747,8.639581,2.65
6,21092032,3,1192,7788,pedestrian,7825,bike,876,878,2,-10.232324,4.505316,-10.337856,4.431013,0.187
6,21092032,3,1194,7629,pedestrian,7816,car,877,878,1,-5.78591,-1.924608,-5.735516,-1.998843,4.744
6,21092032,3,1196,7814,car,7858,pedestrian,877.6,878.2,0.6,-5.638986,-2.142807,-5.62367,-2.164883,4.673
6,21092032,3,1193,7790,pedestrian,7825,bike,876.4,878.4,2,-10.307411,4.452449,-10.413152,4.377998,0.006
6,21092032,3,1199,7816,car,7858,pedestrian,878.2,878.8,0.6,-5.661095,-2.11,-5.645779,-2.132076,4.685
6,21092032,3,1200,7837,pedestrian,7851,bike,878.4,878.8,0.4,-3.860776,8.389955,-3.870783,8.39426,4.931
6,21092032,3,1195,7793,pedestrian,7825,bike,877,879,2,-10.394821,4.390904,-10.499217,4.317401,0.354
6,21092032,3,1197,7629,pedestrian,7817,car,878,879,1,-5.766341,-1.953906,-5.709314,-2.037841,4.742
6,21092032,3,1202,7817,car,7858,pedestrian,878.8,879.4,0.6,-5.683203,-2.077193,-5.662284,-2.107463,4.699
6,21092032,3,1203,7837,pedestrian,7851,bike,879.2,879.6,0.4,-3.900802,8.407175,-3.910809,8.411481,4.949
6,21092032,3,1201,7809,pedestrian,7842,bike,878.6,881.4,2.8,-7.092505,6.759043,-7.378054,6.560942,2.613
6,21092032,3,1204,7830,bike,7848,pedestrian,879.4,881.6,2.2,-2.884918,8.415485,-2.862684,8.386793,2.083
6,21092032,3,1209,7830,bike,7849,pedestrian,880.6,881.6,1,-2.812352,8.426294,-2.805146,8.414019,3.252
6,21092032,3,1198,7737,pedestrian,7851,bike,878.2,881.8,3.6,-4.065786,8.479708,-4.03422,8.464199,0.268
6,21092032,3,1206,7804,pedestrian,7825,bike,879.8,881.8,2,-10.817571,4.093253,-10.884896,4.04585,0.34
6,21092032,3,1207,7780,pedestrian,7825,bike,880,882.2,2.2,-10.864091,4.060498,-11.052616,3.927761,1.055
6,21092032,3,1208,7806,pedestrian,7825,bike,880.2,882.2,2,-10.892298,4.040638,-10.959623,3.993236,0.33
6,21092032,3,1205,7807,pedestrian,7842,bike,879.4,882.2,2.8,-7.233203,6.661342,-7.521043,6.461661,2.601
6,21092032,3,1211,7820,pedestrian,7842,bike,881.4,882.8,1.4,-7.559597,6.434748,-7.627816,6.387526,2.593
6,21092032,3,1216,7822,car,7858,pedestrian,882.6,883,0.4,-5.809565,-1.88939,-5.800617,-1.902314,4.782
6,21092032,3,1213,7780,pedestrian,7864,bike,882.4,883.2,0.8,-11.065304,3.912023,-11.026678,3.921606,1.282
6,21092032,3,1210,7737,pedestrian,7853,bike,881,884.6,3.6,-3.867467,8.392599,-3.839017,8.380603,0.257
6,21092032,3,1214,7716,pedestrian,7842,bike,882.4,884.8,2.4,-7.716796,6.252068,-7.794828,6.197962,3.164
6,21092032,3,1220,7629,pedestrian,7822,car,884.4,885.6,1.2,-5.570374,-2.244832,-5.49264,-2.359182,4.628
6,21092032,3,1217,7834,pedestrian,7835,bike,883,886.4,3.4,-4.400256,8.663562,-4.371745,8.647882,0.035
6,21092032,3,1218,7737,pedestrian,7854,bike,883,886.4,3.4,-3.723444,8.34396,-3.703792,8.337729,0.048
6,21092032,3,1223,7767,pedestrian,7852,car,887.8,888.8,1,-3.659823,5.627269,-3.586752,5.576663,3.685
6,21092032,3,1221,7835,bike,7837,pedestrian,885.8,889.4,3.6,-4.211235,8.559649,-4.178427,8.541617,0.158
6,21092032,3,1229,7809,pedestrian,7842,bike,889.4,889.6,0.2,-7.804706,6.26471,-7.804706,6.26471,4.871
6,21092032,3,1225,7778,pedestrian,7852,car,888.4,889.8,1.4,-3.494722,5.524482,-3.350126,5.424879,3.354
6,21092032,3,1232,7809,pedestrian,7842,bike,889.8,890,0.2,-7.822092,6.252638,-7.822092,6.252638,4.873
6,21092032,3,1228,7712,pedestrian,7852,car,888.8,890.4,1.6,-3.408356,5.464495,-3.223626,5.331049,3.427
6,21092032,3,1226,7848,pedestrian,7868,bike,888.4,890.6,2.2,-2.827392,8.342201,-2.878276,8.303421,0.236
6,21092032,3,1231,7704,pedestrian,7852,car,889.4,891,1.6,-3.276168,5.370307,-3.104592,5.222076,3.465
6,21092032,3,1224,7849,pedestrian,7868,bike,888.4,891.2,2.8,-2.881984,8.34604,-2.910887,8.327237,0.083
6,21092032,3,1222,7835,bike,7846,pedestrian,887.6,891.4,3.8,-4.084921,8.490225,-4.045349,8.468799,0.154
6,21092032,3,1235,7777,pedestrian,7852,car,890.8,891.8,1,-3.010968,5.120632,-2.952045,5.05626,3.202
6,21092032,3,1227,7785,pedestrian,7851,bike,888.6,892.4,3.8,-4.568573,8.756046,-4.556896,8.749629,0.123
6,21092032,3,1239,7783,pedestrian,7852,car,891.2,892.6,1.4,-2.823536,5.127414,-2.74174,4.979078,2.162
6,21092032,3,1240,7849,pedestrian,7867,car,891.2,892.8,1.6,-2.704195,8.235554,-2.837872,8.156288,4.017
6,21092032,3,1237,7848,pedestrian,7867,car,891,893,2,-2.668063,8.206917,-2.832024,8.086434,1.451
6,21092032,3,1230,7765,pedestrian,7851,bike,889.4,893.4,4,-4.609487,8.778533,-4.61828,8.783365,0.249
6,21092032,3,1236,7737,pedestrian,7868,bike,891,894,3,-3.131024,8.339846,-3.133417,8.34556,0.194
6,21092032,3,1243,7810,car,7873,pedestrian,892.8,894,1.2,-5.589477,-2.215574,-5.670032,-2.096852,4.675
6,21092032,3,1234,7751,pedestrian,7851,bike,890.6,894.2,3.6,-4.663261,8.808078,-4.693388,8.793394,0.239
6,21092032,3,1238,7779,pedestrian,7842,bike,891.2,895,3.8,-8.034614,6.104923,-8.01243,6.120466,2.578
6,21092032,3,1161,7834,pedestrian,7851,bike,861.8,895.2,33.4,-3.092808,8.341196,-4.929832,8.798204,1.921
6,21092032,3,1242,7798,pedestrian,7864,bike,892,895.4,3.4,-10.375546,4.404476,-10.388845,4.395112,0.165
6,21092032,3,1246,7848,pedestrian,7871,car,893.4,895.4,2,-2.622652,8.154425,-2.765433,8.041248,1.691
6,21092032,3,1245,7849,pedestrian,7871,car,893.4,895.6,2.2,-2.644203,8.204284,-2.804943,8.065202,0.356
6,21092032,3,1241,7785,pedestrian,7853,bike,891.8,895.8,4,-4.383067,8.65409,-4.366628,8.645055,0.154
6,21092032,3,1250,7810,car,7866,pedestrian,895.2,896,0.8,-5.869591,-1.799849,-5.917352,-1.729478,4.818
6,21092032,3,1244,7765,pedestrian,7853,bike,893,896.8,3.8,-4.435798,8.683071,-4.421213,8.675055,0.007
6,21092032,3,1247,7785,pedestrian,7854,bike,894,898,4,-4.259338,8.586087,-4.241018,8.576018,0.232
6,21092032,3,1248,7751,pedestrian,7853,bike,894,898,4,-4.491685,8.713788,-4.471486,8.702686,0.279
6,21092032,3,1252,7631,pedestrian,7810,car,897.6,898,0.4,-6.145153,-1.390985,-6.154274,-1.377774,4.969
6,21092032,3,1253,7684,pedestrian,7810,car,898.2,898.4,0.2,-6.208533,-1.297073,-6.208533,-1.297073,4.984
6,21092032,3,1254,7767,pedestrian,7860,car,898.4,898.8,0.4,-4.247294,5.793072,-4.224931,5.785387,4.591
6,21092032,3,1249,7765,pedestrian,7854,bike,895.2,899,3.8,-4.310284,8.614087,-4.297716,8.60718,0.125
6,21092032,3,1251,7751,pedestrian,7854,bike,896.2,900,3.8,-4.363929,8.643571,-4.354582,8.638434,0.27
6,21092032,3,1256,7767,pedestrian,7861,car,900,900.6,0.6,-4.322059,5.828551,-4.280082,5.811217,4.41
6,21092032,3,1259,7777,pedestrian,7860,car,901,902,1,-3.520599,5.542862,-3.444406,5.488398,3.385
6,21092032,3,1165,7846,pedestrian,7853,bike,864.8,902.2,37.4,-2.768413,8.428418,-4.798554,8.786372,1.672
6,21092032,3,1166,7837,pedestrian,7853,bike,864.8,902.6,37.8,-2.929872,8.352018,-4.92806,8.799471,2.098
6,21092032,3,1261,7804,pedestrian,7864,bike,902,903.2,1.2,-9.81218,4.801133,-9.764599,4.834634,4.03
6,21092032,3,1265,7742,pedestrian,7863,car,902.8,903.4,0.6,-5.091768,6.357551,-5.051811,6.310965,4.816
6,21092032,3,1262,7777,pedestrian,7861,car,902.6,903.6,1,-3.605975,5.594923,-3.532689,5.54391,3.547
6,21092032,3,1266,7734,pedestrian,7863,car,903,904,1,-5.024762,6.29255,-4.935661,6.207636,4.442
6,21092032,3,1258,7785,pedestrian,7868,bike,900.8,904.2,3.4,-3.865579,8.391846,-3.884727,8.399942,0.022
6,21092032,3,1219,7807,pedestrian,7842,bike,884.4,904.6,20.2,-7.654011,6.36935,-8.528093,5.762263,2.577
6,21092032,3,1257,7835,bike,7850,pedestrian,900.8,904.8,4,-3.135186,8.346194,-3.072925,8.342495,0.175
6,21092032,3,1260,7765,pedestrian,7868,bike,901.8,905,3.2,-3.928272,8.417727,-3.947897,8.426278,0.307
6,21092032,3,1269,7820,pedestrian,7851,bike,903.8,905,1.2,-6.550108,7.50857,-6.585368,7.445464,2.763
6,21092032,3,1272,7807,pedestrian,7842,bike,905,905.2,0.2,-8.554744,5.743753,-8.554744,5.743753,4.964
6,21092032,3,1264,7834,pedestrian,7853,bike,902.8,905.6,2.8,-5.124454,8.643015,-5.380052,8.443715,2.633
6,21092032,3,1267,7704,pedestrian,7860,car,903.6,905.8,2.2,-2.902614,5.069861,-2.749245,4.963009,0.437
6,21092032,3,1268,7778,pedestrian,7860,car,903.6,905.8,2.2,-2.948533,5.045757,-2.780968,4.911041,2.795
6,21092032,3,1270,7712,pedestrian,7860,car,903.8,905.8,2,-2.894645,5.022473,-2.761523,4.952724,1.022
6,21092032,3,1271,7767,pedestrian,7863,car,905,905.8,0.8,-4.591114,5.961554,-4.537866,5.932916,4.065
6,21092032,3,1263,7751,pedestrian,7868,bike,902.6,906,3.4,-3.994802,8.447431,-4.016911,8.456045,0.003
6,21092032,3,1277,7756,pedestrian,7870,car,906,906.6,0.6,-3.326793,1.596416,-3.295856,1.617578,4.629
6,21092032,3,1273,7704,pedestrian,7861,car,905.6,907.2,1.6,-2.882559,5.111342,-2.723884,4.981754,1.221
6,21092032,3,1275,7778,pedestrian,7861,car,905.6,907.2,1.6,-2.914281,5.059373,-2.756813,4.956823,1.071
6,21092032,3,1276,7712,pedestrian,7861,car,905.6,907.2,1.6,-2.894837,5.101056,-2.742052,4.967998,0.32
6,21092032,3,1178,7846,pedestrian,7854,bike,868.4,907.8,39.4,-2.884429,8.373521,-5.065326,8.689847,1.443
6,21092032,3,1274,7837,pedestrian,7854,bike,905.6,908.6,3,-4.916315,8.806553,-5.184267,8.594204,2.599
6,21092032,3,1278,7777,pedestrian,7863,car,907.8,908.6,0.8,-3.888897,5.739611,-3.837587,5.711456,4.717
6,21092032,3,1283,7779,pedestrian,7851,bike,909,910.6,1.6,-7.194359,6.688319,-7.284842,6.625658,2.647
6,21092032,3,1288,7756,pedestrian,7872,car,910.8,911.2,0.4,-3.603784,1.402334,-3.593667,1.409217,4.752
6,21092032,3,1215,7806,pedestrian,7864,bike,882.4,911.4,29,-10.954547,3.99681,-9.324378,5.207164,0.899
6,21092032,3,1286,7820,pedestrian,7853,bike,910,911.6,1.6,-6.262082,7.813084,-6.330985,7.758503,2.21
6,21092032,3,1282,7834,pedestrian,7854,bike,908.8,911.8,3,-5.383775,8.434665,-5.667615,8.240039,2.359
6,21092032,3,1285,7813,pedestrian,7851,bike,909.6,912.2,2.6,-7.30204,6.613554,-7.573279,6.425397,2.6
6,21092032,3,1279,7781,pedestrian,7842,bike,908.4,912.4,4,-8.671811,5.662467,-8.677273,5.658825,2.564
6,21092032,3,1281,7804,pedestrian,7864,bike,908.8,912.4,3.6,-9.503055,5.075492,-9.176375,5.31224,2.685
6,21092032,3,1292,7824,pedestrian,7870,car,911.6,912.8,1.2,-2.112253,2.440921,-1.976505,2.533786,4.296
6,21092032,3,1296,7767,pedestrian,7867,car,912,912.8,0.8,-4.904991,6.190101,-4.870956,6.155614,4.109
6,21092032,3,1284,7782,pedestrian,7842,bike,909.6,913,3.4,-8.731233,5.621207,-8.742335,5.613635,2.562
6,21092032,3,1280,7785,pedestrian,7877,bike,908.4,913.2,4.8,-3.402303,8.29485,-3.331166,8.306169,0.153
6,21092032,3,1299,7767,pedestrian,7871,car,912.4,913.4,1,-4.939109,6.220562,-4.891418,6.170099,4.161
6,21092032,3,1289,7784,pedestrian,7842,bike,911,913.6,2.6,-8.784123,5.584489,-8.82263,5.557876,2.567
6,21092032,3,1298,7807,pedestrian,7864,bike,912,913.8,1.8,-9.06171,5.389443,-9.005947,5.430305,2.644
6,21092032,3,1311,7807,pedestrian,7842,bike,913.6,913.8,0.2,-8.999224,5.435193,-8.999224,5.435193,4.938
6,21092032,3,1287,7765,pedestrian,7877,bike,910,914,4,-3.415334,8.296313,-3.380564,8.296832,0.205
6,21092032,3,1300,7742,pedestrian,7867,car,912.4,914,1.6,-4.811453,6.115201,-4.659079,6.007292,3.971
6,21092032,3,1294,7689,pedestrian,7864,bike,911.6,914.6,3,-9.07125,5.309111,-8.969182,5.424795,0.316
6,21092032,3,1295,7716,pedestrian,7864,bike,911.8,914.6,2.8,-9.03019,5.338267,-8.960969,5.413977,0
6,21092032,3,1309,7734,pedestrian,7867,car,913.2,914.6,1.4,-4.67251,6.014984,-4.536116,5.93223,4.037
6,21092032,3,1307,7742,pedestrian,7871,car,913.2,914.8,1.6,-4.785687,6.094131,-4.627972,5.985463,3.981
6,21092032,3,1308,7820,pedestrian,7854,bike,913.2,915,1.8,-6.082285,7.94404,-6.1588,7.883354,2.025
6,21092032,3,1297,7788,pedestrian,7842,bike,912,915.2,3.2,-8.839738,5.545861,-8.878236,5.518349,2.553
6,21092032,3,1301,7809,pedestrian,7864,bike,912.4,915.2,2.8,-8.988075,5.439408,-8.966232,5.458027,2.58
6,21092032,3,1312,7734,pedestrian,7871,car,914,915.4,1.4,-4.6523,6.000641,-4.510232,5.919784,4.027
6,21092032,3,1290,7751,pedestrian,7877,bike,911.2,915.6,4.4,-3.467041,8.301119,-3.416316,8.296283,0.059
6,21092032,3,1314,7721,pedestrian,7836,car,915,915.6,0.6,-6.090144,-1.472965,-6.065049,-1.509785,4.911
6,21092032,3,1315,7777,pedestrian,7867,car,915,915.8,0.8,-4.321457,5.827842,-4.277648,5.810196,4.446
6,21092032,3,1316,7777,pedestrian,7871,car,915.6,916.2,0.6,-4.349315,5.841149,-4.312858,5.826253,4.367
6,21092032,3,1302,7790,pedestrian,7842,bike,912.6,916.4,3.8,-8.835715,5.47514,-8.843471,5.46987,0.005
6,21092032,3,1305,7793,pedestrian,7842,bike,913,916.6,3.6,-8.913229,5.494842,-8.919262,5.489025,2.573
6,21092032,3,1317,7676,pedestrian,7836,car,915.8,916.6,0.8,-5.999371,-1.607769,-5.955706,-1.672075,4.866
6,21092032,3,1319,7721,pedestrian,7844,car,915.8,916.6,0.8,-6.073758,-1.497355,-6.02475,-1.569537,4.9
6,21092032,3,1323,7676,pedestrian,7844,car,916.6,916.8,0.2,-5.975111,-1.64385,-5.975111,-1.64385,4.972
6,21092032,3,1303,7697,pedestrian,7864,bike,912.6,917,4.4,-8.926468,5.410356,-8.934646,5.404081,0.143
6,21092032,3,1318,7781,pedestrian,7851,bike,915.8,917.2,1.4,-8.38355,5.86264,-8.464933,5.806252,2.565
6,21092032,3,1325,7673,pedestrian,7836,car,916.8,917.4,0.6,-5.889318,-1.77113,-5.864401,-1.807681,4.805
6,21092032,3,1320,7779,pedestrian,7853,bike,916,917.6,1.6,-6.872005,6.911091,-6.95009,6.856076,2.601
6,21092032,3,1326,7676,pedestrian,7844,car,917,917.6,0.6,-5.94995,-1.680946,-5.931444,-1.708159,4.847
6,21092032,3,1321,7782,pedestrian,7851,bike,916.2,917.8,1.6,-8.464014,5.806759,-8.557207,5.742193,2.627
6,21092032,3,1324,7784,pedestrian,7851,bike,916.8,918.2,1.4,-8.555583,5.743189,-8.636967,5.686801,2.568
6,21092032,3,1329,7665,pedestrian,7836,car,917.4,918.4,1,-5.815966,-1.880178,-5.760241,-1.96216,4.759
6,21092032,3,1313,7804,pedestrian,7842,bike,914.8,918.6,3.8,-9.038313,5.40772,-9.073407,5.307884,0.218
6,21092032,3,1330,7673,pedestrian,7844,car,917.6,918.6,1,-5.883181,-1.780396,-5.827284,-1.862638,4.795
6,21092032,3,1212,7697,pedestrian,7842,bike,881.8,918.8,37,-7.61257,6.324332,-9.140645,5.314472,0.123
6,21092032,3,1328,7788,pedestrian,7851,bike,917.2,918.8,1.6,-8.636888,5.686723,-8.729379,5.622645,2.576
6,21092032,3,1306,7716,pedestrian,7842,bike,913.2,919,5.8,-8.933358,5.405098,-9.188547,5.304933,2.668
6,21092032,3,1322,7806,pedestrian,7842,bike,916.4,919,2.6,-9.058448,5.393039,-9.137387,5.276102,1.915
6,21092032,3,1327,7790,pedestrian,7851,bike,917.2,919,1.8,-8.621942,5.624418,-8.725264,5.552772,0.13
6,21092032,3,1331,7793,pedestrian,7851,bike,917.6,919.2,1.6,-8.716812,5.631217,-8.813917,5.563931,2.587
6,21092032,3,1310,7689,pedestrian,7842,bike,913.4,919.4,6,-8.950807,5.409997,-9.249626,5.264885,2.657
6,21092032,3,1332,7693,pedestrian,7836,car,918.2,919.4,1.2,-5.725203,-2.014967,-5.654948,-2.118346,4.708
6,21092032,3,1335,7631,pedestrian,7814,car,918.6,919.4,0.8,-5.52573,-2.310134,-5.550838,-2.273804,4.648
6,21092032,3,1337,7665,pedestrian,7844,car,918.6,919.6,1,-5.774843,-1.941172,-5.719792,-2.022137,4.738
6,21092032,3,1343,7684,pedestrian,7814,car,919.2,919.8,0.6,-5.586365,-2.22026,-5.602614,-2.196776,4.654
6,21092032,3,1344,7631,pedestrian,7816,car,919.2,920,0.8,-5.509072,-2.334875,-5.530863,-2.303394,4.624
6,21092032,3,1233,7809,pedestrian,7842,bike,890.2,920.2,30,-7.842305,6.238602,-9.398215,5.166877,2.569
6,21092032,3,1333,7846,pedestrian,7868,bike,918.2,920.2,2,-5.393913,8.427307,-5.59369,8.290795,2.469
6,21092032,3,1338,7804,pedestrian,7851,bike,918.8,920.4,1.6,-8.889683,5.436793,-8.975417,5.375968,0.501
6,21092032,3,1342,7684,pedestrian,7836,car,919.2,920.4,1.2,-5.618688,-2.172994,-5.547457,-2.277846,4.651
6,21092032,3,1346,7693,pedestrian,7844,car,919.4,920.4,1,-5.685731,-2.073472,-5.621467,-2.168,4.686
6,21092032,3,1347,7684,pedestrian,7816,car,919.6,920.4,0.8,-5.567482,-2.248148,-5.581907,-2.227471,4.643
6,21092032,3,1349,7693,pedestrian,7814,car,919.8,920.4,0.6,-5.646999,-2.130385,-5.663181,-2.107004,4.697
6,21092032,3,1350,7631,pedestrian,7817,car,919.8,920.6,0.8,-5.494186,-2.357025,-5.518892,-2.321174,4.612
6,21092032,3,1339,7806,pedestrian,7851,bike,919,920.8,1.8,-8.942915,5.402243,-9.040407,5.330985,0.266
6,21092032,3,1352,7631,pedestrian,7836,car,920,920.8,0.8,-5.527153,-2.308946,-5.493234,-2.358566,4.603
6,21092032,3,1355,7665,pedestrian,7814,car,920.2,920.8,0.6,-5.699509,-2.052252,-5.715758,-2.028769,4.722
6,21092032,3,1334,7807,pedestrian,7842,bike,918.2,921,2.8,-9.240501,5.271289,-9.510935,5.061427,2.674
6,21092032,3,1336,7837,pedestrian,7868,bike,918.6,921,2.4,-5.476442,8.36768,-5.737457,8.192179,2.254
6,21092032,3,1341,7779,pedestrian,7854,bike,919.2,921,1.8,-6.720681,7.05461,-6.784258,6.975665,2.719
6,21092032,3,1356,7684,pedestrian,7817,car,920.4,921,0.6,-5.550553,-2.273457,-5.561199,-2.258167,4.64
6,21092032,3,1358,7693,pedestrian,7816,car,920.4,921,0.6,-5.626292,-2.16108,-5.645721,-2.132953,4.678
6,21092032,3,1360,7631,pedestrian,7822,car,920.6,921.4,0.8,-5.486354,-2.368626,-5.532389,-2.300927,4.612
6,21092032,3,1362,7631,pedestrian,7844,car,920.8,921.4,0.6,-5.522736,-2.315298,-5.513314,-2.328819,4.645
6,21092032,3,1345,7716,pedestrian,7851,bike,919.4,921.4,2,-9.033096,5.411519,-9.192405,5.302423,2.674
6,21092032,3,1348,7820,pedestrian,7868,bike,919.8,921.4,1.6,-5.715032,8.200435,-5.812323,8.139654,2.102
6,21092032,3,1353,7684,pedestrian,7844,car,920.2,921.4,1.2,-5.585275,-2.222546,-5.521253,-2.316854,4.641
6,21092032,3,1361,7673,pedestrian,7814,car,920.8,921.4,0.6,-5.760143,-1.962378,-5.776256,-1.9391,4.751
6,21092032,3,1363,7665,pedestrian,7816,car,920.8,921.4,0.6,-5.68205,-2.078201,-5.693898,-2.061201,4.722
6,21092032,3,1370,7828,pedestrian,7843,car,921.2,921.6,0.4,-11.512737,2.573345,-11.54451,2.571501,3.934
6,21092032,3,1340,7697,pedestrian,7851,bike,919.2,921.6,2.4,-8.994849,5.435183,-9.232521,5.276065,2.674
6,21092032,3,1354,7798,pedestrian,7843,car,920.2,921.6,1.4,-11.26014,2.763159,-11.462749,2.690934,1.419
6,21092032,3,1366,7693,pedestrian,7817,car,921,921.6,0.6,-5.608386,-2.187679,-5.624635,-2.164195,4.663
6,21092032,3,1368,7684,pedestrian,7822,car,921,921.6,0.6,-5.530914,-2.30259,-5.549743,-2.275334,4.624
6,21092032,3,1359,7823,pedestrian,7843,car,920.6,921.8,1.2,-11.384149,2.65166,-11.529801,2.631538,2.014
6,21092032,3,1374,7673,pedestrian,7816,car,921.4,921.8,0.4,-5.741772,-1.989701,-5.75237,-1.97438,4.783
6,21092032,3,1375,7676,pedestrian,7814,car,921.4,921.8,0.4,-5.820641,-1.872709,-5.828458,-1.861432,4.795
6,21092032,3,1365,7827,pedestrian,7843,car,921,922,1,-11.480369,2.594288,-11.593816,2.577797,3.516
6,21092032,3,1371,7693,pedestrian,7822,car,921.4,922,0.6,-5.586003,-2.220685,-5.604833,-2.193429,4.671
6,21092032,3,1373,7665,pedestrian,7817,car,921.4,922,0.6,-5.658726,-2.112815,-5.679445,-2.082745,4.706
6,21092032,3,1351,7689,pedestrian,7851,bike,920,922.4,2.4,-9.12632,5.345585,-9.35781,5.193537,2.635
6,21092032,3,1376,7721,pedestrian,7814,car,921.8,922.4,0.6,-5.870967,-1.797868,-5.887778,-1.773539,4.807
6,21092032,3,1377,7726,pedestrian,7853,bike,921.8,922.4,0.6,-7.782673,6.206391,-7.794749,6.198017,4.63
6,21092032,3,1378,7676,pedestrian,7816,car,921.8,922.4,0.6,-5.801142,-1.901527,-5.806824,-1.893523,4.792
6,21092032,3,1379,7673,pedestrian,7817,car,922,922.4,0.4,-5.726805,-2.011997,-5.736378,-1.998174,4.748
6,21092032,3,1380,7665,pedestrian,7822,car,922,922.6,0.6,-5.648475,-2.128215,-5.660553,-2.110887,4.686
6,21092032,3,1383,7721,pedestrian,7816,car,922.4,922.8,0.4,-5.851209,-1.827132,-5.862342,-1.811005,4.802
6,21092032,3,1382,7676,pedestrian,7817,car,922.4,923,0.6,-5.780771,-1.931772,-5.787993,-1.921516,4.79
6,21092032,3,1384,7673,pedestrian,7822,car,922.4,923.2,0.8,-5.697575,-2.05509,-5.714512,-2.030674,4.72
6,21092032,3,1369,7834,pedestrian,7868,bike,921,923.4,2.4,-5.936598,8.04868,-6.190701,7.860131,1.963
6,21092032,3,1386,7721,pedestrian,7817,car,923,923.4,0.4,-5.835179,-1.851029,-5.845797,-1.835655,4.817
6,21092032,3,1387,7676,pedestrian,7822,car,923.2,923.6,0.4,-5.760187,-1.962397,-5.769293,-1.949234,4.781
6,21092032,3,1388,7721,pedestrian,7822,car,923.6,924.2,0.6,-5.814968,-1.880957,-5.83318,-1.85463,4.78
6,21092032,3,1381,7833,pedestrian,7867,car,922.2,924.4,2.2,-2.906082,5.106771,-2.784933,4.889162,1.469
6,21092032,3,1389,7824,pedestrian,7872,car,924,924.6,0.6,-1.438928,2.912344,-1.397428,2.944906,4.726
6,21092032,3,1364,7731,pedestrian,7853,bike,920.8,924.8,4,-7.627746,6.313809,-7.793059,6.199189,1.837
6,21092032,3,1385,7833,pedestrian,7871,car,923,925,2,-2.912041,5.080894,-2.793817,4.875344,2.218
6,21092032,3,1392,7804,pedestrian,7864,bike,925.4,925.6,0.2,-8.527132,5.690162,-8.527132,5.690162,4.815
6,21092032,3,1390,7689,pedestrian,7851,bike,924.4,926.4,2,-9.443957,5.136133,-9.498698,5.081748,4.712
6,21092032,3,1391,7779,pedestrian,7868,bike,925,926.4,1.4,-6.600479,7.377993,-6.626873,7.27838,2.449
6,21092032,3,1394,7739,pedestrian,7854,bike,926.4,927.4,1,-7.774521,6.212044,-7.796397,6.196875,4.252
6,21092032,3,1397,7721,pedestrian,7852,car,927.8,928.6,0.8,-5.703416,-2.047274,-5.643558,-2.135353,4.703
6,21092032,3,1402,7673,pedestrian,7852,car,928.8,929,0.2,-5.541689,-2.28746,-5.541689,-2.28746,4.959
6,21092032,3,1399,7676,pedestrian,7852,car,928.4,929.2,0.8,-5.609082,-2.187313,-5.551316,-2.272239,4.661
6,21092032,3,1404,7784,pedestrian,7864,bike,929.4,929.6,0.2,-8.189814,5.997304,-8.189814,5.997304,4.933
6,21092032,3,1407,7784,pedestrian,7864,bike,929.8,930.2,0.4,-8.17222,6.009519,-8.162194,6.016481,4.876
6,21092032,3,1395,7813,pedestrian,7864,bike,927,930.4,3.4,-8.318699,5.907804,-8.322555,5.90498,2.593
6,21092032,3,1396,7781,pedestrian,7853,bike,927.2,931.2,4,-7.906591,6.193815,-7.910732,6.191089,2.589
6,21092032,3,1398,7726,pedestrian,7864,bike,927.8,932.2,4.4,-8.221597,5.902029,-8.218045,5.904492,0.012
6,21092032,3,1400,7782,pedestrian,7853,bike,928.6,932.4,3.8,-7.954928,6.160253,-7.961523,6.155823,2.581
6,21092032,3,1401,7781,pedestrian,7854,bike,928.6,932.4,3.8,-7.854041,6.230308,-7.856019,6.229076,2.594
6,21092032,3,1403,7731,pedestrian,7864,bike,929,933.2,4.2,-8.166297,5.940375,-8.162441,5.943049,0.162
6,21092032,3,1406,7784,pedestrian,7853,bike,929.8,933.6,3.8,-8.016575,6.117448,-8.015395,6.118409,2.582
6,21092032,3,1414,7781,pedestrian,7868,bike,932.2,933.6,1.4,-7.721906,6.32207,-7.80652,6.263445,2.638
6,21092032,3,1405,7782,pedestrian,7854,bike,929.6,933.8,4.2,-7.912093,6.189991,-7.911138,6.190808,2.583
6,21092032,3,1408,7739,pedestrian,7864,bike,930,934.4,4.4,-8.112414,5.977739,-8.112168,5.97791,0.082
6,21092032,3,1409,7790,pedestrian,7853,bike,930.2,934.4,4.2,-8.00908,6.049394,-8.00292,6.053665,0.082
6,21092032,3,1411,7784,pedestrian,7854,bike,931,934.8,3.8,-7.968099,6.151109,-7.971455,6.148922,2.582
6,21092032,3,1417,7782,pedestrian,7868,bike,932.6,934.8,2.2,-7.805248,6.264196,-7.859442,6.226696,2.605
6,21092032,3,1412,7788,pedestrian,7853,bike,931,935,4,-8.070201,6.080208,-8.075041,6.076998,2.582
6,21092032,3,1413,7790,pedestrian,7854,bike,931.4,935.4,4,-7.955689,6.086417,-7.952531,6.088607,0.108
6,21092032,3,1420,7784,pedestrian,7868,bike,933,936,3,-7.888588,6.20632,-7.916249,6.187247,2.582
6,21092032,3,1415,7793,pedestrian,7853,bike,932.2,936.2,4,-8.122301,6.044031,-8.125896,6.041682,2.585
6,21092032,3,1416,7788,pedestrian,7854,bike,932.4,936.2,3.8,-8.015654,6.118092,-8.024872,6.111832,2.578
6,21092032,3,1419,7790,pedestrian,7868,bike,933,936.8,3.8,-7.874108,6.142987,-7.889901,6.132036,0.103
6,21092032,3,1418,7804,pedestrian,7853,bike,932.8,937,4.2,-8.13189,5.964234,-8.107544,5.981116,0.019
6,21092032,3,1422,7788,pedestrian,7868,bike,933.6,937.2,3.6,-7.967426,6.151577,-7.968417,6.151023,2.58
6,21092032,3,1421,7793,pedestrian,7854,bike,933.6,937.4,3.8,-8.070607,6.079926,-8.07704,6.075608,2.585
6,21092032,3,1423,7804,pedestrian,7854,bike,933.8,938,4.2,-8.079476,6.000579,-8.049079,6.021657,0.008
6,21092032,3,1424,7806,pedestrian,7853,bike,934,938,4,-8.178087,5.9322,-8.165085,5.941216,0.02
6,21092032,3,1425,7793,pedestrian,7868,bike,934.8,938.6,3.8,-8.021363,6.114127,-8.027322,6.110132,2.592
6,21092032,3,1426,7804,pedestrian,7868,bike,935,939,4,-8.017626,6.043468,-7.994944,6.059196,0.092
6,21092032,3,1427,7806,pedestrian,7854,bike,935.2,939,3.8,-8.125593,5.9686,-8.09885,5.987145,0.368
6,21092032,3,1293,7793,pedestrian,7864,bike,911.6,939.6,28,-9.116323,5.352785,-7.826897,6.249153,2.55
6,21092032,3,1393,7804,pedestrian,7864,bike,926,939.8,13.8,-8.492357,5.714276,-7.776797,6.210465,2.819
6,21092032,3,1428,7806,pedestrian,7868,bike,936.2,940.2,4,-8.069549,6.007463,-8.04719,6.022967,0.566
6,21092032,3,1304,7788,pedestrian,7864,bike,912.6,940.6,28,-8.966119,5.455355,-7.683396,6.348786,2.586
6,21092032,3,1291,7790,pedestrian,7864,bike,911.6,941,29.4,-9.063537,5.314845,-7.565303,6.310512,0.348
6,21092032,3,1410,7784,pedestrian,7864,bike,930.4,941.6,11.2,-8.142142,6.030406,-7.53597,6.451143,2.594
6,21092032,3,1429,7782,pedestrian,7864,bike,939.4,942.6,3.2,-7.672042,6.356827,-7.389386,6.552915,2.599
6,21092032,3,1430,7781,pedestrian,7864,bike,940.4,943.6,3.2,-7.525846,6.458333,-7.247262,6.651585,2.612
6,21092032,3,1431,7820,pedestrian,7877,bike,940.4,944.2,3.8,-4.604413,8.775744,-4.575746,8.759989,0.26
6,21092032,3,1432,7874,pedestrian,7877,bike,942.6,946.2,3.6,-4.492622,8.714302,-4.714492,8.785971,4.435
6,21092032,3,1433,7834,pedestrian,7864,bike,945,946.8,1.8,-6.858714,6.920439,-6.778115,6.974,2.532
6,21092032,3,1255,7850,pedestrian,7877,bike,899,947,48,-2.887562,8.372038,-4.907547,8.812325,0.87
6,21092032,3,1434,7837,pedestrian,7864,bike,947.4,949.2,1.8,-6.645437,7.214767,-6.625237,7.310122,2.561
6,21092032,3,1435,7846,pedestrian,7864,bike,948,949.8,1.8,-6.619094,7.313047,-6.590189,7.404363,2.405
6,21092032,3,1442,7779,pedestrian,7877,bike,950.2,952,1.8,-5.573635,8.297954,-5.664363,8.24229,2.216
6,21092032,3,1437,7739,pedestrian,7854,bike,949,952.8,3.8,-8.803267,5.498533,-9.137953,5.317705,0.41
6,21092032,3,1439,7731,pedestrian,7854,bike,949.8,953,3.2,-8.925551,5.410753,-9.178052,5.311828,1.813
6,21092032,3,1357,7739,pedestrian,7853,bike,920.4,953.4,33,-7.561889,6.349615,-9.160793,5.323171,0
6,21092032,3,1440,7726,pedestrian,7854,bike,950,953.4,3.4,-8.971457,5.418702,-9.241972,5.269866,2.671
6,21092032,3,1436,7731,pedestrian,7853,bike,948.6,953.6,5,-8.867193,5.452692,-9.192379,5.30244,2.373
6,21092032,3,1367,7809,pedestrian,7851,bike,921,954,33,-9.309374,5.227201,-10.955364,3.996234,0.106
6,21092032,3,1441,7739,pedestrian,7868,bike,950.2,954,3.8,-8.874486,5.447376,-9.188805,5.304765,1.626
6,21092032,3,1443,7731,pedestrian,7868,bike,950.6,954,3.4,-8.954226,5.40462,-9.188805,5.304765,2.663
6,21092032,3,1438,7726,pedestrian,7853,bike,949.2,954.2,5,-8.96196,5.39967,-9.285015,5.241657,2.654
6,21092032,3,1444,7726,pedestrian,7868,bike,950.8,954.6,3.8,-8.998878,5.425069,-9.292745,5.236525,2.654
6,21092032,3,1449,7813,pedestrian,7853,bike,954,954.8,0.8,-9.424967,5.072921,-9.455549,5.052232,4.226
6,21092032,3,1445,7823,pedestrian,7851,bike,952.2,955,2.8,-10.983312,3.976557,-10.989239,3.86988,0.394
6,21092032,3,1446,7827,pedestrian,7851,bike,953,955.2,2.2,-11.016587,3.93534,-11.008643,3.830026,0.579
6,21092032,3,1372,7807,pedestrian,7851,bike,921.4,955.4,34,-9.367452,5.145592,-11.02582,3.756597,0.253
6,21092032,3,1448,7840,pedestrian,7851,bike,953.6,955.4,1.8,-11.062406,3.862466,-11.020157,3.782039,1.361
6,21092032,3,1451,7726,pedestrian,7853,bike,954.8,955.6,0.8,-9.318334,5.219774,-9.342132,5.203913,4.494
6,21092032,3,1447,7813,pedestrian,7854,bike,953.4,957.4,4,-9.400937,5.089787,-9.581289,4.9637,1.527
6,21092032,3,1452,7813,pedestrian,7853,bike,955.6,957.4,1.8,-9.506585,5.016298,-9.581289,4.9637,3.518
6,21092032,3,1457,7726,pedestrian,7854,bike,958.6,958.8,0.2,-9.481242,5.106602,-9.481242,5.106602,4.93
6,21092032,3,1455,7850,pedestrian,7864,bike,958.2,960,1.8,-5.290801,8.511027,-5.207155,8.576559,2.643
6,21092032,3,1458,7864,bike,7874,pedestrian,958.8,960.4,1.6,-5.20842,8.574802,-5.148886,8.623354,2.624
6,21092032,3,1459,7739,pedestrian,7853,bike,958.8,960.4,1.6,-9.446954,5.134253,-9.470081,5.118941,4.318
6,21092032,3,1456,7781,pedestrian,7877,bike,958.6,960.6,2,-6.66026,7.161533,-6.718079,7.053787,2.435
6,21092032,3,1453,7779,pedestrian,7864,bike,957.4,960.8,3.4,-5.399237,8.429417,-5.104167,8.659188,2.637
6,21092032,3,1460,7782,pedestrian,7877,bike,959.2,961.2,2,-6.706529,7.078447,-6.774276,6.983616,2.734
6,21092032,3,1461,7784,pedestrian,7877,bike,959.6,961.6,2,-6.741739,7.027295,-6.837862,6.93575,2.61
6,21092032,3,1462,7788,pedestrian,7877,bike,960.4,962,1.6,-6.818982,6.946518,-6.895846,6.892559,2.559
6,21092032,3,1454,7726,pedestrian,7853,bike,957.8,962.2,4.4,-9.446691,5.134419,-9.568242,4.977066,2.512
6,21092032,3,1463,7793,pedestrian,7877,bike,960.6,962.2,1.6,-6.86268,6.917484,-6.933447,6.867397,2.594
6,21092032,3,1464,7846,pedestrian,7877,bike,961,964.2,3.2,-6.929019,6.87228,-7.237989,6.658187,2.615
6,21092032,3,1450,7813,pedestrian,7868,bike,954.6,964.8,10.2,-9.458137,5.05041,-9.948968,4.704822,0.911
6,21092032,3,1466,7837,pedestrian,7877,bike,961.8,964.8,3,-7.054114,6.785698,-7.335028,6.590811,2.609
6,21092032,3,1467,7813,pedestrian,7853,bike,962.8,964.8,2,-9.864165,4.764532,-9.948968,4.704822,3.239
6,21092032,3,1469,7756,pedestrian,7867,car,965.6,966.2,0.6,-6.162946,-1.364853,-6.129832,-1.413645,4.95
6,21092032,3,1470,7756,pedestrian,7836,car,966,966.2,0.2,-6.140222,-1.398453,-6.140222,-1.398453,4.946
6,21092032,3,1471,7756,pedestrian,7844,car,966.4,966.8,0.4,-6.116462,-1.433567,-6.116281,-1.434016,4.935
6,21092032,3,1473,7756,pedestrian,7871,car,966.6,967.2,0.6,-6.11977,-1.428914,-6.093344,-1.467926,4.932
6,21092032,3,1474,7756,pedestrian,7852,car,967.2,967.4,0.2,-6.09234,-1.469579,-6.09234,-1.469579,4.925
6,21092032,3,1468,7834,pedestrian,7877,bike,965.6,968.6,3,-7.644289,6.37594,-7.927135,6.179698,2.587
6,21092032,3,1475,7756,pedestrian,7860,car,969.8,970,0.2,-5.981315,-1.634336,-5.981315,-1.634336,4.86
6,21092032,3,1472,7726,pedestrian,7853,bike,966.4,971.8,5.4,-9.762905,4.835827,-9.982401,4.681283,4.044
6,21092032,3,1479,7726,pedestrian,7853,bike,972,972.4,0.4,-10.000902,4.668257,-10.005209,4.665224,4.553
6,21092032,3,1480,7726,pedestrian,7853,bike,972.6,973,0.4,-10.028654,4.648717,-10.032961,4.645685,4.653
6,21092032,3,1481,7756,pedestrian,7861,car,972.8,973.2,0.4,-5.851813,-1.82648,-5.863822,-1.809106,4.8
6,21092032,3,1485,7726,pedestrian,7853,bike,973.2,973.4,0.2,-10.056405,4.629178,-10.056405,4.629178,4.978
6,21092032,3,1486,7726,pedestrian,7853,bike,973.6,973.8,0.2,-10.069962,4.619632,-10.069962,4.619632,4.786
6,21092032,3,1476,7823,pedestrian,7854,bike,970.6,975.2,4.6,-10.327034,4.438632,-10.351722,4.42125,0.137
6,21092032,3,1477,7823,pedestrian,7868,bike,971.8,976.2,4.4,-10.281112,4.470965,-10.31434,4.44757,0.023
6,21092032,3,1478,7827,pedestrian,7854,bike,971.8,976.2,4.4,-10.382828,4.399348,-10.416056,4.375953,0.064
6,21092032,3,1490,7862,pedestrian,7870,car,975.4,976.6,1.2,-11.231149,2.773508,-11.355223,2.795854,3.057
6,21092032,3,1489,7809,pedestrian,7870,car,975.4,977.4,2,-11.240086,2.735575,-11.499794,2.652152,0.48
6,21092032,3,1482,7823,pedestrian,7853,bike,973,977.6,4.6,-10.240134,4.499817,-10.264822,4.482435,0.02
6,21092032,3,1483,7827,pedestrian,7868,bike,973,977.6,4.6,-10.339026,4.430189,-10.362941,4.413351,0.091
6,21092032,3,1484,7840,pedestrian,7854,bike,973.2,977.6,4.4,-10.442957,4.357013,-10.470372,4.33771,0.091
6,21092032,3,1492,7807,pedestrian,7870,car,976,977.8,1.8,-11.373792,2.647498,-11.606555,2.560209,3.077
6,21092032,3,1494,7851,bike,7875,pedestrian,977.6,978.4,0.8,-8.219822,-0.25464,-8.193359,-0.289656,4.53
6,21092032,3,1487,7827,pedestrian,7853,bike,974,978.6,4.6,-10.295928,4.460533,-10.319269,4.4441,0.205
6,21092032,3,1488,7840,pedestrian,7868,bike,974.2,978.8,4.6,-10.397807,4.388802,-10.432218,4.364574,0.205
6,21092032,3,1493,7811,pedestrian,7851,bike,976.8,978.8,2,-8.19917,-0.099593,-8.135753,-0.290135,1.211
6,21092032,3,1491,7840,pedestrian,7853,bike,975.6,980,4.4,-10.361,4.414717,-10.3827,4.399439,0.319
6,21092032,3,1495,7823,pedestrian,7877,bike,980.6,984.2,3.6,-9.967625,4.691687,-10.019693,4.655026,0.099
6,21092032,3,1499,7851,bike,7876,pedestrian,983.2,985,1.8,-8.628522,-1.012146,-8.735144,-1.086568,0.189
6,21092032,3,1465,7813,pedestrian,7854,bike,961.6,985.6,24,-9.805463,4.805863,-11.046597,3.931999,1.159
6,21092032,3,1497,7827,pedestrian,7877,bike,981.2,985.6,4.4,-10.056178,4.629338,-10.081631,4.611417,0.15
6,21092032,3,1500,7813,pedestrian,7868,bike,985.2,986.4,1.2,-10.964886,3.98953,-11.064813,3.906231,1.669
6,21092032,3,1498,7840,pedestrian,7877,bike,982,986.8,4.8,-10.119304,4.584892,-10.131853,4.576057,0.154
6,21092032,3,1501,7813,pedestrian,7853,bike,986.4,987.2,0.8,-11.007672,3.941486,-11.05916,3.890305,3.159
6,21092032,3,1502,7855,pedestrian,7877,bike,996.6,1000.8,4.2,-10.746731,4.14313,-10.748858,4.141633,0.01
6,21092032,3,1503,7856,pedestrian,7877,bike,997.8,1002,4.2,-10.800665,4.105156,-10.810886,4.097959,0.266
6,21092032,3,1504,7862,pedestrian,7877,bike,999,1003,4,-10.851042,4.069686,-10.859812,4.063511,0.169
6,21092032,3,1496,7731,pedestrian,7877,bike,980.6,1003.6,23,-9.973886,4.687279,-11.05955,3.922879,1.171
6,21092032,3,1505,7739,pedestrian,7877,bike,1001.6,1003.6,2,-10.988174,3.973134,-11.069988,3.8772,2.981
