run_id,seed,demand_factor,encounter_id,agent_1_id,agent_1_mode,agent_2_id,agent_2_mode,start_time_s,end_time_s,duration_s,start_x,start_y,end_x,end_y,minimum_distance_m
3,21092029,3,2,7472,bike,7474,pedestrian,27.6,30.4,2.8,-11.182711,-2.660223,-11.097551,-2.716279,3.511
3,21092029,3,3,7472,bike,7474,pedestrian,32,32.2,0.2,-11.005693,-2.671407,-11.005693,-2.671407,4.902
3,21092029,3,6,7482,pedestrian,7490,car,53.8,54.2,0.4,-6.072989,-1.498363,-6.063486,-1.512082,4.927
3,21092029,3,7,7484,pedestrian,7490,car,55.2,55.6,0.4,-5.888224,-1.772602,-5.87784,-1.787648,4.819
3,21092029,3,4,7472,bike,7474,pedestrian,32.4,56.6,24.2,-10.983202,-2.655709,-9.72264,-1.775838,2.567
3,21092029,3,1,7468,pedestrian,7472,bike,25,57.6,32.6,-11.166445,-2.783612,-9.527562,-1.694116,0.643
3,21092029,3,9,7470,car,7493,pedestrian,63.2,63.6,0.4,-5.535113,-2.296929,-5.551629,-2.272628,4.689
3,21092029,3,8,7467,pedestrian,7472,bike,60.2,73.6,13.4,-8.910655,-1.209075,-8.037109,-0.536996,0.611
3,21092029,3,10,7467,pedestrian,7472,bike,74,75.2,1.2,-8.064445,-0.473058,-8.145341,-0.360646,4.669
3,21092029,3,11,7492,pedestrian,7497,bike,84.8,87.8,3,-2.981758,8.39549,-3.113306,8.341396,3.226
3,21092029,3,12,7492,pedestrian,7504,car,90.4,91.6,1.2,-2.731186,8.224616,-2.834007,8.138606,3.498
3,21092029,3,13,7489,car,7505,pedestrian,92.2,92.8,0.6,-11.53918,2.577033,-11.591783,2.569021,3.763
3,21092029,3,14,7490,car,7500,pedestrian,93.8,94.4,0.6,-5.867925,-1.802345,-5.900923,-1.75382,4.815
3,21092029,3,5,7481,pedestrian,7485,bike,43.8,98.2,54.4,-11.1389,-2.764386,-8.030641,-0.555937,0.195
3,21092029,3,15,7481,pedestrian,7485,bike,98.4,99.2,0.8,-8.037286,-0.511889,-8.090137,-0.438719,4.745
3,21092029,3,16,7480,pedestrian,7497,bike,104.8,105,0.2,-4.109732,8.503861,-4.109732,8.503861,4.985
3,21092029,3,18,7462,pedestrian,7472,bike,114.2,115.6,1.4,-8.809891,5.56673,-8.750294,5.60798,2.553
3,21092029,3,19,7482,pedestrian,7490,car,115,115.8,0.8,-3.5909,1.411442,-3.515654,1.463746,4.714
3,21092029,3,20,7477,pedestrian,7490,car,115.6,116.6,1,-3.461236,1.502338,-3.360908,1.572076,4.669
3,21092029,3,21,7485,bike,7505,pedestrian,120.6,122.8,2.2,-11.022773,3.722275,-11.012401,3.942489,1.213
3,21092029,3,22,7464,pedestrian,7472,bike,120.6,123.2,2.6,-7.742475,6.307918,-7.493151,6.480873,2.592
3,21092029,3,17,7480,pedestrian,7497,bike,105.4,125,19.6,-4.133427,8.516884,-4.980824,8.757852,2.68
3,21092029,3,23,7473,pedestrian,7497,bike,121.4,126.4,5,-4.818054,8.853031,-5.128976,8.638613,2.625
3,21092029,3,24,7480,pedestrian,7506,bike,123.2,126.6,3.4,-4.801744,8.859552,-5.04606,8.705331,2.689
3,21092029,3,25,7473,pedestrian,7506,bike,124.6,127.4,2.8,-4.931564,8.794732,-5.157858,8.615412,2.605
3,21092029,3,26,7462,pedestrian,7485,bike,128.6,130,1.4,-9.714769,4.869719,-9.640791,4.921805,0.226
3,21092029,3,28,7502,pedestrian,7517,bike,130.2,130.4,0.2,-2.77731,8.242265,-2.77731,8.242265,4.623
3,21092029,3,27,7502,pedestrian,7514,car,129.2,131.6,2.4,-2.649545,8.20381,-2.803886,8.060028,0.361
3,21092029,3,29,7472,bike,7473,pedestrian,136.4,138,1.6,-5.460194,8.384579,-5.367596,8.447606,2.536
3,21092029,3,30,7472,bike,7480,pedestrian,136.8,138.4,1.6,-5.392923,8.433845,-5.297285,8.504087,2.618
3,21092029,3,31,7464,pedestrian,7497,bike,141.2,143.4,2.2,-6.737854,7.029766,-6.798514,6.965075,2.672
3,21092029,3,32,7464,pedestrian,7506,bike,141.8,144,2.2,-6.71931,7.054835,-6.780438,6.979018,2.694
3,21092029,3,33,7464,pedestrian,7485,bike,144.4,147,2.6,-6.754863,7.006364,-6.626503,7.30493,2.61
3,21092029,3,34,7472,bike,7499,pedestrian,147,151,4,-4.299204,8.607998,-4.267947,8.590819,0.116
3,21092029,3,35,7473,pedestrian,7485,bike,150.2,151.8,1.6,-5.953726,8.03437,-5.845375,8.111286,1.84
3,21092029,3,36,7480,pedestrian,7485,bike,150.8,152.4,1.6,-5.856603,8.106884,-5.746493,8.178707,1.93
3,21092029,3,38,7485,bike,7499,pedestrian,156.6,160,3.4,-4.711016,8.793586,-4.651204,8.801461,0.257
3,21092029,3,37,7499,pedestrian,7517,bike,151.2,163,11.8,-4.276624,8.595587,-4.90843,8.814968,1.727
3,21092029,3,39,7499,pedestrian,7520,bike,160.4,164.4,4,-4.668683,8.811046,-4.955738,8.777713,2.688
3,21092029,3,40,7472,bike,7518,pedestrian,163.2,166.6,3.4,-3.285616,8.314734,-3.290177,8.313888,0.016
3,21092029,3,41,7497,bike,7505,pedestrian,164,166.6,2.6,-9.388298,5.10206,-9.514036,5.059571,0.953
3,21092029,3,42,7505,pedestrian,7506,bike,164.6,167.4,2.8,-9.382178,5.117282,-9.494837,5.087786,1.441
3,21092029,3,43,7472,bike,7519,pedestrian,164.6,168,3.4,-3.189624,8.332669,-3.196404,8.331452,0.11
3,21092029,3,44,7497,bike,7513,pedestrian,166.8,169,2.2,-9.715495,4.869208,-9.774919,4.827368,0.248
3,21092029,3,45,7506,bike,7513,pedestrian,167.6,169.6,2,-9.683476,4.891752,-9.752034,4.843481,0.247
3,21092029,3,46,7464,pedestrian,7517,bike,168.2,170,1.8,-5.934917,8.049734,-6.031623,7.976378,1.889
3,21092029,3,47,7464,pedestrian,7520,bike,168.8,170.6,1.8,-5.919418,8.060405,-6.0038,7.997142,1.866
3,21092029,3,48,7499,pedestrian,7522,bike,169.4,171.8,2.4,-5.014415,8.729599,-5.237737,8.551265,2.629
3,21092029,3,49,7485,bike,7518,pedestrian,170,173.2,3.2,-3.750041,8.352393,-3.739893,8.349176,0.212
3,21092029,3,50,7480,pedestrian,7517,bike,171,173.4,2.4,-6.390808,7.707314,-6.552257,7.498851,2.453
3,21092029,3,52,7473,pedestrian,7517,bike,171.6,173.8,2.2,-6.484887,7.612523,-6.600824,7.401813,2.726
3,21092029,3,53,7480,pedestrian,7520,bike,172,174,2,-6.422951,7.677188,-6.562966,7.484675,2.524
3,21092029,3,51,7485,bike,7519,pedestrian,171.4,174.4,3,-3.654835,8.322207,-3.647239,8.319799,0.016
3,21092029,3,57,7480,pedestrian,7520,bike,174.2,174.4,0.2,-6.573573,7.455775,-6.573573,7.455775,4.864
3,21092029,3,55,7514,car,7534,pedestrian,173.2,174.6,1.4,-11.253466,2.747427,-11.402121,2.760189,1.913
3,21092029,3,54,7473,pedestrian,7520,bike,172.4,174.8,2.4,-6.504824,7.58568,-6.611308,7.350215,2.664
3,21092029,3,56,7464,pedestrian,7522,bike,173.6,175.2,1.6,-5.717265,8.199438,-5.812471,8.139666,2.056
3,21092029,3,58,7480,pedestrian,7522,bike,178.8,181.2,2.4,-6.56335,7.465482,-6.647987,7.20717,2.41
3,21092029,3,59,7473,pedestrian,7522,bike,179.4,182.2,2.8,-6.615479,7.342101,-6.727001,7.043022,2.625
3,21092029,3,60,7485,bike,7527,pedestrian,182.2,183.8,1.6,-2.852903,8.421003,-2.832082,8.401483,2.525
3,21092029,3,63,7502,pedestrian,7524,car,185.4,186.2,0.8,-2.893059,4.958788,-2.863107,4.899707,4.777
3,21092029,3,61,7464,pedestrian,7528,bike,184.6,186.4,1.8,-5.257182,8.536411,-5.350428,8.466285,2.642
3,21092029,3,62,7467,pedestrian,7524,car,184.6,186.4,1.8,-2.868083,5.131117,-2.720183,5.057939,3.152
3,21092029,3,64,7505,pedestrian,7517,bike,186.2,187.8,1.6,-8.591483,5.718248,-8.680234,5.656757,2.577
3,21092029,3,65,7513,pedestrian,7517,bike,186.8,188.4,1.6,-8.678781,5.657642,-8.769609,5.594708,2.564
3,21092029,3,66,7505,pedestrian,7520,bike,186.8,188.4,1.6,-8.563578,5.73762,-8.668965,5.664594,2.575
3,21092029,3,69,7525,car,7540,pedestrian,187.6,188.6,1,-5.548136,-2.276945,-5.61383,-2.180257,4.646
3,21092029,3,67,7513,pedestrian,7520,bike,187.4,189,1.6,-8.666017,5.666511,-8.747939,5.609753,2.578
3,21092029,3,68,7499,pedestrian,7528,bike,187.4,190.4,3,-5.70347,8.208357,-5.984489,8.011505,1.883
3,21092029,3,70,7526,car,7540,pedestrian,189.4,190.4,1,-5.613149,-2.180467,-5.678173,-2.084759,4.681
3,21092029,3,71,7516,car,7542,pedestrian,190.8,192.6,1.8,-11.285269,2.69354,-11.416794,2.736328,0.294
3,21092029,3,72,7505,pedestrian,7522,bike,191,192.6,1.6,-8.40456,5.848044,-8.498352,5.783059,2.609
3,21092029,3,73,7513,pedestrian,7522,bike,191.6,193,1.4,-8.496095,5.784497,-8.578368,5.727488,2.576
3,21092029,3,74,7512,pedestrian,7516,car,192.6,193.2,0.6,-11.525786,2.564691,-11.564845,2.56897,3.957
3,21092029,3,76,7527,pedestrian,7543,bike,193,195.2,2.2,-2.815163,8.331104,-2.865291,8.287775,0.491
3,21092029,3,78,7480,pedestrian,7528,bike,197.8,200.2,2.4,-7.036502,6.797926,-7.240148,6.656688,2.609
3,21092029,3,79,7473,pedestrian,7528,bike,198.4,201,2.6,-7.1359,6.728913,-7.371364,6.565586,2.607
3,21092029,3,80,7517,bike,7534,pedestrian,200,201.8,1.8,-10.867407,4.058164,-10.967984,3.987349,0.415
3,21092029,3,81,7520,bike,7534,pedestrian,200.8,202.4,1.6,-10.856417,4.065902,-10.95742,3.994787,0.432
3,21092029,3,84,7545,pedestrian,7549,car,203.6,204,0.4,-11.21266,-2.616798,-11.193932,-2.61182,3.735
3,21092029,3,85,7546,pedestrian,7549,car,203.6,204.4,0.8,-11.228452,-2.558644,-11.172371,-2.543332,1.399
3,21092029,3,83,7547,pedestrian,7549,car,203.6,204.6,1,-11.232749,-2.542818,-11.165157,-2.495952,0.998
3,21092029,3,87,7549,car,7550,pedestrian,203.8,204.6,0.8,-11.222633,-2.508855,-11.165769,-2.493943,1.838
3,21092029,3,82,7505,pedestrian,7528,bike,203.2,205,1.8,-7.915911,6.187343,-8.013505,6.119729,2.581
3,21092029,3,86,7513,pedestrian,7528,bike,203.8,205.4,1.6,-8.003847,6.126291,-8.089242,6.067129,2.615
3,21092029,3,89,7540,pedestrian,7548,car,205.2,205.4,0.2,-6.184077,-1.333235,-6.184077,-1.333235,4.981
3,21092029,3,77,7530,pedestrian,7543,bike,193.6,205.8,12.2,-2.978857,8.347179,-3.607297,8.307135,3.135
3,21092029,3,88,7522,bike,7534,pedestrian,204.4,206.2,1.8,-10.70324,4.173751,-10.80955,4.0989,0.064
3,21092029,3,92,7537,car,7540,pedestrian,206,206.2,0.2,-6.214952,-1.28746,-6.214952,-1.28746,4.988
3,21092029,3,91,7522,bike,7542,pedestrian,206,207,1,-10.985582,3.974958,-11.026972,3.945816,0.364
3,21092029,3,93,7477,pedestrian,7536,car,206.6,208.6,2,-2.851084,5.1419,-2.765205,4.957999,1.185
3,21092029,3,94,7482,pedestrian,7536,car,207.2,208.6,1.4,-2.777409,5.114573,-2.72236,4.991588,3.376
3,21092029,3,90,7464,pedestrian,7538,bike,205.2,209.4,4.2,-4.420906,8.674886,-4.432927,8.681493,0.088
3,21092029,3,96,7511,pedestrian,7525,car,212.4,213.4,1,-3.550182,1.439979,-3.456211,1.505264,4.694
3,21092029,3,97,7477,pedestrian,7541,car,213,213.8,0.8,-2.975071,5.078334,-2.926796,5.025583,3.336
3,21092029,3,95,7530,pedestrian,7543,bike,210.6,214.2,3.6,-3.869166,8.393701,-4.046107,8.468892,4.18
3,21092029,3,98,7482,pedestrian,7541,car,213.2,214.2,1,-2.926331,5.019799,-2.852078,4.941545,3.415
3,21092029,3,100,7511,pedestrian,7526,car,214.6,215.6,1,-3.443166,1.514867,-3.350171,1.579478,4.673
3,21092029,3,101,7535,pedestrian,7549,car,215,215.8,0.8,-9.206571,-1.276594,-9.137088,-1.22833,4.882
3,21092029,3,99,7464,pedestrian,7543,bike,213.6,218.4,4.8,-4.046627,8.469179,-4.03305,8.462839,0.087
3,21092029,3,104,7471,pedestrian,7525,car,218,218.8,0.8,-2.497036,2.176195,-2.452573,2.206345,4.383
3,21092029,3,105,7492,pedestrian,7525,car,218.4,219.2,0.8,-2.418104,2.230506,-2.369537,2.263505,4.401
3,21092029,3,102,7528,bike,7534,pedestrian,217.4,219.4,2,-10.182785,4.540196,-10.291639,4.463553,0.346
3,21092029,3,103,7528,bike,7542,pedestrian,218,219.8,1.8,-10.272109,4.477304,-10.364888,4.411979,0.027
3,21092029,3,106,7471,pedestrian,7526,car,219.4,220.2,0.8,-2.551256,2.138881,-2.507528,2.16853,4.39
3,21092029,3,107,7554,car,7555,pedestrian,219.8,220.4,0.6,-5.694408,-2.060495,-5.683782,-2.075642,4.706
3,21092029,3,108,7492,pedestrian,7526,car,219.8,220.6,0.8,-2.46871,2.195707,-2.429086,2.222508,4.384
3,21092029,3,109,7554,car,7557,pedestrian,220.4,221.2,0.8,-5.628795,-2.158082,-5.609816,-2.185385,4.685
3,21092029,3,111,7511,pedestrian,7537,car,222,222.6,0.6,-3.097666,1.756767,-3.036805,1.799,4.552
3,21092029,3,112,7500,pedestrian,7525,car,222.8,224,1.2,-1.568942,2.814684,-1.45732,2.902418,4.406
3,21092029,3,113,7471,pedestrian,7537,car,223.4,224,0.6,-2.725483,2.017462,-2.682077,2.047316,4.44
3,21092029,3,114,7492,pedestrian,7537,car,223.8,224.4,0.6,-2.62906,2.084914,-2.589665,2.111786,4.417
3,21092029,3,110,7464,pedestrian,7553,bike,221.6,225.6,4,-3.670091,8.327062,-3.694503,8.33479,0.199
3,21092029,3,115,7500,pedestrian,7526,car,225.2,225.8,0.6,-1.456189,2.89944,-1.41213,2.934333,4.623
3,21092029,3,75,7533,pedestrian,7543,bike,193,231.2,38.2,-2.883176,8.374114,-4.939918,8.790173,0.323
3,21092029,3,116,7519,pedestrian,7538,bike,226.8,231.6,4.8,-6.599782,7.378185,-6.861438,6.918274,2.504
3,21092029,3,119,7530,pedestrian,7543,bike,228.6,231.8,3.2,-4.791762,8.859688,-5.032302,8.716399,2.667
3,21092029,3,122,7505,pedestrian,7538,bike,230.2,232,1.8,-6.846644,6.928241,-6.928141,6.871057,2.593
3,21092029,3,123,7513,pedestrian,7538,bike,230.6,232.4,1.8,-6.896398,6.894824,-6.980319,6.83585,2.599
3,21092029,3,120,7534,pedestrian,7558,bike,228.8,232.6,3.8,-9.908554,4.733278,-9.76501,4.834345,2.336
3,21092029,3,121,7529,pedestrian,7543,bike,230,232.6,2.6,-4.912188,8.809898,-5.164617,8.609963,2.603
3,21092029,3,117,7518,pedestrian,7538,bike,228.2,233,4.8,-6.663245,7.153246,-7.05608,6.784596,2.554
3,21092029,3,124,7499,pedestrian,7538,bike,232.6,235.8,3.2,-7.187937,6.692776,-7.460609,6.50362,2.605
3,21092029,3,127,7559,pedestrian,7565,car,237.6,237.8,0.2,-10.695053,-2.31214,-10.695053,-2.31214,4.999
3,21092029,3,125,7487,pedestrian,7537,car,236.8,238.2,1.4,-2.773275,5.012273,-2.816545,5.137462,4.378
3,21092029,3,118,7542,pedestrian,7558,bike,228.2,240.4,12.2,-10.015188,4.658198,-9.389728,5.108731,0
3,21092029,3,126,7534,pedestrian,7558,bike,237.4,240.8,3.4,-9.571567,4.977186,-9.335321,5.199333,1.636
3,21092029,3,129,7550,pedestrian,7565,car,241,241.4,0.4,-10.138894,-1.925218,-10.116908,-1.909947,4.957
3,21092029,3,128,7505,pedestrian,7543,bike,240.4,242,1.6,-6.603242,7.371384,-6.63023,7.261151,2.509
3,21092029,3,131,7547,pedestrian,7565,car,241.8,242.2,0.4,-10.00493,-1.832012,-9.984737,-1.817992,4.944
3,21092029,3,130,7513,pedestrian,7543,bike,241,242.6,1.6,-6.634996,7.263136,-6.666193,7.153319,2.589
3,21092029,3,134,7566,pedestrian,7569,car,242.8,243,0.2,-11.207447,-2.635996,-11.207447,-2.635996,4.564
3,21092029,3,135,7567,pedestrian,7569,car,242.8,243.4,0.6,-11.224427,-2.573468,-11.180791,-2.554204,1.937
3,21092029,3,138,7464,pedestrian,7570,bike,243.4,244,0.6,-2.772885,8.426302,-2.778456,8.431673,4.138
3,21092029,3,133,7473,pedestrian,7558,bike,242.8,244.4,1.6,-8.821156,5.558909,-8.727039,5.624127,2.603
3,21092029,3,137,7480,pedestrian,7558,bike,243.2,245,1.8,-8.743977,5.612509,-8.635195,5.687891,2.557
3,21092029,3,132,7480,pedestrian,7538,bike,242.2,245.2,3,-8.549963,5.747075,-8.7936,5.578045,2.57
3,21092029,3,139,7521,pedestrian,7528,bike,244.2,245.2,1,-8.777623,0.560904,-8.746375,0.516447,4.196
3,21092029,3,136,7473,pedestrian,7538,bike,243.2,246.2,3,-8.687476,5.651594,-8.933566,5.478745,2.552
3,21092029,3,141,7534,pedestrian,7538,bike,246.2,248,1.8,-9.113031,5.355201,-9.195557,5.300304,2.664
3,21092029,3,146,7568,car,7571,pedestrian,247.6,248.2,0.6,-5.694303,-2.06085,-5.679933,-2.081495,4.721
3,21092029,3,147,7559,pedestrian,7569,car,247.8,248.2,0.4,-10.116623,-1.909727,-10.09035,-1.891485,4.953
3,21092029,3,140,7533,pedestrian,7553,bike,245.6,248.6,3,-5.38565,8.433327,-5.670366,8.238011,2.331
3,21092029,3,142,7538,bike,7542,pedestrian,246.4,248.6,2.2,-9.139652,5.336446,-9.271778,5.25033,2.64
3,21092029,3,143,7530,pedestrian,7553,bike,246.6,249.6,3,-5.5402,8.321628,-5.825916,8.129639,2.124
3,21092029,3,144,7519,pedestrian,7543,bike,247.2,249.6,2.4,-7.561675,6.433294,-7.797936,6.269401,2.589
3,21092029,3,149,7499,pedestrian,7558,bike,248,249.6,1.6,-7.948091,6.165135,-7.857662,6.227788,2.587
3,21092029,3,153,7550,pedestrian,7569,car,249.2,249.6,0.4,-9.819581,-1.70306,-9.795028,-1.686017,4.93
3,21092029,3,150,7518,pedestrian,7558,bike,248.4,250,1.6,-7.869,6.220065,-7.782129,6.280243,2.618
3,21092029,3,152,7519,pedestrian,7558,bike,249,250.4,1.4,-7.780664,6.28139,-7.703469,6.334868,2.602
3,21092029,3,145,7529,pedestrian,7553,bike,247.4,250.6,3.2,-5.672966,8.229359,-5.978016,8.016348,1.9
3,21092029,3,148,7518,pedestrian,7543,bike,248,250.6,2.6,-7.699024,6.337939,-7.960622,6.156448,2.588
3,21092029,3,151,7499,pedestrian,7543,bike,248.8,251.2,2.4,-7.838149,6.241342,-8.074285,6.077515,2.593
3,21092029,3,154,7528,bike,7531,pedestrian,250.8,251.4,0.6,-8.055671,-0.487571,-8.03856,-0.509996,4.756
3,21092029,3,155,7571,pedestrian,7573,car,251.4,252,0.6,-5.84848,-1.831917,-5.828511,-1.86075,4.784
3,21092029,3,159,7482,pedestrian,7563,car,252.2,252.6,0.4,-5.040429,6.304054,-5.028418,6.290799,4.62
3,21092029,3,156,7528,bike,7531,pedestrian,251.6,253.2,1.6,-8.04001,-0.52935,-8.174721,-0.575683,3.59
3,21092029,3,157,7505,pedestrian,7553,bike,251.6,253.2,1.6,-6.324081,7.767768,-6.396282,7.698626,2.279
3,21092029,3,158,7513,pedestrian,7553,bike,252,253.8,1.8,-6.380511,7.71902,-6.4686,7.622402,2.398
3,21092029,3,160,7528,bike,7544,pedestrian,253,254.8,1.8,-8.245771,-0.744987,-8.329146,-0.803183,0.4
3,21092029,3,161,7528,bike,7545,pedestrian,253.6,255.4,1.8,-8.331936,-0.80513,-8.415284,-0.863307,0.151
3,21092029,3,162,7534,pedestrian,7543,bike,254.2,255.8,1.6,-8.78771,5.581988,-8.881735,5.516167,2.558
3,21092029,3,163,7528,bike,7539,pedestrian,254.2,255.8,1.6,-8.42038,-0.866864,-8.493495,-0.917898,0.559
3,21092029,3,164,7542,pedestrian,7543,bike,254.8,256.4,1.6,-8.877407,5.519719,-8.974201,5.449411,2.556
3,21092029,3,165,7480,pedestrian,7543,bike,255.8,258.2,2.4,-9.0492,5.399548,-9.295707,5.234602,2.652
3,21092029,3,166,7473,pedestrian,7543,bike,256.2,258.6,2.4,-9.133827,5.340729,-9.368074,5.186788,2.642
3,21092029,3,167,7529,pedestrian,7558,bike,259.2,260.8,1.6,-6.363615,7.726738,-6.285418,7.79578,2.276
3,21092029,3,168,7528,bike,7559,pedestrian,259.6,261.4,1.8,-9.29438,-1.476914,-9.377666,-1.535048,0.404
3,21092029,3,169,7530,pedestrian,7558,bike,259.8,261.4,1.6,-6.279833,7.795764,-6.196167,7.861053,2.15
3,21092029,3,171,7533,pedestrian,7558,bike,260.2,261.8,1.6,-6.203261,7.851201,-6.119596,7.91649,2.14
3,21092029,3,173,7484,pedestrian,7563,car,261.2,262.4,1.2,-3.064831,5.184033,-2.999012,5.112065,3.15
3,21092029,3,170,7513,pedestrian,7558,bike,259.8,262.6,2.8,-6.260182,7.809488,-5.99752,8.005667,2.053
3,21092029,3,174,7493,pedestrian,7563,car,261.6,262.8,1.2,-2.997959,5.104412,-2.931699,5.032134,3.249
3,21092029,3,176,7471,pedestrian,7548,car,262.6,262.8,0.2,-4.287685,0.923332,-4.287685,0.923332,4.957
3,21092029,3,177,7492,pedestrian,7548,car,263,263.2,0.2,-4.202827,0.982791,-4.202827,0.982791,4.913
3,21092029,3,172,7505,pedestrian,7558,bike,260.6,263.4,2.8,-6.129399,7.904747,-5.862498,8.098863,1.924
3,21092029,3,175,7528,bike,7562,pedestrian,262.6,264.4,1.8,-9.773612,-1.81141,-9.865164,-1.875315,0.418
3,21092029,3,178,7484,pedestrian,7564,car,263.2,264.4,1.2,-3.13075,5.262707,-3.067294,5.187142,3.035
3,21092029,3,179,7493,pedestrian,7564,car,263.6,264.8,1.2,-3.06334,5.182438,-2.998651,5.111952,3.175
3,21092029,3,180,7540,pedestrian,7548,car,264.8,265.4,0.6,-3.826325,1.246558,-3.776021,1.281512,4.783
3,21092029,3,186,7467,pedestrian,7548,car,266.6,267.2,0.6,-3.450395,1.509918,-3.422616,1.528899,4.68
3,21092029,3,181,7528,bike,7566,pedestrian,265.6,267.4,1.8,-10.25961,-2.150643,-10.35714,-2.218719,0.138
3,21092029,3,182,7528,bike,7567,pedestrian,266,268,2,-10.337123,-2.204747,-10.446844,-2.281332,0.415
3,21092029,3,183,7534,pedestrian,7553,bike,266.2,268,1.8,-8.308686,5.914609,-8.403246,5.849099,2.57
3,21092029,3,185,7528,bike,7572,pedestrian,266.6,268.4,1.8,-10.426826,-2.267359,-10.523281,-2.334685,0.049
3,21092029,3,187,7542,pedestrian,7553,bike,266.8,268.4,1.6,-8.397404,5.853011,-8.477192,5.797743,2.572
3,21092029,3,190,7474,pedestrian,7548,car,267.8,268.4,0.6,-3.207807,1.679797,-3.180442,1.698483,4.621
3,21092029,3,188,7528,bike,7575,pedestrian,267,269,2,-10.503134,-2.320622,-10.612852,-2.397205,0.396
3,21092029,3,184,7519,pedestrian,7553,bike,266.4,269.2,2.8,-8.337032,5.89493,-8.592534,5.717663,2.571
3,21092029,3,189,7518,pedestrian,7553,bike,267.2,270,2.8,-8.463836,5.80688,-8.725341,5.625439,2.562
3,21092029,3,192,7528,bike,7577,pedestrian,269,270.6,1.6,-10.805162,-2.531437,-10.87876,-2.582809,0.512
3,21092029,3,194,7476,pedestrian,7548,car,270,270.8,0.8,-2.764107,1.990499,-2.722488,2.018933,4.479
3,21092029,3,191,7499,pedestrian,7553,bike,268.2,271,2.8,-8.616134,5.701134,-8.873272,5.521947,2.556
3,21092029,3,193,7528,bike,7579,pedestrian,269.6,271.4,1.8,-10.90357,-2.600126,-10.990289,-2.660655,0.466
3,21092029,3,195,7484,pedestrian,7574,car,273.8,274.8,1,-3.623888,5.605664,-3.55489,5.557885,3.584
3,21092029,3,196,7493,pedestrian,7574,car,274.2,275.2,1,-3.532167,5.549796,-3.464636,5.501733,3.409
3,21092029,3,198,7505,pedestrian,7570,bike,274.8,276.2,1.4,-5.424147,8.405499,-5.510835,8.347986,2.426
3,21092029,3,199,7513,pedestrian,7570,bike,275.2,276.6,1.4,-5.504781,8.347225,-5.584891,8.296362,2.353
3,21092029,3,200,7481,pedestrian,7548,car,275.8,276.6,0.8,-1.595936,2.796123,-1.555207,2.82889,4.27
3,21092029,3,201,7473,pedestrian,7553,bike,278.2,278.4,0.2,-9.813441,4.800245,-9.813441,4.800245,4.871
3,21092029,3,202,7473,pedestrian,7553,bike,278.6,282.4,3.8,-9.825009,4.7921,-9.95098,4.703406,2.868
3,21092029,3,204,7473,pedestrian,7581,bike,281,282.8,1.8,-10.083786,4.6099,-9.981023,4.682253,0.087
3,21092029,3,206,7484,pedestrian,7549,car,282.2,282.8,0.6,-4.060538,5.761497,-4.030667,5.758429,4.653
3,21092029,3,207,7493,pedestrian,7549,car,282.8,283.2,0.4,-3.950839,5.747615,-3.936427,5.746155,4.749
3,21092029,3,205,7480,pedestrian,7581,bike,281.4,283.4,2,-10.005584,4.66496,-9.889976,4.746358,0.266
3,21092029,3,203,7558,bike,7561,pedestrian,280.4,284.2,3.8,-3.982838,8.441469,-3.960427,8.43258,0.141
3,21092029,3,214,7484,pedestrian,7578,car,286,286.6,0.6,-4.255036,5.796533,-4.220414,5.787314,4.568
3,21092029,3,208,7533,pedestrian,7570,bike,284.8,287,2.2,-6.9255,6.874712,-7.132422,6.731537,2.653
3,21092029,3,209,7499,pedestrian,7581,bike,285.2,287,1.8,-9.444103,5.136345,-9.330516,5.193923,2.588
3,21092029,3,211,7518,pedestrian,7581,bike,285.4,287,1.6,-9.406883,5.160939,-9.323423,5.218207,2.713
3,21092029,3,215,7493,pedestrian,7578,car,286.4,287,0.6,-4.15787,5.774068,-4.12301,5.770464,4.611
3,21092029,3,212,7519,pedestrian,7581,bike,285.6,287.2,1.6,-9.366765,5.187352,-9.280823,5.245317,2.665
3,21092029,3,210,7530,pedestrian,7570,bike,285.2,287.6,2.4,-6.994131,6.827229,-7.240526,6.656422,2.61
3,21092029,3,216,7500,pedestrian,7548,car,287,288,1,-2.607189,5.164451,-2.679425,5.233708,4.229
3,21092029,3,213,7529,pedestrian,7570,bike,285.8,288.2,2.4,-7.107542,6.748597,-7.358133,6.574762,2.606
3,21092029,3,218,7534,pedestrian,7570,bike,287.8,289.2,1.4,-7.458476,6.504954,-7.543741,6.445895,2.597
3,21092029,3,219,7542,pedestrian,7570,bike,288.2,289.8,1.6,-7.540156,6.448236,-7.639632,6.379332,2.622
3,21092029,3,220,7500,pedestrian,7549,car,289.6,290.6,1,-2.74918,5.108538,-2.709789,5.036316,4.413
3,21092029,3,217,7558,bike,7576,pedestrian,287.6,291,3.4,-3.517368,8.300831,-3.519989,8.302927,0.168
3,21092029,3,221,7521,pedestrian,7526,car,292,293,1,-10.517996,2.961802,-10.583462,2.9079,4.162
3,21092029,3,225,7476,pedestrian,7551,car,293.2,293.6,0.4,-4.16539,1.009183,-4.157904,1.014246,4.898
3,21092029,3,223,7568,car,7586,pedestrian,292.8,293.8,1,-5.948732,-1.682392,-6.012262,-1.588668,4.86
3,21092029,3,224,7551,car,7557,pedestrian,293.2,294,0.8,-4.171647,1.004746,-4.116103,1.043401,4.896
3,21092029,3,222,7500,pedestrian,7578,car,292.4,294.4,2,-2.876611,5.136344,-2.768758,4.944747,0.592
3,21092029,3,228,7573,car,7586,pedestrian,294.2,295,0.8,-6.020365,-1.576198,-6.062413,-1.514094,4.894
3,21092029,3,226,7477,pedestrian,7565,car,293.6,295.8,2.2,-7.525067,5.907946,-7.414775,6.060425,1.892
3,21092029,3,227,7482,pedestrian,7565,car,293.6,296.2,2.6,-7.497167,5.867564,-7.351507,6.038174,0.272
3,21092029,3,229,7477,pedestrian,7569,car,294.4,296.4,2,-7.532164,5.935395,-7.438988,6.068641,2.769
3,21092029,3,233,7476,pedestrian,7554,car,296,296.4,0.4,-4.330716,0.893371,-4.322773,0.898751,4.976
3,21092029,3,230,7482,pedestrian,7569,car,294.4,296.6,2.2,-7.505251,5.896423,-7.384454,6.033679,0.896
3,21092029,3,231,7529,pedestrian,7581,bike,295.8,297.4,1.6,-7.711189,6.329632,-7.628554,6.386858,2.592
3,21092029,3,232,7477,pedestrian,7581,bike,296,297.4,1.4,-7.622084,6.181941,-7.546696,6.283225,4.142
3,21092029,3,235,7530,pedestrian,7581,bike,296.2,297.8,1.6,-7.636294,6.381646,-7.551107,6.440641,2.619
3,21092029,3,237,7533,pedestrian,7581,bike,296.8,298.4,1.6,-7.549067,6.442195,-7.464383,6.500839,2.605
3,21092029,3,236,7473,pedestrian,7591,bike,296.8,298.8,2,-10.63597,4.221115,-10.522619,4.300924,0.501
3,21092029,3,239,7480,pedestrian,7591,bike,297.4,299.4,2,-10.545675,4.28469,-10.432325,4.364498,0.061
3,21092029,3,234,7487,pedestrian,7558,bike,296.2,299.6,3.4,-2.938038,8.349982,-2.931581,8.349528,0.01
3,21092029,3,241,7554,car,7557,pedestrian,299,300.2,1.2,-3.897964,1.19647,-3.803099,1.26248,4.802
3,21092029,3,240,7542,pedestrian,7581,bike,298.6,301,2.4,-7.235863,6.659667,-7.035345,6.798698,2.611
3,21092029,3,244,7484,pedestrian,7580,car,300,301,1,-4.902924,6.19019,-4.863726,6.150503,4.06
3,21092029,3,245,7493,pedestrian,7580,car,300.4,301.6,1.2,-4.830626,6.131438,-4.777491,6.090272,3.941
3,21092029,3,242,7534,pedestrian,7581,bike,299.2,301.8,2.6,-7.145127,6.722705,-6.900454,6.892078,2.616
3,21092029,3,238,7487,pedestrian,7592,bike,297.2,302,4.8,-2.857735,8.344335,-3.01903,8.382422,0.562
3,21092029,3,249,7481,pedestrian,7551,car,301.4,302.4,1,-3.032454,1.80259,-3.000453,1.824305,4.536
3,21092029,3,246,7499,pedestrian,7591,bike,300.8,302.6,1.8,-10.00126,4.668005,-9.904702,4.73599,0.019
3,21092029,3,247,7519,pedestrian,7591,bike,301.2,303.2,2,-9.937466,4.712921,-9.815457,4.798826,0.349
3,21092029,3,250,7518,pedestrian,7591,bike,301.6,303.4,1.8,-9.871718,4.759213,-9.777011,4.825895,0.29
3,21092029,3,251,7499,pedestrian,7570,bike,303,304.2,1.2,-9.915097,4.728671,-9.952723,4.702179,4.156
3,21092029,3,252,7481,pedestrian,7554,car,304.2,305,0.8,-3.171772,1.704884,-3.146396,1.72212,4.582
3,21092029,3,248,7519,pedestrian,7570,bike,301.4,306.8,5.4,-9.768944,4.831575,-9.951373,4.70313,1.38
3,21092029,3,257,7589,pedestrian,7598,car,309.2,309.4,0.2,-6.218239,-1.282627,-6.218239,-1.282627,4.987
3,21092029,3,256,7500,pedestrian,7580,car,308.8,310.2,1.4,-3.377291,5.442501,-3.308214,5.395095,3.411
3,21092029,3,253,7553,bike,7582,pedestrian,306,310.6,4.6,-10.756435,4.136297,-10.714619,4.16574,0.054
3,21092029,3,258,7551,car,7555,pedestrian,309.6,312.4,2.8,-1.909275,2.58059,-1.647926,2.760105,4.221
3,21092029,3,260,7477,pedestrian,7591,bike,310.8,312.6,1.8,-8.382561,5.790411,-8.297692,5.849262,0.031
3,21092029,3,262,7529,pedestrian,7591,bike,311,312.6,1.6,-8.406812,5.846611,-8.325948,5.902624,2.571
3,21092029,3,263,7530,pedestrian,7591,bike,311.4,313,1.6,-8.329872,5.900048,-8.249858,5.95547,2.596
3,21092029,3,264,7482,pedestrian,7591,bike,311.4,313,1.6,-8.296266,5.850251,-8.221652,5.901991,0.496
3,21092029,3,255,7505,pedestrian,7588,bike,308.8,313.2,4.4,-4.070119,8.48209,-4.086758,8.491235,0.098
3,21092029,3,266,7533,pedestrian,7591,bike,312,313.6,1.6,-8.245172,5.958849,-8.161366,6.016908,2.575
3,21092029,3,267,7561,pedestrian,7581,bike,312,313.6,1.6,-5.391447,8.434904,-5.309765,8.494116,2.614
3,21092029,3,271,7527,pedestrian,7551,car,312.6,313.6,1,-1.502728,2.86404,-1.468748,2.893935,4.456
3,21092029,3,265,7515,pedestrian,7580,car,311.6,313.8,2.2,-2.893304,5.123461,-2.706807,5.021573,2.131
3,21092029,3,259,7513,pedestrian,7588,bike,310,314.4,4.4,-4.131677,8.515923,-4.14631,8.523965,0.067
3,21092029,3,261,7505,pedestrian,7592,bike,311,314.4,3.4,-3.976002,8.438314,-4.030785,8.462032,0.05
3,21092029,3,268,7513,pedestrian,7592,bike,312,315.4,3.4,-4.049985,8.471024,-4.082642,8.488972,0.14
3,21092029,3,272,7576,pedestrian,7581,bike,314,315.4,1.4,-5.08572,8.673492,-5.024966,8.721384,2.602
3,21092029,3,197,7480,pedestrian,7553,bike,274.4,315.6,41.2,-9.583719,4.961989,-11.028809,3.816192,0.138
3,21092029,3,269,7521,pedestrian,7553,bike,312.4,315.6,3.2,-10.991609,3.970715,-11.028449,3.817812,0.334
3,21092029,3,270,7473,pedestrian,7553,bike,312.4,316,3.6,-10.992168,3.968206,-11.024569,3.71239,1.496
3,21092029,3,273,7527,pedestrian,7554,car,315.2,316.2,1,-1.606344,2.788902,-1.569415,2.818571,4.224
3,21092029,3,275,7481,pedestrian,7568,car,316,316.4,0.4,-3.826186,1.246615,-3.815364,1.253994,4.822
3,21092029,3,277,7481,pedestrian,7573,car,316.6,317,0.4,-3.851347,1.228921,-3.836445,1.23912,4.8
3,21092029,3,276,7554,car,7555,pedestrian,316,317.2,1.2,-1.493158,2.8715,-1.401068,2.950752,4.612
3,21092029,3,274,7570,bike,7582,pedestrian,315.4,319.4,4,-10.279661,4.471987,-10.25743,4.487639,0.115
3,21092029,3,278,7500,pedestrian,7565,car,318.4,319.4,1,-3.809707,5.718248,-3.765248,5.679404,4.058
3,21092029,3,280,7500,pedestrian,7569,car,318.8,319.8,1,-3.840891,5.733487,-3.798339,5.695676,4.364
3,21092029,3,279,7568,car,7571,pedestrian,318.6,320,1.4,-3.381711,1.557981,-3.246941,1.651782,4.63
3,21092029,3,281,7571,pedestrian,7573,car,319.8,321.2,1.4,-3.312728,1.606312,-3.173879,1.702932,4.61
3,21092029,3,282,7556,car,7585,pedestrian,321,321.4,0.4,-9.600928,-1.550986,-9.609368,-1.556814,4.914
3,21092029,3,284,7556,car,7587,pedestrian,321.6,322,0.4,-9.680395,-1.606267,-9.688648,-1.611966,4.919
3,21092029,3,287,7556,car,7594,bike,321.8,322.2,0.4,-9.711086,-1.627627,-9.714288,-1.6298,4.933
3,21092029,3,283,7531,pedestrian,7553,bike,321.4,322.8,1.4,-10.295443,2.780321,-10.248261,2.713118,3.446
3,21092029,3,285,7585,pedestrian,7594,bike,321.6,323,1.4,-9.596351,-1.687689,-9.54146,-1.649375,3.713
3,21092029,3,286,7539,pedestrian,7553,bike,321.8,323.2,1.4,-10.243076,2.703552,-10.195894,2.636348,3.446
3,21092029,3,288,7557,pedestrian,7568,car,322.4,323.8,1.4,-2.755986,1.996111,-2.627971,2.085122,4.433
3,21092029,3,289,7557,pedestrian,7573,car,323.4,325,1.6,-2.711013,2.027637,-2.565621,2.128487,4.437
3,21092029,3,295,7556,car,7593,pedestrian,325.2,325.4,0.2,-10.159708,-1.93971,-10.159708,-1.93971,4.955
3,21092029,3,291,7499,pedestrian,7607,bike,324.2,326,1.8,-10.930669,4.013622,-10.825502,4.087669,0.254
3,21092029,3,290,7511,pedestrian,7565,car,323.6,326.2,2.6,-2.909235,5.122531,-2.782546,4.884107,1.332
3,21092029,3,293,7519,pedestrian,7607,bike,324.6,326.4,1.8,-10.851342,4.069475,-10.746174,4.143522,0.115
3,21092029,3,292,7511,pedestrian,7569,car,324.6,326.8,2.2,-2.905992,5.079201,-2.79023,4.869308,2.004
3,21092029,3,296,7518,pedestrian,7607,bike,325.2,327,1.8,-10.758869,4.134584,-10.655473,4.207383,0.432
3,21092029,3,294,7542,pedestrian,7591,bike,325,327.2,2.2,-6.461776,7.632652,-6.304654,7.782102,2.356
3,21092029,3,298,7527,pedestrian,7568,car,326.4,327.4,1,-2.091893,2.454945,-2.043135,2.487961,4.286
3,21092029,3,297,7534,pedestrian,7591,bike,325.4,328,2.6,-6.399492,7.693632,-6.17296,7.877815,2.225
3,21092029,3,299,7527,pedestrian,7573,car,327,328,1,-2.121407,2.434668,-2.072649,2.467683,4.297
3,21092029,3,301,7561,pedestrian,7591,bike,327.4,329,1.6,-6.084402,7.937797,-6.006583,7.998684,2.004
3,21092029,3,302,7576,pedestrian,7591,bike,328.4,330,1.6,-5.919902,8.059657,-5.847477,8.109701,1.887
3,21092029,3,300,7502,pedestrian,7594,bike,327.2,330.8,3.6,-9.351589,-1.516845,-9.366559,-1.527294,0.098
3,21092029,3,304,7495,pedestrian,7568,car,330.4,331,0.6,-1.449961,2.90489,-1.430486,2.922216,4.537
3,21092029,3,305,7495,pedestrian,7573,car,330.8,331.6,0.8,-1.488568,2.874749,-1.447834,2.910154,4.514
3,21092029,3,307,7467,pedestrian,7610,car,331.4,331.8,0.4,-6.189106,-1.325952,-6.173094,-1.349551,4.973
3,21092029,3,311,7556,car,7611,pedestrian,332.2,332.6,0.4,-11.213587,-2.502583,-11.224585,-2.519704,1.58
3,21092029,3,310,7492,pedestrian,7610,car,332.2,332.6,0.4,-6.093245,-1.468294,-6.07861,-1.489819,4.92
3,21092029,3,303,7581,bike,7583,pedestrian,329.6,333.4,3.8,-3.868058,8.392887,-3.850906,8.38477,0.155
3,21092029,3,243,7518,pedestrian,7570,bike,299.6,333.6,34,-9.590728,4.957054,-11.057945,3.924009,0
3,21092029,3,309,7519,pedestrian,7570,bike,332.2,333.6,1.4,-10.995567,3.967928,-11.065163,3.904699,1.728
3,21092029,3,318,7499,pedestrian,7570,bike,333.4,333.6,0.2,-11.079254,3.841386,-11.079254,3.841386,4.398
3,21092029,3,315,7471,pedestrian,7610,car,332.8,333.6,0.8,-6.016167,-1.582863,-5.972261,-1.647436,4.877
3,21092029,3,306,7581,bike,7590,pedestrian,330.8,334.2,3.4,-3.800646,8.368437,-3.797859,8.367554,0.178
3,21092029,3,312,7534,pedestrian,7588,bike,332.4,334.4,2,-5.988252,8.012367,-6.075468,7.9441,1.97
3,21092029,3,314,7477,pedestrian,7607,bike,332.8,334.6,1.8,-9.502229,5.071102,-9.379256,5.114421,1.188
3,21092029,3,308,7582,pedestrian,7607,bike,331.8,334.8,3,-9.61528,4.939767,-9.346782,5.176926,0.793
3,21092029,3,316,7542,pedestrian,7588,bike,333,335,2,-6.070505,7.952469,-6.157722,7.884201,2.074
3,21092029,3,317,7534,pedestrian,7592,bike,333,335,2,-5.963826,8.03017,-6.056704,7.957731,1.904
3,21092029,3,319,7529,pedestrian,7607,bike,333.4,335,1.6,-9.417327,5.154216,-9.322727,5.210611,2.692
3,21092029,3,320,7530,pedestrian,7607,bike,333.6,335,1.4,-9.373802,5.182828,-9.302732,5.231267,2.708
3,21092029,3,326,7609,pedestrian,7610,car,334.6,335.2,0.6,-5.800343,-1.903343,-5.783718,-1.927333,4.759
3,21092029,3,323,7482,pedestrian,7607,bike,334,335.4,1.4,-9.308386,5.226268,-9.239304,5.271875,2.648
3,21092029,3,321,7542,pedestrian,7592,bike,333.6,335.6,2,-6.047774,7.968749,-6.123254,7.90909,2.018
3,21092029,3,325,7533,pedestrian,7607,bike,334.4,335.8,1.4,-9.23743,5.272852,-9.167696,5.317821,2.651
3,21092029,3,313,7576,pedestrian,7588,bike,332.4,336.4,4,-5.988162,8.01243,-6.354982,7.736249,2.085
3,21092029,3,324,7561,pedestrian,7588,bike,334.2,337.4,3.2,-6.237039,7.831256,-6.483249,7.602701,2.311
3,21092029,3,329,7488,pedestrian,7614,bike,335.8,337.6,1.8,-2.777201,8.24201,-2.867095,8.287873,4.568
3,21092029,3,322,7576,pedestrian,7592,bike,333.6,337.8,4.2,-6.057047,7.962272,-6.419197,7.672244,2.157
3,21092029,3,327,7561,pedestrian,7592,bike,335.4,338.4,3,-6.291559,7.791543,-6.519286,7.552495,2.32
3,21092029,3,330,7505,pedestrian,7614,bike,335.8,338.4,2.6,-2.877768,8.376673,-2.934288,8.409056,1.752
3,21092029,3,328,7513,pedestrian,7614,bike,335.8,339.2,3.4,-2.913627,8.359705,-3.011333,8.384775,0.878
3,21092029,3,331,7583,pedestrian,7591,bike,340.4,344.4,4,-4.404903,8.666091,-4.388981,8.65734,0.227
3,21092029,3,333,7535,pedestrian,7568,car,342.2,344.4,2.2,-2.669214,5.023942,-2.721145,5.233794,0.709
3,21092029,3,335,7535,pedestrian,7573,car,342.8,345,2.2,-2.647867,5.03361,-2.694402,5.234155,1.413
3,21092029,3,332,7590,pedestrian,7591,bike,341.4,345.4,4,-4.34813,8.63489,-4.327314,8.623449,0.289
3,21092029,3,337,7553,bike,7585,pedestrian,344.6,346.6,2,-8.276121,-0.766171,-8.373634,-0.834235,0.412
3,21092029,3,338,7553,bike,7587,pedestrian,345.2,347,1.8,-8.362399,-0.826393,-8.449078,-0.886895,0.25
3,21092029,3,336,7508,pedestrian,7551,car,344.4,347.2,2.8,-2.53687,7.444345,-2.393495,7.643219,0.711
3,21092029,3,334,7488,pedestrian,7581,bike,342.2,347.6,5.4,-3.063555,8.343954,-2.850059,8.391754,0.201
3,21092029,3,339,7581,bike,7602,pedestrian,346.4,347.6,1.2,-2.819151,8.424388,-2.812195,8.40967,2.956
3,21092029,3,340,7471,pedestrian,7598,car,348.8,349.6,0.8,-5.5337,-2.298267,-5.564621,-2.253425,4.664
3,21092029,3,342,7492,pedestrian,7598,car,349.4,350,0.6,-5.598704,-2.202057,-5.621169,-2.169372,4.682
3,21092029,3,343,7598,car,7622,pedestrian,349.4,350.4,1,-5.608737,-2.186935,-5.672913,-2.09256,4.678
3,21092029,3,345,7467,pedestrian,7598,car,349.8,350.4,0.6,-5.65435,-2.119364,-5.673579,-2.091556,4.691
3,21092029,3,341,7561,pedestrian,7607,bike,349,350.8,1.8,-6.745385,7.018516,-6.681093,7.118376,2.377
3,21092029,3,346,7474,pedestrian,7598,car,350.2,350.8,0.6,-5.709379,-2.037596,-5.728275,-2.010292,4.722
3,21092029,3,348,7585,pedestrian,7594,bike,350.6,350.8,0.2,-8.188901,-0.694979,-8.188901,-0.694979,4.992
3,21092029,3,344,7576,pedestrian,7607,bike,349.6,351.2,1.6,-6.685073,7.098782,-6.649303,7.19501,2.614
3,21092029,3,347,7598,car,7619,pedestrian,350.4,351.2,0.8,-5.73467,-2.00007,-5.78405,-1.927409,4.746
3,21092029,3,349,7476,pedestrian,7598,car,350.8,351.2,0.4,-5.774518,-1.941188,-5.783448,-1.928315,4.768
3,21092029,3,351,7598,car,7618,pedestrian,351.2,352,0.8,-5.837073,-1.848082,-5.886453,-1.77542,4.805
3,21092029,3,350,7585,pedestrian,7594,bike,351,353.6,2.6,-8.190511,-0.681388,-8.084784,-0.51945,2.88
3,21092029,3,352,7484,pedestrian,7605,car,352.4,353.6,1.2,-7.342042,5.88822,-7.454694,5.847595,4.117
3,21092029,3,254,7587,pedestrian,7594,bike,307.4,354,46.6,-10.408122,-2.254304,-8.026323,-0.540651,0.351
3,21092029,3,353,7582,pedestrian,7588,bike,352.8,354.8,2,-8.492351,5.714281,-8.572838,5.658468,0.024
3,21092029,3,354,7582,pedestrian,7592,bike,353.4,355.4,2,-8.455765,5.73965,-8.536253,5.683838,0.315
3,21092029,3,356,7587,pedestrian,7594,bike,354.2,355.4,1.2,-8.041585,-0.505685,-8.112783,-0.406946,4.719
3,21092029,3,355,7553,bike,7604,pedestrian,354,355.8,1.8,-9.750057,-1.794976,-9.837454,-1.855978,0.186
3,21092029,3,357,7553,bike,7606,pedestrian,354.6,356.4,1.8,-9.834325,-1.853794,-9.919427,-1.913196,0.358
3,21092029,3,359,7585,pedestrian,7594,bike,355,356.6,1.6,-8.13545,-0.371936,-8.234493,-0.233249,4.544
3,21092029,3,358,7553,bike,7608,pedestrian,355,356.8,1.8,-9.912796,-1.908567,-10.000193,-1.96957,0.442
3,21092029,3,360,7477,pedestrian,7625,bike,355.6,357.4,1.8,-10.71592,4.164823,-10.639249,4.218807,0.266
3,21092029,3,361,7553,bike,7611,pedestrian,355.6,357.4,1.8,-9.993299,-1.964758,-10.083302,-2.02758,0.142
3,21092029,3,362,7553,bike,7613,pedestrian,356,358,2,-10.070678,-2.018768,-10.172385,-2.08976,0.532
3,21092029,3,363,7553,bike,7612,pedestrian,356.6,358.4,1.8,-10.15549,-2.077967,-10.247428,-2.14214,0.016
3,21092029,3,364,7529,pedestrian,7625,bike,357.4,359.8,2.4,-10.450602,4.35163,-10.382531,4.399558,0.147
3,21092029,3,365,7553,bike,7616,pedestrian,357.8,359.8,2,-10.355993,-2.217918,-10.452512,-2.285288,0.468
3,21092029,3,371,7534,pedestrian,7614,bike,359.2,360.4,1.2,-4.964631,8.768952,-5.052801,8.699924,2.62
3,21092029,3,370,7542,pedestrian,7614,bike,359.2,360.6,1.4,-4.984383,8.753144,-5.099474,8.662389,2.608
3,21092029,3,369,7553,bike,7620,pedestrian,359,360.8,1.8,-10.534123,-2.342253,-10.619662,-2.401959,0.127
3,21092029,3,366,7530,pedestrian,7625,bike,357.8,361,3.2,-10.379334,4.401809,-10.328888,4.437327,0.058
3,21092029,3,373,7590,pedestrian,7614,bike,359.4,361,1.6,-5.029036,8.718083,-5.188558,8.590799,2.665
3,21092029,3,374,7583,pedestrian,7607,bike,359.6,361.2,1.6,-5.24117,8.548571,-5.157716,8.616305,2.65
3,21092029,3,375,7583,pedestrian,7614,bike,359.8,361.6,1.8,-5.107639,8.656523,-5.313709,8.493542,2.625
3,21092029,3,376,7590,pedestrian,7607,bike,360,361.6,1.6,-5.177506,8.599626,-5.086825,8.672894,2.611
3,21092029,3,368,7482,pedestrian,7625,bike,358.4,362.2,3.8,-10.292066,4.463253,-10.282131,4.470248,0.086
3,21092029,3,379,7477,pedestrian,7626,bike,360.8,362.4,1.6,-10.979247,3.979419,-10.90694,4.030329,0.066
3,21092029,3,377,7542,pedestrian,7607,bike,360.4,362.6,2.2,-5.108605,8.655004,-4.924683,8.800134,2.608
3,21092029,3,378,7553,bike,7624,pedestrian,360.8,362.8,2,-10.829157,-2.548185,-10.931058,-2.619312,0.48
3,21092029,3,372,7533,pedestrian,7625,bike,359.2,363.6,4.4,-10.222376,4.51232,-10.227087,4.509003,0.207
3,21092029,3,382,7529,pedestrian,7626,bike,362.6,364.4,1.8,-10.682921,4.188058,-10.592809,4.251504,0.247
3,21092029,3,380,7534,pedestrian,7607,bike,361,364.6,3.6,-5.019087,8.727065,-4.755466,8.858647,2.677
3,21092029,3,383,7530,pedestrian,7626,bike,363,365,2,-10.606778,4.241669,-10.506248,4.31245,0.426
3,21092029,3,384,7588,bike,7601,pedestrian,363,365.2,2.2,-9.949041,4.704771,-10.046712,4.636003,0.163
3,21092029,3,385,7482,pedestrian,7626,bike,363.6,365.4,1.8,-10.519371,4.303211,-10.430951,4.365466,0.034
3,21092029,3,386,7592,bike,7601,pedestrian,363.6,365.8,2.2,-9.929201,4.71874,-10.019894,4.654885,0.368
3,21092029,3,387,7533,pedestrian,7626,bike,364,366,2,-10.447005,4.354162,-10.341852,4.428199,0.559
3,21092029,3,381,7508,pedestrian,7591,bike,361.2,367.4,6.2,-3.134446,8.339063,-2.785149,8.431737,3.716
3,21092029,3,388,7515,pedestrian,7591,bike,365,368,3,-2.89673,8.312059,-2.87654,8.345657,0.063
3,21092029,3,391,7527,pedestrian,7598,car,371.2,371.6,0.4,-3.993935,1.129191,-3.979173,1.139317,4.869
3,21092029,3,390,7601,pedestrian,7626,bike,367.6,372,4.4,-9.942337,4.709492,-9.762623,4.836025,1.608
3,21092029,3,393,7495,pedestrian,7598,car,372.2,372.6,0.4,-3.8139,1.255153,-3.800541,1.264284,4.791
3,21092029,3,392,7511,pedestrian,7596,car,371.8,372.8,1,-5.011712,6.278611,-4.988508,6.253954,4.492
3,21092029,3,395,7582,pedestrian,7614,bike,372.6,373.8,1.2,-7.550031,6.282464,-7.644204,6.178928,3.814
3,21092029,3,394,7576,pedestrian,7614,bike,372.2,374,1.8,-7.539275,6.448848,-7.750994,6.301997,2.595
3,21092029,3,396,7561,pedestrian,7614,bike,372.8,374.6,1.8,-7.670118,6.35801,-7.88558,6.208544,2.588
3,21092029,3,398,7561,pedestrian,7614,bike,375,375.8,0.8,-7.923757,6.182046,-7.952329,6.162208,4.927
3,21092029,3,399,7561,pedestrian,7614,bike,376,376.2,0.2,-7.969203,6.150489,-7.969203,6.150489,4.933
3,21092029,3,400,7539,pedestrian,7605,car,376.4,377.2,0.8,-11.478534,2.593316,-11.544918,2.554331,4.439
3,21092029,3,402,7561,pedestrian,7614,bike,377,377.6,0.6,-8.015518,6.11833,-8.032827,6.106311,4.941
3,21092029,3,405,7561,pedestrian,7614,bike,377.8,378.4,0.6,-8.05144,6.093387,-8.069184,6.081066,4.946
3,21092029,3,406,7481,pedestrian,7610,car,378,378.4,0.4,-5.899918,-1.754941,-5.907991,-1.743307,4.842
3,21092029,3,389,7533,pedestrian,7588,bike,365.8,378.6,12.8,-10.338845,4.430317,-11.045514,3.932762,1.276
3,21092029,3,404,7482,pedestrian,7588,bike,377.4,378.6,1.2,-10.998108,3.966139,-11.055909,3.910065,2.264
3,21092029,3,409,7530,pedestrian,7588,bike,378.4,378.6,0.2,-11.070379,3.84505,-11.070379,3.84505,4.958
3,21092029,3,367,7601,pedestrian,7625,bike,358,378.6,20.6,-10.349367,4.422908,-9.352548,5.169254,0.714
3,21092029,3,403,7589,pedestrian,7598,car,377.2,378.6,1.4,-2.828486,1.945415,-2.678483,2.049735,4.454
3,21092029,3,401,7601,pedestrian,7626,bike,376.6,379.6,3,-9.566163,4.98602,-9.322243,5.209277,1.409
3,21092029,3,413,7561,pedestrian,7614,bike,379.4,379.6,0.2,-8.123718,6.043199,-8.123718,6.043199,4.953
3,21092029,3,407,7554,car,7582,pedestrian,378,380,2,-7.329116,5.979412,-7.425666,5.848581,2.918
3,21092029,3,408,7533,pedestrian,7592,bike,378.2,380.4,2.2,-10.969542,3.986252,-11.022632,3.80393,0.511
3,21092029,3,411,7582,pedestrian,7615,car,379,380.4,1.4,-7.324569,5.944835,-7.396909,5.8524,3.864
3,21092029,3,414,7561,pedestrian,7614,bike,380,380.4,0.4,-8.151421,6.023964,-8.160075,6.017954,4.958
3,21092029,3,410,7482,pedestrian,7592,bike,378.6,380.6,2,-11.015263,3.933245,-11.025399,3.709464,1.548
3,21092029,3,412,7530,pedestrian,7592,bike,379.2,380.6,1.4,-11.095739,3.810554,-11.038961,3.648531,3.794
3,21092029,3,416,7561,pedestrian,7614,bike,380.6,380.8,0.2,-8.179123,6.004729,-8.179123,6.004729,4.999
3,21092029,3,415,7503,pedestrian,7598,car,380.6,381.4,0.8,-2.19758,2.382152,-2.154522,2.411319,4.312
3,21092029,3,417,7509,pedestrian,7598,car,381,381.8,0.8,-2.115637,2.438548,-2.071748,2.468292,4.306
3,21092029,3,418,7561,pedestrian,7614,bike,381.2,381.8,0.6,-8.205521,5.986398,-8.223699,5.973775,4.964
3,21092029,3,419,7561,pedestrian,7614,bike,382,382.8,0.8,-8.241877,5.961153,-8.26958,5.941918,4.969
3,21092029,3,420,7482,pedestrian,7594,bike,382.2,383.4,1.2,-11.030056,3.655856,-11.083977,3.705868,4.136
3,21092029,3,421,7484,pedestrian,7625,bike,382.2,384,1.8,-8.594784,5.643251,-8.510083,5.701984,0.11
3,21092029,3,422,7533,pedestrian,7594,bike,382.2,384,1.8,-11.017021,3.714423,-11.102618,3.797481,2.634
3,21092029,3,426,7561,pedestrian,7614,bike,384.2,384.4,0.2,-8.341858,5.89173,-8.341858,5.89173,4.982
3,21092029,3,423,7493,pedestrian,7625,bike,382.6,384.6,2,-8.52061,5.694684,-8.425322,5.76076,0.209
3,21092029,3,424,7484,pedestrian,7626,bike,382.8,384.8,2,-8.627476,5.620581,-8.530689,5.687695,0.387
3,21092029,3,432,7561,pedestrian,7614,bike,384.8,385,0.2,-8.369125,5.872796,-8.369125,5.872796,4.986
3,21092029,3,425,7493,pedestrian,7626,bike,383.4,385.2,1.8,-8.541531,5.680177,-8.457145,5.738693,0.09
3,21092029,3,429,7481,pedestrian,7632,car,384.6,385.6,1,-5.676459,-2.087324,-5.608653,-2.187155,4.68
3,21092029,3,427,7561,pedestrian,7625,bike,384.2,385.8,1.6,-8.333441,5.897566,-8.259087,5.949066,2.583
3,21092029,3,433,7561,pedestrian,7614,bike,385.2,385.8,0.6,-8.387304,5.860173,-8.405482,5.847551,4.988
3,21092029,3,428,7540,pedestrian,7596,car,384.4,386,1.6,-3.410952,5.466408,-3.36556,5.43581,3.385
3,21092029,3,430,7576,pedestrian,7625,bike,384.8,386.4,1.6,-8.249035,5.956169,-8.17468,6.007669,2.606
3,21092029,3,436,7561,pedestrian,7614,bike,386.2,386.4,0.2,-8.432749,5.828617,-8.432749,5.828617,4.994
3,21092029,3,431,7561,pedestrian,7626,bike,384.8,386.6,1.8,-8.36603,5.874942,-8.281053,5.933799,2.568
3,21092029,3,434,7576,pedestrian,7626,bike,385.4,387,1.6,-8.280875,5.934065,-8.209048,5.983805,2.591
3,21092029,3,437,7561,pedestrian,7614,bike,387,387.2,0.2,-8.469106,5.803372,-8.469106,5.803372,4.999
3,21092029,3,435,7481,pedestrian,7635,car,386.2,387.4,1.2,-5.618272,-2.173773,-5.535338,-2.295896,4.645
3,21092029,3,438,7607,bike,7621,pedestrian,387.4,391.6,4.2,-3.069332,8.367272,-3.014719,8.345424,0.13
3,21092029,3,441,7540,pedestrian,7629,car,392.4,393.4,1,-3.845535,5.733843,-3.787149,5.689609,4.264
3,21092029,3,439,7601,pedestrian,7614,bike,391,393.8,2.8,-8.830999,5.55193,-8.88066,5.516665,2.55
3,21092029,3,397,7493,pedestrian,7614,bike,374.2,396.8,22.6,-7.960258,6.083248,-9.149522,5.296458,0.393
3,21092029,3,440,7484,pedestrian,7614,bike,391.8,396.8,5,-8.870037,5.450837,-9.182175,5.309127,2.064
3,21092029,3,442,7583,pedestrian,7625,bike,396.2,398,1.8,-6.646681,7.209486,-6.62577,7.309577,2.53
3,21092029,3,444,7484,pedestrian,7594,bike,396.4,398,1.6,-9.166308,5.319506,-9.092264,5.369448,2.696
3,21092029,3,443,7493,pedestrian,7594,bike,396.4,398.4,2,-9.134607,5.298929,-9.036436,5.408809,2.424
3,21092029,3,446,7590,pedestrian,7625,bike,396.8,398.4,1.6,-6.620047,7.309741,-6.596759,7.391108,2.439
3,21092029,3,445,7583,pedestrian,7626,bike,396.8,398.6,1.8,-6.659512,7.172843,-6.633433,7.272313,2.596
3,21092029,3,447,7590,pedestrian,7626,bike,397.4,399,1.6,-6.628031,7.270681,-6.61268,7.358971,2.459
3,21092029,3,451,7609,pedestrian,7610,car,398.6,399.4,0.8,-4.131765,1.032726,-4.064094,1.079781,4.887
3,21092029,3,448,7561,pedestrian,7594,bike,397.8,399.6,1.8,-8.94914,5.467542,-8.866143,5.527526,2.557
3,21092029,3,453,7592,bike,7613,pedestrian,399.2,399.8,0.6,-8.196841,-0.287267,-8.174141,-0.317074,4.548
3,21092029,3,449,7576,pedestrian,7594,bike,398.4,400,1.6,-8.864835,5.528283,-8.792555,5.578636,2.604
3,21092029,3,450,7592,bike,7604,pedestrian,398.4,400,1.6,-8.241594,-0.141375,-8.102623,-0.264262,1.643
3,21092029,3,452,7592,bike,7608,pedestrian,398.6,400,1.4,-8.252775,-0.18014,-8.143048,-0.291877,3.493
3,21092029,3,454,7592,bike,7612,pedestrian,399.6,400.2,0.6,-8.136906,-0.372321,-8.114603,-0.401539,4.639
3,21092029,3,456,7592,bike,7616,pedestrian,401.4,403,1.6,-8.151735,-0.679388,-8.263881,-0.757628,0.664
3,21092029,3,455,7594,bike,7601,pedestrian,400.2,403.2,3,-8.591015,5.718714,-8.320249,5.906584,2.567
3,21092029,3,459,7503,pedestrian,7610,car,403.4,404.2,0.8,-3.291577,1.621091,-3.253899,1.646876,4.638
3,21092029,3,460,7509,pedestrian,7610,car,403.8,404.6,0.8,-3.215247,1.6746,-3.175095,1.702139,4.594
3,21092029,3,457,7592,bike,7603,pedestrian,403.2,404.8,1.6,-8.533049,-0.945506,-8.649907,-1.027073,0.459
3,21092029,3,458,7484,pedestrian,7638,bike,403.4,405.2,1.8,-9.486083,5.095595,-9.374068,5.138412,1.677
3,21092029,3,461,7493,pedestrian,7638,bike,403.8,405.6,1.8,-9.442442,5.13776,-9.328716,5.205934,2.728
3,21092029,3,462,7592,bike,7624,pedestrian,404.8,406.4,1.6,-8.867938,-1.179259,-8.984253,-1.260446,0.597
3,21092029,3,463,7561,pedestrian,7638,bike,404.8,406.4,1.6,-9.271638,5.250408,-9.193189,5.301327,2.647
3,21092029,3,464,7592,bike,7627,pedestrian,405.2,406.8,1.6,-8.952587,-1.238343,-9.068902,-1.31953,0.695
3,21092029,3,465,7576,pedestrian,7638,bike,405.2,406.8,1.6,-9.206007,5.293505,-9.136425,5.338508,2.675
3,21092029,3,466,7500,pedestrian,7594,bike,405.2,407.2,2,-7.783833,6.205587,-7.689111,6.271264,0.245
3,21092029,3,467,7592,bike,7628,pedestrian,406,407.4,1.4,-9.110008,-1.348223,-9.204171,-1.413949,0.025
3,21092029,3,468,7535,pedestrian,7610,car,407.8,408.6,0.8,-2.538389,2.147743,-2.505069,2.170217,4.389
3,21092029,3,470,7555,pedestrian,7645,bike,409.4,409.8,0.4,-2.767597,8.428804,-2.766016,8.432549,4.344
3,21092029,3,469,7592,bike,7631,pedestrian,408.6,410,1.4,-9.663668,-1.734677,-9.759388,-1.801489,0.361
3,21092029,3,473,7542,pedestrian,7645,bike,409.4,411,1.6,-2.82837,8.400047,-2.81619,8.426788,2.526
3,21092029,3,474,7583,pedestrian,7594,bike,409.6,411.2,1.6,-7.18523,6.694822,-7.111952,6.745543,2.624
3,21092029,3,472,7554,car,7643,pedestrian,409.4,411.4,2,-11.240906,2.725132,-11.378641,2.777893,1.977
3,21092029,3,475,7590,pedestrian,7594,bike,410,411.4,1.4,-7.12368,6.737595,-7.078112,6.76905,2.614
3,21092029,3,476,7615,car,7643,pedestrian,410.2,412,1.8,-11.231433,2.752006,-11.359776,2.802337,3.082
3,21092029,3,477,7540,pedestrian,7636,car,411.2,412.2,1,-4.891296,6.181163,-4.845929,6.138126,4.006
3,21092029,3,479,7554,car,7617,pedestrian,412.4,412.8,0.4,-11.574952,2.543946,-11.591658,2.54631,4.912
3,21092029,3,481,7615,car,7617,pedestrian,412.6,413.2,0.6,-11.517262,2.566547,-11.550674,2.571275,3.896
3,21092029,3,471,7534,pedestrian,7645,bike,409.4,413.2,3.8,-2.897228,8.367464,-2.917281,8.411919,1.649
3,21092029,3,480,7595,pedestrian,7610,car,412.4,413.4,1,-1.719785,2.710918,-1.676818,2.73987,4.205
3,21092029,3,478,7500,pedestrian,7638,bike,412.2,414,1.8,-8.086264,5.995872,-7.9984,6.0568,0.076
3,21092029,3,483,7592,bike,7641,pedestrian,413.6,415.2,1.6,-10.725082,-2.475541,-10.83918,-2.555181,0.538
3,21092029,3,482,7601,pedestrian,7638,bike,412.6,415.6,3,-8.061777,6.086204,-7.784591,6.278526,2.586
3,21092029,3,484,7583,pedestrian,7638,bike,416.2,417.8,1.6,-7.50146,6.475263,-7.424976,6.528217,2.601
3,21092029,3,485,7590,pedestrian,7638,bike,416.8,418.4,1.6,-7.414834,6.535399,-7.342935,6.585165,2.644
3,21092029,3,486,7621,pedestrian,7625,bike,417,421.4,4.4,-4.303332,8.610266,-4.272204,8.593158,0.213
3,21092029,3,488,7571,pedestrian,7636,car,420.2,421.4,1.2,-3.155221,5.283163,-3.108151,5.227247,3.175
3,21092029,3,487,7621,pedestrian,7626,bike,418.2,422.6,4.4,-4.352405,8.637237,-4.320478,8.61969,0.129
3,21092029,3,489,7586,pedestrian,7636,car,421.6,423.6,2,-2.841095,5.141506,-2.765306,4.946648,1.292
3,21092029,3,490,7594,bike,7621,pedestrian,427.8,431.8,4,-4.730848,8.790226,-4.677068,8.81565,0.17
3,21092029,3,491,7621,pedestrian,7638,bike,435,437,2,-4.943298,8.787628,-4.852071,8.847783,2.674
3,21092029,3,492,7582,pedestrian,7648,car,436.8,437.6,0.8,-4.370437,5.850715,-4.271388,5.80666,4.403
3,21092029,3,493,7571,pedestrian,7648,car,437.2,437.8,0.6,-4.262816,5.80023,-4.219319,5.790241,4.51
3,21092029,3,494,7544,pedestrian,7655,bike,438.2,439.6,1.4,-2.822689,8.402735,-2.824827,8.423372,2.617
3,21092029,3,495,7544,pedestrian,7657,bike,439.6,440.2,0.6,-2.778713,8.423544,-2.779052,8.430397,3.918
3,21092029,3,498,7562,pedestrian,7648,car,443,444,1,-2.877205,4.941186,-2.789127,4.872718,3.866
3,21092029,3,500,7595,pedestrian,7632,car,443.4,444,0.6,-3.754535,1.2969,-3.72939,1.314042,4.766
3,21092029,3,496,7625,bike,7647,pedestrian,442.4,444.4,2,-2.853351,8.419355,-2.847905,8.391947,2.295
3,21092029,3,501,7625,bike,7650,pedestrian,443.6,444.4,0.8,-2.793815,8.427536,-2.788145,8.420224,3.682
3,21092029,3,503,7622,pedestrian,7632,car,444.4,445.4,1,-3.558488,1.434207,-3.464272,1.499642,4.692
3,21092029,3,504,7595,pedestrian,7635,car,445.6,446,0.4,-3.886902,1.204106,-3.87486,1.21231,4.842
3,21092029,3,499,7626,bike,7647,pedestrian,443.2,446.4,3.2,-2.909983,8.411327,-2.903894,8.365856,1.6
3,21092029,3,502,7626,bike,7650,pedestrian,444.4,446.4,2,-2.853594,8.421126,-2.84966,8.391519,2.271
3,21092029,3,497,7647,pedestrian,7657,bike,442.6,446.8,4.2,-2.879665,8.418203,-3.118014,8.352454,4.803
3,21092029,3,505,7622,pedestrian,7635,car,448.2,449.2,1,-3.388532,1.553177,-3.296441,1.617144,4.639
3,21092029,3,508,7561,pedestrian,7659,bike,449.6,450.4,0.8,-11.071973,3.88206,-11.038032,3.89234,2.497
3,21092029,3,506,7619,pedestrian,7632,car,449.4,450.6,1.2,-2.598388,2.106289,-2.475857,2.190381,4.401
3,21092029,3,507,7576,pedestrian,7659,bike,449.6,450.8,1.2,-11.055485,3.925741,-11.00237,3.95776,0.578
3,21092029,3,510,7545,pedestrian,7632,car,450.4,451.2,0.8,-2.411114,2.235318,-2.37057,2.262736,4.371
3,21092029,3,509,7618,pedestrian,7632,car,450.2,451.4,1.2,-2.447017,2.210639,-2.325571,2.293728,4.368
3,21092029,3,512,7545,pedestrian,7635,car,452.8,453.4,0.6,-2.540034,2.146589,-2.514072,2.16414,4.389
3,21092029,3,511,7621,pedestrian,7645,bike,450.6,454,3.4,-5.336974,8.472248,-5.611874,8.278442,2.427
3,21092029,3,513,7619,pedestrian,7635,car,453.4,454.8,1.4,-2.405414,2.239323,-2.262881,2.336847,4.35
3,21092029,3,514,7618,pedestrian,7635,car,454.2,455.6,1.4,-2.256063,2.342049,-2.113529,2.439573,4.317
3,21092029,3,515,7647,pedestrian,7660,car,454.4,456.8,2.4,-2.630946,8.185922,-2.796343,8.044989,0.636
3,21092029,3,516,7650,pedestrian,7660,car,454.8,457,2.2,-2.685746,8.217731,-2.831957,8.07718,1.716
3,21092029,3,517,7500,pedestrian,7659,bike,457.2,459.6,2.4,-10.001713,4.667686,-9.913639,4.729697,0.355
3,21092029,3,518,7601,pedestrian,7645,bike,457.8,459.6,1.8,-6.300281,7.78485,-6.367078,7.724252,2.246
3,21092029,3,519,7540,pedestrian,7651,car,460,462,2,-7.338912,5.982523,-7.531079,5.924656,0.322
3,21092029,3,520,7583,pedestrian,7659,bike,461.2,463.4,2.2,-9.528899,5.032095,-9.426972,5.071749,0.364
3,21092029,3,521,7590,pedestrian,7659,bike,461.8,463.8,2,-9.47924,5.100032,-9.382186,5.121638,1.708
3,21092029,3,522,7511,pedestrian,7659,bike,463.8,465.8,2,-9.223376,5.282083,-9.150753,5.32885,2.659
3,21092029,3,524,7582,pedestrian,7632,car,466.2,467.2,1,-2.772459,5.015304,-2.813556,5.115525,4.539
3,21092029,3,523,7643,pedestrian,7659,bike,466,471,5,-8.93939,5.474395,-8.499529,5.782093,2.555
3,21092029,3,525,7582,pedestrian,7635,car,469,471.2,2.2,-2.671354,5.018337,-2.748618,5.242811,0.08
3,21092029,3,527,7540,pedestrian,7659,bike,472.8,475,2.2,-8.039472,6.028319,-7.965682,6.079488,0.227
3,21092029,3,528,7601,pedestrian,7655,bike,474,475.8,1.8,-5.5963,8.282285,-5.696627,8.220125,2.176
3,21092029,3,529,7601,pedestrian,7657,bike,476.4,478.2,1.8,-5.496337,8.353264,-5.591941,8.292156,2.327
3,21092029,3,530,7643,pedestrian,7645,bike,476.8,479.8,3,-8.155932,6.020681,-8.14744,6.026724,2.589
3,21092029,3,531,7621,pedestrian,7655,bike,478.6,481,2.4,-6.3459,7.7515,-6.520576,7.55152,2.366
3,21092029,3,532,7621,pedestrian,7657,bike,482.6,485,2.4,-6.466573,7.631734,-6.597362,7.409886,2.675
3,21092029,3,533,7503,pedestrian,7654,car,485.6,486,0.4,-5.984791,-1.628873,-5.992877,-1.617194,4.868
3,21092029,3,535,7509,pedestrian,7654,car,486.2,486.6,0.4,-6.045437,-1.538994,-6.052964,-1.528157,4.921
3,21092029,3,534,7503,pedestrian,7653,car,486.2,486.8,0.6,-5.963878,-1.659887,-5.980049,-1.636528,4.861
3,21092029,3,538,7535,pedestrian,7654,car,486.8,487,0.2,-6.104068,-1.452151,-6.104068,-1.452151,4.928
3,21092029,3,537,7509,pedestrian,7653,car,486.8,487.2,0.4,-6.023964,-1.57085,-6.032609,-1.558328,4.913
3,21092029,3,539,7535,pedestrian,7653,car,487.2,487.6,0.4,-6.073309,-1.497496,-6.080835,-1.486659,4.919
3,21092029,3,536,7621,pedestrian,7659,bike,486.4,488.2,1.8,-6.610832,7.354431,-6.580063,7.433224,2.362
3,21092029,3,540,7643,pedestrian,7655,bike,487.8,489.4,1.6,-7.519327,6.462699,-7.593571,6.411315,2.628
3,21092029,3,541,7643,pedestrian,7657,bike,490.4,491.8,1.4,-7.378691,6.56035,-7.439555,6.51823,2.6
3,21092029,3,543,7585,pedestrian,7660,car,491.2,492.6,1.4,-2.822274,5.135487,-2.71615,5.073112,4.122
3,21092029,3,542,7587,pedestrian,7660,car,490.8,493.2,2.4,-2.904467,5.120722,-2.708855,5.008358,1.704
3,21092029,3,544,7571,pedestrian,7657,bike,492.4,494,1.6,-7.570281,6.224915,-7.711308,6.190129,3.658
3,21092029,3,526,7540,pedestrian,7645,bike,471,495.4,24.4,-7.75967,6.222341,-9.138645,5.315523,0.386
3,21092029,3,546,7583,pedestrian,7677,bike,494.6,496.4,1.8,-10.994987,3.968337,-10.92733,4.015973,0.174
3,21092029,3,545,7601,pedestrian,7662,bike,493.8,496.8,3,-4.788407,8.861287,-4.847601,8.794262,1.544
3,21092029,3,547,7590,pedestrian,7677,bike,494.8,497,2.2,-10.935768,4.010032,-10.851197,4.069577,0.129
3,21092029,3,548,7511,pedestrian,7677,bike,496.6,498.8,2.2,-10.696976,4.178162,-10.61338,4.237021,0.076
3,21092029,3,549,7540,pedestrian,7655,bike,497.4,500.2,2.8,-9.088856,5.371933,-9.37358,5.183093,2.648
3,21092029,3,550,7540,pedestrian,7657,bike,502.6,506.6,4,-9.334926,5.192027,-9.598812,4.951363,0.18
3,21092029,3,551,7540,pedestrian,7677,bike,505.2,507.6,2.4,-9.575893,4.967499,-9.4708,5.041494,0.127
3,21092029,3,552,7511,pedestrian,7645,bike,508.2,509,0.8,-11.028784,3.910091,-11.073178,3.864748,3.472
3,21092029,3,553,7643,pedestrian,7662,bike,508.4,510.2,1.8,-6.55063,7.497276,-6.58506,7.432636,2.678
3,21092029,3,555,7602,pedestrian,7654,car,509.8,510.4,0.6,-3.598157,1.406278,-3.574669,1.422342,4.741
3,21092029,3,556,7559,pedestrian,7654,car,510.2,510.8,0.6,-3.521002,1.460402,-3.49847,1.475788,4.693
3,21092029,3,557,7602,pedestrian,7653,car,510.4,511,0.6,-3.628752,1.384877,-3.605264,1.40094,4.74
3,21092029,3,558,7559,pedestrian,7653,car,510.8,511.4,0.6,-3.551597,1.439,-3.526081,1.456431,4.704
3,21092029,3,559,7571,pedestrian,7677,bike,511.6,513.6,2,-8.740008,5.542548,-8.676906,5.586305,0.421
3,21092029,3,554,7601,pedestrian,7676,bike,509.6,513.8,4.2,-4.07571,8.485163,-4.087569,8.491681,0.059
3,21092029,3,561,7567,pedestrian,7682,bike,511.8,515.8,4,-2.79053,8.273293,-2.977274,8.347951,2.871
3,21092029,3,562,7562,pedestrian,7682,bike,511.8,518,6.2,-2.815845,8.332705,-3.139789,8.343766,0.412
3,21092029,3,563,7659,bike,7672,pedestrian,516.6,520.4,3.8,-4.032127,8.462247,-4.064665,8.479092,0.227
3,21092029,3,564,7621,pedestrian,7662,bike,517.2,520.4,3.2,-7.446577,6.513211,-7.703117,6.335246,2.602
3,21092029,3,566,7621,pedestrian,7677,bike,520,522,2,-7.690683,6.343875,-7.605784,6.402668,2.593
3,21092029,3,565,7659,bike,7673,pedestrian,518.6,522.6,4,-3.927831,8.418784,-3.960466,8.432405,0.185
3,21092029,3,567,7601,pedestrian,7682,bike,520.6,524.4,3.8,-3.542039,8.302553,-3.574723,8.305545,0.1
3,21092029,3,568,7511,pedestrian,7669,car,524.6,526,1.4,-11.252486,2.814759,-11.39164,2.768119,3.466
3,21092029,3,560,7675,pedestrian,7682,bike,511.8,526.4,14.6,-2.842369,8.393423,-3.708429,8.339218,0.396
3,21092029,3,570,7590,pedestrian,7669,car,525.4,526.8,1.4,-11.433138,2.619426,-11.573073,2.544322,4.28
3,21092029,3,569,7659,bike,7675,pedestrian,524.8,529.2,4.4,-3.631506,8.314834,-3.643863,8.318739,0.172
3,21092029,3,571,7643,pedestrian,7676,bike,529,530.6,1.6,-5.466228,8.375139,-5.529281,8.33546,2.415
3,21092029,3,572,7511,pedestrian,7635,car,529,531.4,2.4,-11.278739,2.696608,-11.558948,2.605063,1.614
3,21092029,3,573,7659,bike,7678,pedestrian,532,536,4,-3.282398,8.315369,-3.308001,8.310523,0.137
3,21092029,3,576,7604,pedestrian,7654,car,534.6,536.6,2,-2.624411,5.063095,-2.683232,5.241449,2.707
3,21092029,3,574,7613,pedestrian,7654,car,534.6,536.8,2.2,-2.644402,5.048376,-2.707295,5.249927,1.901
3,21092029,3,575,7612,pedestrian,7654,car,534.6,536.8,2.2,-2.689952,5.014055,-2.74447,5.222963,0.49
3,21092029,3,577,7608,pedestrian,7654,car,535,536.8,1.8,-2.742544,5.015676,-2.788218,5.19028,2.677
3,21092029,3,582,7604,pedestrian,7653,car,535.4,537,1.6,-2.61963,5.096418,-2.662634,5.230853,3.266
3,21092029,3,578,7613,pedestrian,7653,car,535.2,537.2,2,-2.627509,5.059809,-2.684915,5.240457,2.205
3,21092029,3,579,7612,pedestrian,7653,car,535.2,537.4,2.2,-2.671931,5.026685,-2.726785,5.236058,0.324
3,21092029,3,581,7608,pedestrian,7653,car,535.4,537.6,2.2,-2.72625,5.016674,-2.774225,5.225917,1.914
3,21092029,3,583,7672,pedestrian,7677,bike,540.2,541.8,1.6,-5.387863,8.437469,-5.337015,8.472162,2.616
3,21092029,3,584,7643,pedestrian,7682,bike,540.4,542.4,2,-4.82252,8.85521,-4.889766,8.800017,2.735
3,21092029,3,585,7673,pedestrian,7677,bike,541.4,543.2,1.8,-5.224029,8.562234,-5.168546,8.607587,2.64
3,21092029,3,586,7673,pedestrian,7682,bike,542.8,545.6,2.8,-5.157112,8.616776,-5.449004,8.393524,2.64
3,21092029,3,591,7545,pedestrian,7692,car,545.2,546.6,1.4,-5.593659,-2.210296,-5.498175,-2.350957,4.628
3,21092029,3,588,7587,pedestrian,7693,car,544.8,546.8,2,-2.629348,8.087686,-2.825186,8.06902,1.934
3,21092029,3,589,7672,pedestrian,7682,bike,544.8,547.8,3,-5.503898,8.347782,-5.833352,8.124103,2.147
3,21092029,3,592,7587,pedestrian,7696,car,546.8,548.4,1.6,-2.630936,8.155279,-2.818966,8.125074,0.83
3,21092029,3,593,7571,pedestrian,7697,bike,547.2,549.2,2,-10.761409,4.132795,-10.702418,4.17433,0.356
3,21092029,3,590,7675,pedestrian,7677,bike,545.2,549.4,4.2,-4.683235,8.794906,-4.678859,8.81663,0.17
3,21092029,3,587,7643,pedestrian,7677,bike,544.2,550.6,6.4,-4.808855,8.780656,-4.421291,8.675098,3.115
3,21092029,3,594,7571,pedestrian,7700,bike,549.6,551.4,1.8,-10.9191,4.021767,-10.841948,4.076089,0.366
3,21092029,3,596,7609,pedestrian,7684,car,551.2,552,0.8,-5.018374,6.283878,-4.989754,6.254692,4.508
3,21092029,3,580,7571,pedestrian,7662,bike,535.4,554.2,18.8,-9.876892,4.755571,-11.054933,3.921777,1.681
3,21092029,3,595,7677,bike,7678,pedestrian,550.8,554.8,4,-4.409234,8.668471,-4.428594,8.679112,0.104
3,21092029,3,597,7621,pedestrian,7676,bike,554,557,3,-8.784111,5.584487,-9.037576,5.405818,2.562
3,21092029,3,598,7619,pedestrian,7684,car,556.4,557,0.6,-4.073714,5.763254,-4.047464,5.760673,4.649
3,21092029,3,599,7674,pedestrian,7698,car,556.6,557,0.4,-9.03607,-1.158,-9.011392,-1.140874,4.878
3,21092029,3,601,7619,pedestrian,7687,car,559,559.6,0.6,-4.237753,5.790403,-4.208562,5.784327,4.585
3,21092029,3,600,7643,pedestrian,7695,bike,557.2,560.8,3.6,-3.793263,8.366097,-3.773699,8.359894,0.105
3,21092029,3,602,7621,pedestrian,7697,bike,560.2,562.2,2,-9.163417,5.321416,-9.081988,5.376968,2.667
3,21092029,3,603,7621,pedestrian,7700,bike,561,562.6,1.6,-9.188361,5.305012,-9.102588,5.362256,2.675
3,21092029,3,604,7642,pedestrian,7684,car,563.4,564.8,1.4,-2.933842,5.028374,-2.880887,4.975794,3.329
3,21092029,3,605,7688,pedestrian,7707,bike,564.8,566,1.2,-11.054863,3.926179,-10.943711,4.004439,0.545
3,21092029,3,606,7642,pedestrian,7687,car,565.4,566.6,1.2,-3.034173,5.147474,-2.985384,5.095521,3.163
3,21092029,3,608,7603,pedestrian,7687,car,567.2,567.8,0.6,-2.851825,4.893339,-2.817089,4.871807,4.717
3,21092029,3,609,7619,pedestrian,7693,car,567.8,568.8,1,-4.761855,6.07758,-4.715878,6.046993,3.949
3,21092029,3,607,7677,bike,7686,pedestrian,565.8,569.8,4,-3.692567,8.334171,-3.708945,8.339363,0.109
3,21092029,3,610,7676,bike,7688,pedestrian,568.4,570.4,2,-10.84249,4.075707,-10.937814,4.008591,0.456
3,21092029,3,612,7619,pedestrian,7699,car,570,570.8,0.8,-4.867369,6.15964,-4.826932,6.124804,3.988
3,21092029,3,611,7621,pedestrian,7682,bike,568.6,572.2,3.6,-9.327834,5.210977,-9.555146,4.997042,1.241
3,21092029,3,613,7621,pedestrian,7707,bike,572.4,574.2,1.8,-9.565897,4.982681,-9.442393,5.06126,0.095
3,21092029,3,616,7619,pedestrian,7701,car,574.4,575,0.6,-5.072161,6.340695,-5.051805,6.311131,4.702
3,21092029,3,615,7642,pedestrian,7693,car,574.2,575.4,1.2,-3.556271,5.564387,-3.503823,5.525414,3.487
3,21092029,3,617,7642,pedestrian,7699,car,575.4,576.4,1,-3.639873,5.615656,-3.584129,5.575907,3.629
3,21092029,3,618,7672,pedestrian,7697,bike,576,577.8,1.8,-7.161782,6.71113,-7.107337,6.748745,2.611
3,21092029,3,619,7672,pedestrian,7700,bike,576.6,578.2,1.6,-7.187811,6.693027,-7.132085,6.731562,2.61
3,21092029,3,614,7677,bike,7691,pedestrian,574,578.4,4.4,-3.260771,8.319334,-3.262468,8.319092,0.05
3,21092029,3,620,7682,bike,7688,pedestrian,576.6,578.4,1.8,-10.521185,4.301933,-10.629556,4.225631,0.044
3,21092029,3,621,7673,pedestrian,7697,bike,577.6,579.4,1.8,-6.9554,6.852526,-6.900573,6.892008,2.593
3,21092029,3,623,7673,pedestrian,7700,bike,578,579.6,1.6,-6.980098,6.835877,-6.914426,6.88243,2.618
3,21092029,3,622,7624,pedestrian,7693,car,577.8,580,2.2,-2.910619,5.121473,-2.72714,5.002484,1.298
3,21092029,3,629,7642,pedestrian,7701,car,579.6,580,0.4,-3.915294,5.743077,-3.898293,5.741369,4.764
3,21092029,3,624,7627,pedestrian,7693,car,578,580.2,2.2,-2.903224,5.092711,-2.734384,4.971151,0.475
3,21092029,3,625,7628,pedestrian,7693,car,578.6,580.2,1.6,-2.890516,4.985269,-2.774678,4.919567,2.514
3,21092029,3,627,7624,pedestrian,7699,car,579,580.6,1.6,-2.87088,5.125714,-2.722986,5.02175,2.319
3,21092029,3,626,7627,pedestrian,7699,car,579,580.8,1.8,-2.890537,5.110831,-2.719648,4.993429,0.993
3,21092029,3,628,7628,pedestrian,7699,car,579.2,580.8,1.6,-2.906947,5.031002,-2.771177,4.944888,1.615
3,21092029,3,630,7631,pedestrian,7699,car,579.8,580.8,1,-2.880511,4.924919,-2.803467,4.87533,4.276
3,21092029,3,633,7677,bike,7706,pedestrian,584.4,584.6,0.2,-2.7672,8.431575,-2.7672,8.431575,4.649
3,21092029,3,631,7672,pedestrian,7707,bike,583.4,584.8,1.4,-7.588784,6.414623,-7.513304,6.466876,2.622
3,21092029,3,638,7608,pedestrian,7713,car,585,585.8,0.8,-2.648802,8.032182,-2.74291,8.019131,4.368
3,21092029,3,632,7631,pedestrian,7701,car,584.4,586,1.6,-2.876745,5.121667,-2.724359,5.02112,2.145
3,21092029,3,636,7673,pedestrian,7707,bike,584.6,586,1.4,-7.357341,6.575319,-7.281024,6.628154,2.609
3,21092029,3,637,7613,pedestrian,7713,car,584.6,586,1.4,-2.614937,8.103943,-2.80085,8.072712,1.657
3,21092029,3,640,7692,car,7710,pedestrian,585.2,586,0.8,-5.776007,-1.938796,-5.820538,-1.873304,4.77
3,21092029,3,634,7675,pedestrian,7697,bike,584.4,586.2,1.8,-6.416825,7.675967,-6.366293,7.733663,2.316
3,21092029,3,635,7630,pedestrian,7701,car,584.4,586.2,1.8,-2.905248,5.089061,-2.733625,4.983261,0.448
3,21092029,3,639,7675,pedestrian,7700,bike,585.2,587,1.8,-6.443203,7.651415,-6.391398,7.707369,2.315
3,21092029,3,643,7642,pedestrian,7704,car,586.4,587.2,0.8,-4.408619,5.86882,-4.371773,5.854454,4.302
3,21092029,3,645,7602,pedestrian,7692,car,586.6,587.2,0.6,-5.945541,-1.687072,-5.963244,-1.661475,4.846
3,21092029,3,646,7559,pedestrian,7692,car,587.2,587.6,0.4,-6.007823,-1.594829,-6.017321,-1.581055,4.901
3,21092029,3,641,7678,pedestrian,7697,bike,586,587.8,1.8,-6.222059,7.837589,-6.166255,7.882432,2.098
3,21092029,3,647,7559,pedestrian,7716,car,587.8,588.2,0.4,-6.003111,-1.60212,-5.982102,-1.633014,4.886
3,21092029,3,644,7678,pedestrian,7700,bike,586.6,588.6,2,-6.261226,7.808846,-6.198447,7.859294,2.193
3,21092029,3,648,7602,pedestrian,7716,car,588.2,588.8,0.6,-5.926013,-1.716778,-5.88529,-1.776612,4.822
3,21092029,3,649,7710,pedestrian,7716,car,588.4,588.8,0.4,-5.893957,-1.764321,-5.879588,-1.785206,4.827
3,21092029,3,642,7678,pedestrian,7695,bike,586,589.6,3.6,-6.074086,7.949774,-6.392841,7.697249,2.158
3,21092029,3,651,7675,pedestrian,7707,bike,590.2,591.6,1.4,-6.588637,7.430652,-6.543057,7.518256,2.749
3,21092029,3,650,7675,pedestrian,7695,bike,588.8,591.8,3,-6.463896,7.634253,-6.610928,7.351804,2.726
3,21092029,3,652,7642,pedestrian,7708,car,591,591.8,0.8,-4.7132,6.043462,-4.669202,6.014094,3.996
3,21092029,3,653,7678,pedestrian,7707,bike,591.2,592.6,1.4,-6.461628,7.632303,-6.39729,7.700969,2.349
3,21092029,3,654,7686,pedestrian,7697,bike,594.4,596.2,1.8,-5.177394,8.599729,-5.120386,8.646265,2.623
3,21092029,3,655,7686,pedestrian,7700,bike,594.8,596.8,2,-5.201926,8.579993,-5.148828,8.623418,2.632
3,21092029,3,657,7613,pedestrian,7720,bike,597.2,598.2,1,-2.803907,8.411623,-2.814508,8.426082,3.069
3,21092029,3,658,7686,pedestrian,7707,bike,597.4,598.8,1.4,-5.332357,8.479941,-5.254568,8.538408,2.7
3,21092029,3,656,7608,pedestrian,7720,bike,597.2,599.2,2,-2.864449,8.382975,-2.888302,8.415507,2.071
3,21092029,3,659,7609,pedestrian,7695,bike,599.8,601.4,1.6,-7.580615,6.215472,-7.707345,6.182464,3.962
3,21092029,3,663,7681,pedestrian,7682,bike,603.2,604,0.8,-8.326185,-0.099052,-8.300175,-0.136093,4.445
3,21092029,3,660,7691,pedestrian,7697,bike,600.2,604.8,4.6,-4.559671,8.751153,-4.564558,8.753839,0.008
3,21092029,3,664,7674,pedestrian,7682,bike,603.4,605,1.6,-8.133244,-0.072998,-8.024132,-0.179083,3.583
3,21092029,3,662,7691,pedestrian,7707,bike,601.6,605.8,4.2,-4.615651,8.781921,-4.618646,8.783567,0.077
3,21092029,3,666,7682,bike,7683,pedestrian,605.2,605.8,0.6,-8.086465,-0.443979,-8.067638,-0.468701,4.71
3,21092029,3,668,7585,pedestrian,7692,car,606.4,606.8,0.4,-4.161136,1.012154,-4.148492,1.020804,4.905
3,21092029,3,661,7691,pedestrian,7700,bike,601.4,607.2,5.8,-4.612805,8.780357,-4.678248,8.816293,0.107
3,21092029,3,670,7682,bike,7683,pedestrian,606.8,607.2,0.4,-8.120292,-0.524807,-8.141024,-0.532179,4.88
3,21092029,3,671,7650,pedestrian,7692,car,607,607.2,0.2,-4.071787,1.074569,-4.071787,1.074569,4.869
3,21092029,3,665,7673,pedestrian,7695,bike,603.8,607.4,3.6,-8.307031,5.915765,-8.649879,5.677841,2.572
3,21092029,3,673,7622,pedestrian,7722,car,607.6,608.4,0.8,-2.714744,8.231616,-2.780517,8.221098,4.59
3,21092029,3,667,7697,bike,7706,pedestrian,605.6,609.2,3.6,-4.322598,8.620855,-4.360459,8.641664,0.266
3,21092029,3,669,7706,pedestrian,7707,bike,606.6,610.2,3.6,-4.388764,8.657221,-4.428679,8.679159,0.211
3,21092029,3,675,7682,bike,7694,pedestrian,608.4,610.2,1.8,-8.40447,-0.855758,-8.509815,-0.929289,0.393
3,21092029,3,676,7641,pedestrian,7711,car,609.8,610.4,0.6,-2.859602,4.895625,-2.819457,4.869744,4.802
3,21092029,3,677,7641,pedestrian,7713,car,610.2,611,0.8,-2.865724,4.917281,-2.798675,4.865117,4.303
3,21092029,3,672,7700,bike,7706,pedestrian,607.6,611.2,3.6,-4.459037,8.695844,-4.493587,8.714833,0.192
3,21092029,3,674,7672,pedestrian,7695,bike,607.6,611.6,4,-8.86221,5.530259,-9.249568,5.26493,2.652
3,21092029,3,678,7688,pedestrian,7695,bike,610.6,612.4,1.8,-9.287713,5.241014,-9.372775,5.183568,2.669
3,21092029,3,679,7682,bike,7709,pedestrian,613.6,615.4,1.8,-9.310011,-1.487824,-9.408221,-1.556375,0.034
3,21092029,3,680,7641,pedestrian,7698,car,613.8,615.8,2,-2.898294,5.097064,-2.732557,4.993307,1.02
3,21092029,3,681,7652,pedestrian,7698,car,613.8,615.8,2,-2.910783,5.070299,-2.749906,4.980172,0.354
3,21092029,3,682,7682,bike,7712,pedestrian,614.2,615.8,1.6,-9.400476,-1.550969,-9.487175,-1.611485,0.506
3,21092029,3,683,7604,pedestrian,7692,car,615.8,616.8,1,-2.489729,2.181324,-2.438619,2.215915,4.374
3,21092029,3,685,7612,pedestrian,7692,car,616.4,617.2,0.8,-2.400711,2.242447,-2.358906,2.270801,4.376
3,21092029,3,684,7682,bike,7715,pedestrian,616.2,617.8,1.6,-9.749605,-1.79466,-9.837306,-1.855876,0.484
3,21092029,3,687,7616,pedestrian,7692,car,617.2,618,0.8,-2.261408,2.338252,-2.223677,2.363777,4.329
3,21092029,3,686,7682,bike,7718,pedestrian,617,618.6,1.6,-9.885969,-1.889842,-9.963557,-1.943998,0.077
3,21092029,3,688,7682,bike,7719,pedestrian,619.4,621.2,1.8,-10.320396,-2.193072,-10.426169,-2.266901,0.058
3,21092029,3,691,7695,bike,7721,pedestrian,623.4,623.6,0.2,-11.069954,3.854083,-11.069954,3.854083,4.43
3,21092029,3,689,7706,pedestrian,7720,bike,621.6,623.8,2.2,-5.141552,8.629336,-5.415144,8.417445,2.64
3,21092029,3,690,7691,pedestrian,7720,bike,622.6,624.6,2,-5.34106,8.468942,-5.578753,8.301442,2.451
3,21092029,3,692,7682,bike,7690,pedestrian,624.8,627.4,2.6,-11.114279,-2.666313,-11.1816,-2.79419,0.121
3,21092029,3,693,7686,pedestrian,7720,bike,628.8,631,2.2,-6.605757,7.368434,-6.71215,7.062653,2.559
3,21092029,3,694,7628,pedestrian,7730,car,631.6,632.8,1.2,-2.639252,8.042285,-2.769581,8.025001,3.999
3,21092029,3,695,7705,pedestrian,7716,car,633.8,634.2,0.4,-3.993194,1.129698,-3.963078,1.150605,4.853
3,21092029,3,696,7604,pedestrian,7716,car,636,636.4,0.4,-3.442509,1.515279,-3.422336,1.529134,4.73
3,21092029,3,698,7612,pedestrian,7716,car,636.4,636.8,0.4,-3.349538,1.580311,-3.330515,1.593352,4.659
3,21092029,3,700,7616,pedestrian,7716,car,636.8,637.2,0.4,-3.243444,1.65465,-3.223471,1.668364,4.669
3,21092029,3,699,7703,pedestrian,7716,car,636.6,637.4,0.8,-3.273449,1.633821,-3.181306,1.697816,4.602
3,21092029,3,697,7628,pedestrian,7697,bike,636.4,638.6,2.2,-2.848637,8.28216,-2.823121,8.338946,0.297
3,21092029,3,701,7627,pedestrian,7697,bike,637.4,638.6,1.2,-2.812141,8.254842,-2.798924,8.282157,2.882
3,21092029,3,703,7688,pedestrian,7720,bike,637.6,639,1.4,-8.291331,5.853673,-8.400758,5.777794,0.17
3,21092029,3,702,7628,pedestrian,7707,bike,637.4,640.2,2.8,-2.897302,8.314873,-2.871772,8.345322,0.173
3,21092029,3,706,7627,pedestrian,7707,bike,638.4,640.2,1.8,-2.85689,8.286234,-2.823059,8.341896,0.114
3,21092029,3,710,7630,pedestrian,7707,bike,639.2,640.2,1,-2.814636,8.255017,-2.794951,8.276769,3.089
3,21092029,3,705,7628,pedestrian,7700,bike,638,642.4,4.4,-2.915734,8.333743,-2.931621,8.352533,0.098
3,21092029,3,709,7627,pedestrian,7700,bike,639,642.4,3.4,-2.895586,8.310845,-2.88612,8.346331,0.145
3,21092029,3,711,7630,pedestrian,7700,bike,640.2,642.4,2.2,-2.861021,8.287831,-2.830434,8.342415,0.25
3,21092029,3,704,7678,pedestrian,7720,bike,637.8,643.4,5.6,-8.370149,5.871936,-8.776598,5.589853,2.575
3,21092029,3,712,7603,pedestrian,7716,car,643.6,644.2,0.6,-1.515658,2.854411,-1.477366,2.886787,4.461
3,21092029,3,713,7582,pedestrian,7724,car,644.4,644.8,0.4,-5.820981,-1.872279,-5.831738,-1.856705,4.779
3,21092029,3,714,7678,pedestrian,7720,bike,645.4,645.8,0.4,-8.880455,5.516806,-8.885769,5.513112,4.661
3,21092029,3,707,7675,pedestrian,7720,bike,638.4,646.8,8.4,-8.503986,5.779003,-9.042466,5.402689,2.572
3,21092029,3,708,7619,pedestrian,7720,bike,638.6,647.4,8.8,-8.520607,5.694687,-9.146335,5.29493,0.204
3,21092029,3,716,7720,bike,7721,pedestrian,650,652.8,2.8,-9.91199,4.730859,-9.954379,4.701013,0.144
3,21092029,3,717,7737,pedestrian,7738,car,652,652.8,0.8,-11.232946,-2.542172,-11.163937,-2.513753,0.99
3,21092029,3,718,7729,pedestrian,7738,car,658.4,659,0.6,-9.755932,-1.658775,-9.699073,-1.619286,4.919
3,21092029,3,720,7616,pedestrian,7724,car,660.8,661,0.2,-4.416045,0.833541,-4.416045,0.833541,4.977
3,21092029,3,723,7710,pedestrian,7724,car,661.2,661.4,0.2,-4.33743,0.888546,-4.33743,0.888546,4.957
3,21092029,3,719,7609,pedestrian,7741,bike,660.4,662.2,1.8,-10.632237,4.223743,-10.552729,4.279724,0.22
3,21092029,3,722,7652,pedestrian,7716,car,661.2,662.4,1.2,-2.480622,7.403857,-2.36363,7.512228,3.435
3,21092029,3,721,7641,pedestrian,7716,car,661,662.6,1.6,-2.518906,7.420607,-2.35704,7.574435,1.841
3,21092029,3,724,7619,pedestrian,7741,bike,664.4,666.2,1.8,-10.012654,4.659983,-9.935914,4.714014,0.304
3,21092029,3,725,7675,pedestrian,7741,bike,665.6,667.4,1.8,-9.839053,4.782212,-9.754813,4.841524,0.036
3,21092029,3,726,7678,pedestrian,7741,bike,666,668,2,-9.764258,4.834874,-9.669489,4.9016,0.273
3,21092029,3,728,7603,pedestrian,7724,car,669.2,670,0.8,-2.6391,2.078026,-2.589901,2.111678,4.424
3,21092029,3,727,7642,pedestrian,7741,bike,668.6,670.2,1.6,-9.433742,5.143491,-9.349853,5.171791,2.507
3,21092029,3,715,7609,pedestrian,7720,bike,650,670.4,20.4,-9.924118,4.722319,-11.049859,3.929702,1.089
3,21092029,3,729,7624,pedestrian,7724,car,670,670.8,0.8,-2.475188,2.191312,-2.426091,2.224607,4.394
3,21092029,3,731,7631,pedestrian,7724,car,670.4,671.2,0.8,-2.388697,2.250822,-2.3396,2.284117,4.362
3,21092029,3,732,7650,pedestrian,7751,car,671.4,672.2,0.8,-5.960521,-1.665533,-5.912112,-1.736695,4.856
3,21092029,3,730,7721,pedestrian,7741,bike,670,673,3,-9.205984,5.293496,-8.926708,5.485479,2.668
3,21092029,3,734,7585,pedestrian,7751,car,672.2,673,0.8,-5.858914,-1.816272,-5.808846,-1.889933,4.786
3,21092029,3,733,7705,pedestrian,7724,car,672,673.2,1.2,-2.059136,2.477479,-1.929231,2.566339,4.274
3,21092029,3,736,7751,car,7752,pedestrian,673.6,674,0.4,-5.678667,-2.083732,-5.668641,-2.098244,4.721
3,21092029,3,735,7686,pedestrian,7741,bike,672.6,674.2,1.6,-8.819581,5.559995,-8.748323,5.60934,2.556
3,21092029,3,737,7751,car,7755,pedestrian,674.4,675,0.6,-5.563262,-2.255266,-5.544016,-2.283074,4.632
3,21092029,3,739,7641,pedestrian,7753,car,674.6,676.8,2.2,-2.638243,8.175225,-2.840869,8.154785,1.898
3,21092029,3,738,7652,pedestrian,7753,car,674.6,677,2.4,-2.616207,8.126227,-2.839431,8.101825,0.19
3,21092029,3,743,7641,pedestrian,7754,car,676.6,677.8,1.2,-2.67514,8.222693,-2.812108,8.197099,3.873
3,21092029,3,741,7652,pedestrian,7754,car,676.4,678.2,1.8,-2.63061,8.187607,-2.844016,8.133215,1.33
3,21092029,3,740,7652,pedestrian,7756,bike,676.4,681.2,4.8,-2.781758,8.252705,-2.978488,8.347737,3.936
3,21092029,3,746,7683,pedestrian,7738,car,679.6,681.4,1.8,-10.642487,2.950908,-10.551961,3.156159,0.531
3,21092029,3,747,7691,pedestrian,7741,bike,680,681.6,1.6,-7.68859,6.345324,-7.612596,6.397946,2.605
3,21092029,3,748,7706,pedestrian,7741,bike,680.4,682.2,1.8,-7.613191,6.397692,-7.526338,6.457828,2.595
3,21092029,3,749,7726,car,7734,pedestrian,682,682.2,0.2,-9.913567,-1.76845,-9.913567,-1.76845,4.961
3,21092029,3,750,7726,car,7737,pedestrian,682.6,682.8,0.2,-10.051494,-1.864403,-10.051494,-1.864403,4.97
3,21092029,3,751,7726,car,7740,pedestrian,682.8,683,0.2,-10.119983,-1.912102,-10.119983,-1.912102,4.999
3,21092029,3,742,7641,pedestrian,7756,bike,676.4,683.6,7.2,-2.799054,8.293298,-3.118249,8.352252,1.937
3,21092029,3,752,7726,car,7747,pedestrian,683.8,684,0.2,-10.331993,-2.059553,-10.331993,-2.059553,4.973
3,21092029,3,745,7641,pedestrian,7758,bike,679.6,685.4,5.8,-2.848579,8.343691,-3.017827,8.384048,0.535
3,21092029,3,753,7658,pedestrian,7724,car,684.4,686.2,1.8,-2.628882,5.060403,-2.708622,5.251443,2.172
3,21092029,3,744,7652,pedestrian,7758,bike,679.6,686.6,7,-2.818481,8.338891,-3.106234,8.354496,0
3,21092029,3,754,7706,pedestrian,7727,bike,684.4,687.8,3.4,-7.641803,6.377665,-7.928343,6.178856,2.586
3,21092029,3,755,7691,pedestrian,7727,bike,685.4,689,3.6,-7.782456,6.280009,-8.09089,6.06599,2.585
3,21092029,3,756,7706,pedestrian,7731,bike,685.6,689.2,3.6,-7.692572,6.342419,-7.996079,6.131821,2.584
3,21092029,3,760,7752,pedestrian,7762,car,689.2,689.4,0.2,-6.193638,-1.31907,-6.193638,-1.31907,4.98
3,21092029,3,758,7609,pedestrian,7761,car,688,689.6,1.6,-11.430198,2.73746,-11.247173,2.715891,1.128
3,21092029,3,762,7755,pedestrian,7762,car,689.6,690,0.4,-6.129328,-1.414812,-6.119884,-1.428453,4.97
3,21092029,3,757,7691,pedestrian,7731,bike,686.8,690.2,3.4,-7.84984,6.233224,-8.136726,6.034156,2.59
3,21092029,3,759,7721,pedestrian,7727,bike,688.6,690.4,1.8,-8.205956,5.985957,-8.278786,5.935524,2.603
3,21092029,3,761,7721,pedestrian,7731,bike,689.2,691,1.8,-8.170245,6.010746,-8.243074,5.960314,2.572
3,21092029,3,764,7680,pedestrian,7754,car,700.6,701.2,0.6,-4.178131,5.777122,-4.137499,5.772218,4.584
3,21092029,3,763,7728,pedestrian,7741,bike,700.6,703.2,2.6,-4.862422,8.80186,-4.795108,8.858427,2.007
3,21092029,3,765,7735,pedestrian,7741,bike,700.6,703.4,2.8,-4.830426,8.784327,-4.77973,8.863423,1.229
3,21092029,3,767,7727,bike,7749,pedestrian,706,710,4,-10.377084,4.403393,-10.384752,4.397994,0.086
3,21092029,3,768,7731,bike,7749,pedestrian,707,711,4,-10.326299,4.43915,-10.339047,4.430174,0.327
3,21092029,3,769,7604,pedestrian,7751,car,712.2,712.6,0.4,-6.028282,-1.5645,-6.03836,-1.54991,4.899
3,21092029,3,771,7612,pedestrian,7751,car,712.6,713,0.4,-6.084107,-1.481563,-6.093406,-1.468148,4.951
3,21092029,3,770,7680,pedestrian,7766,car,712.6,713.4,0.8,-4.840107,6.137165,-4.792491,6.100728,3.908
3,21092029,3,772,7616,pedestrian,7751,car,713.2,713.4,0.2,-6.151567,-1.381689,-6.151567,-1.381689,4.962
3,21092029,3,775,7680,pedestrian,7738,car,714,714.8,0.8,-4.910438,6.195508,-4.868941,6.154284,4.127
3,21092029,3,774,7686,pedestrian,7776,bike,714,715.8,1.8,-10.872136,4.054834,-10.786422,4.115184,0.312
3,21092029,3,773,7735,pedestrian,7756,bike,713.4,716.6,3.2,-5.138364,8.631877,-5.403829,8.426168,2.649
3,21092029,3,779,7680,pedestrian,7767,car,716.2,717,0.8,-5.012752,6.279304,-4.980591,6.246448,4.505
3,21092029,3,776,7728,pedestrian,7756,bike,714.2,717.6,3.4,-5.249723,8.542397,-5.545616,8.324175,2.528
3,21092029,3,777,7735,pedestrian,7758,bike,715.6,718.2,2.6,-5.25176,8.540732,-5.506459,8.352038,2.624
3,21092029,3,778,7728,pedestrian,7758,bike,716,718.8,2.8,-5.323075,8.483435,-5.5979,8.288194,2.446
3,21092029,3,766,7686,pedestrian,7727,bike,702.6,719.6,17,-10.120845,4.583807,-11.045598,3.932702,1.222
3,21092029,3,780,7686,pedestrian,7731,bike,719.2,720.4,1.2,-10.967548,3.987656,-11.061435,3.90795,1.878
3,21092029,3,782,7703,pedestrian,7766,car,720.8,722.4,1.6,-2.854945,5.136137,-2.767046,4.968955,1.125
3,21092029,3,783,7741,bike,7760,pedestrian,722.2,726.2,4,-3.503019,8.302357,-3.498835,8.301619,0.212
3,21092029,3,785,7721,pedestrian,7756,bike,724.8,726.6,1.8,-6.631648,7.280966,-6.654073,7.187155,2.565
3,21092029,3,784,7741,bike,7763,pedestrian,723.4,727.2,3.8,-3.437986,8.296965,-3.439688,8.298518,0.273
3,21092029,3,787,7721,pedestrian,7758,bike,725.4,727.2,1.8,-6.623407,7.321438,-6.640309,7.225951,2.544
3,21092029,3,790,7780,car,7781,pedestrian,727,727.6,0.6,-5.714991,-2.030068,-5.699412,-2.052529,4.718
3,21092029,3,789,7616,pedestrian,7780,car,727,728.2,1.2,-5.711529,-2.035286,-5.638,-2.143556,4.696
3,21092029,3,791,7703,pedestrian,7767,car,727,728.2,1.2,-2.98996,5.095812,-2.938583,5.041039,3.233
3,21092029,3,786,7691,pedestrian,7776,bike,725,728.6,3.6,-9.636344,4.924937,-9.613544,4.94099,0.226
3,21092029,3,792,7703,pedestrian,7761,car,727.8,728.8,1,-3.02644,5.139135,-2.969161,5.076808,3.181
3,21092029,3,794,7604,pedestrian,7762,car,728,728.8,0.8,-5.492597,-2.359419,-5.530449,-2.304146,4.604
3,21092029,3,795,7612,pedestrian,7762,car,728.4,729,0.6,-5.544948,-2.281703,-5.563187,-2.255397,4.631
3,21092029,3,796,7604,pedestrian,7780,car,728.6,729.2,0.6,-5.529926,-2.304911,-5.513778,-2.328228,4.634
3,21092029,3,788,7706,pedestrian,7776,bike,726,729.2,3.2,-9.587276,4.959485,-9.527787,5.00137,0.486
3,21092029,3,793,7612,pedestrian,7780,car,728,729.4,1.4,-5.599755,-2.201197,-5.507333,-2.337433,4.631
3,21092029,3,797,7616,pedestrian,7762,car,729,729.4,0.4,-5.613771,-2.17975,-5.623535,-2.165627,4.704
3,21092029,3,781,7749,pedestrian,7776,bike,719.8,730.4,10.6,-9.944591,4.707905,-9.349165,5.166198,0.475
3,21092029,3,798,7762,car,7781,pedestrian,730.4,731.2,0.8,-5.803802,-1.897487,-5.854004,-1.823601,4.789
3,21092029,3,799,7688,pedestrian,7771,car,731.2,732.8,1.6,-4.861114,6.155897,-4.708628,6.04214,3.912
3,21092029,3,801,7703,pedestrian,7771,car,737.6,738.6,1,-3.570019,5.572444,-3.519572,5.53623,3.504
3,21092029,3,802,7686,pedestrian,7724,car,738.2,740.6,2.4,-11.251517,2.750184,-11.498086,2.656724,0.102
3,21092029,3,804,7736,pedestrian,7751,car,740.2,741.8,1.6,-2.030952,2.496875,-1.84856,2.621758,4.269
3,21092029,3,805,7664,pedestrian,7771,car,741,743,2,-2.905903,5.117417,-2.737183,4.992533,0.982
3,21092029,3,807,7705,pedestrian,7771,car,741.4,743,1.6,-2.812257,5.131963,-2.740047,4.990365,2.52
3,21092029,3,806,7666,pedestrian,7771,car,741.2,743.2,2,-2.898232,5.086206,-2.738895,4.963103,0.176
3,21092029,3,808,7749,pedestrian,7756,bike,742,744,2,-8.927313,5.409785,-9.01878,5.346309,0.087
3,21092029,3,809,7749,pedestrian,7758,bike,742.4,744.6,2.2,-8.892001,5.434704,-8.986652,5.368421,0.454
3,21092029,3,803,7768,pedestrian,7788,bike,738.4,744.8,6.4,-2.808195,8.409593,-3.126184,8.349458,2.698
3,21092029,3,810,7688,pedestrian,7777,car,743.8,745.2,1.4,-4.372592,5.851338,-4.232908,5.795784,4.428
3,21092029,3,811,7703,pedestrian,7777,car,745.2,746,0.8,-4.085847,5.764526,-4.045651,5.760574,4.674
3,21092029,3,812,7658,pedestrian,7790,car,746.4,748.4,2,-2.634064,8.154847,-2.840855,8.121537,0.739
3,21092029,3,813,7728,pedestrian,7776,bike,747.6,749.2,1.6,-6.622058,7.299058,-6.597407,7.392765,2.405
3,21092029,3,814,7735,pedestrian,7776,bike,748.2,749.8,1.6,-6.600284,7.404269,-6.553691,7.489164,2.429
3,21092029,3,816,7755,pedestrian,7762,car,750.6,751.2,0.6,-3.976813,1.141142,-3.92741,1.175486,4.837
3,21092029,3,800,7763,pedestrian,7783,bike,733.6,751.6,18,-3.822888,8.375489,-4.921551,8.804584,2.001
3,21092029,3,815,7760,pedestrian,7783,bike,748.6,752,3.4,-4.718778,8.838525,-5.002946,8.740063,2.68
3,21092029,3,818,7752,pedestrian,7762,car,751.2,752,0.8,-3.850646,1.229581,-3.778327,1.27983,4.801
3,21092029,3,817,7703,pedestrian,7782,car,751.2,752.2,1,-4.457489,5.891404,-4.404775,5.870526,4.221
3,21092029,3,819,7705,pedestrian,7777,car,751.2,752.6,1.4,-3.073718,5.195002,-3.015681,5.132581,3.108
3,21092029,3,822,7721,pedestrian,7783,bike,753.8,755,1.2,-5.526937,8.331347,-5.610259,8.278822,2.368
3,21092029,3,821,7688,pedestrian,7782,car,753.8,755.8,2,-3.921615,5.743619,-3.712794,5.653861,4.22
3,21092029,3,823,7721,pedestrian,7776,bike,754.8,757.8,3,-5.626614,8.26823,-5.341192,8.468856,2.418
3,21092029,3,827,7786,pedestrian,7802,car,757.8,758,0.2,-6.22137,-1.278036,-6.22137,-1.278036,4.993
3,21092029,3,824,7705,pedestrian,7782,car,757,758.2,1.2,-3.356697,5.427918,-3.295289,5.385823,3.406
3,21092029,3,825,7760,pedestrian,7776,bike,757.2,758.8,1.6,-5.259308,8.534695,-5.186473,8.59319,2.66
3,21092029,3,826,7763,pedestrian,7776,bike,757.8,759.2,1.4,-5.17632,8.600636,-5.11779,8.648322,2.618
3,21092029,3,829,7792,pedestrian,7802,car,759,759.4,0.4,-6.088694,-1.475187,-6.081954,-1.484877,4.918
3,21092029,3,828,7703,pedestrian,7785,car,758.6,759.6,1,-4.87987,6.17194,-4.83101,6.127761,3.952
3,21092029,3,831,7706,pedestrian,7758,bike,760.6,760.8,0.2,-10.963157,3.990747,-10.963157,3.990747,4.703
3,21092029,3,820,7706,pedestrian,7756,bike,753.4,761.2,7.8,-10.606659,4.241752,-11.053831,3.926905,1.272
3,21092029,3,830,7691,pedestrian,7756,bike,759.4,761.2,1.8,-10.972071,3.984471,-11.063027,3.89399,2.577
3,21092029,3,832,7706,pedestrian,7758,bike,761,761.8,0.8,-10.992913,3.969797,-11.046724,3.93191,1.876
3,21092029,3,833,7691,pedestrian,7758,bike,761.2,761.8,0.6,-11.020477,3.919511,-11.057216,3.884769,3.678
3,21092029,3,834,7800,pedestrian,7802,car,762,762.6,0.6,-5.781282,-1.931473,-5.767217,-1.951735,4.763
3,21092029,3,835,7735,pedestrian,7783,bike,762.2,763.8,1.6,-6.943616,6.862241,-7.093451,6.758616,2.623
3,21092029,3,836,7728,pedestrian,7783,bike,762.4,764.4,2,-6.992061,6.82868,-7.217963,6.672096,2.635
3,21092029,3,837,7705,pedestrian,7785,car,764,765,1,-3.732285,5.671788,-3.675778,5.632033,3.805
3,21092029,3,839,7688,pedestrian,7785,car,765.4,767.2,1.8,-3.443357,5.488917,-3.25818,5.35924,3.403
3,21092029,3,838,7680,pedestrian,7783,bike,765.4,767.4,2,-7.567963,6.317879,-7.794644,6.19809,0.371
3,21092029,3,840,7749,pedestrian,7783,bike,766.6,768,1.4,-7.83723,6.16856,-7.935428,6.100466,0.175
3,21092029,3,841,7721,pedestrian,7788,bike,768.8,770.4,1.6,-4.850754,8.852215,-4.925293,8.801605,2.68
3,21092029,3,842,7705,pedestrian,7790,car,770.6,771.2,0.6,-4.145045,5.772168,-4.112578,5.768846,4.618
3,21092029,3,844,7603,pedestrian,7780,car,772.8,773.2,0.4,-6.023891,-1.571015,-6.032285,-1.558873,4.898
3,21092029,3,846,7624,pedestrian,7780,car,773.4,773.6,0.2,-6.088188,-1.475638,-6.088188,-1.475638,4.92
3,21092029,3,847,7631,pedestrian,7780,car,773.8,774.2,0.4,-6.140605,-1.397658,-6.148499,-1.386269,4.967
3,21092029,3,848,7780,car,7800,pedestrian,774.4,774.6,0.2,-6.19846,-1.311991,-6.19846,-1.311991,4.977
3,21092029,3,843,7768,pedestrian,7776,bike,770.8,775.2,4.4,-4.090243,8.49315,-4.043396,8.467481,0.213
3,21092029,3,845,7774,pedestrian,7776,bike,773,777.2,4.2,-3.963307,8.43306,-3.930563,8.419741,0.143
3,21092029,3,849,7763,pedestrian,7788,bike,775.2,778,2.8,-5.889734,8.08006,-6.154709,7.886437,1.913
3,21092029,3,851,7688,pedestrian,7790,car,776.6,778.6,2,-3.023608,5.135168,-2.859901,4.951797,3.272
3,21092029,3,850,7760,pedestrian,7788,bike,776,779,3,-6.01859,7.990234,-6.314462,7.770013,2.07
3,21092029,3,854,7705,pedestrian,7799,car,779.4,780.2,0.8,-4.621499,5.980076,-4.576425,5.952939,4.041
3,21092029,3,853,7749,pedestrian,7793,car,779.4,781.8,2.4,-7.521529,5.912158,-7.330102,5.966643,0.862
3,21092029,3,855,7749,pedestrian,7794,car,781.2,783.2,2,-7.325779,5.982361,-7.443192,5.847466,2.683
3,21092029,3,857,7631,pedestrian,7813,car,783.2,784,0.8,-5.882156,-1.781899,-5.835067,-1.851159,4.794
3,21092029,3,858,7624,pedestrian,7813,car,784,784.8,0.8,-5.783191,-1.928774,-5.736103,-1.998034,4.747
3,21092029,3,860,7603,pedestrian,7813,car,784.8,785.6,0.8,-5.684281,-2.075567,-5.637349,-2.14459,4.702
3,21092029,3,856,7721,pedestrian,7803,bike,782,786.6,4.6,-4.225773,8.567639,-4.204829,8.556128,0.112
3,21092029,3,861,7666,pedestrian,7762,car,786,787.8,1.8,-2.538166,7.487026,-2.407549,7.644383,1.514
3,21092029,3,859,7776,bike,7797,pedestrian,784.4,788,3.6,-3.259827,8.319573,-3.259103,8.319715,0.26
3,21092029,3,862,7688,pedestrian,7799,car,787.8,789,1.2,-2.810356,5.131956,-2.710117,5.058575,4.029
3,21092029,3,863,7735,pedestrian,7788,bike,790.4,793,2.6,-8.092257,6.064895,-8.340465,5.892692,2.574
3,21092029,3,864,7728,pedestrian,7788,bike,791.2,793.8,2.6,-8.225687,5.972246,-8.47819,5.797056,2.569
3,21092029,3,865,7780,car,7781,pedestrian,793.2,793.8,0.6,-4.138259,1.02813,-4.094677,1.058441,4.883
3,21092029,3,866,7768,pedestrian,7803,bike,794,794.2,0.2,-4.685167,8.820087,-4.685167,8.820087,4.983
3,21092029,3,867,7768,pedestrian,7803,bike,794.4,794.6,0.2,-4.700173,8.82832,-4.700173,8.82832,4.918
3,21092029,3,852,7774,pedestrian,7803,bike,777.6,798,20.4,-3.954848,8.430292,-4.883941,8.817175,1.404
3,21092029,3,868,7768,pedestrian,7803,bike,794.8,798.4,3.6,-4.71518,8.836553,-4.958519,8.775598,2.688
3,21092029,3,869,7680,pedestrian,7788,bike,797.2,800,2.8,-9.225083,5.281036,-9.502233,5.074333,2.694
3,21092029,3,871,7743,pedestrian,7783,bike,802.2,802.8,0.6,-8.286978,-0.156256,-8.262584,-0.191221,4.447
3,21092029,3,873,7778,pedestrian,7783,bike,802.6,803.2,0.6,-8.220687,-0.253389,-8.199776,-0.281269,4.515
3,21092029,3,870,7764,pedestrian,7783,bike,802.2,803.6,1.4,-8.253579,-0.177878,-8.131004,-0.27798,2.986
3,21092029,3,874,7783,bike,7784,pedestrian,803,803.6,0.6,-8.162134,-0.337118,-8.141522,-0.363888,4.607
3,21092029,3,875,7770,pedestrian,7783,bike,803.6,804.2,0.6,-8.085069,-0.44574,-8.061321,-0.477163,4.723
3,21092029,3,872,7680,pedestrian,7820,bike,802.6,804.4,1.8,-9.611899,4.942148,-9.524621,5.003599,0.051
3,21092029,3,879,7770,pedestrian,7783,bike,804.8,805.4,0.6,-8.102369,-0.525353,-8.150212,-0.544927,4.552
3,21092029,3,876,7757,pedestrian,7783,bike,804,806,2,-8.032104,-0.520512,-8.185224,-0.628815,1.872
3,21092029,3,877,7773,pedestrian,7783,bike,804,806.2,2.2,-8.032104,-0.520512,-8.185156,-0.674194,1
3,21092029,3,878,7765,pedestrian,7783,bike,804.4,806.2,1.8,-8.007534,-0.578917,-8.185156,-0.674194,1
3,21092029,3,880,7783,bike,7787,pedestrian,805,806.4,1.4,-8.122554,-0.659036,-8.217335,-0.725139,0.122
3,21092029,3,885,7709,pedestrian,7805,car,805.4,806.4,1,-2.808794,5.138374,-2.73519,5.094402,4.502
3,21092029,3,881,7715,pedestrian,7805,car,805,807.2,2.2,-2.909126,5.113085,-2.7231,4.9983,1.175
3,21092029,3,883,7736,pedestrian,7805,car,805.2,807.2,2,-2.845757,5.137188,-2.755284,4.973934,1.574
3,21092029,3,884,7718,pedestrian,7805,car,805.2,807.2,2,-2.906236,5.073151,-2.748967,4.978716,0.354
3,21092029,3,882,7710,pedestrian,7805,car,805.2,807.4,2.2,-2.863132,5.124033,-2.761478,4.935082,0.716
3,21092029,3,886,7783,bike,7791,pedestrian,806,807.6,1.6,-8.350693,-0.818222,-8.462606,-0.896338,0.35
3,21092029,3,887,7728,pedestrian,7820,bike,806.4,808,1.6,-9.02985,5.41112,-8.945997,5.472089,2.62
3,21092029,3,888,7783,bike,7796,pedestrian,806.6,808,1.4,-8.452622,-0.889369,-8.548548,-0.956325,0.197
3,21092029,3,889,7735,pedestrian,7820,bike,807,808.4,1.4,-8.942511,5.472542,-8.870444,5.524561,2.549
3,21092029,3,890,7802,car,7823,pedestrian,809.4,810.8,1.4,-5.731935,-2.004054,-5.819651,-1.874664,4.754
3,21092029,3,891,7783,bike,7808,pedestrian,809.6,811,1.4,-9.074145,-1.323191,-9.162224,-1.384669,0.459
3,21092029,3,892,7721,pedestrian,7824,bike,809.6,811.8,2.2,-2.844936,8.392208,-2.851511,8.420276,2.332
3,21092029,3,893,7763,pedestrian,7803,bike,812.4,814.6,2.2,-7.380912,6.558805,-7.616533,6.39536,2.596
3,21092029,3,894,7703,pedestrian,7820,bike,812.8,814.6,1.8,-7.933741,6.101636,-7.847965,6.161116,0.202
3,21092029,3,896,7783,bike,7810,pedestrian,813.6,815.2,1.6,-9.911894,-1.907938,-10.031871,-1.991681,0.323
3,21092029,3,895,7760,pedestrian,7803,bike,813,815.4,2.4,-7.505535,6.472268,-7.763883,6.293047,2.591
3,21092029,3,897,7783,bike,7811,pedestrian,814,815.6,1.6,-9.99589,-1.966567,-10.11535,-2.049949,0.536
3,21092029,3,898,7760,pedestrian,7820,bike,814.4,815.8,1.4,-7.722551,6.321745,-7.653112,6.36983,2.594
3,21092029,3,899,7783,bike,7814,pedestrian,814.4,816,1.6,-10.082869,-2.027278,-10.202443,-2.11074,0.635
3,21092029,3,900,7710,pedestrian,7793,car,814.8,816.4,1.6,-3.044759,5.160684,-2.987154,5.098571,3.138
3,21092029,3,901,7783,bike,7815,pedestrian,814.8,816.4,1.6,-10.16956,-2.087788,-10.288466,-2.170784,0.631
3,21092029,3,902,7763,pedestrian,7820,bike,814.8,816.4,1.6,-7.645243,6.375436,-7.565735,6.430482,2.617
3,21092029,3,904,7783,bike,7816,pedestrian,815.2,816.8,1.6,-10.260267,-2.151102,-10.37449,-2.230829,0.32
3,21092029,3,905,7783,bike,7818,pedestrian,815.6,817.2,1.6,-10.341609,-2.207878,-10.464219,-2.29346,0.163
3,21092029,3,906,7783,bike,7821,pedestrian,816.8,818.2,1.4,-10.577091,-2.372244,-10.674677,-2.440359,0.242
3,21092029,3,907,7783,bike,7822,pedestrian,817.2,818.8,1.6,-10.662876,-2.432122,-10.77716,-2.511892,0.409
3,21092029,3,908,7783,bike,7789,pedestrian,819.2,820.2,1,-11.090085,-2.730313,-11.148548,-2.77112,0.641
3,21092029,3,909,7813,car,7825,pedestrian,824.4,825.2,0.8,-5.898247,-1.757276,-5.945083,-1.688397,4.838
3,21092029,3,910,7825,pedestrian,7831,car,824.8,825.2,0.4,-5.929628,-1.711128,-5.921165,-1.723372,4.839
3,21092029,3,913,7831,car,7834,pedestrian,828.4,828.8,0.4,-5.525912,-2.310383,-5.518537,-2.320988,4.617
3,21092029,3,911,7768,pedestrian,7820,bike,827.6,829.4,1.8,-5.876398,8.092133,-5.768745,8.163489,1.94
3,21092029,3,912,7774,pedestrian,7820,bike,828,829.8,1.8,-5.799781,8.149018,-5.691666,8.217041,2.058
3,21092029,3,914,7797,pedestrian,7820,bike,828.8,830.4,1.6,-5.676106,8.234046,-5.594463,8.283903,2.262
3,21092029,3,915,7710,pedestrian,7817,car,829.6,831,1.4,-3.649387,5.621259,-3.581851,5.573715,3.649
3,21092029,3,916,7710,pedestrian,7819,car,830.4,831.8,1.4,-3.691843,5.647577,-3.620141,5.597269,3.71
3,21092029,3,903,7703,pedestrian,7803,bike,815.2,834.8,19.6,-7.892698,6.130096,-9.133389,5.313553,0.114
3,21092029,3,917,7719,pedestrian,7817,car,834.2,836.6,2.4,-2.913764,5.104961,-2.734007,4.991457,0.717
3,21092029,3,919,7719,pedestrian,7819,car,835.2,837.4,2.2,-2.892443,5.118219,-2.718248,5.005221,1.623
3,21092029,3,918,7804,pedestrian,7820,bike,834.4,838,3.6,-4.717379,8.792265,-4.676262,8.815207,0.165
3,21092029,3,920,7800,pedestrian,7802,car,837,838.2,1.2,-3.755727,1.296087,-3.654615,1.366424,4.755
3,21092029,3,922,7792,pedestrian,7802,car,841,842.6,1.6,-3.14464,1.72398,-3.003434,1.822204,4.558
3,21092029,3,923,7786,pedestrian,7802,car,842,843.6,1.6,-2.992038,1.830833,-2.853363,1.927262,4.51
3,21092029,3,924,7664,pedestrian,7802,car,847.2,848.2,1,-2.198679,2.381471,-2.152075,2.413053,4.31
3,21092029,3,926,7800,pedestrian,7813,car,849,850.2,1.2,-3.152608,1.718366,-3.035064,1.800061,4.564
3,21092029,3,925,7804,pedestrian,7824,bike,847.2,850.6,3.4,-5.069203,8.68659,-5.354211,8.463292,2.626
3,21092029,3,927,7792,pedestrian,7813,car,851.8,853,1.2,-2.629789,2.084476,-2.521588,2.15888,4.402
3,21092029,3,928,7786,pedestrian,7813,car,852.4,853.8,1.4,-2.515784,2.163374,-2.376505,2.25865,4.372
3,21092029,3,929,7664,pedestrian,7813,car,853,853.8,0.8,-2.407742,2.237666,-2.362886,2.268103,4.376
3,21092029,3,930,7710,pedestrian,7835,car,854.6,855.6,1,-4.786451,6.094716,-4.731377,6.057708,3.954
3,21092029,3,934,7710,pedestrian,7840,car,858.4,859.2,0.8,-4.906683,6.191068,-4.860712,6.148645,4.082
3,21092029,3,931,7797,pedestrian,7824,bike,857.2,860,2.8,-6.451263,7.647407,-6.599734,7.405673,2.665
3,21092029,3,921,7735,pedestrian,7803,bike,839,860.4,21.4,-10.092673,4.603642,-11.024385,3.809501,0.03
3,21092029,3,933,7774,pedestrian,7824,bike,858,860.6,2.6,-6.535031,7.542246,-6.620218,7.307398,2.445
3,21092029,3,932,7728,pedestrian,7803,bike,857.4,860.8,3.4,-10.97615,3.981599,-11.017299,3.696989,1.429
3,21092029,3,936,7749,pedestrian,7835,car,859,861,2,-3.904618,5.741474,-3.689557,5.639641,4.041
3,21092029,3,935,7768,pedestrian,7824,bike,858.6,861.6,3,-6.581414,7.425686,-6.66861,7.14639,2.469
3,21092029,3,937,7749,pedestrian,7840,car,863.6,865,1.4,-3.66932,5.633096,-3.51156,5.53103,3.592
3,21092029,3,938,7737,pedestrian,7840,car,867.8,869,1.2,-2.879453,4.951212,-2.782587,4.879662,3.52
3,21092029,3,939,7743,pedestrian,7803,bike,869,870.2,1.2,-9.814206,2.076589,-9.760903,2.000246,3.697
3,21092029,3,941,7757,pedestrian,7803,bike,869.4,870.6,1.2,-9.757122,1.992985,-9.70382,1.916641,3.709
3,21092029,3,942,7718,pedestrian,7856,car,869.6,870.6,1,-2.646454,8.0376,-2.752231,8.022998,4.246
3,21092029,3,940,7694,pedestrian,7856,car,869.2,870.8,1.6,-2.622371,8.107788,-2.803395,8.073241,1.532
3,21092029,3,943,7765,pedestrian,7803,bike,870,871.2,1.2,-9.689377,1.894111,-9.638307,1.821079,3.729
3,21092029,3,944,7773,pedestrian,7803,bike,870.4,871.6,1.2,-9.633586,1.812424,-9.578991,1.734163,3.785
3,21092029,3,948,7749,pedestrian,7846,car,875,876.6,1.6,-3.162738,5.289539,-3.006216,5.120694,3.054
3,21092029,3,950,7759,pedestrian,7846,car,876.4,877.2,0.8,-2.797259,5.128481,-2.723384,5.080648,4.368
3,21092029,3,949,7769,pedestrian,7846,car,876,877.6,1.6,-2.900867,5.119336,-2.728729,5.00849,1.505
3,21092029,3,945,7718,pedestrian,7860,bike,875,879,4,-2.785942,8.262524,-2.980526,8.347347,3.029
3,21092029,3,955,7826,car,7829,pedestrian,880,880.4,0.4,-9.364896,-1.386795,-9.380367,-1.397499,4.912
3,21092029,3,956,7826,car,7841,pedestrian,880.4,880.8,0.4,-9.449595,-1.445725,-9.465439,-1.456689,4.937
3,21092029,3,946,7694,pedestrian,7860,bike,875,881.2,6.2,-2.811521,8.322557,-3.149182,8.340941,0.852
3,21092029,3,957,7826,car,7845,pedestrian,880.8,881.2,0.4,-9.535039,-1.505175,-9.550324,-1.51575,4.93
3,21092029,3,967,7826,car,7848,pedestrian,882.2,882.4,0.2,-9.795326,-1.686194,-9.795326,-1.686194,4.947
3,21092029,3,965,7803,bike,7818,pedestrian,881.2,882.6,1.4,-8.253039,-0.187166,-8.171057,-0.279879,3.47
3,21092029,3,966,7803,bike,7816,pedestrian,882,882.6,0.6,-8.185047,-0.304301,-8.164596,-0.331238,4.562
3,21092029,3,958,7803,bike,7810,pedestrian,880.8,882.8,2,-8.190716,-0.089832,-8.047152,-0.22266,1.501
3,21092029,3,959,7803,bike,7811,pedestrian,880.8,883,2.2,-8.226839,-0.114495,-8.050625,-0.252383,0.045
3,21092029,3,963,7803,bike,7815,pedestrian,881,883,2,-8.255539,-0.161487,-8.09291,-0.281236,2.232
3,21092029,3,952,7715,pedestrian,7861,bike,877.4,884,6.6,-2.793281,8.279749,-2.979898,8.347481,0.61
3,21092029,3,954,7718,pedestrian,7861,bike,877.4,884,6.6,-2.827192,8.342187,-2.979807,8.347474,0.005
3,21092029,3,968,7826,car,7851,pedestrian,883.8,884,0.2,-10.136485,-1.923566,-10.136485,-1.923566,4.963
3,21092029,3,953,7694,pedestrian,7861,bike,877.4,884.2,6.8,-2.842868,8.343289,-3.003959,8.387729,0.649
3,21092029,3,969,7691,pedestrian,7868,car,883.8,884.4,0.6,-11.235759,-2.532945,-11.20917,-2.502016,0.961
3,21092029,3,971,7826,car,7852,pedestrian,884.2,884.4,0.2,-10.22151,-1.982724,-10.22151,-1.982724,4.985
3,21092029,3,970,7706,pedestrian,7868,car,883.8,885,1.2,-11.242565,-2.510618,-11.159796,-2.486753,1.481
3,21092029,3,947,7847,pedestrian,7860,bike,875,885.2,10.2,-2.767995,8.428615,-3.422306,8.298335,3.626
3,21092029,3,962,7694,pedestrian,7865,bike,881,885.2,4.2,-2.932354,8.350843,-2.954574,8.403498,1.287
3,21092029,3,972,7826,car,7854,pedestrian,885.4,885.6,0.2,-10.463394,-2.150991,-10.463394,-2.150991,4.993
3,21092029,3,964,7718,pedestrian,7865,bike,881,886,5,-2.842748,8.343281,-2.980733,8.347311,0.005
3,21092029,3,961,7715,pedestrian,7865,bike,881,888,7,-2.842839,8.343287,-3.12283,8.349578,0.001
3,21092029,3,973,7803,bike,7829,pedestrian,888.2,889.8,1.6,-8.8306,-1.153197,-8.925908,-1.219722,0.178
3,21092029,3,976,7854,pedestrian,7868,car,889.6,890,0.4,-10.281385,-2.024347,-10.261935,-2.01084,4.968
3,21092029,3,974,7803,bike,7841,pedestrian,888.6,890.2,1.6,-8.91196,-1.209985,-9.006896,-1.276251,0.523
3,21092029,3,975,7803,bike,7845,pedestrian,889,890.6,1.6,-8.993134,-1.266645,-9.087037,-1.332189,0.298
3,21092029,3,981,7825,pedestrian,7831,car,891,891.2,0.2,-4.411876,0.836426,-4.411876,0.836426,4.979
3,21092029,3,977,7803,bike,7830,pedestrian,890.4,892,1.6,-9.245901,-1.443076,-9.345474,-1.512578,0.538
3,21092029,3,983,7853,pedestrian,7868,car,891.6,892.2,0.6,-9.979584,-1.814379,-9.939927,-1.786836,4.939
3,21092029,3,978,7803,bike,7848,pedestrian,890.8,892.6,1.8,-9.325005,-1.49829,-9.441668,-1.579721,0.131
3,21092029,3,979,7715,pedestrian,7873,bike,890.8,892.6,1.8,-2.837098,8.395917,-2.848145,8.420415,2.422
3,21092029,3,982,7803,bike,7839,pedestrian,891.2,893,1.8,-9.405611,-1.554553,-9.522682,-1.636268,0.133
3,21092029,3,986,7852,pedestrian,7868,car,892.6,893.4,0.8,-9.824466,-1.706452,-9.764943,-1.665111,4.929
3,21092029,3,988,7803,bike,7868,car,893.2,893.4,0.2,-9.75005,-1.654716,-9.75005,-1.654716,4.921
3,21092029,3,980,7718,pedestrian,7873,bike,890.8,893.8,3,-2.893603,8.36918,-2.914528,8.411297,1.659
3,21092029,3,984,7803,bike,7851,pedestrian,892.2,894,1.8,-9.578619,-1.675312,-9.696037,-1.796873,0.515
3,21092029,3,985,7803,bike,7852,pedestrian,892.6,894.2,1.6,-9.658171,-1.730839,-9.749634,-1.79468,0.496
3,21092029,3,990,7664,pedestrian,7831,car,894.2,894.6,0.4,-3.870812,1.215357,-3.857816,1.224274,4.828
3,21092029,3,987,7803,bike,7853,pedestrian,893,894.8,1.8,-9.741247,-1.788826,-9.849771,-1.864576,0.013
3,21092029,3,989,7803,bike,7854,pedestrian,894,895.6,1.6,-9.921057,-1.914333,-10.01878,-1.982544,0.198
3,21092029,3,991,7839,pedestrian,7868,car,895.4,896.2,0.8,-9.407103,-1.416097,-9.349544,-1.376128,4.891
3,21092029,3,992,7848,pedestrian,7868,car,896.4,897.2,0.8,-9.257653,-1.312126,-9.200095,-1.272157,4.879
3,21092029,3,994,7830,pedestrian,7868,car,897.4,898.2,0.8,-9.108203,-1.208155,-9.050645,-1.168186,4.868
3,21092029,3,993,7803,bike,7858,pedestrian,896.8,898.4,1.6,-10.429483,-2.269214,-10.532394,-2.341045,0.561
3,21092029,3,995,7803,bike,7874,pedestrian,899.4,901,1.6,-10.908987,-2.603907,-10.999825,-2.667312,0.153
3,21092029,3,997,7688,pedestrian,7831,car,900.2,901,0.8,-2.86079,1.92268,-2.822629,1.948846,4.499
3,21092029,3,996,7803,bike,7875,pedestrian,899.8,901.4,1.6,-10.999862,-2.667337,-11.093238,-2.732514,0.158
3,21092029,3,999,7752,pedestrian,7876,car,902.2,903.6,1.4,-2.671115,8.215581,-2.801337,8.20002,3.701
3,21092029,3,1000,7872,pedestrian,7877,car,903.2,903.6,0.4,-5.882215,-1.781598,-5.871861,-1.796624,4.838
3,21092029,3,998,7755,pedestrian,7876,car,902,904.2,2.2,-2.627358,8.166426,-2.842127,8.135222,1.008
3,21092029,3,951,7847,pedestrian,7861,bike,877.4,907,29.6,-2.836307,8.396292,-4.464221,8.698709,1.97
3,21092029,3,1001,7674,pedestrian,7831,car,906.4,907.4,1,-1.814683,2.645639,-1.760815,2.682194,4.237
3,21092029,3,1002,7712,pedestrian,7831,car,907,908,1,-1.724991,2.707267,-1.670701,2.744114,4.209
3,21092029,3,1003,7709,pedestrian,7831,car,907.4,908.4,1,-1.647578,2.760581,-1.596369,2.798279,4.204
3,21092029,3,1004,7719,pedestrian,7831,car,908.4,909.2,0.8,-1.4922,2.872504,-1.458138,2.901916,4.485
3,21092029,3,1005,7823,pedestrian,7831,car,909,909.2,0.2,-1.395998,2.945047,-1.395998,2.945047,4.963
3,21092029,3,960,7705,pedestrian,7824,bike,880.8,913,32.2,-9.461107,5.048319,-11.019481,3.713983,0.498
3,21092029,3,1006,7743,pedestrian,7824,bike,913,915.4,2.4,-10.851368,3.527117,-10.769359,3.413246,0.226
3,21092029,3,1008,7765,pedestrian,7824,bike,913.6,916,2.4,-10.802503,3.446901,-10.692113,3.364622,0.238
3,21092029,3,1009,7757,pedestrian,7824,bike,913.6,916.4,2.8,-10.802503,3.446901,-10.652324,3.308981,0.068
3,21092029,3,1010,7773,pedestrian,7824,bike,914,916.4,2.4,-10.7711,3.378533,-10.652324,3.308981,0.343
3,21092029,3,1007,7847,pedestrian,7861,bike,913.2,917.8,4.6,-4.803585,8.856357,-5.167654,8.607535,2.613
3,21092029,3,1011,7847,pedestrian,7865,bike,917,920,3,-4.988489,8.749893,-5.278069,8.520777,2.612
3,21092029,3,1013,7764,pedestrian,7831,car,920.4,922.4,2,-2.63315,5.050559,-2.686513,5.235162,2.36
3,21092029,3,1012,7784,pedestrian,7831,car,920.4,922.6,2.2,-2.649441,5.038563,-2.709395,5.244563,1.489
3,21092029,3,1014,7778,pedestrian,7831,car,920.6,922.8,2.2,-2.720833,5.00981,-2.770905,5.224248,1.617
3,21092029,3,1015,7804,pedestrian,7860,bike,923.6,926,2.4,-8.108393,6.053695,-8.354566,5.8829,2.584
3,21092029,3,1017,7797,pedestrian,7860,bike,924.6,926.8,2.2,-8.294396,5.924534,-8.50597,5.777762,2.575
3,21092029,3,1016,7847,pedestrian,7873,bike,924,927,3,-5.334331,8.474382,-5.641593,8.258097,2.414
3,21092029,3,1018,7774,pedestrian,7860,bike,925.4,927.6,2.2,-8.428919,5.831134,-8.640493,5.684362,2.569
3,21092029,3,1019,7768,pedestrian,7860,bike,926,928.2,2.2,-8.54422,5.751065,-8.755794,5.604293,2.565
3,21092029,3,1020,7688,pedestrian,7863,car,935.8,936.2,0.4,-4.233601,0.961421,-4.216436,0.973214,4.935
3,21092029,3,1021,7824,bike,7830,pedestrian,936.8,938,1.2,-8.561695,0.245077,-8.527239,0.196047,4.322
3,21092029,3,1022,7824,bike,7839,pedestrian,937.4,938.6,1.2,-8.506404,0.164291,-8.471019,0.113883,4.366
3,21092029,3,1024,7824,bike,7853,pedestrian,939.4,941.6,2.2,-8.178746,-0.084148,-8.028551,-0.190418,2.48
3,21092029,3,1025,7773,pedestrian,7860,bike,940.6,942.4,1.8,-11.083982,3.83698,-11.027687,3.660569,3.07
3,21092029,3,1026,7674,pedestrian,7863,car,942,942.6,0.6,-2.930491,1.873815,-2.894771,1.898389,4.507
3,21092029,3,1027,7712,pedestrian,7863,car,942.4,943,0.6,-2.84583,1.933097,-2.806933,1.959924,4.478
3,21092029,3,1028,7709,pedestrian,7863,car,942.8,943.4,0.6,-2.757992,1.994633,-2.721092,2.020043,4.454
3,21092029,3,1029,7719,pedestrian,7863,car,943.2,944,0.8,-2.67121,2.055418,-2.613381,2.095256,4.434
3,21092029,3,1031,7759,pedestrian,7863,car,944.4,945,0.6,-2.414836,2.232772,-2.38471,2.253153,4.371
3,21092029,3,1030,7843,pedestrian,7863,car,944,945.2,1.2,-2.490242,2.180963,-2.358393,2.271154,4.37
3,21092029,3,1032,7834,pedestrian,7863,car,945.4,946.6,1.2,-2.200385,2.380296,-2.068669,2.470395,4.319
3,21092029,3,1034,7825,pedestrian,7863,car,946,947.2,1.2,-2.070327,2.469773,-1.942955,2.556858,4.292
3,21092029,3,1033,7824,bike,7874,pedestrian,945.4,947.4,2,-8.340511,-0.811115,-8.417726,-0.865011,0.204
3,21092029,3,1035,7824,bike,7866,pedestrian,947,949,2,-8.568021,-0.969917,-8.645256,-1.023827,0.265
3,21092029,3,1036,7824,bike,7867,pedestrian,949.8,951.8,2,-8.969723,-1.250304,-9.053088,-1.308492,0.294
3,21092029,3,1038,7710,pedestrian,7865,bike,956.6,956.8,0.2,-8.764502,5.525563,-8.764502,5.525563,4.923
3,21092029,3,1037,7830,pedestrian,7860,bike,956.4,957.4,1,-9.142849,1.094947,-9.104789,1.040596,4.01
3,21092029,3,1039,7839,pedestrian,7860,bike,956.8,957.8,1,-9.088273,1.015026,-9.049284,0.959297,4.068
3,21092029,3,1044,7823,pedestrian,7863,car,958.6,959.2,0.6,-2.748595,5.007295,-2.785573,5.034558,4.574
3,21092029,3,1045,7808,pedestrian,7863,car,959,959.6,0.6,-2.784851,5.036108,-2.806485,5.092377,4.66
3,21092029,3,1043,7796,pedestrian,7863,car,958.6,960,1.4,-2.740027,5.025631,-2.797172,5.177848,2.77
3,21092029,3,1042,7791,pedestrian,7863,car,958.4,960.2,1.8,-2.692974,5.03267,-2.770275,5.230025,0.93
3,21092029,3,1040,7710,pedestrian,7865,bike,957,962.2,5.2,-8.791473,5.506861,-9.132409,5.300035,0.168
3,21092029,3,1023,7710,pedestrian,7861,bike,938.8,963,24.2,-8.03213,6.03341,-9.154699,5.309548,0.397
3,21092029,3,1041,7710,pedestrian,7873,bike,958,963.4,5.4,-8.828575,5.480434,-9.140509,5.330794,0.754
3,21092029,3,1051,7860,bike,7874,pedestrian,963.8,964,0.2,-8.066731,-0.093578,-8.066731,-0.093578,4.979
3,21092029,3,1049,7860,bike,7866,pedestrian,963.6,964.2,0.6,-8.267715,-0.1845,-8.250383,-0.209156,4.458
3,21092029,3,1050,7797,pedestrian,7865,bike,963.6,964.4,0.8,-9.55749,4.980457,-9.57893,4.965361,4.54
3,21092029,3,1055,7674,pedestrian,7877,car,965.2,965.6,0.4,-3.661555,1.361888,-3.645928,1.372632,4.766
3,21092029,3,1056,7712,pedestrian,7877,car,965.6,966.2,0.6,-3.578182,1.420337,-3.550105,1.439571,4.715
3,21092029,3,1057,7709,pedestrian,7877,car,966,966.6,0.6,-3.496806,1.47737,-3.466732,1.498021,4.685
3,21092029,3,1058,7719,pedestrian,7877,car,966.6,967.2,0.6,-3.398979,1.545731,-3.368789,1.566464,4.681
3,21092029,3,1060,7759,pedestrian,7877,car,967,967.6,0.6,-3.315613,1.604175,-3.287536,1.62341,4.627
3,21092029,3,1047,7774,pedestrian,7865,bike,962.8,967.8,5,-9.427052,5.071414,-9.582711,4.962699,1.699
3,21092029,3,1054,7774,pedestrian,7873,bike,965,967.8,2.8,-9.51157,5.012788,-9.582711,4.962699,3.032
3,21092029,3,1059,7860,bike,7867,pedestrian,966.8,968.4,1.6,-8.145954,-0.675349,-8.237229,-0.739025,0.43
3,21092029,3,1053,7804,pedestrian,7873,bike,964,973,9,-9.40128,5.089099,-9.579048,4.965278,0
3,21092029,3,1064,7749,pedestrian,7877,car,972.8,973.6,0.8,-2.212353,2.37206,-2.168979,2.401456,4.344
3,21092029,3,1065,7832,pedestrian,7877,car,973.2,974,0.8,-2.133633,2.426225,-2.086341,2.45834,4.311
3,21092029,3,1066,7784,pedestrian,7877,car,973.8,974.6,0.8,-2.020777,2.503847,-1.984881,2.528052,4.315
3,21092029,3,1063,7710,pedestrian,7865,bike,970.2,975.4,5.2,-9.443134,5.136649,-9.582809,4.96263,4.067
3,21092029,3,1068,7778,pedestrian,7877,car,975,975.8,0.8,-1.785282,2.665882,-1.748059,2.691008,4.219
3,21092029,3,1062,7710,pedestrian,7873,bike,970.2,977.8,7.6,-9.443134,5.136649,-9.656593,4.910679,1.555
3,21092029,3,1048,7804,pedestrian,7861,bike,963.4,979.2,15.8,-9.397108,5.091813,-9.947131,4.706116,0.105
3,21092029,3,1067,7774,pedestrian,7865,bike,975,982.6,7.6,-9.763184,4.835631,-9.952212,4.702539,0.994
3,21092029,3,1070,7774,pedestrian,7873,bike,977.4,982.6,5.2,-9.799836,4.809824,-9.952212,4.702539,1.593
3,21092029,3,1046,7804,pedestrian,7865,bike,962.6,985.8,23.2,-9.391422,5.100038,-9.95214,4.70259,0
3,21092029,3,1072,7710,pedestrian,7873,bike,980.2,989.2,9,-9.764644,4.834603,-9.949634,4.704354,1.428
3,21092029,3,1073,7770,pedestrian,7877,car,999.6,1001.8,2.2,-2.531209,7.450576,-2.379026,7.616576,0.344
3,21092029,3,1052,7774,pedestrian,7861,bike,963.8,1006.6,42.8,-9.459204,5.049658,-10.907129,4.030196,0
3,21092029,3,1061,7797,pedestrian,7861,bike,970.2,1006.8,36.6,-9.773022,4.828703,-11.050976,3.928916,1.392
3,21092029,3,1074,7768,pedestrian,7861,bike,1004.6,1006.8,2.2,-10.967994,3.987342,-11.059086,3.901945,2.456
3,21092029,3,1071,7710,pedestrian,7865,bike,980.2,1015.4,35.2,-9.764644,4.834603,-10.824366,4.088469,0
3,21092029,3,1069,7804,pedestrian,7873,bike,977.2,1015.6,38.4,-9.770159,4.83072,-11.058834,3.923383,0
3,21092029,3,1075,7774,pedestrian,7873,bike,1014,1015.6,1.6,-11.002407,3.950015,-11.073137,3.873345,2.937
3,21092029,3,1076,7804,pedestrian,7865,bike,1015,1016.2,1.2,-10.966958,3.988071,-11.061614,3.921426,1.097
3,21092029,3,1077,7774,pedestrian,7865,bike,1015.6,1016.2,0.6,-11.040336,3.892601,-11.075202,3.860375,3.565
