run_id,seed,demand_factor,encounter_id,agent_1_id,agent_1_mode,agent_2_id,agent_2_mode,start_time_s,end_time_s,duration_s,start_x,start_y,end_x,end_y,minimum_distance_m
2,21092028,3,1,7462,pedestrian,7472,bike,57.6,59.8,2.2,-4.817257,8.792569,-4.758023,8.86006,0.696
2,21092028,3,2,7472,bike,7479,pedestrian,73,76,3,-3.587424,8.30599,-3.580808,8.304433,0.102
2,21092028,3,3,7465,pedestrian,7499,car,112,113.2,1.2,-2.356205,2.273144,-2.229768,2.35964,4.339
2,21092028,3,4,7469,pedestrian,7503,car,117,117.2,0.2,-4.403128,0.842578,-4.403128,0.842578,4.973
2,21092028,3,5,7479,pedestrian,7494,bike,125,128,3,-6.576169,7.437436,-6.71592,7.056283,2.518
2,21092028,3,6,7480,pedestrian,7505,car,128.2,128.6,0.4,-4.255248,0.94621,-4.235389,0.959936,4.946
2,21092028,3,7,7476,pedestrian,7505,car,128.8,129.2,0.4,-4.133869,1.031216,-4.110795,1.047222,4.885
2,21092028,3,8,7469,pedestrian,7505,car,129.4,130,0.6,-4.015706,1.113943,-3.969558,1.145954,4.849
2,21092028,3,10,7474,pedestrian,7488,car,132,133.4,1.4,-11.427418,2.625201,-11.541857,2.614052,2.616
2,21092028,3,9,7479,pedestrian,7496,bike,130.4,133.6,3.2,-6.72196,7.053668,-7.050882,6.788193,2.587
2,21092028,3,11,7462,pedestrian,7494,bike,138.6,141.2,2.6,-8.787534,5.582115,-9.0713,5.383204,2.554
2,21092028,3,12,7462,pedestrian,7496,bike,144.4,147.2,2.8,-9.108878,5.358184,-9.411482,5.1579,2.646
2,21092028,3,13,7467,pedestrian,7494,bike,155,156.6,1.6,-10.68256,3.214724,-10.59369,3.173362,3.576
2,21092028,3,14,7495,pedestrian,7517,car,161.4,162.2,0.8,-3.99215,1.130511,-3.921162,1.179859,4.837
2,21092028,3,16,7478,pedestrian,7494,bike,164,165,1,-9.555382,1.698161,-9.518496,1.645576,3.799
2,21092028,3,15,7502,pedestrian,7511,bike,163,166.6,3.6,-4.807092,8.855934,-5.126391,8.640722,2.625
2,21092028,3,17,7485,pedestrian,7517,car,165.8,167,1.2,-3.170763,1.705721,-3.060966,1.781927,4.577
2,21092028,3,18,7480,pedestrian,7517,car,166.6,167.6,1,-3.029917,1.804279,-2.946071,1.862412,4.53
2,21092028,3,19,7476,pedestrian,7517,car,167.2,168.2,1,-2.915557,1.884384,-2.831583,1.942609,4.491
2,21092028,3,20,7469,pedestrian,7517,car,167.8,169,1.2,-2.80107,1.964581,-2.692851,2.039668,4.466
2,21092028,3,22,7501,car,7528,pedestrian,172.2,173,0.8,-11.17673,-2.464446,-11.24312,-2.491605,2.13
2,21092028,3,23,7466,pedestrian,7501,car,172.6,173,0.4,-11.240233,-2.419425,-11.2591,-2.439182,4.29
2,21092028,3,25,7474,pedestrian,7507,bike,183.6,187.2,3.6,-10.023007,4.652693,-10.057851,4.62816,0.115
2,21092028,3,28,7518,pedestrian,7527,bike,186.6,187.2,0.6,-3.407455,8.297102,-3.423664,8.298209,4.882
2,21092028,3,26,7465,pedestrian,7517,car,186,187.8,1.8,-2.624,5.09688,-2.764435,5.215667,1.354
2,21092028,3,27,7486,pedestrian,7507,bike,186.2,189.6,3.4,-10.194731,4.531785,-10.200012,4.528067,0.235
2,21092028,3,29,7487,pedestrian,7507,bike,187.2,190.4,3.2,-10.252877,4.490845,-10.25744,4.487633,0.153
2,21092028,3,31,7490,pedestrian,7507,bike,188.2,191.4,3.2,-10.310782,4.450075,-10.321799,4.442318,0.052
2,21092028,3,30,7518,pedestrian,7527,bike,187.8,191.6,3.8,-3.456799,8.300282,-3.611569,8.30849,4.357
2,21092028,3,32,7466,pedestrian,7494,bike,191.2,192.8,1.6,-10.609952,-2.395181,-10.703708,-2.460623,0.333
2,21092028,3,34,7474,pedestrian,7511,bike,193.8,195.6,1.8,-9.597104,4.952565,-9.699965,4.880142,0.413
2,21092028,3,35,7486,pedestrian,7511,bike,194.6,196.4,1.8,-9.731488,4.857947,-9.823699,4.793022,0.041
2,21092028,3,33,7502,pedestrian,7512,bike,193,196.6,3.6,-6.387805,7.71014,-6.600852,7.39981,2.583
2,21092028,3,36,7487,pedestrian,7511,bike,195.2,196.8,1.6,-9.818818,4.796459,-9.901006,4.738592,0.398
2,21092028,3,37,7490,pedestrian,7511,bike,195.6,197.4,1.8,-9.89789,4.740786,-9.989714,4.676134,0.168
2,21092028,3,21,7479,pedestrian,7507,bike,171.6,200.4,28.8,-9.287925,5.240986,-11.053542,3.927109,0.249
2,21092028,3,38,7498,pedestrian,7507,bike,198.6,200.4,1.8,-10.965524,3.989081,-11.004611,3.961561,0.314
2,21092028,3,39,7518,pedestrian,7527,bike,199.2,202.2,3,-3.934439,8.421636,-4.049051,8.47051,4.418
2,21092028,3,40,7498,pedestrian,7511,bike,201.2,203,1.8,-10.845044,4.073909,-10.941521,4.005981,0.363
2,21092028,3,41,7479,pedestrian,7511,bike,202.8,203,0.2,-11.079737,3.831906,-11.079737,3.831906,4.952
2,21092028,3,43,7474,pedestrian,7512,bike,214,216,2,-8.833617,5.550112,-8.913936,5.492819,2.573
2,21092028,3,44,7486,pedestrian,7512,bike,214.6,217,2.4,-8.912763,5.495156,-8.978035,5.446668,2.597
2,21092028,3,46,7487,pedestrian,7512,bike,215.2,217.6,2.4,-8.993781,5.438897,-9.056167,5.393509,2.642
2,21092028,3,45,7490,pedestrian,7512,bike,215.2,218,2.8,-8.987857,5.431094,-9.066218,5.313045,0.288
2,21092028,3,24,7514,pedestrian,7527,bike,173.4,219.4,46,-2.859282,8.421152,-4.819236,8.785974,2.118
2,21092028,3,47,7498,pedestrian,7512,bike,222,224.2,2.2,-9.80277,4.807759,-9.884434,4.75026,0.042
2,21092028,3,48,7506,pedestrian,7542,car,227,228.8,1.8,-1.839684,2.628453,-1.65337,2.756338,4.216
2,21092028,3,49,7506,pedestrian,7549,car,233.2,234,0.8,-1.496764,2.868806,-1.425137,2.925319,4.551
2,21092028,3,42,7533,pedestrian,7551,bike,213.8,235,21.2,-2.902635,8.364906,-4.097252,8.497003,3.5
2,21092028,3,50,7474,pedestrian,7527,bike,245.6,247.8,2.2,-7.522348,6.460608,-7.588868,6.414581,2.608
2,21092028,3,51,7486,pedestrian,7527,bike,246.2,248.4,2.2,-7.595747,6.40964,-7.662265,6.36361,2.597
2,21092028,3,52,7487,pedestrian,7527,bike,247,249.2,2.2,-7.675797,6.354069,-7.740673,6.309174,2.624
2,21092028,3,53,7533,pedestrian,7551,bike,249.8,253.4,3.6,-4.874128,8.839703,-5.186545,8.592373,2.599
2,21092028,3,55,7498,pedestrian,7527,bike,253.2,255.2,2,-8.34213,5.8914,-8.394777,5.854978,2.573
2,21092028,3,54,7533,pedestrian,7554,bike,252.6,255.6,3,-5.013001,8.730688,-5.293226,8.509185,2.615
2,21092028,3,56,7562,pedestrian,7574,bike,258.2,259.2,1,-11.071205,3.885507,-11.003334,3.951366,2.352
2,21092028,3,57,7533,pedestrian,7559,bike,258.8,261.8,3,-5.308651,8.495025,-5.612787,8.278015,2.442
2,21092028,3,58,7524,pedestrian,7551,bike,259.2,262.6,3.4,-6.177151,7.874731,-6.456755,7.633648,2.233
2,21092028,3,59,7518,pedestrian,7551,bike,260.2,263.4,3.2,-6.322896,7.768819,-6.544655,7.515754,2.363
2,21092028,3,60,7524,pedestrian,7554,bike,260.4,263.6,3.2,-6.225893,7.839423,-6.476626,7.611599,2.297
2,21092028,3,61,7514,pedestrian,7551,bike,261.2,264.2,3,-6.451048,7.647075,-6.605775,7.376324,2.685
2,21092028,3,62,7518,pedestrian,7554,bike,261.4,264.6,3.2,-6.371116,7.726723,-6.570461,7.461113,2.477
2,21092028,3,63,7514,pedestrian,7554,bike,262.2,265.4,3.2,-6.485488,7.612242,-6.619257,7.311965,2.579
2,21092028,3,64,7502,pedestrian,7574,bike,264,265.8,1.8,-10.036781,4.642995,-9.953846,4.701388,0.416
2,21092028,3,65,7474,pedestrian,7551,bike,265,267,2,-6.714743,7.062187,-6.779385,6.979529,2.7
2,21092028,3,67,7474,pedestrian,7554,bike,265.6,267.4,1.8,-6.692739,7.095083,-6.752409,7.002235,2.614
2,21092028,3,69,7487,pedestrian,7551,bike,265.8,267.6,1.8,-6.784252,6.969965,-6.85924,6.919856,2.531
2,21092028,3,66,7486,pedestrian,7551,bike,265.4,267.8,2.4,-6.746868,7.015573,-6.890206,6.896416,2.524
2,21092028,3,68,7524,pedestrian,7559,bike,265.6,268,2.4,-6.440074,7.657722,-6.59808,7.413414,2.655
2,21092028,3,72,7487,pedestrian,7554,bike,266.4,268,1.6,-6.758623,6.996396,-6.831919,6.940055,2.59
2,21092028,3,70,7486,pedestrian,7554,bike,266.2,268.4,2.2,-6.74614,7.017236,-6.89156,6.895485,2.545
2,21092028,3,71,7518,pedestrian,7559,bike,266.4,268.8,2.4,-6.540062,7.526892,-6.630434,7.259057,2.347
2,21092028,3,74,7474,pedestrian,7559,bike,268,269.6,1.6,-6.647083,7.205756,-6.682272,7.104084,2.633
2,21092028,3,73,7514,pedestrian,7559,bike,267,270,3,-6.593485,7.395788,-6.714487,7.060718,2.547
2,21092028,3,75,7487,pedestrian,7559,bike,268.4,270.4,2,-6.674168,7.129651,-6.755171,7.009503,2.281
2,21092028,3,76,7486,pedestrian,7559,bike,269,270.6,1.6,-6.729763,7.042369,-6.789208,6.971628,2.666
2,21092028,3,78,7498,pedestrian,7551,bike,270.6,272.4,1.8,-7.466081,6.499666,-7.540079,6.448451,2.597
2,21092028,3,79,7498,pedestrian,7554,bike,271.2,273,1.8,-7.430288,6.52451,-7.509408,6.469744,2.598
2,21092028,3,80,7560,pedestrian,7580,bike,272.2,273,0.8,-2.784444,8.259009,-2.794237,8.245071,3.844
2,21092028,3,82,7498,pedestrian,7559,bike,273,274.4,1.4,-7.356704,6.575614,-7.428317,6.526032,2.6
2,21092028,3,81,7527,bike,7562,pedestrian,272.6,276.4,3.8,-10.402655,4.385389,-10.419269,4.373691,0.385
2,21092028,3,83,7527,bike,7564,pedestrian,273.6,277.6,4,-10.459299,4.345507,-10.471424,4.336969,0.109
2,21092028,3,84,7526,pedestrian,7561,car,277.4,278.8,1.4,-11.363046,2.6584,-11.497682,2.650088,1.6
2,21092028,3,85,7536,pedestrian,7561,car,278,279.2,1.2,-11.476051,2.596182,-11.582886,2.587518,3.344
2,21092028,3,86,7538,pedestrian,7561,car,278.4,279.2,0.8,-11.527307,2.562532,-11.602864,2.559579,4.119
2,21092028,3,88,7514,pedestrian,7574,bike,282,283.6,1.6,-7.242411,6.655105,-7.163,6.710096,2.637
2,21092028,3,87,7520,pedestrian,7527,bike,280.6,284,3.4,-10.82952,4.084839,-10.820028,4.091523,0.133
2,21092028,3,89,7518,pedestrian,7574,bike,282.4,284,1.6,-7.166674,6.707744,-7.087866,6.762283,2.611
2,21092028,3,90,7524,pedestrian,7574,bike,283,284.6,1.6,-7.083663,6.765408,-7.009372,6.816672,2.632
2,21092028,3,77,7502,pedestrian,7527,bike,270.4,285.4,15,-10.196882,4.53027,-11.060116,3.918374,1.397
2,21092028,3,91,7498,pedestrian,7574,bike,283.6,287.4,3.8,-6.974914,6.839265,-6.665842,7.150079,2.544
2,21092028,3,92,7533,pedestrian,7574,bike,286.8,288.4,1.6,-6.630952,7.256866,-6.616178,7.347717,2.469
2,21092028,3,93,7551,bike,7562,pedestrian,287,289,2,-9.769584,4.831124,-9.85663,4.769837,0.201
2,21092028,3,94,7551,bike,7564,pedestrian,287.4,289.6,2.2,-9.836445,4.784049,-9.939192,4.711706,0.42
2,21092028,3,95,7554,bike,7562,pedestrian,287.6,289.6,2,-9.73538,4.855207,-9.822426,4.793919,0.493
2,21092028,3,96,7554,bike,7564,pedestrian,288,290.2,2.2,-9.801115,4.808924,-9.901973,4.737911,0.027
2,21092028,3,97,7559,bike,7562,pedestrian,288.2,290.4,2.2,-9.704574,4.876897,-9.797893,4.811192,0.471
2,21092028,3,98,7559,bike,7564,pedestrian,288.6,290.8,2.2,-9.76282,4.835887,-9.871167,4.759602,0.1
2,21092028,3,99,7486,pedestrian,7574,bike,289.6,292.4,2.8,-6.353321,7.737742,-6.100087,7.930707,2.151
2,21092028,3,101,7520,pedestrian,7551,bike,290.4,292.4,2,-10.266373,4.481343,-10.342834,4.427508,0.279
2,21092028,3,103,7520,pedestrian,7554,bike,291.2,293,1.8,-10.238835,4.500732,-10.305101,4.454075,0.083
2,21092028,3,100,7487,pedestrian,7574,bike,290.4,293.6,3.2,-6.22697,7.833826,-5.921196,8.058858,1.992
2,21092028,3,104,7520,pedestrian,7559,bike,291.8,293.6,1.8,-10.205474,4.524221,-10.267369,4.480641,0.114
2,21092028,3,102,7474,pedestrian,7574,bike,291.2,294.2,3,-6.095408,7.929384,-5.818848,8.129277,1.887
2,21092028,3,106,7547,pedestrian,7574,bike,293.4,295,1.6,-5.763455,8.173844,-5.681985,8.223944,2.097
2,21092028,3,105,7490,pedestrian,7575,car,293,295.4,2.4,-4.927591,6.21076,-4.72169,6.051186,3.886
2,21092028,3,107,7576,pedestrian,7586,car,294.4,296.2,1.8,-2.653678,8.180209,-2.804851,8.054782,0.386
2,21092028,3,108,7506,pedestrian,7575,car,306.4,309.4,3,-2.902815,5.127313,-2.776174,4.895794,0.809
2,21092028,3,109,7476,pedestrian,7575,car,306.4,309.4,3,-2.910739,5.121314,-2.781022,4.885379,1.527
2,21092028,3,110,7485,pedestrian,7575,car,306.6,309.4,2.8,-2.857736,5.140226,-2.766328,4.916945,0.548
2,21092028,3,111,7469,pedestrian,7575,car,306.6,309.4,2.8,-2.911142,5.083659,-2.78719,4.872129,2.132
2,21092028,3,112,7577,pedestrian,7591,car,308.4,310.2,1.8,-2.624897,8.152156,-2.777716,8.036986,1.581
2,21092028,3,115,7526,pedestrian,7595,bike,311.6,312.2,0.6,-10.958038,3.994352,-10.950273,3.999819,4.522
2,21092028,3,118,7474,pedestrian,7580,bike,312.2,314,1.8,-5.077475,8.680163,-5.147048,8.624146,2.609
2,21092028,3,119,7487,pedestrian,7580,bike,312.8,314.6,1.8,-5.153066,8.620033,-5.214548,8.569871,2.621
2,21092028,3,120,7486,pedestrian,7580,bike,313,315.2,2.2,-5.179191,8.599049,-5.28974,8.511922,2.646
2,21092028,3,114,7537,pedestrian,7595,bike,311.6,317.6,6,-11.069959,3.891106,-10.950114,3.999931,0.809
2,21092028,3,116,7544,pedestrian,7595,bike,311.6,317.6,6,-11.084331,3.826534,-10.950114,3.999931,2.626
2,21092028,3,121,7498,pedestrian,7580,bike,315.8,317.6,1.8,-5.540665,8.321322,-5.610451,8.278988,2.285
2,21092028,3,122,7490,pedestrian,7586,car,317.4,319.2,1.8,-3.495262,5.524945,-3.273418,5.370224,3.376
2,21092028,3,123,7469,pedestrian,7586,car,319,320.2,1.2,-3.151088,5.277949,-3.072017,5.194258,3.018
2,21092028,3,124,7485,pedestrian,7586,car,319.6,320.6,1,-3.061264,5.180479,-3.006028,5.120339,3.111
2,21092028,3,125,7476,pedestrian,7586,car,320,321,1,-2.996233,5.103502,-2.940962,5.043394,3.246
2,21092028,3,126,7506,pedestrian,7586,car,320.4,321.4,1,-2.927068,5.021341,-2.869975,4.962927,3.372
2,21092028,3,127,7601,pedestrian,7602,car,323.8,324.4,0.6,-11.261101,-2.44981,-11.221341,-2.411527,3.971
2,21092028,3,128,7513,pedestrian,7602,car,323.8,324.6,0.8,-11.258876,-2.457111,-11.190537,-2.428219,3.577
2,21092028,3,129,7469,pedestrian,7587,car,325.2,326.4,1.2,-3.345382,5.419687,-3.255504,5.357434,3.455
2,21092028,3,130,7485,pedestrian,7587,car,325.6,326.8,1.2,-3.257746,5.357139,-3.174053,5.287935,3.511
2,21092028,3,132,7476,pedestrian,7587,car,326,327.4,1.4,-3.173297,5.296911,-3.082711,5.200927,3.15
2,21092028,3,131,7506,pedestrian,7587,car,326,327.6,1.6,-3.169787,5.294354,-3.043967,5.165881,3.005
2,21092028,3,133,7490,pedestrian,7587,car,327.2,329,1.8,-2.977494,5.080364,-2.805085,4.885246,3.362
2,21092028,3,135,7513,pedestrian,7608,bike,330,331.4,1.4,-11.199413,-2.749493,-11.09655,-2.714335,1.799
2,21092028,3,134,7547,pedestrian,7580,bike,328.4,332.2,3.8,-6.896896,6.894508,-7.220951,6.670019,2.619
2,21092028,3,136,7469,pedestrian,7590,car,330.8,332.2,1.4,-3.538423,5.554375,-3.451312,5.49296,3.408
2,21092028,3,137,7485,pedestrian,7590,car,331.2,332.6,1.4,-3.476293,5.511991,-3.392068,5.454901,3.37
2,21092028,3,138,7476,pedestrian,7590,car,331.6,332.8,1.2,-3.397525,5.456714,-3.337413,5.41563,3.386
2,21092028,3,139,7506,pedestrian,7590,car,332.2,333.4,1.2,-3.30626,5.391857,-3.244282,5.349414,3.454
2,21092028,3,140,7564,pedestrian,7580,bike,332.8,334.4,1.6,-7.466637,6.499293,-7.518023,6.463758,2.611
2,21092028,3,144,7566,pedestrian,7600,car,335.8,336.8,1,-3.197173,1.687238,-3.098175,1.75593,4.582
2,21092028,3,142,7562,pedestrian,7580,bike,334.8,337,2.2,-7.731291,6.242018,-7.819789,6.180654,0.318
2,21092028,3,145,7557,pedestrian,7600,car,336.4,337.4,1,-3.070258,1.776107,-2.968921,1.846459,4.541
2,21092028,3,143,7520,pedestrian,7580,bike,335.6,337.6,2,-7.833603,6.171074,-7.902613,6.123221,0.228
2,21092028,3,146,7526,pedestrian,7595,bike,339,339.2,0.2,-9.902573,4.737489,-9.902573,4.737489,4.954
2,21092028,3,147,7526,pedestrian,7595,bike,339.4,339.6,0.2,-9.884598,4.750144,-9.884598,4.750144,4.826
2,21092028,3,148,7526,pedestrian,7595,bike,339.8,342.8,3,-9.866624,4.7628,-9.762779,4.835916,2.921
2,21092028,3,151,7480,pedestrian,7610,car,342.2,342.8,0.6,-2.713409,8.231346,-2.764455,8.225012,4.611
2,21092028,3,149,7514,pedestrian,7595,bike,340.4,345.4,5,-9.814403,4.799568,-9.866106,4.763165,0.07
2,21092028,3,150,7518,pedestrian,7595,bike,341.2,346.8,5.6,-9.763138,4.835663,-9.818138,4.796938,0.08
2,21092028,3,153,7524,pedestrian,7595,bike,343.4,347.8,4.4,-9.752285,4.843305,-9.772394,4.829146,0.044
2,21092028,3,152,7537,pedestrian,7595,bike,342.4,348,5.6,-9.952759,4.702154,-9.766502,4.833295,3.301
2,21092028,3,159,7526,pedestrian,7595,bike,348.2,348.4,0.2,-9.560048,4.995959,-9.560048,4.995959,4.908
2,21092028,3,113,7538,pedestrian,7595,bike,311.6,350.4,38.8,-11.04444,3.933518,-9.55393,4.982963,0
2,21092028,3,158,7533,pedestrian,7595,bike,348,350.6,2.6,-9.57413,4.975512,-9.509176,5.014474,0.174
2,21092028,3,156,7526,pedestrian,7580,bike,347.4,351.2,3.8,-9.403553,5.090497,-9.481636,5.10185,0.735
2,21092028,3,117,7536,pedestrian,7595,bike,311.6,351.6,40,-11.01098,3.957076,-9.36053,5.143139,0.145
2,21092028,3,160,7526,pedestrian,7595,bike,348.6,351.8,3.2,-9.547175,5.012262,-9.322717,5.218616,2.13
2,21092028,3,162,7566,pedestrian,7603,car,350.6,352.2,1.6,-2.566484,2.128395,-2.420825,2.228192,4.381
2,21092028,3,141,7550,pedestrian,7608,bike,334,352.4,18.4,-10.46422,-2.29346,-9.525233,-1.691199,0.73
2,21092028,3,157,7536,pedestrian,7580,bike,348,352.4,4.4,-9.479605,5.035294,-9.51474,5.056597,0
2,21092028,3,163,7465,pedestrian,7608,bike,351.2,353,1.8,-9.54633,-1.652775,-9.46121,-1.593361,0.386
2,21092028,3,166,7557,pedestrian,7603,car,351.6,353.2,1.6,-2.40967,2.236343,-2.26513,2.335236,4.348
2,21092028,3,161,7538,pedestrian,7580,bike,349.8,353.4,3.6,-9.582804,4.962634,-9.554601,5.001824,0.099
2,21092028,3,165,7566,pedestrian,7606,car,351.4,353.4,2,-2.522412,2.158806,-2.364001,2.267233,4.37
2,21092028,3,168,7557,pedestrian,7606,car,352.6,354.2,1.6,-2.372315,2.262074,-2.227776,2.360967,4.353
2,21092028,3,164,7537,pedestrian,7580,bike,351.2,355.2,4,-9.627579,4.931108,-9.622127,4.934947,0.095
2,21092028,3,167,7544,pedestrian,7580,bike,352.4,356,3.6,-9.678576,4.895202,-9.675532,4.897345,0.226
2,21092028,3,169,7514,pedestrian,7614,bike,353.2,356.8,3.6,-10.396258,4.389892,-10.384995,4.397823,0.073
2,21092028,3,170,7553,pedestrian,7580,bike,353.6,357.2,3.6,-9.745091,4.84837,-9.763496,4.835411,0.302
2,21092028,3,171,7518,pedestrian,7614,bike,354.2,358,3.8,-10.34326,4.427208,-10.320496,4.443236,0.027
2,21092028,3,175,7547,pedestrian,7595,bike,356.4,358,1.6,-8.35672,5.881408,-8.27022,5.941328,2.589
2,21092028,3,172,7556,pedestrian,7580,bike,354.8,358.6,3.8,-9.792853,4.814741,-9.797426,4.811521,0.151
2,21092028,3,173,7524,pedestrian,7614,bike,355.2,359,3.8,-10.280045,4.471716,-10.26232,4.484197,0.226
2,21092028,3,174,7565,pedestrian,7580,bike,355.6,359.6,4,-9.845422,4.777728,-9.856856,4.769677,0
2,21092028,3,178,7516,pedestrian,7622,bike,359.4,360.2,0.8,-11.007248,3.827737,-10.982007,3.863269,4.788
2,21092028,3,176,7580,bike,7599,pedestrian,358.6,362.4,3.8,-9.994727,4.672605,-9.981248,4.682095,0.029
2,21092028,3,177,7533,pedestrian,7614,bike,358.6,362.4,3.8,-10.098323,4.599664,-10.089852,4.605629,0.291
2,21092028,3,184,7469,pedestrian,7610,car,362,362.8,0.8,-4.624447,5.981516,-4.570352,5.951034,4.081
2,21092028,3,186,7485,pedestrian,7610,car,362.2,363,0.8,-4.555751,5.942145,-4.507511,5.917904,4.087
2,21092028,3,179,7474,pedestrian,7623,bike,359.6,363.2,3.6,-2.920465,8.356469,-2.961298,8.400865,1.257
2,21092028,3,188,7506,pedestrian,7610,car,362.6,363.4,0.8,-4.464985,5.894593,-4.414564,5.874155,4.217
2,21092028,3,182,7514,pedestrian,7622,bike,361.2,363.6,2.4,-10.761034,4.133059,-10.690139,4.182975,0.317
2,21092028,3,190,7476,pedestrian,7610,car,363.2,363.8,0.6,-4.355119,5.843974,-4.322441,5.830824,4.353
2,21092028,3,180,7487,pedestrian,7623,bike,360.2,364.2,4,-2.968261,8.349004,-3.027108,8.37998,0.509
2,21092028,3,183,7518,pedestrian,7622,bike,361.8,364.4,2.6,-10.688147,4.184378,-10.610807,4.238832,0.054
2,21092028,3,187,7524,pedestrian,7622,bike,362.6,365,2.4,-10.612512,4.237631,-10.541053,4.287944,0.288
2,21092028,3,181,7486,pedestrian,7623,bike,361,365.4,4.4,-3.032793,8.344526,-3.10444,8.355694,0.29
2,21092028,3,185,7498,pedestrian,7623,bike,362,365.6,3.6,-3.100327,8.341248,-3.118388,8.351145,0.172
2,21092028,3,193,7516,pedestrian,7624,bike,365.2,366,0.8,-11.070577,3.888328,-11.032866,3.9029,2.234
2,21092028,3,194,7523,pedestrian,7624,bike,365.2,366.4,1.2,-11.056693,3.908905,-10.995386,3.968056,1.176
2,21092028,3,189,7571,pedestrian,7580,bike,363.2,367,3.8,-10.226511,4.509409,-10.21535,4.517267,0.109
2,21092028,3,191,7533,pedestrian,7622,bike,364.6,367,2.4,-10.390069,4.39425,-10.32483,4.440184,0.308
2,21092028,3,192,7514,pedestrian,7624,bike,365.2,367.4,2.2,-10.949327,4.000485,-10.85801,4.06478,0.237
2,21092028,3,198,7519,pedestrian,7610,car,366.4,367.6,1.2,-3.596028,5.588986,-3.518731,5.534556,3.556
2,21092028,3,196,7518,pedestrian,7624,bike,365.8,368,2.2,-10.868467,4.057417,-10.777238,4.12165,0.195
2,21092028,3,199,7529,pedestrian,7610,car,366.8,368,1.2,-3.517368,5.540728,-3.430907,5.479832,3.416
2,21092028,3,197,7524,pedestrian,7624,bike,366.4,368.6,2.2,-10.787432,4.114473,-10.696203,4.178706,0.037
2,21092028,3,201,7487,pedestrian,7629,bike,367.2,368.8,1.6,-2.804395,8.411391,-2.804497,8.42891,3.055
2,21092028,3,200,7486,pedestrian,7629,bike,367.2,370.2,3,-2.85863,8.385728,-2.861809,8.419274,2.13
2,21092028,3,203,7533,pedestrian,7624,bike,368,370.2,2.2,-10.568823,4.268392,-10.482647,4.329068,0.051
2,21092028,3,202,7498,pedestrian,7629,bike,367.2,371.8,4.6,-2.913627,8.359705,-2.919702,8.411859,1.462
2,21092028,3,154,7599,pedestrian,7614,bike,345,372.2,27.2,-10.921534,4.020053,-9.324961,5.204509,0.832
2,21092028,3,206,7581,pedestrian,7621,car,372.4,373.4,1,-3.08131,1.768298,-2.970961,1.844952,4.548
2,21092028,3,209,7579,pedestrian,7621,car,373,374,1,-2.947132,1.862252,-2.838696,1.93755,4.502
2,21092028,3,207,7547,pedestrian,7614,bike,372.6,374.2,1.6,-9.089518,5.370688,-9.017847,5.421945,2.674
2,21092028,3,204,7565,pedestrian,7614,bike,371.2,374.4,3.2,-9.286197,5.240865,-8.994869,5.438143,2.651
2,21092028,3,212,7537,pedestrian,7614,bike,374.2,375,0.8,-8.785434,5.511049,-8.755401,5.531874,4.405
2,21092028,3,195,7571,pedestrian,7622,bike,365.4,375.4,10,-10.293643,4.462142,-9.76617,4.833528,1.136
2,21092028,3,214,7565,pedestrian,7614,bike,377.2,377.4,0.2,-8.881835,5.51663,-8.881835,5.51663,4.942
2,21092028,3,213,7564,pedestrian,7595,bike,376.4,379.4,3,-5.309307,8.496911,-5.001469,8.739677,2.622
2,21092028,3,155,7533,pedestrian,7580,bike,347,380.4,33.4,-9.366261,5.142591,-11.063517,3.918605,0.561
2,21092028,3,217,7547,pedestrian,7624,bike,379.6,381.6,2,-9.436916,5.140766,-9.340188,5.186001,2.629
2,21092028,3,210,7571,pedestrian,7624,bike,373,381.8,8.8,-9.887171,4.748333,-9.320217,5.215645,1.022
2,21092028,3,219,7485,pedestrian,7602,car,382,382.4,0.4,-5.096017,6.361399,-5.083927,6.342985,4.962
2,21092028,3,218,7547,pedestrian,7622,bike,380.4,382.8,2.4,-9.472095,5.117469,-9.368504,5.141254,1.871
2,21092028,3,220,7506,pedestrian,7602,car,382.2,382.8,0.6,-5.035122,6.301675,-5.005392,6.269664,4.529
2,21092028,3,222,7476,pedestrian,7602,car,382.4,383,0.6,-5.004678,6.27119,-4.967424,6.235395,4.471
2,21092028,3,216,7571,pedestrian,7622,bike,379.2,384.8,5.6,-9.562102,4.989738,-9.161181,5.322017,2.464
2,21092028,3,223,7519,pedestrian,7602,car,384.4,385.2,0.8,-4.550519,5.93786,-4.496064,5.913116,4.087
2,21092028,3,224,7529,pedestrian,7602,car,384.8,385.6,0.8,-4.456995,5.891478,-4.400343,5.868109,4.239
2,21092028,3,226,7599,pedestrian,7622,bike,386,387,1,-8.803683,5.498198,-8.758562,5.529682,4.257
2,21092028,3,225,7564,pedestrian,7623,bike,385.6,389,3.4,-4.634209,8.79212,-4.629898,8.789751,0.014
2,21092028,3,227,7530,pedestrian,7621,car,389.2,389.6,0.4,-2.785443,5.035667,-2.797823,5.063884,4.756
2,21092028,3,208,7553,pedestrian,7614,bike,372.8,390.4,17.6,-9.044711,5.401163,-8.201331,5.989307,2.551
2,21092028,3,231,7599,pedestrian,7614,bike,392.2,392.6,0.4,-8.276693,5.863824,-8.266132,5.871147,4.822
2,21092028,3,230,7530,pedestrian,7602,car,391.6,393.2,1.6,-2.866761,5.126273,-2.707983,5.020785,2.496
2,21092028,3,233,7519,pedestrian,7625,car,392.8,393.8,1,-4.929899,6.211441,-4.891146,6.169946,4.168
2,21092028,3,234,7529,pedestrian,7625,car,393.2,394.2,1,-4.860206,6.15439,-4.814195,6.115837,3.887
2,21092028,3,235,7519,pedestrian,7631,car,393.4,394.2,0.8,-4.951013,6.228282,-4.914472,6.189724,4.29
2,21092028,3,237,7529,pedestrian,7631,car,393.8,394.8,1,-4.879271,6.169759,-4.836311,6.131445,3.959
2,21092028,3,238,7519,pedestrian,7632,car,394.4,395,0.6,-4.987231,6.257337,-4.962807,6.231571,4.416
2,21092028,3,240,7594,pedestrian,7638,car,395.2,395.4,0.2,-4.430253,0.823597,-4.430253,0.823597,4.982
2,21092028,3,239,7529,pedestrian,7632,car,394.6,395.6,1,-4.921552,6.206036,-4.873466,6.157563,4.102
2,21092028,3,236,7564,pedestrian,7629,bike,393.8,397.8,4,-4.107437,8.5026,-4.062045,8.477652,0.187
2,21092028,3,241,7547,pedestrian,7608,bike,396.2,398,1.8,-10.134676,4.574069,-10.045951,4.636539,0.15
2,21092028,3,242,7547,pedestrian,7644,bike,396.8,398.6,1.8,-10.156161,4.558941,-10.07244,4.617888,0.349
2,21092028,3,244,7560,pedestrian,7626,car,399.2,400.2,1,-2.157649,2.409659,-2.12001,2.435088,4.308
2,21092028,3,249,7529,pedestrian,7634,car,399.8,400.2,0.4,-5.092176,6.356249,-5.084228,6.342801,4.926
2,21092028,3,250,7526,pedestrian,7614,bike,400,400.2,0.2,-7.709109,6.183456,-7.709109,6.183456,4.968
2,21092028,3,243,7538,pedestrian,7623,bike,399,400.4,1.4,-6.509564,7.578377,-6.545862,7.513747,2.614
2,21092028,3,246,7490,pedestrian,7626,car,399.6,400.8,1.2,-2.085051,2.4597,-2.038002,2.491486,4.294
2,21092028,3,248,7520,pedestrian,7634,car,399.8,400.8,1,-5.078081,6.344318,-4.999935,6.26394,4.65
2,21092028,3,232,7599,pedestrian,7614,bike,392.8,401.6,8.8,-8.245725,5.885298,-7.776853,6.210426,2.776
2,21092028,3,251,7562,pedestrian,7634,car,400.2,401.6,1.4,-4.993619,6.263808,-4.87387,6.157825,4.273
2,21092028,3,252,7526,pedestrian,7614,bike,400.4,402.2,1.8,-7.698065,6.179558,-7.565919,6.224962,4.035
2,21092028,3,215,7565,pedestrian,7614,bike,377.8,402.4,24.6,-8.855252,5.535092,-7.674075,6.355259,2.575
2,21092028,3,211,7544,pedestrian,7614,bike,373.2,402.8,29.6,-8.938263,5.401624,-7.569196,6.326008,0.655
2,21092028,3,247,7537,pedestrian,7614,bike,399.6,402.8,3.2,-7.750623,6.219387,-7.548052,6.295385,1.413
2,21092028,3,255,7520,pedestrian,7635,car,401.8,402.8,1,-5.005829,6.272374,-4.92342,6.196431,4.424
2,21092028,3,205,7556,pedestrian,7614,bike,372,403.4,31.4,-9.169256,5.3176,-7.52089,6.461616,2.56
2,21092028,3,245,7595,bike,7630,pedestrian,399.6,403.4,3.8,-3.420751,8.29803,-3.408203,8.297248,0.07
2,21092028,3,256,7562,pedestrian,7635,car,402,403.4,1.4,-4.935386,6.217576,-4.799562,6.105659,3.981
2,21092028,3,253,7564,pedestrian,7642,bike,401,404.4,3.4,-3.622429,8.311933,-3.60684,8.306991,0.057
2,21092028,3,254,7553,pedestrian,7614,bike,401.2,404.6,3.4,-7.665372,6.361462,-7.347583,6.581932,2.596
2,21092028,3,259,7536,pedestrian,7623,bike,403.2,404.6,1.4,-6.918399,6.87972,-6.991176,6.82848,2.63
2,21092028,3,258,7581,pedestrian,7626,car,403.2,405,1.8,-1.588984,2.80088,-1.443766,2.912746,4.389
2,21092028,3,262,7579,pedestrian,7626,car,404.6,405,0.4,-1.408462,2.935646,-1.390539,2.949691,4.826
2,21092028,3,260,7544,pedestrian,7624,bike,403.6,406.4,2.8,-7.742203,6.206055,-7.563154,6.251948,2.544
2,21092028,3,257,7564,pedestrian,7643,bike,402.8,406.6,3.8,-3.486308,8.302107,-3.457699,8.299412,0.094
2,21092028,3,270,7560,pedestrian,7638,car,405.8,406.6,0.8,-2.459954,2.201764,-2.418206,2.230049,4.388
2,21092028,3,266,7553,pedestrian,7623,bike,405.4,406.8,1.4,-7.309033,6.608707,-7.383718,6.556994,2.607
2,21092028,3,221,7599,pedestrian,7624,bike,382.4,407,24.6,-9.001415,5.358401,-7.550402,6.32146,0.409
2,21092028,3,275,7544,pedestrian,7606,car,406.4,407,0.6,-7.495787,6.047298,-7.531963,6.008888,4.602
2,21092028,3,265,7544,pedestrian,7622,bike,405.4,407.2,1.8,-7.704211,6.186726,-7.588307,6.207204,4.077
2,21092028,3,272,7490,pedestrian,7638,car,406.2,407.2,1,-2.379425,2.257198,-2.32268,2.295661,4.349
2,21092028,3,267,7526,pedestrian,7606,car,405.6,407.4,1.8,-7.351434,6.019827,-7.50253,5.875475,0.434
2,21092028,3,268,7556,pedestrian,7623,bike,405.8,407.4,1.6,-7.387804,6.554008,-7.475195,6.493496,2.642
2,21092028,3,269,7537,pedestrian,7606,car,405.8,407.4,1.6,-7.403922,6.050447,-7.530552,5.916041,1.918
2,21092028,3,273,7565,pedestrian,7623,bike,406.4,407.8,1.4,-7.475655,6.493032,-7.554225,6.438617,2.596
2,21092028,3,264,7599,pedestrian,7622,bike,405,408.2,3.2,-7.766159,6.217842,-7.552416,6.27294,1.617
2,21092028,3,263,7565,pedestrian,7624,bike,405,408.6,3.6,-7.681169,6.350487,-7.371338,6.565446,2.612
2,21092028,3,277,7599,pedestrian,7623,bike,407.2,408.8,1.6,-7.560489,6.29883,-7.655608,6.176941,3.183
2,21092028,3,271,7556,pedestrian,7624,bike,406.2,409.8,3.6,-7.523254,6.460129,-7.207614,6.679117,2.611
2,21092028,3,274,7536,pedestrian,7614,bike,406.4,410.4,4,-6.889962,6.896877,-6.63695,7.255194,2.351
2,21092028,3,281,7571,pedestrian,7623,bike,409,410.6,1.6,-7.909924,6.118151,-7.993528,6.060178,0.462
2,21092028,3,261,7595,bike,7636,pedestrian,404.6,410.8,6.2,-3.093589,8.359118,-2.796151,8.279143,1.861
2,21092028,3,279,7564,pedestrian,7595,bike,408,410.8,2.8,-3.116997,8.340207,-2.934823,8.351429,4.664
2,21092028,3,278,7553,pedestrian,7624,bike,407.4,411,3.6,-7.357716,6.575059,-7.042082,6.794055,2.612
2,21092028,3,285,7577,pedestrian,7638,car,410.6,411.4,0.8,-1.576291,2.809571,-1.539096,2.841221,4.329
2,21092028,3,284,7636,pedestrian,7649,car,410.6,412.2,1.6,-2.666485,8.203058,-2.833933,8.080168,1.289
2,21092028,3,276,7565,pedestrian,7622,bike,407,412.6,5.6,-7.595541,6.409945,-7.160924,6.711531,2.601
2,21092028,3,286,7636,pedestrian,7650,car,411.4,413.2,1.8,-2.634054,8.185591,-2.801592,8.053919,0.368
2,21092028,3,280,7556,pedestrian,7622,bike,408.8,414.2,5.4,-7.398865,6.546492,-6.984974,6.833552,2.607
2,21092028,3,283,7553,pedestrian,7622,bike,410.6,415.8,5.2,-7.201939,6.683232,-6.804063,6.956685,2.622
2,21092028,3,282,7571,pedestrian,7608,bike,409.2,416.6,7.4,-8.074667,6.003914,-7.56313,6.308109,0.415
2,21092028,3,288,7571,pedestrian,7644,bike,414.8,417.4,2.6,-7.768592,6.216155,-7.550218,6.285221,0.953
2,21092028,3,289,7520,pedestrian,7641,car,416,417.4,1.4,-4.417268,5.872631,-4.269542,5.808265,4.344
2,21092028,3,287,7536,pedestrian,7624,bike,414.2,417.6,3.4,-6.618876,7.313929,-6.462618,7.635288,2.735
2,21092028,3,291,7562,pedestrian,7641,car,416.8,417.8,1,-4.261526,5.799455,-4.15878,5.77514,4.586
2,21092028,3,290,7538,pedestrian,7629,bike,416.4,418.2,1.8,-5.313011,8.491515,-5.346711,8.468657,2.628
2,21092028,3,228,7630,pedestrian,7643,bike,389.8,418.4,28.6,-2.762228,8.431344,-4.289247,8.602525,0.583
2,21092028,3,293,7630,pedestrian,7643,bike,418.6,419.4,0.8,-4.30849,8.613101,-4.340029,8.630435,4.909
2,21092028,3,292,7546,pedestrian,7626,car,418.6,421.2,2.6,-2.714655,5.014023,-2.767359,5.226563,1.374
2,21092028,3,296,7571,pedestrian,7640,car,420,422.8,2.8,-7.37397,6.046249,-7.49755,5.863683,0.37
2,21092028,3,295,7565,pedestrian,7608,bike,420,423.4,3.4,-6.897173,6.891624,-6.655761,7.165548,2.523
2,21092028,3,301,7546,pedestrian,7638,car,422,423.8,1.8,-2.620537,5.067025,-2.680455,5.241863,2.865
2,21092028,3,229,7630,pedestrian,7642,bike,389.8,424,34.2,-2.762228,8.431344,-4.820679,8.784554,1.83
2,21092028,3,298,7565,pedestrian,7644,bike,420.4,424.2,3.8,-6.890449,6.896249,-6.65513,7.167558,2.364
2,21092028,3,299,7556,pedestrian,7608,bike,420.4,424.2,3.8,-6.834345,6.938835,-6.625711,7.309944,2.439
2,21092028,3,303,7588,pedestrian,7623,bike,422.6,424.2,1.6,-10.263481,4.483379,-10.34776,4.42404,0.445
2,21092028,3,305,7538,pedestrian,7642,bike,422.8,424.2,1.4,-4.87767,8.837013,-4.926717,8.800395,2.681
2,21092028,3,306,7589,pedestrian,7623,bike,423,424.8,1.8,-10.341067,4.428752,-10.437852,4.360607,0.042
2,21092028,3,300,7556,pedestrian,7644,bike,421.2,425,3.8,-6.78598,6.974584,-6.614061,7.347996,2.605
2,21092028,3,302,7553,pedestrian,7608,bike,422,425,3,-6.673464,7.131645,-6.565401,7.462049,2.454
2,21092028,3,297,7536,pedestrian,7622,bike,420,425.4,5.4,-6.476843,7.611113,-6.091207,7.937503,2.227
2,21092028,3,304,7614,bike,7630,pedestrian,422.6,425.6,3,-4.754856,8.784423,-4.734837,8.847343,0.132
2,21092028,3,307,7553,pedestrian,7644,bike,423.2,426,2.8,-6.64575,7.210487,-6.545717,7.509998,2.401
2,21092028,3,308,7536,pedestrian,7629,bike,424,426,2,-6.16299,7.884916,-6.216032,7.841951,2.133
2,21092028,3,309,7623,bike,7647,pedestrian,424.4,426,1.6,-10.56518,4.270957,-10.644071,4.215411,0.164
2,21092028,3,313,7624,bike,7630,pedestrian,427.4,429,1.6,-4.979411,8.758977,-4.927186,8.798271,2.647
2,21092028,3,312,7553,pedestrian,7629,bike,427.2,429.2,2,-6.510033,7.578496,-6.545938,7.516958,2.616
2,21092028,3,310,7538,pedestrian,7643,bike,426,429.6,3.6,-4.666506,8.809866,-4.646149,8.798683,0.155
2,21092028,3,311,7536,pedestrian,7608,bike,426.6,429.8,3.2,-6.182623,7.866057,-5.874339,8.090996,1.927
2,21092028,3,314,7556,pedestrian,7629,bike,427.8,429.8,2,-6.549298,7.501685,-6.584478,7.438918,2.75
2,21092028,3,316,7565,pedestrian,7629,bike,428.4,430.2,1.8,-6.583396,7.420999,-6.606084,7.376892,2.346
2,21092028,3,315,7536,pedestrian,7644,bike,427.8,431,3.2,-6.118319,7.912974,-5.808719,8.136024,1.904
2,21092028,3,317,7536,pedestrian,7642,bike,429.4,431.2,1.8,-5.882072,8.085566,-5.964454,8.026421,1.855
2,21092028,3,319,7520,pedestrian,7649,car,431.4,433,1.6,-3.628107,5.608487,-3.418244,5.471486,3.486
2,21092028,3,320,7562,pedestrian,7649,car,431.8,433.4,1.6,-3.518537,5.54105,-3.320721,5.403944,3.374
2,21092028,3,321,7622,bike,7630,pedestrian,431.8,433.6,1.8,-5.224779,8.561692,-5.187396,8.592429,2.625
2,21092028,3,322,7553,pedestrian,7642,bike,432.2,433.8,1.6,-6.313323,7.775719,-6.380122,7.714991,2.262
2,21092028,3,323,7608,bike,7630,pedestrian,432.6,434.4,1.8,-5.267401,8.528204,-5.221219,8.565315,2.63
2,21092028,3,325,7556,pedestrian,7642,bike,432.8,434.4,1.6,-6.389949,7.710745,-6.451053,7.640156,2.322
2,21092028,3,326,7565,pedestrian,7642,bike,433.2,434.6,1.4,-6.452173,7.647107,-6.491706,7.592176,2.474
2,21092028,3,318,7630,pedestrian,7643,bike,430.6,434.8,4.2,-5.013932,8.729904,-5.398353,8.430018,2.624
2,21092028,3,324,7630,pedestrian,7644,bike,432.8,434.8,2,-5.290197,8.511478,-5.264386,8.530515,2.637
2,21092028,3,327,7536,pedestrian,7643,bike,435,436.8,1.8,-5.601005,8.2794,-5.675218,8.234704,2.189
2,21092028,3,328,7553,pedestrian,7643,bike,438,440,2,-6.032014,7.980562,-6.110549,7.918406,2.026
2,21092028,3,329,7556,pedestrian,7643,bike,438.6,440.4,1.8,-6.112249,7.92209,-6.182058,7.866839,2.075
2,21092028,3,330,7565,pedestrian,7643,bike,439.2,441,1.8,-6.192484,7.863617,-6.256909,7.812127,2.127
2,21092028,3,331,7604,pedestrian,7664,car,440.2,441,0.8,-11.227541,-2.561997,-11.16743,-2.541911,1.513
2,21092028,3,333,7583,pedestrian,7664,car,440.2,441,0.8,-11.264359,-2.439123,-11.203157,-2.42063,4.18
2,21092028,3,332,7619,pedestrian,7664,car,440.2,441.2,1,-11.244856,-2.503104,-11.163253,-2.478446,1.752
2,21092028,3,334,7653,pedestrian,7666,bike,445,448.4,3.4,-2.932876,8.350597,-2.950538,8.348893,0.037
2,21092028,3,335,7614,bike,7651,pedestrian,446.6,450.4,3.8,-3.368569,8.299204,-3.372042,8.298517,0.108
2,21092028,3,336,7538,pedestrian,7666,bike,449.8,453,3.2,-3.28934,8.314103,-3.314038,8.309503,0.236
2,21092028,3,339,7589,pedestrian,7629,bike,451.4,453.4,2,-8.942013,5.474853,-8.986244,5.441006,2.6
2,21092028,3,338,7588,pedestrian,7629,bike,451.2,453.6,2.4,-8.899672,5.429371,-8.958048,5.387863,0.29
2,21092028,3,340,7588,pedestrian,7642,bike,451.8,453.8,2,-8.870392,5.45044,-8.940514,5.400299,0.191
2,21092028,3,342,7589,pedestrian,7642,bike,452,453.8,1.8,-8.9163,5.492713,-8.974558,5.449182,2.574
2,21092028,3,337,7624,bike,7651,pedestrian,450.4,454.4,4,-3.60501,8.307513,-3.618144,8.310574,0.168
2,21092028,3,341,7629,bike,7647,pedestrian,451.8,454.6,2.8,-8.993066,5.435055,-9.06709,5.31251,0.186
2,21092028,3,343,7642,bike,7647,pedestrian,452.4,455,2.6,-8.978449,5.418595,-9.045123,5.327891,0.175
2,21092028,3,345,7653,pedestrian,7670,car,454.4,455.4,1,-2.616336,8.076808,-2.676448,8.020812,4.514
2,21092028,3,347,7637,pedestrian,7650,car,455.6,457.2,1.6,-11.297355,2.689186,-11.451115,2.704664,0.598
2,21092028,3,350,7577,pedestrian,7662,car,456.8,457.4,0.6,-3.842347,1.235438,-3.819318,1.251177,4.799
2,21092028,3,294,7538,pedestrian,7614,bike,419.8,457.6,37.8,-5.227449,8.559502,-2.831994,8.400215,1.205
2,21092028,3,348,7650,car,7673,pedestrian,456.8,457.6,0.8,-11.510718,2.584776,-11.584985,2.546097,3.984
2,21092028,3,346,7622,bike,7651,pedestrian,455.6,459.8,4.2,-3.907441,8.409153,-3.940733,8.423289,0.026
2,21092028,3,353,7589,pedestrian,7643,bike,458.6,460.2,1.6,-8.56683,5.735376,-8.627792,5.693173,2.591
2,21092028,3,352,7588,pedestrian,7643,bike,458.4,460.4,2,-8.526214,5.690799,-8.605395,5.635893,0.461
2,21092028,3,349,7608,bike,7651,pedestrian,456.8,461,4.2,-3.976379,8.438695,-4.009675,8.452823,0.178
2,21092028,3,354,7643,bike,7647,pedestrian,459,461,2,-8.613098,5.630551,-8.685539,5.580318,0.518
2,21092028,3,351,7644,bike,7651,pedestrian,457.8,461.8,4,-4.032771,8.462732,-4.048675,8.470304,0.311
2,21092028,3,355,7577,pedestrian,7668,car,462,462.4,0.4,-4.087554,1.063663,-4.072276,1.074135,4.896
2,21092028,3,356,7536,pedestrian,7666,bike,462.6,466.4,3.8,-4.18979,8.547862,-4.190302,8.548144,0.056
2,21092028,3,360,7582,pedestrian,7662,car,465.6,466.6,1,-2.392305,2.248294,-2.34324,2.281523,4.357
2,21092028,3,357,7607,pedestrian,7629,bike,464.8,467,2.2,-10.428678,4.367066,-10.483326,4.32859,0.279
2,21092028,3,362,7530,pedestrian,7662,car,466.2,467,0.8,-2.304082,2.308956,-2.266249,2.334592,4.343
2,21092028,3,363,7557,pedestrian,7659,car,466.2,467.4,1.2,-3.620829,5.604325,-3.551228,5.555763,3.58
2,21092028,3,359,7607,pedestrian,7642,bike,465.6,467.8,2.2,-10.390178,4.394173,-10.444825,4.355697,0.529
2,21092028,3,361,7629,bike,7660,pedestrian,466,468.4,2.4,-10.567859,4.269071,-10.631824,4.224034,0.32
2,21092028,3,365,7557,pedestrian,7661,car,467.4,468.6,1.2,-3.661803,5.628611,-3.590873,5.579167,3.67
2,21092028,3,364,7642,bike,7660,pedestrian,466.8,469,2.2,-10.542059,4.287236,-10.59309,4.251306,0.204
2,21092028,3,366,7576,pedestrian,7640,car,469,469.4,0.4,-8.93438,-1.084033,-8.954454,-1.101208,4.904
2,21092028,3,369,7582,pedestrian,7668,car,469.6,470.2,0.6,-2.550314,2.139543,-2.518219,2.161312,4.39
2,21092028,3,372,7530,pedestrian,7668,car,470,470.8,0.8,-2.464717,2.19847,-2.41864,2.229686,4.382
2,21092028,3,367,7615,pedestrian,7629,bike,469.2,471.2,2,-10.920356,4.020883,-10.980223,3.978732,0.302
2,21092028,3,371,7620,pedestrian,7662,car,469.8,471.4,1.6,-1.690801,2.730862,-1.55035,2.833257,4.186
2,21092028,3,375,7581,pedestrian,7659,car,470.4,471.6,1.2,-2.937087,5.032989,-2.883945,4.979214,3.323
2,21092028,3,373,7607,pedestrian,7643,bike,470,471.8,1.8,-10.140283,4.570121,-10.205178,4.524429,0.164
2,21092028,3,378,7557,pedestrian,7663,car,470.8,471.8,1,-3.814127,5.72145,-3.764056,5.680612,4.013
2,21092028,3,370,7615,pedestrian,7642,bike,469.8,472,2.2,-10.884133,4.046388,-10.959011,3.993667,0.469
2,21092028,3,381,7637,pedestrian,7642,bike,471.8,472,0.2,-11.075382,3.845079,-11.075382,3.845079,4.51
2,21092028,3,377,7596,pedestrian,7662,car,470.6,472,1.4,-1.556095,2.82356,-1.438617,2.916518,4.448
2,21092028,3,382,7594,pedestrian,7662,car,471.8,472,0.2,-1.385942,2.953078,-1.385942,2.953078,4.855
2,21092028,3,380,7581,pedestrian,7661,car,471.2,472.4,1.2,-2.990979,5.095976,-2.938373,5.039525,3.24
2,21092028,3,368,7553,pedestrian,7666,bike,469.2,473,3.8,-4.551772,8.746812,-4.560904,8.751831,0.125
2,21092028,3,379,7643,bike,7660,pedestrian,471,473,2,-10.295992,4.460488,-10.372153,4.406865,0.258
2,21092028,3,374,7556,pedestrian,7666,bike,470.2,474,3.8,-4.603341,8.775155,-4.626444,8.787853,0.272
2,21092028,3,384,7604,pedestrian,7640,car,473.8,474,0.2,-9.693763,-1.617707,-9.693763,-1.617707,4.995
2,21092028,3,376,7565,pedestrian,7666,bike,470.6,474.6,4,-4.623525,8.786248,-4.703958,8.798907,0.121
2,21092028,3,386,7619,pedestrian,7640,car,474.2,474.6,0.4,-9.767378,-1.666802,-9.777485,-1.673783,4.943
2,21092028,3,388,7583,pedestrian,7640,car,474.8,475,0.2,-9.852388,-1.725919,-9.852388,-1.725919,4.933
2,21092028,3,383,7536,pedestrian,7644,bike,472.8,475.2,2.4,-3.604666,8.307174,-3.466386,8.300813,4.482
2,21092028,3,344,7651,pedestrian,7666,bike,452.4,475.6,23.2,-3.499765,8.302989,-4.942996,8.787867,2.1
2,21092028,3,389,7620,pedestrian,7668,car,474.8,475.6,0.8,-1.482269,2.879561,-1.415161,2.934063,4.547
2,21092028,3,385,7615,pedestrian,7643,bike,474,476,2,-10.702466,4.174296,-10.786158,4.11537,0.31
2,21092028,3,387,7581,pedestrian,7663,car,474.6,476,1.4,-3.147323,5.276084,-3.0943,5.211212,3.126
2,21092028,3,390,7637,pedestrian,7643,bike,475.6,477.2,1.6,-10.922088,4.019664,-10.979902,3.978958,0.092
2,21092028,3,393,7571,pedestrian,7670,car,477.4,478.4,1,-5.011172,6.277431,-4.954923,6.223384,4.477
2,21092028,3,396,7544,pedestrian,7670,car,477.6,479,1.4,-4.968481,6.243348,-4.859432,6.147551,4.175
2,21092028,3,399,7599,pedestrian,7670,car,478.2,480,1.8,-4.863276,6.157533,-4.705193,6.039615,3.91
2,21092028,3,391,7622,bike,7669,pedestrian,476.4,480.6,4.2,-3.009744,8.386785,-3.048127,8.344617,0.303
2,21092028,3,392,7536,pedestrian,7679,bike,476.8,480.8,4,-3.364398,8.299978,-3.347825,8.303105,0.196
2,21092028,3,401,7537,pedestrian,7670,car,478.8,480.8,2,-4.756984,6.073939,-4.564013,5.94821,4.008
2,21092028,3,403,7526,pedestrian,7670,car,479.8,481.4,1.6,-4.604547,5.970095,-4.453728,5.893406,4.053
2,21092028,3,394,7608,bike,7669,pedestrian,477.4,481.6,4.2,-3.069723,8.367103,-3.112917,8.340928,0.281
2,21092028,3,398,7644,bike,7669,pedestrian,477.8,481.6,3.8,-3.100892,8.357962,-3.112917,8.340928,0.033
2,21092028,3,404,7639,pedestrian,7657,car,480.8,482,1.2,-11.500301,2.570946,-11.605952,2.565267,3.976
2,21092028,3,406,7557,pedestrian,7670,car,481.2,482.2,1,-4.352467,5.841996,-4.299697,5.820632,4.377
2,21092028,3,397,7546,pedestrian,7622,bike,477.8,483.2,5.4,-2.943778,8.349605,-2.887891,8.373279,0.21
2,21092028,3,407,7640,car,7683,pedestrian,482.8,483.2,0.4,-11.220268,-2.507215,-11.23744,-2.513488,1.405
2,21092028,3,408,7640,car,7684,pedestrian,483,483.2,0.2,-11.236023,-2.518139,-11.236023,-2.518139,1.291
2,21092028,3,400,7546,pedestrian,7608,bike,478.6,484.8,6.2,-2.991188,8.347443,-2.841362,8.394788,0.094
2,21092028,3,405,7536,pedestrian,7608,bike,480.8,484.8,4,-3.115932,8.340395,-2.91119,8.361747,3.561
2,21092028,3,414,7581,pedestrian,7670,car,484.6,485.6,1,-3.73299,5.671885,-3.692903,5.642701,3.82
2,21092028,3,413,7638,car,7639,pedestrian,484.4,486,1.6,-11.34541,2.66818,-11.475916,2.669439,1.221
2,21092028,3,395,7536,pedestrian,7644,bike,477.4,486.2,8.8,-3.325477,8.307241,-2.87287,8.380523,0.883
2,21092028,3,402,7546,pedestrian,7644,bike,479.4,486.2,6.8,-3.039836,8.345062,-2.802652,8.41375,0.228
2,21092028,3,421,7644,bike,7671,pedestrian,486,486.2,0.2,-2.758015,8.434871,-2.758015,8.434871,4.906
2,21092028,3,410,7546,pedestrian,7685,bike,484,486.2,2.2,-2.856825,8.386582,-2.863787,8.418049,2.186
2,21092028,3,415,7638,car,7655,pedestrian,485.2,486.4,1.2,-11.474166,2.599687,-11.557352,2.604232,3.109
2,21092028,3,418,7529,pedestrian,7664,car,485.6,487.2,1.6,-8.695851,5.036157,-8.564801,5.122008,3.329
2,21092028,3,416,7469,pedestrian,7664,car,485.4,487.4,2,-8.728884,5.044015,-8.580952,5.183305,1.493
2,21092028,3,419,7476,pedestrian,7664,car,485.6,487.4,1.8,-8.699983,5.041967,-8.559592,5.153272,2.351
2,21092028,3,420,7485,pedestrian,7664,car,485.8,487.4,1.6,-8.666062,5.032866,-8.561917,5.15654,3.295
2,21092028,3,409,7536,pedestrian,7685,bike,484,487.6,3.6,-2.926486,8.35362,-2.939269,8.406665,1.349
2,21092028,3,411,7553,pedestrian,7679,bike,484.2,488.4,4.2,-3.750324,8.352483,-3.739275,8.34898,0.128
2,21092028,3,423,7589,pedestrian,7666,bike,487.4,488.8,1.4,-7.022986,6.807243,-7.105184,6.750447,2.641
2,21092028,3,358,7660,pedestrian,7676,bike,464.8,489.6,24.8,-10.816006,4.094355,-9.341232,5.179881,0.712
2,21092028,3,417,7556,pedestrian,7679,bike,485.4,489.6,4.2,-3.809862,8.371359,-3.798812,8.367856,0.051
2,21092028,3,425,7536,pedestrian,7688,bike,490,490.2,0.2,-2.757177,8.433734,-2.757177,8.433734,4.762
2,21092028,3,422,7565,pedestrian,7679,bike,486.2,490.8,4.6,-3.850502,8.385438,-3.855226,8.387644,0.027
2,21092028,3,424,7607,pedestrian,7676,bike,489,491.6,2.6,-9.256733,5.260217,-8.978298,5.418111,2.669
2,21092028,3,428,7469,pedestrian,7676,bike,491.6,491.8,0.2,-8.800072,5.362955,-8.800072,5.362955,4.983
2,21092028,3,430,7630,pedestrian,7676,bike,493,494.4,1.4,-8.566667,5.735611,-8.496719,5.784046,2.598
2,21092028,3,427,7553,pedestrian,7685,bike,491,494.8,3.8,-3.369957,8.298929,-3.378362,8.297268,0.157
2,21092028,3,429,7556,pedestrian,7685,bike,492,495.8,3.8,-3.434212,8.296724,-3.441832,8.29814,0.023
2,21092028,3,431,7565,pedestrian,7685,bike,493,496.8,3.8,-3.497215,8.300511,-3.503007,8.301775,0.115
2,21092028,3,444,7557,pedestrian,7682,car,497.8,498.2,0.4,-5.018033,6.282737,-5.002075,6.266942,4.54
2,21092028,3,435,7607,pedestrian,7666,bike,496.4,498.4,2,-8.71119,5.562531,-8.793804,5.505245,0.309
2,21092028,3,445,7582,pedestrian,7686,car,498,498.4,0.4,-3.743994,1.304273,-3.725231,1.317166,4.764
2,21092028,3,446,7530,pedestrian,7686,car,498.4,498.8,0.4,-3.65436,1.367013,-3.636623,1.379179,4.745
2,21092028,3,432,7553,pedestrian,7688,bike,494.4,499.2,4.8,-3.163546,8.337532,-3.114939,8.351894,0.088
2,21092028,3,447,7581,pedestrian,7682,car,499.2,500,0.8,-4.676706,6.018142,-4.625006,5.984475,4.01
2,21092028,3,434,7556,pedestrian,7688,bike,495.8,500.2,4.4,-3.207342,8.329355,-3.16984,8.336461,0.079
2,21092028,3,443,7660,pedestrian,7666,bike,497.4,501,3.6,-8.923774,5.487508,-8.889248,5.510692,2.588
2,21092028,3,441,7565,pedestrian,7688,bike,497.2,501.4,4.2,-3.231239,8.324864,-3.198399,8.331019,0.085
2,21092028,3,448,7544,pedestrian,7682,car,501.2,502,0.8,-4.130989,5.770285,-4.029584,5.758217,4.642
2,21092028,3,438,7529,pedestrian,7666,bike,497.2,502.2,5,-8.78273,5.415382,-8.896379,5.333863,3.43
2,21092028,3,439,7506,pedestrian,7666,bike,497.2,502.4,5.2,-8.776962,5.407238,-8.934199,5.34728,3.43
2,21092028,3,440,7519,pedestrian,7666,bike,497.2,502.8,5.6,-8.78273,5.415382,-9.023373,5.342885,0.679
2,21092028,3,442,7476,pedestrian,7666,bike,497.2,502.8,5.6,-8.78273,5.415382,-9.018687,5.346369,1.865
2,21092028,3,433,7630,pedestrian,7666,bike,495.6,503.4,7.8,-8.580095,5.726151,-9.190072,5.30392,2.558
2,21092028,3,436,7485,pedestrian,7666,bike,497,503.4,6.4,-8.779061,5.450198,-9.131056,5.268214,0
2,21092028,3,437,7469,pedestrian,7666,bike,497,503.4,6.4,-8.806052,5.488312,-9.1458,5.287633,0.2
2,21092028,3,449,7571,pedestrian,7682,car,502,503.4,1.4,-3.929692,5.744743,-3.743799,5.670364,4.34
2,21092028,3,450,7599,pedestrian,7682,car,502.4,503.6,1.2,-3.829008,5.73062,-3.694098,5.643175,3.943
2,21092028,3,451,7537,pedestrian,7682,car,502.8,504.2,1.4,-3.722729,5.666405,-3.560465,5.561263,3.686
2,21092028,3,453,7526,pedestrian,7682,car,503.4,504.8,1.4,-3.585689,5.58259,-3.423106,5.475429,3.421
2,21092028,3,452,7615,pedestrian,7666,bike,503.4,505,1.6,-9.364941,5.146735,-9.487302,5.093551,1.777
2,21092028,3,454,7637,pedestrian,7666,bike,503.6,505.4,1.8,-9.401566,5.088646,-9.539977,5.016018,0.496
2,21092028,3,457,7581,pedestrian,7664,car,507.4,507.8,0.4,-5.087585,6.353358,-5.079952,6.339809,4.885
2,21092028,3,455,7651,pedestrian,7676,bike,506.6,508,1.4,-6.471548,7.619311,-6.41226,7.686735,2.379
2,21092028,3,458,7582,pedestrian,7690,car,508,508.4,0.4,-4.152877,1.017891,-4.139833,1.026831,4.92
2,21092028,3,412,7669,pedestrian,7679,bike,484.2,508.8,24.6,-3.52437,8.304342,-4.815369,8.786697,2.567
2,21092028,3,459,7530,pedestrian,7690,car,508.4,508.8,0.4,-4.074681,1.072725,-4.062662,1.080938,4.867
2,21092028,3,460,7582,pedestrian,7691,car,508.6,509,0.4,-4.177124,1.000905,-4.160866,1.012067,4.93
2,21092028,3,456,7589,pedestrian,7676,bike,506.8,509.4,2.6,-6.438159,7.655539,-6.183939,7.870037,2.249
2,21092028,3,461,7530,pedestrian,7691,car,509,509.4,0.4,-4.10522,1.051336,-4.092264,1.060213,4.876
2,21092028,3,462,7639,pedestrian,7666,bike,511.6,512.8,1.2,-10.913667,4.025593,-10.98665,3.974207,0.102
2,21092028,3,463,7655,pedestrian,7666,bike,512,512.8,0.8,-10.971262,3.985041,-11.026171,3.946381,0.956
2,21092028,3,468,7654,pedestrian,7702,car,514.8,515.8,1,-11.250938,-2.48315,-11.174566,-2.457364,2.548
2,21092028,3,467,7669,pedestrian,7676,bike,514.6,516,1.4,-5.089165,8.670666,-5.019854,8.725481,2.622
2,21092028,3,466,7627,pedestrian,7701,bike,512.6,516.2,3.6,-11.005693,3.825183,-11.002037,3.955128,3.141
2,21092028,3,469,7589,pedestrian,7679,bike,515.2,517.2,2,-5.874213,8.090984,-5.944693,8.041119,1.873
2,21092028,3,470,7669,pedestrian,7685,bike,518.2,521.4,3.2,-5.137385,8.632642,-5.446606,8.395026,2.639
2,21092028,3,472,7589,pedestrian,7685,bike,521,522.6,1.6,-5.567261,8.302437,-5.643739,8.255957,2.24
2,21092028,3,473,7562,pedestrian,7690,car,522.4,523.4,1,-1.637519,2.767521,-1.588142,2.804671,4.2
2,21092028,3,474,7562,pedestrian,7691,car,523,523.8,0.8,-1.662769,2.750142,-1.615293,2.783592,4.19
2,21092028,3,475,7520,pedestrian,7690,car,523,523.8,0.8,-1.546058,2.831883,-1.512094,2.861451,4.38
2,21092028,3,471,7671,pedestrian,7676,bike,520.4,524.2,3.8,-4.432157,8.68107,-4.400304,8.663564,0.204
2,21092028,3,478,7520,pedestrian,7691,car,523.4,524.4,1,-1.576903,2.809227,-1.535424,2.843905,4.308
2,21092028,3,476,7676,bike,7680,pedestrian,523.2,526.8,3.6,-4.247541,8.579603,-4.231257,8.570653,0.136
2,21092028,3,479,7630,pedestrian,7701,bike,525,528.6,3.6,-10.448049,4.353428,-10.472412,4.336274,0.187
2,21092028,3,481,7660,pedestrian,7679,bike,528.2,529.8,1.6,-7.24273,6.654743,-7.296613,6.617469,2.642
2,21092028,3,480,7651,pedestrian,7679,bike,527,531,4,-7.094822,6.757434,-7.443611,6.515424,2.611
2,21092028,3,477,7680,pedestrian,7688,bike,523.4,532.8,9.4,-4.258444,8.585595,-4.755212,8.784228,3.663
2,21092028,3,426,7671,pedestrian,7688,bike,490,533.8,43.8,-2.848297,8.390618,-4.963202,8.771928,0.42
2,21092028,3,482,7660,pedestrian,7685,bike,532.2,533.8,1.6,-7.00707,6.818254,-7.079253,6.76847,2.622
2,21092028,3,483,7589,pedestrian,7688,bike,532.6,534.4,1.8,-4.974944,8.760566,-5.041144,8.709297,2.611
2,21092028,3,484,7637,pedestrian,7679,bike,533,534.8,1.8,-7.884424,6.209211,-7.944364,6.167733,2.582
2,21092028,3,485,7615,pedestrian,7679,bike,534.2,536.4,2.2,-8.022114,6.040356,-8.10744,5.981188,0.066
2,21092028,3,491,7537,pedestrian,7690,car,535.2,536.6,1.4,-2.59562,5.118312,-2.655745,5.228761,4.064
2,21092028,3,488,7571,pedestrian,7690,car,535,536.8,1.8,-2.611482,5.082673,-2.678516,5.239159,3.554
2,21092028,3,490,7599,pedestrian,7690,car,535.2,536.8,1.6,-2.59562,5.118312,-2.678516,5.239159,3.88
2,21092028,3,489,7544,pedestrian,7690,car,535,537,2,-2.653282,5.051896,-2.709973,5.244002,1.486
2,21092028,3,497,7537,pedestrian,7691,car,536,537,1,-2.605378,5.138557,-2.633566,5.211197,4.463
2,21092028,3,493,7544,pedestrian,7691,car,535.6,537.6,2,-2.632885,5.059,-2.68505,5.243034,2.27
2,21092028,3,495,7571,pedestrian,7691,car,535.8,537.6,1.8,-2.600825,5.112116,-2.682103,5.244896,3.884
2,21092028,3,496,7599,pedestrian,7691,car,536,537.6,1.6,-2.609013,5.136261,-2.682103,5.244896,3.884
2,21092028,3,499,7637,pedestrian,7685,bike,536.6,538,1.4,-7.686997,6.346299,-7.747569,6.304369,2.59
2,21092028,3,487,7676,bike,7693,pedestrian,534.6,538.2,3.6,-3.492677,8.301712,-3.477827,8.299799,0.194
2,21092028,3,492,7651,pedestrian,7685,bike,535.6,538.6,3,-7.538863,6.449135,-7.832296,6.245547,2.591
2,21092028,3,486,7469,pedestrian,7701,bike,534.4,538.8,4.4,-10.043452,4.638298,-10.008138,4.663162,0.234
2,21092028,3,501,7615,pedestrian,7685,bike,537.8,539.6,1.8,-7.859026,6.153446,-7.948105,6.091676,0.059
2,21092028,3,494,7476,pedestrian,7701,bike,535.6,540.6,5,-9.983595,4.680443,-9.952357,4.702437,0.139
2,21092028,3,500,7529,pedestrian,7701,bike,536.8,542.2,5.4,-9.926376,4.72073,-9.900991,4.738603,0.206
2,21092028,3,502,7485,pedestrian,7701,bike,538,543.6,5.6,-9.87476,4.757071,-9.837911,4.783017,0
2,21092028,3,503,7519,pedestrian,7701,bike,539,544.8,5.8,-9.778802,4.824634,-9.78391,4.821038,0.052
2,21092028,3,498,7506,pedestrian,7701,bike,536.4,545.4,9,-9.952455,4.702368,-9.763032,4.835737,0.001
2,21092028,3,505,7660,pedestrian,7688,bike,544.6,546.2,1.6,-6.558096,7.483376,-6.593529,7.422418,2.564
2,21092028,3,504,7669,pedestrian,7688,bike,543.8,547.4,3.6,-6.494829,7.599601,-6.639404,7.231674,2.429
2,21092028,3,506,7639,pedestrian,7679,bike,545.2,547.4,2.2,-9.475604,5.038111,-9.567875,4.978742,0.045
2,21092028,3,508,7675,pedestrian,7708,car,547,547.6,0.6,-3.801795,1.263763,-3.749275,1.300281,4.781
2,21092028,3,465,7655,pedestrian,7701,bike,512.2,548,35.8,-11.04444,3.933518,-9.547273,4.98765,0
2,21092028,3,507,7655,pedestrian,7679,bike,546.4,548.4,2,-9.631024,4.928682,-9.697349,4.881984,0.329
2,21092028,3,511,7667,pedestrian,7708,car,547.6,548.4,0.8,-3.674988,1.352601,-3.599342,1.405157,4.736
2,21092028,3,513,7665,pedestrian,7708,car,548.2,549,0.8,-3.5504,1.439865,-3.477692,1.490337,4.693
2,21092028,3,464,7639,pedestrian,7701,bike,512.2,549.2,37,-11.013529,3.955282,-9.353826,5.162521,0.62
2,21092028,3,510,7639,pedestrian,7685,bike,547.4,549.4,2,-9.387867,5.107626,-9.516982,5.05472,1.071
2,21092028,3,512,7655,pedestrian,7685,bike,548.2,550,1.8,-9.516895,5.009039,-9.5883,4.958763,0.225
2,21092028,3,514,7519,pedestrian,7679,bike,548.4,550.4,2,-9.902723,4.737383,-9.952379,4.702421,3.904
2,21092028,3,516,7637,pedestrian,7688,bike,549.4,551,1.6,-6.949873,6.857884,-7.007146,6.817921,2.641
2,21092028,3,520,7562,pedestrian,7708,car,551.4,552,0.6,-2.916512,1.883589,-2.88509,1.905145,4.508
2,21092028,3,521,7520,pedestrian,7708,car,551.8,552.4,0.6,-2.83519,1.940533,-2.800249,1.964586,4.483
2,21092028,3,515,7679,bike,7700,pedestrian,548.6,552.8,4.2,-9.914662,4.728977,-9.833721,4.785967,0.318
2,21092028,3,518,7506,pedestrian,7685,bike,550.4,553.4,3,-9.858852,4.768272,-9.950113,4.704017,3.165
2,21092028,3,519,7630,pedestrian,7662,car,551.4,553.4,2,-11.254804,2.800694,-11.446023,2.711273,2.401
2,21092028,3,525,7662,car,7714,pedestrian,553.2,553.8,0.6,-11.531881,2.579019,-11.569963,2.554417,3.781
2,21092028,3,517,7685,bike,7700,pedestrian,550.2,554,3.8,-9.816486,4.798101,-9.771204,4.829983,0.266
2,21092028,3,523,7651,pedestrian,7701,bike,552.8,554.2,1.4,-8.570156,5.733193,-8.499195,5.782341,2.563
2,21092028,3,526,7668,car,7714,pedestrian,553.2,554.2,1,-11.473985,2.594768,-11.53531,2.5496,4.594
2,21092028,3,522,7630,pedestrian,7668,car,551.8,554.4,2.6,-11.236423,2.786185,-11.48844,2.67077,1.446
2,21092028,3,527,7653,pedestrian,7708,car,554.6,555.2,0.6,-2.265728,2.33528,-2.236402,2.355127,4.326
2,21092028,3,524,7589,pedestrian,7709,bike,552.8,556.2,3.4,-3.869303,8.392382,-3.880526,8.39845,0.254
2,21092028,3,529,7695,pedestrian,7713,car,559.8,560.4,0.6,-4.261555,0.941836,-4.212659,0.975841,4.922
2,21092028,3,530,7669,pedestrian,7701,bike,560.4,561.8,1.4,-7.284542,6.62585,-7.216049,6.673264,2.611
2,21092028,3,528,7707,pedestrian,7718,bike,556.4,562.2,5.8,-2.802597,8.412242,-3.0728,8.34354,1.094
2,21092028,3,535,7562,pedestrian,7713,car,564,564.6,0.6,-3.480272,1.488855,-3.451936,1.508279,4.691
2,21092028,3,541,7520,pedestrian,7713,car,564.4,565,0.6,-3.398517,1.546162,-3.371354,1.564754,4.652
2,21092028,3,532,7639,pedestrian,7688,bike,563,565.2,2.2,-8.829898,5.479322,-8.92473,5.411395,0.184
2,21092028,3,533,7655,pedestrian,7688,bike,563.4,565.4,2,-8.874069,5.447876,-8.944191,5.3974,0.274
2,21092028,3,531,7589,pedestrian,7718,bike,562,565.6,3.6,-3.288965,8.314088,-3.288893,8.314154,0.167
2,21092028,3,534,7469,pedestrian,7721,bike,563.6,565.6,2,-10.969413,3.986343,-10.857763,4.064954,0.02
2,21092028,3,536,7476,pedestrian,7721,bike,564,566,2,-10.892319,4.040623,-10.78067,4.119234,0.38
2,21092028,3,539,7688,bike,7700,pedestrian,564.4,566,1.6,-9.03047,5.41277,-9.084512,5.374294,2.673
2,21092028,3,540,7594,pedestrian,7704,car,564.4,566,1.6,-3.381148,5.445236,-3.313578,5.398912,3.395
2,21092028,3,538,7707,pedestrian,7722,bike,564.2,566.2,2,-2.81984,8.34167,-2.860696,8.290906,0.008
2,21092028,3,542,7529,pedestrian,7721,bike,564.6,566.6,2,-10.805427,4.101803,-10.691171,4.182249,0.52
2,21092028,3,544,7681,pedestrian,7686,car,565.4,566.8,1.4,-11.336577,2.669725,-11.478868,2.669495,1.11
2,21092028,3,543,7485,pedestrian,7721,bike,565.2,567.2,2,-10.718742,4.162836,-10.604895,4.242995,0.127
2,21092028,3,550,7653,pedestrian,7713,car,566.8,567.4,0.6,-2.951405,1.859216,-2.925266,1.877081,4.511
2,21092028,3,545,7519,pedestrian,7721,bike,565.6,567.6,2,-10.6432,4.216025,-10.529352,4.296183,0.258
2,21092028,3,549,7675,pedestrian,7713,car,566.4,567.6,1.2,-3.02297,1.809135,-2.906176,1.890283,4.524
2,21092028,3,537,7651,pedestrian,7688,bike,564.2,568,3.8,-9.012816,5.425564,-9.35926,5.192388,2.645
2,21092028,3,548,7506,pedestrian,7721,bike,566.2,568.2,2,-10.553174,4.27941,-10.438302,4.36029,0.462
2,21092028,3,551,7667,pedestrian,7713,car,567,568.2,1.2,-2.899682,1.895561,-2.787325,1.973563,4.488
2,21092028,3,555,7665,pedestrian,7713,car,567.8,569,1.2,-2.758138,1.994598,-2.644672,2.073386,4.445
2,21092028,3,546,7589,pedestrian,7722,bike,565.8,569.2,3.4,-3.046232,8.344217,-3.0624,8.368575,0.147
2,21092028,3,553,7671,pedestrian,7701,bike,567.6,569.2,1.6,-6.367668,7.722301,-6.287461,7.79421,2.26
2,21092028,3,557,7695,pedestrian,7715,car,568.6,569.4,0.8,-3.756923,1.295222,-3.673832,1.352965,4.775
2,21092028,3,558,7562,pedestrian,7715,car,568.8,569.4,0.6,-3.708078,1.329467,-3.673245,1.353381,4.75
2,21092028,3,547,7647,pedestrian,7704,car,566,569.6,3.6,-3.158902,5.284968,-2.899712,4.996854,3.12
2,21092028,3,556,7680,pedestrian,7701,bike,568.2,569.8,1.6,-6.283781,7.792847,-6.198078,7.859587,2.159
2,21092028,3,561,7520,pedestrian,7715,car,569.2,569.8,0.6,-3.619826,1.391265,-3.584992,1.41518,4.723
2,21092028,3,559,7469,pedestrian,7723,bike,569.2,570.2,1,-11.059656,3.922804,-11.011646,3.947506,0.796
2,21092028,3,562,7476,pedestrian,7723,bike,569.2,570.4,1.2,-11.023631,3.948169,-10.98495,3.975403,0.074
2,21092028,3,552,7588,pedestrian,7704,car,567.4,570.6,3.2,-3.012194,5.121401,-2.789747,4.879302,3.36
2,21092028,3,554,7637,pedestrian,7701,bike,567.6,570.6,3,-6.370857,7.720074,-6.065998,7.955767,2.136
2,21092028,3,560,7529,pedestrian,7723,bike,569.2,571,1.8,-10.968669,3.986867,-10.906588,4.030577,0.09
2,21092028,3,563,7485,pedestrian,7723,bike,569.6,571.6,2,-10.896745,4.037507,-10.823444,4.089118,0.079
2,21092028,3,566,7660,pedestrian,7709,bike,570.2,571.8,1.6,-5.248135,8.543688,-5.332254,8.480005,2.698
2,21092028,3,568,7653,pedestrian,7715,car,571.2,571.8,0.6,-3.192736,1.690205,-3.1601,1.712561,4.601
2,21092028,3,565,7519,pedestrian,7723,bike,570.2,572.4,2.2,-10.813947,4.095804,-10.726027,4.157707,0.164
2,21092028,3,564,7693,pedestrian,7709,bike,570,572.6,2.6,-5.208214,8.575746,-5.476737,8.373176,2.606
2,21092028,3,567,7506,pedestrian,7723,bike,570.8,573,2.2,-10.733737,4.152279,-10.645817,4.214182,0.102
2,21092028,3,570,7693,pedestrian,7701,bike,572.8,574.4,1.6,-5.500638,8.356217,-5.416084,8.411223,2.479
2,21092028,3,571,7675,pedestrian,7715,car,573.2,574.4,1.2,-2.735572,2.010474,-2.594644,2.108336,4.428
2,21092028,3,569,7651,pedestrian,7721,bike,572.6,574.6,2,-9.55712,4.996342,-9.451534,5.05483,0.457
2,21092028,3,572,7667,pedestrian,7715,car,573.8,574.8,1,-2.612884,2.096246,-2.511714,2.165679,4.405
2,21092028,3,573,7637,pedestrian,7709,bike,573.8,575.4,1.6,-5.877759,8.088661,-5.962041,8.028181,1.88
2,21092028,3,574,7665,pedestrian,7715,car,574.4,575.4,1,-2.485531,2.184124,-2.381255,2.2554,4.376
2,21092028,3,576,7597,pedestrian,7724,car,576,578,2,-2.626676,8.171326,-2.841486,8.146111,1.609
2,21092028,3,575,7660,pedestrian,7701,bike,575,578.6,3.6,-5.145016,8.625743,-4.819322,8.851998,2.624
2,21092028,3,578,7727,pedestrian,7729,car,577.8,578.6,0.8,-11.251714,-2.480604,-11.201979,-2.421912,2.654
2,21092028,3,579,7607,pedestrian,7692,car,577.8,579,1.2,-4.160645,5.774273,-4.028041,5.758175,4.621
2,21092028,3,584,7594,pedestrian,7692,car,578.6,579.2,0.6,-4.004057,5.754172,-3.974839,5.751139,4.699
2,21092028,3,577,7680,pedestrian,7709,bike,577.4,579.4,2,-6.499187,7.593122,-6.60354,7.388455,2.778
2,21092028,3,580,7651,pedestrian,7723,bike,577.8,579.8,2,-9.799481,4.810074,-9.723573,4.86352,0.183
2,21092028,3,581,7671,pedestrian,7709,bike,578,580.2,2.2,-6.562283,7.473281,-6.64261,7.22041,2.398
2,21092028,3,590,7707,pedestrian,7708,car,579.8,580.8,1,-2.507902,7.403235,-2.421406,7.436961,4.162
2,21092028,3,593,7476,pedestrian,7688,bike,580.4,581.6,1.2,-10.992867,3.969829,-11.062089,3.921091,1.072
2,21092028,3,595,7506,pedestrian,7688,bike,580.4,581.6,1.2,-10.992867,3.969829,-11.062089,3.921091,1.072
2,21092028,3,596,7519,pedestrian,7688,bike,580.8,581.6,0.8,-11.027526,3.919017,-11.072864,3.872677,3.003
2,21092028,3,509,7506,pedestrian,7679,bike,547.4,581.6,34.2,-9.769284,4.831335,-11.027837,3.816807,0.31
2,21092028,3,583,7476,pedestrian,7679,bike,578,581.6,3.6,-10.987525,3.97359,-11.027837,3.816807,0.31
2,21092028,3,582,7519,pedestrian,7679,bike,578,582,4,-10.987525,3.97359,-11.023227,3.734961,0.65
2,21092028,3,585,7485,pedestrian,7679,bike,579.2,582.2,3,-11.04962,3.876784,-11.029616,3.654977,2.896
2,21092028,3,586,7506,pedestrian,7685,bike,579.4,582.6,3.2,-10.978724,3.979787,-11.025615,3.813161,0.358
2,21092028,3,587,7476,pedestrian,7685,bike,579.6,582.6,3,-10.999687,3.965027,-11.027257,3.805783,0.358
2,21092028,3,588,7519,pedestrian,7685,bike,579.6,583,3.4,-11.002376,3.952948,-11.025699,3.710226,1.087
2,21092028,3,592,7669,pedestrian,7721,bike,580.2,583,2.8,-8.399777,5.851508,-8.392314,5.856546,2.574
2,21092028,3,594,7485,pedestrian,7685,bike,580.4,583.2,2.8,-11.079739,3.833897,-11.029172,3.633236,3.694
2,21092028,3,598,7681,pedestrian,7685,bike,582.2,583.2,1,-11.067619,3.66561,-11.028946,3.634254,4.522
2,21092028,3,601,7581,pedestrian,7723,bike,585.2,586,0.8,-8.814999,5.356928,-8.781882,5.396284,4.584
2,21092028,3,589,7597,pedestrian,7731,bike,579.8,586.2,6.4,-2.830102,8.342391,-2.977985,8.39648,0.448
2,21092028,3,600,7557,pedestrian,7723,bike,584.6,586.4,1.8,-8.858947,5.332883,-8.775025,5.444015,3.713
2,21092028,3,599,7660,pedestrian,7718,bike,583.4,586.8,3.4,-4.553772,8.747911,-4.550232,8.745966,0.069
2,21092028,3,606,7689,pedestrian,7692,car,586.2,587.2,1,-2.744014,5.10125,-2.708921,5.030735,4.399
2,21092028,3,602,7689,pedestrian,7713,car,585.4,587.4,2,-2.610539,5.088139,-2.76893,5.224434,1.514
2,21092028,3,603,7700,pedestrian,7709,bike,586,587.4,1.4,-7.713229,6.32809,-7.783972,6.279109,2.632
2,21092028,3,604,7669,pedestrian,7723,bike,586,587.8,1.8,-8.719595,5.629432,-8.655047,5.674107,2.561
2,21092028,3,607,7639,pedestrian,7709,bike,586.6,588.4,1.8,-7.8137,6.184876,-7.922324,6.109553,0.07
2,21092028,3,608,7655,pedestrian,7709,bike,587.2,588.8,1.6,-7.908067,6.119439,-8.003112,6.053532,0.323
2,21092028,3,610,7566,pedestrian,7729,car,588.6,588.8,0.2,-9.137035,-1.228252,-9.137035,-1.228252,4.872
2,21092028,3,605,7660,pedestrian,7722,bike,586,589.4,3.4,-4.400896,8.663889,-4.407733,8.667647,0.182
2,21092028,3,609,7689,pedestrian,7715,car,588,589.6,1.6,-2.664069,5.027917,-2.804044,5.155226,1.816
2,21092028,3,612,7636,pedestrian,7729,car,589.4,589.8,0.4,-8.980872,-1.119595,-8.968702,-1.110239,4.882
2,21092028,3,611,7594,pedestrian,7702,car,589.2,590.2,1,-4.47349,5.899185,-4.413277,5.874502,4.215
2,21092028,3,613,7637,pedestrian,7718,bike,589.6,591,1.4,-5.009611,8.733533,-5.068186,8.687579,2.601
2,21092028,3,615,7637,pedestrian,7722,bike,592.6,594.4,1.8,-4.833536,8.853174,-4.901928,8.80871,2.701
2,21092028,3,614,7639,pedestrian,7721,bike,591.8,594.6,2.8,-7.770079,6.215124,-7.559896,6.289968,1.448
2,21092028,3,591,7655,pedestrian,7721,bike,580,594.8,14.8,-8.385383,5.788455,-7.564026,6.329591,0.538
2,21092028,3,617,7581,pedestrian,7709,bike,593,595,2,-8.954108,5.39504,-9.145089,5.322731,1.464
2,21092028,3,618,7557,pedestrian,7709,bike,593,595,2,-8.968588,5.414112,-9.154935,5.32698,2.198
2,21092028,3,616,7669,pedestrian,7709,bike,592.8,595.6,2.8,-8.945882,5.472161,-9.25257,5.262955,2.682
2,21092028,3,620,7639,pedestrian,7723,bike,593.4,595.6,2.2,-7.724625,6.207788,-7.558366,6.258996,2.573
2,21092028,3,619,7655,pedestrian,7723,bike,593.2,596,2.8,-7.758706,6.22301,-7.560459,6.32043,1.001
2,21092028,3,623,7671,pedestrian,7721,bike,596,597.6,1.6,-7.242059,6.655345,-7.161703,6.710996,2.621
2,21092028,3,626,7594,pedestrian,7724,car,596.8,597.8,1,-4.785972,6.094455,-4.725689,6.053874,3.938
2,21092028,3,625,7680,pedestrian,7721,bike,596.4,598,1.6,-7.176696,6.700758,-7.091266,6.759912,2.626
2,21092028,3,621,7701,bike,7717,pedestrian,595,598.8,3.8,-3.573665,8.305237,-3.549236,8.303393,0.091
2,21092028,3,627,7671,pedestrian,7723,bike,597,598.8,1.8,-7.293213,6.619839,-7.217959,6.671939,2.608
2,21092028,3,622,7700,pedestrian,7721,bike,595.8,599.2,3.4,-7.257536,6.644617,-6.908246,6.886694,2.623
2,21092028,3,628,7680,pedestrian,7723,bike,597.4,599.4,2,-7.235377,6.659997,-7.137772,6.727616,2.61
2,21092028,3,624,7660,pedestrian,7731,bike,596.4,600.2,3.8,-3.769112,8.358439,-3.752097,8.353045,0.083
2,21092028,3,631,7693,pedestrian,7721,bike,600.6,602.2,1.6,-6.64755,7.203647,-6.629516,7.291288,2.578
2,21092028,3,632,7681,pedestrian,7709,bike,600.8,602.4,1.6,-10.34798,4.423884,-10.438191,4.360368,0.384
2,21092028,3,629,7700,pedestrian,7723,bike,598.4,603.8,5.4,-7.096944,6.756195,-6.656766,7.16743,2.57
2,21092028,3,630,7693,pedestrian,7718,bike,600.2,603.8,3.6,-6.594373,7.393128,-6.75631,7.006333,2.58
2,21092028,3,633,7693,pedestrian,7723,bike,602,603.8,1.8,-6.682414,7.104822,-6.652205,7.18113,2.558
2,21092028,3,634,7700,pedestrian,7718,bike,602.2,603.8,1.6,-6.717272,7.059336,-6.760872,6.992633,2.727
2,21092028,3,636,7651,pedestrian,7709,bike,604.4,605.2,0.8,-10.994616,3.966766,-11.052153,3.910758,2.57
2,21092028,3,637,7700,pedestrian,7722,bike,604.4,605.8,1.4,-6.645546,7.21336,-6.671692,7.133509,2.648
2,21092028,3,635,7637,pedestrian,7731,bike,604,607.6,3.6,-4.161041,8.532062,-4.142566,8.521908,0.171
2,21092028,3,638,7693,pedestrian,7722,bike,605,608,3,-6.687575,7.103015,-6.965364,6.845836,2.53
2,21092028,3,639,7680,pedestrian,7718,bike,607.2,610,2.8,-7.468379,6.49807,-7.730237,6.316415,2.601
2,21092028,3,640,7671,pedestrian,7718,bike,608.2,611,2.8,-7.621825,6.391541,-7.883677,6.209876,2.588
2,21092028,3,641,7680,pedestrian,7722,bike,610.6,613,2.4,-7.613996,6.396971,-7.854112,6.230399,2.606
2,21092028,3,642,7671,pedestrian,7722,bike,611.4,613.8,2.4,-7.753837,6.299885,-7.995468,6.132246,2.604
2,21092028,3,643,7615,pedestrian,7734,car,613.2,614.4,1.2,-4.583976,5.958774,-4.435627,5.884735,4.11
2,21092028,3,597,7717,pedestrian,7731,bike,582,619,37,-2.788928,8.431325,-4.800004,8.785474,2.564
2,21092028,3,644,7717,pedestrian,7721,bike,615.2,619,3.8,-4.607411,8.777392,-4.601979,8.774406,0.019
2,21092028,3,646,7717,pedestrian,7723,bike,617.8,621.2,3.4,-4.750784,8.787648,-4.727202,8.843154,0.012
2,21092028,3,647,7681,pedestrian,7718,bike,619.6,621.4,1.8,-9.418874,5.07719,-9.526742,5.030804,0.454
2,21092028,3,648,7707,pedestrian,7734,car,620,621.8,1.8,-2.908719,5.118889,-2.784076,4.906483,1.168
2,21092028,3,649,7681,pedestrian,7722,bike,620.6,622.4,1.8,-9.377431,5.119821,-9.506175,5.068263,1.198
2,21092028,3,652,7700,pedestrian,7731,bike,624,625.6,1.6,-5.711284,8.203722,-5.769951,8.169242,2.087
2,21092028,3,651,7615,pedestrian,7735,car,624,626,2,-4.030904,5.757488,-3.808682,5.697416,4.714
2,21092028,3,653,7679,bike,7726,pedestrian,624.2,626.4,2.2,-9.30532,-1.48455,-9.380783,-1.537223,0.079
2,21092028,3,654,7685,bike,7726,pedestrian,625,627,2,-9.27313,-1.462081,-9.343643,-1.5113,0.174
2,21092028,3,655,7679,bike,7730,pedestrian,626.6,629,2.4,-9.53963,-1.743898,-9.721452,-1.784034,2.083
2,21092028,3,657,7677,pedestrian,7679,bike,627.4,629.4,2,-9.714161,-1.769921,-9.777016,-1.813793,0.119
2,21092028,3,656,7685,bike,7730,pedestrian,627.2,629.6,2.4,-9.526581,-1.711141,-9.692908,-1.755086,0.901
2,21092028,3,658,7677,pedestrian,7685,bike,628,630,2,-9.680528,-1.746444,-9.738189,-1.786692,0.206
2,21092028,3,661,7737,pedestrian,7754,bike,629.4,631.6,2.2,-2.81935,8.34093,-2.857399,8.28449,0.034
2,21092028,3,645,7677,pedestrian,7747,bike,617,632.8,15.8,-10.526323,-2.336808,-9.541248,-1.768245,1.121
2,21092028,3,660,7718,bike,7733,pedestrian,629,633.4,4.4,-10.402316,4.385628,-10.396052,4.390038,0.008
2,21092028,3,663,7722,bike,7733,pedestrian,630.2,634.6,4.4,-10.348381,4.423602,-10.346437,4.424971,0.043
2,21092028,3,665,7679,bike,7711,pedestrian,633,635,2,-10.465348,-2.294247,-10.532389,-2.341042,0.073
2,21092028,3,668,7685,bike,7711,pedestrian,633.8,635.8,2,-10.432768,-2.271507,-10.499809,-2.318301,0.184
2,21092028,3,664,7683,pedestrian,7718,bike,632.4,637,4.6,-10.541201,4.28784,-10.548776,4.282507,0.18
2,21092028,3,667,7684,pedestrian,7718,bike,633.6,638,4.4,-10.598572,4.247446,-10.602849,4.244435,0.307
2,21092028,3,666,7683,pedestrian,7722,bike,633.4,638.2,4.8,-10.493863,4.32117,-10.497462,4.318636,0.009
2,21092028,3,669,7684,pedestrian,7722,bike,634.8,639.4,4.6,-10.549308,4.282132,-10.556883,4.276799,0.073
2,21092028,3,670,7721,bike,7739,pedestrian,637.4,641,3.6,-3.315883,8.309113,-3.310281,8.310177,0.201
2,21092028,3,671,7687,pedestrian,7718,bike,639.8,644.2,4.4,-10.875953,4.052147,-10.908918,4.028937,0.16
2,21092028,3,650,7557,pedestrian,7718,bike,623.8,644.4,20.6,-10.093536,4.603035,-11.051045,3.928867,0.986
2,21092028,3,675,7697,pedestrian,7718,bike,641.4,644.4,3,-10.933417,4.011687,-10.971809,3.984656,0.001
2,21092028,3,676,7698,pedestrian,7718,bike,641.6,644.4,2.8,-10.951944,3.998643,-11.025177,3.94708,0.368
2,21092028,3,678,7718,bike,7744,pedestrian,643,644.4,1.4,-11.004892,3.947565,-11.042538,3.934856,0.541
2,21092028,3,680,7718,bike,7749,pedestrian,644,644.4,0.4,-11.053251,3.883012,-11.067823,3.877532,3.156
2,21092028,3,674,7687,pedestrian,7722,bike,641.2,644.8,3.6,-10.827326,4.086384,-10.882419,4.047594,0.037
2,21092028,3,673,7723,bike,7739,pedestrian,641,645,4,-3.533176,8.302733,-3.548681,8.304489,0.201
2,21092028,3,677,7697,pedestrian,7722,bike,642.4,645.2,2.8,-10.888419,4.04337,-10.963137,3.990762,0.235
2,21092028,3,679,7698,pedestrian,7722,bike,644,645.2,1.2,-10.948757,4.000886,-11.012196,3.95622,0.324
2,21092028,3,681,7557,pedestrian,7722,bike,644,645.2,1.2,-10.965997,3.988748,-11.064186,3.90861,1.585
2,21092028,3,682,7722,bike,7744,pedestrian,644.2,645.2,1,-10.977645,3.980547,-11.042213,3.935085,0.117
2,21092028,3,684,7722,bike,7749,pedestrian,644.6,645.2,0.6,-11.03389,3.910984,-11.066666,3.897468,2.028
2,21092028,3,683,7681,pedestrian,7731,bike,644.4,646.2,1.8,-8.264892,5.945019,-8.338036,5.894374,2.58
2,21092028,3,672,7721,bike,7745,pedestrian,639.8,647,7.2,-3.155401,8.340381,-2.782618,8.245224,3.973
2,21092028,3,685,7721,bike,7748,pedestrian,645.8,647,1.2,-2.813395,8.426705,-2.8089,8.411527,3.075
2,21092028,3,686,7615,pedestrian,7725,car,645.8,649,3.2,-2.991836,5.09713,-2.784671,4.882073,3.406
2,21092028,3,687,7615,pedestrian,7743,car,647.2,650,2.8,-2.940391,5.036011,-2.770772,4.904888,3.317
2,21092028,3,689,7700,pedestrian,7754,bike,649.4,652.8,3.4,-4.154962,8.528721,-4.14052,8.520783,0.02
2,21092028,3,688,7693,pedestrian,7731,bike,649.2,653,3.8,-8.940471,5.475916,-9.28887,5.239119,2.66
2,21092028,3,690,7723,bike,7748,pedestrian,649.8,653.8,4,-3.060255,8.370173,-3.065107,8.343851,0.146
2,21092028,3,694,7693,pedestrian,7731,bike,653.4,653.8,0.4,-9.318907,5.219394,-9.324162,5.21599,4.611
2,21092028,3,692,7731,bike,7733,pedestrian,652.4,656.2,3.8,-9.377883,5.118998,-9.446768,5.13437,1.623
2,21092028,3,693,7671,pedestrian,7731,bike,652.8,656.8,4,-9.423719,5.073869,-9.579659,4.964847,2.601
2,21092028,3,659,7730,pedestrian,7747,bike,628.6,659.2,30.6,-9.717345,-1.789077,-8.029845,-0.556978,0.206
2,21092028,3,698,7730,pedestrian,7747,bike,659.4,660.2,0.8,-8.036185,-0.513531,-8.088413,-0.441289,4.745
2,21092028,3,696,7683,pedestrian,7731,bike,656.4,661.6,5.2,-9.581377,4.963638,-9.573684,4.974523,0.152
2,21092028,3,697,7684,pedestrian,7731,bike,658.2,662.6,4.4,-9.621869,4.935128,-9.628699,4.93032,0.057
2,21092028,3,700,7710,pedestrian,7768,bike,661.6,662.6,1,-11.072623,3.879136,-11.006065,3.950241,2.621
2,21092028,3,662,7739,pedestrian,7754,bike,629.4,662.8,33.4,-2.826488,8.400938,-4.783981,8.787885,0.089
2,21092028,3,701,7671,pedestrian,7731,bike,662.8,663,0.2,-9.837785,4.783105,-9.837785,4.783105,4.959
2,21092028,3,699,7706,pedestrian,7768,bike,661.6,663.2,1.6,-11.049659,3.929843,-10.926292,4.016704,0.273
2,21092028,3,702,7726,pedestrian,7747,bike,663.4,665,1.6,-8.586632,0.282929,-8.7062,0.456397,4.268
2,21092028,3,703,7671,pedestrian,7731,bike,663.4,665.6,2.2,-9.869407,4.760841,-9.949717,4.704296,3.288
2,21092028,3,705,7687,pedestrian,7731,bike,665.2,670.6,5.4,-9.951412,4.703102,-9.948546,4.70512,0.092
2,21092028,3,706,7697,pedestrian,7731,bike,667,671.8,4.8,-9.994342,4.672875,-10.00075,4.668364,0.021
2,21092028,3,707,7698,pedestrian,7731,bike,668.2,673,4.8,-10.044793,4.637354,-10.052775,4.631734,0.192
2,21092028,3,712,7755,pedestrian,7773,car,672,673.2,1.2,-2.729561,8.230829,-2.836401,8.15675,3.904
2,21092028,3,708,7671,pedestrian,7768,bike,669.6,674.2,4.6,-10.304948,4.454183,-10.316758,4.445867,0.082
2,21092028,3,709,7731,bike,7744,pedestrian,669.6,674.2,4.6,-10.100932,4.597828,-10.1033,4.59616,0.05
2,21092028,3,710,7680,pedestrian,7768,bike,671,675.4,4.4,-10.261963,4.484448,-10.255515,4.488988,0.061
2,21092028,3,711,7731,bike,7749,pedestrian,671,675.4,4.4,-10.163844,4.553532,-10.153942,4.560503,0.061
2,21092028,3,716,7655,pedestrian,7762,car,676.4,677,0.6,-4.235048,5.787756,-4.172143,5.776795,4.641
2,21092028,3,714,7681,pedestrian,7754,bike,675.6,677.4,1.8,-6.72981,7.041826,-6.796882,6.966505,2.696
2,21092028,3,717,7639,pedestrian,7762,car,676.6,677.6,1,-4.143268,5.771921,-4.021183,5.757444,4.631
2,21092028,3,713,7693,pedestrian,7768,bike,673.4,677.8,4.4,-10.157448,4.558035,-10.142526,4.568542,0.049
2,21092028,3,715,7706,pedestrian,7731,bike,676,680.6,4.6,-10.373148,4.406164,-10.367207,4.410347,0.033
2,21092028,3,721,7698,pedestrian,7768,bike,679.8,681.2,1.4,-9.813296,4.800347,-9.76584,4.83376,3.89
2,21092028,3,718,7710,pedestrian,7731,bike,677.2,681.6,4.4,-10.421815,4.371899,-10.42092,4.372528,0.011
2,21092028,3,720,7717,pedestrian,7754,bike,679.6,682.6,3,-7.327062,6.596181,-7.619634,6.393212,2.601
2,21092028,3,723,7665,pedestrian,7762,car,682.2,683.4,1.2,-2.981303,5.085165,-2.911401,5.010085,3.291
2,21092028,3,719,7744,pedestrian,7768,bike,677.8,683.6,5.8,-9.948414,4.705213,-9.766603,4.833223,1.323
2,21092028,3,724,7667,pedestrian,7762,car,682.6,683.8,1.2,-2.920526,5.013258,-2.842399,4.931613,3.398
2,21092028,3,725,7675,pedestrian,7762,car,682.6,683.8,1.2,-2.920428,5.013135,-2.833338,4.920252,3.424
2,21092028,3,726,7737,pedestrian,7762,car,682.8,684,1.2,-2.773002,5.114841,-2.713223,5.001767,3.692
2,21092028,3,727,7671,pedestrian,7747,bike,683.4,685,1.6,-10.884878,4.045863,-10.781375,4.118738,0.416
2,21092028,3,722,7716,pedestrian,7731,bike,680.8,685.2,4.4,-10.578278,4.261735,-10.565438,4.270775,0.048
2,21092028,3,728,7680,pedestrian,7747,bike,683.8,685.6,1.8,-10.802035,4.104191,-10.683746,4.187477,0.057
2,21092028,3,729,7733,pedestrian,7754,bike,684.6,686.4,1.8,-8.083636,5.997695,-8.174725,5.934531,0.148
2,21092028,3,730,7693,pedestrian,7747,bike,684.8,687.6,2.8,-10.623988,4.229552,-10.555106,4.27805,0.53
2,21092028,3,733,7683,pedestrian,7754,bike,686.8,688.4,1.6,-8.458747,5.810421,-8.541549,5.753056,2.597
2,21092028,3,734,7684,pedestrian,7754,bike,687.4,689,1.6,-8.546801,5.749285,-8.628917,5.692397,2.569
2,21092028,3,691,7680,pedestrian,7731,bike,652,692.2,40.2,-9.334431,5.188042,-11.058981,3.923279,0.033
2,21092028,3,695,7693,pedestrian,7731,bike,655.8,692.2,36.4,-9.444082,5.136055,-10.951838,3.998717,1.44
2,21092028,3,737,7671,pedestrian,7731,bike,690.8,692.2,1.4,-11.004674,3.946906,-11.072439,3.873758,2.974
2,21092028,3,704,7749,pedestrian,7768,bike,664,692.2,28.2,-10.596429,4.248955,-9.358176,5.151885,0
2,21092028,3,738,7687,pedestrian,7754,bike,690.8,692.6,1.8,-9.099642,5.36474,-9.197915,5.298798,2.657
2,21092028,3,735,7744,pedestrian,7768,bike,688,692.8,4.8,-9.575495,4.967779,-9.273148,5.25038,2.256
2,21092028,3,741,7698,pedestrian,7754,bike,691.4,693,1.6,-9.191207,5.302743,-9.257981,5.259393,2.673
2,21092028,3,740,7697,pedestrian,7754,bike,691.2,693.2,2,-9.156686,5.324989,-9.288735,5.239213,2.64
2,21092028,3,744,7744,pedestrian,7754,bike,692.2,693.6,1.4,-9.306346,5.229008,-9.373132,5.18391,2.673
2,21092028,3,742,7697,pedestrian,7768,bike,691.4,693.8,2.4,-9.302143,5.230387,-9.124352,5.3474,2.658
2,21092028,3,745,7749,pedestrian,7754,bike,692.4,694.2,1.8,-9.348139,5.167444,-9.461532,5.12484,2.169
2,21092028,3,736,7698,pedestrian,7768,bike,690.8,694.8,4,-9.392269,5.170512,-8.975587,5.451532,2.644
2,21092028,3,743,7687,pedestrian,7768,bike,692,694.8,2.8,-9.21212,5.289469,-8.971872,5.428036,2.676
2,21092028,3,746,7706,pedestrian,7754,bike,694.2,696,1.8,-9.603382,4.948144,-9.695,4.883638,0.165
2,21092028,3,747,7710,pedestrian,7754,bike,694.6,696.6,2,-9.677905,4.895674,-9.780974,4.823105,0.349
2,21092028,3,748,7716,pedestrian,7754,bike,696,697.8,1.8,-9.886234,4.748993,-9.974905,4.686561,0.268
2,21092028,3,749,7717,pedestrian,7768,bike,697.4,699.2,1.8,-8.389898,5.858371,-8.309583,5.913987,2.567
2,21092028,3,750,7684,pedestrian,7768,bike,698.4,701.2,2.8,-8.24435,5.95943,-7.99527,6.132248,2.586
2,21092028,3,751,7683,pedestrian,7768,bike,699.2,702.2,3,-8.116725,6.048056,-7.849224,6.233654,2.589
2,21092028,3,752,7665,pedestrian,7770,car,703.6,704.8,1.2,-3.834928,5.7325,-3.790126,5.692225,4.221
2,21092028,3,753,7665,pedestrian,7773,car,704.2,705.4,1.2,-3.858618,5.735741,-3.82738,5.709264,4.48
2,21092028,3,754,7667,pedestrian,7770,car,704.2,705.6,1.4,-3.754124,5.685053,-3.704776,5.648873,3.86
2,21092028,3,758,7607,pedestrian,7782,car,705.4,705.6,0.2,-4.406408,0.840334,-4.406408,0.840334,4.982
2,21092028,3,759,7761,pedestrian,7782,car,705.4,705.6,0.2,-4.413533,0.835281,-4.413533,0.835281,4.978
2,21092028,3,755,7667,pedestrian,7773,car,704.8,706.2,1.4,-3.779453,5.700124,-3.725938,5.662267,3.925
2,21092028,3,756,7675,pedestrian,7770,car,704.8,706.2,1.4,-3.671555,5.634608,-3.62341,5.5991,3.711
2,21092028,3,757,7675,pedestrian,7773,car,705.4,706.6,1.2,-3.710628,5.658793,-3.651883,5.61658,3.784
2,21092028,3,760,7712,pedestrian,7770,car,705.8,707.2,1.4,-3.512821,5.537076,-3.4709,5.505711,3.416
2,21092028,3,761,7712,pedestrian,7773,car,706.4,707.8,1.4,-3.533742,5.550557,-3.502041,5.524607,3.435
2,21092028,3,731,7716,pedestrian,7747,bike,685,708.2,23.2,-10.570443,4.267252,-9.354649,5.159417,0.609
2,21092028,3,762,7710,pedestrian,7747,bike,707.6,709.4,1.8,-9.285415,5.241362,-9.122681,5.34813,2.64
2,21092028,3,764,7739,pedestrian,7768,bike,708,709.6,1.6,-6.807313,6.957966,-6.748626,7.011761,2.616
2,21092028,3,765,7594,pedestrian,7747,bike,708.4,709.8,1.4,-9.143983,5.334126,-9.053675,5.396858,2.695
2,21092028,3,763,7706,pedestrian,7747,bike,707.8,710,2.2,-9.24389,5.268636,-9.00828,5.428437,2.664
2,21092028,3,766,7717,pedestrian,7747,bike,709.2,710.6,1.4,-8.979788,5.445537,-8.897234,5.505947,2.563
2,21092028,3,767,7753,pedestrian,7782,car,709.6,710.6,1,-3.664851,1.359641,-3.575209,1.421958,4.738
2,21092028,3,772,7747,bike,7749,pedestrian,710.8,711,0.2,-8.668389,5.664995,-8.668389,5.664995,4.951
2,21092028,3,771,7750,pedestrian,7782,car,710.4,711.4,1,-3.521749,1.459871,-3.43248,1.521923,4.683
2,21092028,3,770,7639,pedestrian,7770,car,710.4,712.4,2,-2.849467,5.138875,-2.711008,5.057938,3.619
2,21092028,3,769,7655,pedestrian,7770,car,710.2,712.6,2.4,-2.887827,5.130455,-2.704812,5.042213,2.546
2,21092028,3,774,7639,pedestrian,7773,car,711.6,712.6,1,-2.803299,5.134278,-2.730316,5.085254,4.317
2,21092028,3,773,7655,pedestrian,7773,car,711.2,712.8,1.6,-2.855089,5.136547,-2.722093,5.059969,3.623
2,21092028,3,775,7748,pedestrian,7768,bike,713.4,715,1.6,-6.311446,7.772702,-6.243564,7.82624,2.22
2,21092028,3,778,7703,pedestrian,7789,car,714.8,716,1.2,-2.656785,8.029955,-2.768794,8.022962,4.252
2,21092028,3,732,7769,pedestrian,7779,bike,685,720.8,35.8,-2.790288,8.418067,-4.822988,8.782373,0.544
2,21092028,3,779,7681,pedestrian,7779,bike,719.6,721.4,1.8,-4.894742,8.823523,-4.971699,8.765167,2.648
2,21092028,3,780,7742,pedestrian,7782,car,719.8,721.6,1.8,-1.861495,2.613458,-1.679382,2.738107,4.22
2,21092028,3,781,7615,pedestrian,7782,car,721.2,722.2,1,-1.621293,2.778644,-1.572548,2.816865,4.209
2,21092028,3,776,7778,pedestrian,7790,bike,714.2,723.6,9.4,-2.9067,8.362983,-3.421361,8.298224,2.527
2,21092028,3,782,7681,pedestrian,7781,bike,722,724.4,2.4,-4.791145,8.861673,-4.864223,8.790576,1.866
2,21092028,3,784,7768,bike,7769,pedestrian,723,724.6,1.6,-4.901724,8.820032,-4.851156,8.849952,2.678
2,21092028,3,739,7769,pedestrian,7781,bike,691,725,34,-2.978934,8.347184,-5.016056,8.72951,2.027
2,21092028,3,785,7778,pedestrian,7790,bike,725.6,726.8,1.2,-3.54921,8.305735,-3.611218,8.308379,4.807
2,21092028,3,786,7739,pedestrian,7747,bike,729.8,733.2,3.4,-7.985024,6.139493,-8.013806,6.119372,2.579
2,21092028,3,793,7778,pedestrian,7790,bike,733.8,734.4,0.6,-4.020717,8.458562,-4.046371,8.469171,4.818
2,21092028,3,789,7683,pedestrian,7779,bike,733.2,735,1.8,-6.653368,7.174967,-6.694797,7.079219,2.509
2,21092028,3,790,7755,pedestrian,7782,car,733.4,735.4,2,-2.650697,5.035799,-2.800805,5.160866,1.37
2,21092028,3,792,7728,pedestrian,7782,car,733.8,735.6,1.8,-2.609264,5.117891,-2.750912,5.224739,2.222
2,21092028,3,791,7698,pedestrian,7779,bike,733.6,735.8,2.2,-6.681416,7.11248,-6.764244,6.997806,2.299
2,21092028,3,795,7684,pedestrian,7779,bike,734.2,736,1.8,-6.736089,7.033719,-6.79974,6.963732,2.657
2,21092028,3,797,7683,pedestrian,7781,bike,734.4,736,1.6,-6.639878,7.240675,-6.673156,7.131243,2.635
2,21092028,3,801,7667,pedestrian,7789,car,735.4,736,0.6,-5.05334,6.320007,-5.032393,6.294078,4.572
2,21092028,3,798,7698,pedestrian,7781,bike,734.8,736.6,1.8,-6.656945,7.158905,-6.725312,7.040301,2.341
2,21092028,3,802,7675,pedestrian,7789,car,735.6,736.6,1,-5.01481,6.280926,-4.954313,6.222798,4.473
2,21092028,3,788,7768,bike,7778,pedestrian,733,736.8,3.8,-4.179283,8.542087,-4.178388,8.541596,0.088
2,21092028,3,805,7712,pedestrian,7789,car,735.8,736.8,1,-4.962408,6.239609,-4.927236,6.199677,4.291
2,21092028,3,800,7684,pedestrian,7781,bike,735.2,737,1.8,-6.696756,7.091177,-6.767168,6.988505,2.716
2,21092028,3,796,7687,pedestrian,7747,bike,734.2,737.4,3.2,-7.75542,6.220851,-7.565022,6.271587,2.119
2,21092028,3,768,7697,pedestrian,7747,bike,710.2,737.6,27.4,-8.734956,5.546051,-7.572806,6.323752,0.314
2,21092028,3,787,7783,pedestrian,7797,bike,732.2,737.8,5.6,-2.772275,8.42659,-3.034752,8.379058,4.047
2,21092028,3,794,7768,bike,7780,pedestrian,734.2,738,3.8,-4.121491,8.510325,-4.120185,8.509607,0.239
2,21092028,3,808,7744,pedestrian,7779,bike,737.2,738.8,1.6,-7.143009,6.723979,-7.213667,6.675063,2.629
2,21092028,3,806,7748,pedestrian,7779,bike,736,739.4,3.4,-6.969296,6.844418,-7.286824,6.624283,2.613
2,21092028,3,810,7749,pedestrian,7779,bike,737.8,739.4,1.6,-7.229514,6.663915,-7.300255,6.614944,2.647
2,21092028,3,811,7744,pedestrian,7781,bike,738,739.4,1.4,-7.110957,6.74624,-7.179774,6.698606,2.61
2,21092028,3,813,7749,pedestrian,7781,bike,738.4,740,1.6,-7.192736,6.689445,-7.269055,6.636603,2.613
2,21092028,3,814,7747,bike,7748,pedestrian,738.6,740,1.4,-7.245429,6.653011,-7.160671,6.711712,2.61
2,21092028,3,807,7681,pedestrian,7790,bike,736.4,740.2,3.8,-4.127936,8.513867,-4.130262,8.515145,0.292
2,21092028,3,812,7747,bike,7749,pedestrian,738,740.2,2.2,-7.359652,6.573709,-7.121037,6.739234,2.607
2,21092028,3,809,7748,pedestrian,7781,bike,737.6,740.6,3,-7.050345,6.788327,-7.341686,6.586189,2.608
2,21092028,3,815,7744,pedestrian,7747,bike,738.8,741,2.2,-7.207925,6.67906,-6.969116,6.844556,2.615
2,21092028,3,817,7697,pedestrian,7779,bike,740.6,742,1.4,-7.55512,6.263774,-7.628253,6.178574,4.149
2,21092028,3,822,7697,pedestrian,7781,bike,741.8,742.2,0.4,-7.57207,6.217527,-7.586616,6.201032,4.953
2,21092028,3,804,7787,pedestrian,7801,bike,735.8,742.4,6.6,-2.780824,8.422545,-3.14626,8.339655,3.629
2,21092028,3,818,7706,pedestrian,7779,bike,741.2,743.2,2,-7.709493,6.257133,-7.804547,6.191223,0.092
2,21092028,3,821,7716,pedestrian,7779,bike,741.8,743.4,1.6,-7.822308,6.252349,-7.893676,6.202922,2.626
2,21092028,3,820,7710,pedestrian,7779,bike,741.6,743.6,2,-7.782495,6.206514,-7.877547,6.140602,0.337
2,21092028,3,823,7706,pedestrian,7781,bike,741.8,743.8,2,-7.684996,6.274118,-7.774719,6.211906,0.437
2,21092028,3,824,7716,pedestrian,7781,bike,742.2,744,1.8,-7.791851,6.273487,-7.865416,6.222545,2.615
2,21092028,3,825,7710,pedestrian,7781,bike,742.2,744.2,2,-7.761591,6.22101,-7.839835,6.166753,0.094
2,21092028,3,816,7594,pedestrian,7799,bike,740.2,744.6,4.4,-10.381809,4.400066,-10.364116,4.412524,0.23
2,21092028,3,826,7684,pedestrian,7747,bike,742.4,744.6,2.2,-6.648071,7.203818,-6.559696,7.474724,2.421
2,21092028,3,827,7698,pedestrian,7747,bike,743.4,745,1.6,-6.597039,7.42079,-6.512552,7.574522,2.799
2,21092028,3,803,7783,pedestrian,7801,bike,735.8,745.2,9.4,-2.838752,8.395135,-3.325051,8.307292,1.383
2,21092028,3,819,7717,pedestrian,7799,bike,741.4,745.6,4.2,-10.325792,4.439507,-10.306839,4.452851,0.062
2,21092028,3,828,7683,pedestrian,7747,bike,743.6,745.6,2,-6.56363,7.480964,-6.416523,7.682006,2.547
2,21092028,3,830,7747,bike,7769,pedestrian,745.4,746.8,1.4,-6.269738,7.802868,-6.195748,7.861178,2.139
2,21092028,3,831,7728,pedestrian,7789,car,745.6,747,1.4,-3.154001,5.280198,-3.099944,5.217878,3.149
2,21092028,3,832,7787,pedestrian,7803,car,745.8,747.6,1.8,-2.716162,8.229993,-2.84043,8.115655,3.052
2,21092028,3,829,7681,pedestrian,7797,bike,744.6,748.4,3.8,-3.666002,8.325748,-3.666673,8.325961,0.082
2,21092028,3,833,7681,pedestrian,7801,bike,745.8,749.6,3.8,-3.597676,8.306011,-3.605986,8.307881,0.237
2,21092028,3,839,7728,pedestrian,7792,car,748.8,749.8,1,-3.341183,5.416617,-3.275544,5.371511,3.438
2,21092028,3,777,7780,pedestrian,7790,bike,714.2,750.4,36.2,-2.846974,8.391244,-4.928795,8.798883,0.009
2,21092028,3,838,7787,pedestrian,7806,car,748.8,750.4,1.6,-2.622525,8.148577,-2.759998,8.034786,1.964
2,21092028,3,836,7778,pedestrian,7790,bike,748,751,3,-4.777473,8.866058,-5.040551,8.709805,2.655
2,21092028,3,834,7768,bike,7783,pedestrian,746.8,751.4,4.6,-3.39139,8.294692,-3.347195,8.303166,0.089
2,21092028,3,837,7739,pedestrian,7779,bike,748.6,752.2,3.6,-8.846422,5.541221,-9.191118,5.303286,2.628
2,21092028,3,841,7594,pedestrian,7808,bike,750.4,752.2,1.8,-10.783083,4.117535,-10.674628,4.193897,0.027
2,21092028,3,842,7738,pedestrian,7779,bike,750.8,752.4,1.6,-9.162875,5.320943,-9.234246,5.274899,2.666
2,21092028,3,835,7768,bike,7786,pedestrian,747.2,752.6,5.4,-3.367741,8.299368,-3.277002,8.316284,0.03
2,21092028,3,843,7717,pedestrian,7808,bike,751,752.6,1.6,-10.689349,4.183532,-10.59445,4.250348,0.438
2,21092028,3,840,7739,pedestrian,7781,bike,750,752.8,2.8,-8.931968,5.48183,-9.21537,5.287316,2.674
2,21092028,3,844,7738,pedestrian,7781,bike,751.2,752.8,1.6,-9.142281,5.334461,-9.217009,5.28623,2.66
2,21092028,3,845,7741,pedestrian,7779,bike,751.2,752.8,1.6,-9.228003,5.279221,-9.295137,5.234926,2.651
2,21092028,3,846,7741,pedestrian,7781,bike,751.6,753.2,1.6,-9.211594,5.289634,-9.282649,5.243175,2.635
2,21092028,3,847,7747,bike,7778,pedestrian,751.8,753.2,1.4,-5.083313,8.675419,-5.002352,8.739003,2.621
2,21092028,3,848,7747,bike,7780,pedestrian,752.2,753.6,1.4,-5.005451,8.738043,-4.926014,8.799007,2.636
2,21092028,3,849,7746,pedestrian,7779,bike,754,755.8,1.8,-9.617416,4.938263,-9.697029,4.882209,0.107
2,21092028,3,850,7746,pedestrian,7781,bike,754.4,756.6,2.2,-9.58826,4.958792,-9.67563,4.897276,0.051
2,21092028,3,851,7683,pedestrian,7790,bike,755.4,756.8,1.4,-6.048496,7.968088,-6.137487,7.899192,1.994
2,21092028,3,852,7698,pedestrian,7790,bike,755.8,757.2,1.4,-6.131336,7.907983,-6.220327,7.839087,2.094
2,21092028,3,855,7710,pedestrian,7794,car,756,757.2,1.2,-7.314233,5.961916,-7.401164,5.861005,3.619
2,21092028,3,853,7689,pedestrian,7807,bike,755.8,757.8,2,-9.58912,-1.682642,-9.501252,-1.62131,0.233
2,21092028,3,857,7684,pedestrian,7790,bike,756.2,757.8,1.6,-6.209505,7.851141,-6.317314,7.767978,2.245
2,21092028,3,783,7681,pedestrian,7768,bike,722.8,758.2,35.4,-4.904759,8.808113,-2.906375,8.3636,0.809
2,21092028,3,854,7768,bike,7796,pedestrian,755.8,758.2,2.4,-2.86363,8.420393,-2.862863,8.38419,2.138
2,21092028,3,859,7744,pedestrian,7790,bike,757.6,759,1.4,-6.463249,7.636877,-6.52234,7.548427,2.536
2,21092028,3,860,7749,pedestrian,7790,bike,758,759.4,1.4,-6.52761,7.553782,-6.572553,7.458395,2.694
2,21092028,3,861,7739,pedestrian,7799,bike,758.6,760.2,1.6,-9.506734,5.058443,-9.393101,5.101877,0.971
2,21092028,3,858,7681,pedestrian,7813,bike,756.6,760.4,3.8,-2.957713,8.348949,-2.977906,8.396929,0.942
2,21092028,3,799,7746,pedestrian,7799,bike,735,760.6,25.6,-10.705949,4.171844,-9.341821,5.175322,0.702
2,21092028,3,863,7739,pedestrian,7808,bike,759.2,760.8,1.6,-9.526578,5.029498,-9.421576,5.075455,0.545
2,21092028,3,862,7746,pedestrian,7808,bike,758.8,761.4,2.6,-9.567882,4.983606,-9.335562,5.197828,1.416
2,21092028,3,864,7707,pedestrian,7807,bike,759.8,761.6,1.8,-9.00767,-1.276791,-8.933717,-1.225172,0.269
2,21092028,3,856,7796,pedestrian,7813,bike,756.2,762,5.8,-2.807591,8.409879,-3.072729,8.342254,1.035
2,21092028,3,867,7615,pedestrian,7804,car,761.8,762.4,0.6,-3.488702,1.48294,-3.461562,1.501531,4.698
2,21092028,3,866,7716,pedestrian,7790,bike,761.4,762.8,1.4,-6.892187,6.897767,-6.980236,6.836056,2.64
2,21092028,3,865,7769,pedestrian,7790,bike,760.4,763.2,2.8,-6.731375,7.040032,-7.043523,6.793172,2.569
2,21092028,3,872,7717,pedestrian,7779,bike,763.4,764.2,0.8,-11.009073,3.943735,-11.056939,3.896883,2.961
2,21092028,3,873,7760,pedestrian,7779,bike,763.6,764.2,0.6,-11.026803,3.920145,-11.054047,3.909876,2.447
2,21092028,3,874,7766,pedestrian,7779,bike,764,764.2,0.2,-11.06746,3.849611,-11.06746,3.849611,4.935
2,21092028,3,868,7741,pedestrian,7799,bike,762.2,764.8,2.6,-8.861036,5.530824,-8.585309,5.722531,2.556
2,21092028,3,869,7738,pedestrian,7799,bike,763,765.6,2.6,-8.715271,5.632439,-8.439882,5.823513,2.56
2,21092028,3,877,7748,pedestrian,7799,bike,764.2,765.6,1.4,-8.512867,5.772969,-8.434362,5.827351,2.571
2,21092028,3,871,7741,pedestrian,7808,bike,763.4,766,2.6,-8.800546,5.573224,-8.528398,5.762052,2.557
2,21092028,3,876,7760,pedestrian,7781,bike,764.2,766.2,2,-11.003811,3.949703,-11.007344,3.84768,0.36
2,21092028,3,880,7748,pedestrian,7808,bike,764.8,766.2,1.4,-8.553444,5.744804,-8.477353,5.797512,2.595
2,21092028,3,881,7766,pedestrian,7781,bike,764.8,766.4,1.6,-11.066048,3.868431,-11.021267,3.811833,1.001
2,21092028,3,883,7745,pedestrian,7804,car,765.6,766.4,0.8,-2.776327,1.981912,-2.737468,2.008486,4.473
2,21092028,3,882,7594,pedestrian,7781,bike,765.4,766.6,1.2,-11.09677,3.754436,-11.046574,3.639401,4.383
2,21092028,3,878,7738,pedestrian,7808,bike,764.2,766.8,2.6,-8.656199,5.673457,-8.385638,5.861182,2.565
2,21092028,3,879,7717,pedestrian,7781,bike,764.6,766.8,2.2,-11.046757,3.888985,-11.022435,3.679741,2.166
2,21092028,3,870,7747,bike,7783,pedestrian,763,767,4,-4.021757,8.458829,-3.958327,8.4312,0.162
2,21092028,3,875,7747,bike,7786,pedestrian,764,768.2,4.2,-3.950923,8.428479,-3.879354,8.398097,0.049
2,21092028,3,884,7796,pedestrian,7820,car,767.2,769,1.8,-2.642368,8.165774,-2.797373,8.044385,0.809
2,21092028,3,885,7738,pedestrian,7790,bike,768.6,770,1.4,-8.285079,5.931006,-8.372126,5.8707,2.575
2,21092028,3,886,7741,pedestrian,7790,bike,769,770.4,1.4,-8.368254,5.873246,-8.455302,5.81294,2.61
2,21092028,3,887,7728,pedestrian,7803,car,769.8,771,1.2,-4.695013,6.030548,-4.642241,5.995579,4.024
2,21092028,3,888,7736,pedestrian,7781,bike,769.8,771,1.2,-10.506916,3.074843,-10.458234,3.011976,3.423
2,21092028,3,889,7769,pedestrian,7799,bike,770,771.4,1.4,-7.464871,6.500654,-7.393702,6.549914,2.619
2,21092028,3,891,7728,pedestrian,7806,car,770.4,771.4,1,-4.729341,6.054615,-4.6832,6.023961,3.979
2,21092028,3,890,7683,pedestrian,7797,bike,770.4,772.2,1.8,-5.437086,8.396,-5.526063,8.337125,2.448
2,21092028,3,893,7769,pedestrian,7808,bike,770.8,772.2,1.4,-7.509332,6.46978,-7.440577,6.517366,2.649
2,21092028,3,894,7733,pedestrian,7803,car,771,772.6,1.6,-4.489119,5.906069,-4.32755,5.833733,4.267
2,21092028,3,895,7698,pedestrian,7797,bike,771,772.8,1.8,-5.52214,8.334654,-5.60322,8.284401,2.304
2,21092028,3,898,7746,pedestrian,7790,bike,771.6,772.8,1.2,-8.850339,5.53852,-8.922308,5.487147,2.617
2,21092028,3,892,7748,pedestrian,7790,bike,770.8,773,2.2,-8.705496,5.639086,-8.948044,5.468341,2.553
2,21092028,3,897,7683,pedestrian,7801,bike,771.6,773.2,1.6,-5.393814,8.427266,-5.484598,8.366852,2.467
2,21092028,3,896,7684,pedestrian,7797,bike,771.6,773.4,1.8,-5.608013,8.274514,-5.695438,8.220796,2.166
2,21092028,3,900,7764,pedestrian,7804,car,772,773.4,1.4,-1.606247,2.788988,-1.469919,2.893603,4.329
2,21092028,3,901,7733,pedestrian,7806,car,772.2,773.6,1.4,-4.419621,5.873864,-4.279702,5.811243,4.336
2,21092028,3,902,7698,pedestrian,7801,bike,772.2,773.6,1.4,-5.481266,8.364271,-5.54128,8.326854,2.385
2,21092028,3,899,7759,pedestrian,7807,bike,772,773.8,1.8,-8.448635,0.081088,-8.551053,0.229566,4.33
2,21092028,3,903,7684,pedestrian,7801,bike,772.6,774.2,1.6,-5.560818,8.306833,-5.648673,8.252623,2.242
2,21092028,3,904,7744,pedestrian,7797,bike,772.6,774.4,1.8,-5.766041,8.165339,-5.849547,8.112123,1.962
2,21092028,3,905,7736,pedestrian,7794,car,772.8,774.4,1.6,-10.54543,3.165579,-10.676183,3.046302,2.332
2,21092028,3,906,7749,pedestrian,7797,bike,773.2,775,1.8,-5.855089,8.104052,-5.93637,8.047464,1.85
2,21092028,3,907,7744,pedestrian,7801,bike,773.6,775.2,1.6,-5.7257,8.19343,-5.812719,8.139539,2.036
2,21092028,3,909,7749,pedestrian,7801,bike,774.2,775.8,1.6,-5.820432,8.128457,-5.904929,8.070797,1.895
2,21092028,3,913,7756,pedestrian,7781,bike,775.4,776.6,1.2,-9.82412,2.090996,-9.779829,2.027868,3.683
2,21092028,3,908,7780,pedestrian,7797,bike,773.6,777,3.4,-5.907388,8.068362,-6.220085,7.838707,1.967
2,21092028,3,910,7778,pedestrian,7797,bike,774.6,778,3.4,-6.059954,7.960072,-6.366139,7.723313,2.119
2,21092028,3,911,7780,pedestrian,7801,bike,775,778,3,-5.969094,8.026339,-6.260907,7.809269,2.022
2,21092028,3,915,7716,pedestrian,7799,bike,776.4,778.6,2.2,-6.568875,7.467082,-6.411071,7.688493,2.534
2,21092028,3,914,7778,pedestrian,7801,bike,776,779,3,-6.129191,7.909663,-6.401068,7.690859,2.182
2,21092028,3,916,7716,pedestrian,7797,bike,777.4,779,1.6,-6.453622,7.64719,-6.502876,7.575609,2.467
2,21092028,3,917,7778,pedestrian,7799,bike,777.8,779.4,1.6,-6.365141,7.724812,-6.282558,7.798149,2.289
2,21092028,3,918,7716,pedestrian,7801,bike,778,779.6,1.6,-6.431372,7.669485,-6.48047,7.606831,2.418
2,21092028,3,920,7780,pedestrian,7799,bike,778.2,779.8,1.6,-6.291396,7.786749,-6.203723,7.855299,2.166
2,21092028,3,919,7716,pedestrian,7808,bike,778,780.2,2.2,-6.525105,7.545462,-6.34968,7.749057,2.387
2,21092028,3,921,7778,pedestrian,7808,bike,778.8,780.2,1.4,-6.402002,7.689456,-6.339522,7.756151,2.29
2,21092028,3,922,7780,pedestrian,7808,bike,779.2,780.8,1.6,-6.334275,7.755728,-6.248948,7.822476,2.26
2,21092028,3,924,7802,pedestrian,7826,car,779.8,781.2,1.4,-2.617018,8.097009,-2.717721,8.015727,3.704
2,21092028,3,923,7760,pedestrian,7790,bike,779.4,781.8,2.4,-10.351455,4.421438,-10.428199,4.367403,0.613
2,21092028,3,926,7766,pedestrian,7790,bike,779.8,782.8,3,-10.430279,4.365939,-10.491664,4.322718,0.073
2,21092028,3,927,7749,pedestrian,7799,bike,782.2,784.8,2.6,-5.588322,8.294456,-5.317344,8.48805,2.444
2,21092028,3,930,7759,pedestrian,7781,bike,783.8,784.8,1,-8.818162,0.620089,-8.779723,0.565127,4.197
2,21092028,3,928,7744,pedestrian,7799,bike,783,785.6,2.6,-5.439608,8.400455,-5.174704,8.602662,2.658
2,21092028,3,929,7742,pedestrian,7804,car,783.6,785.6,2,-2.638789,5.046086,-2.797836,5.175275,0.816
2,21092028,3,931,7749,pedestrian,7808,bike,784,786.6,2.6,-5.501752,8.355165,-5.239437,8.550656,2.564
2,21092028,3,932,7684,pedestrian,7799,bike,784.4,786.8,2.4,-5.20553,8.577134,-4.967375,8.766546,2.623
2,21092028,3,933,7698,pedestrian,7799,bike,785,787.2,2.2,-5.101866,8.660454,-4.902035,8.81782,2.629
2,21092028,3,934,7744,pedestrian,7808,bike,785,787.6,2.6,-5.333995,8.478288,-5.076574,8.680752,2.633
2,21092028,3,936,7738,pedestrian,7797,bike,786,787.8,1.8,-7.430843,6.524128,-7.51131,6.468427,2.598
2,21092028,3,942,7741,pedestrian,7797,bike,786.6,788.2,1.6,-7.515178,6.465582,-7.585058,6.417211,2.616
2,21092028,3,939,7684,pedestrian,7808,bike,786.2,788.4,2.2,-5.128002,8.63942,-4.938934,8.788813,2.599
2,21092028,3,944,7738,pedestrian,7801,bike,786.6,788.4,1.8,-7.398589,6.546519,-7.477219,6.492091,2.6
2,21092028,3,945,7741,pedestrian,7801,bike,787.2,788.8,1.6,-7.481087,6.489246,-7.554639,6.438329,2.598
2,21092028,3,938,7783,pedestrian,7799,bike,786.2,789,2.8,-4.840753,8.788818,-4.748096,8.854608,0.891
2,21092028,3,935,7683,pedestrian,7799,bike,785.6,789.2,3.6,-5.002428,8.740475,-4.738563,8.849376,2.666
2,21092028,3,940,7786,pedestrian,7799,bike,786.4,789.2,2.8,-4.801126,8.790015,-4.734112,8.846939,0.08
2,21092028,3,941,7767,pedestrian,7790,bike,786.6,789.8,3.2,-10.875178,4.052692,-10.916584,4.023539,0.229
2,21092028,3,950,7695,pedestrian,7781,bike,788,790,2,-8.191161,-0.087384,-8.132472,-0.279826,0.938
2,21092028,3,948,7783,pedestrian,7808,bike,787.6,790.4,2.8,-4.8652,8.803045,-4.78606,8.860722,1.825
2,21092028,3,949,7786,pedestrian,7808,bike,787.6,790.4,2.8,-4.847089,8.793131,-4.775153,8.869451,1.131
2,21092028,3,947,7772,pedestrian,7790,bike,787.6,790.6,3,-10.938207,4.008315,-10.979434,3.950111,0.5
2,21092028,3,951,7683,pedestrian,7813,bike,788.2,790.8,2.6,-4.772849,8.866851,-4.842985,8.799431,1.302
2,21092028,3,952,7776,pedestrian,7790,bike,788.4,791,2.6,-10.980892,3.978261,-10.998491,3.879059,0.437
2,21092028,3,953,7698,pedestrian,7813,bike,788.6,791,2.4,-4.806812,8.855387,-4.868867,8.792791,1.841
2,21092028,3,912,7786,pedestrian,7813,bike,775.4,791.2,15.8,-4.152274,8.527243,-4.938725,8.791211,1.901
2,21092028,3,937,7783,pedestrian,7813,bike,786,791.2,5.2,-4.644816,8.79795,-4.948286,8.78356,2.7
2,21092028,3,954,7736,pedestrian,7790,bike,788.8,791.2,2.4,-10.974939,3.938521,-11.033282,3.825746,0.013
2,21092028,3,956,7784,pedestrian,7790,bike,789.2,791.2,2,-11.009993,3.936472,-11.014214,3.839172,0.534
2,21092028,3,957,7746,pedestrian,7797,bike,789.6,791.2,1.6,-7.96231,6.155132,-8.032926,6.106229,2.61
2,21092028,3,962,7684,pedestrian,7813,bike,789.8,791.2,1.4,-4.884759,8.831627,-4.952766,8.779974,2.657
2,21092028,3,961,7772,pedestrian,7831,bike,789.8,791.4,1.6,-10.985829,3.974785,-10.95366,3.997434,3.067
2,21092028,3,925,7739,pedestrian,7790,bike,779.8,791.6,11.8,-10.438827,4.35992,-11.018033,3.743532,0.147
2,21092028,3,964,7744,pedestrian,7813,bike,790.2,791.8,1.6,-4.957836,8.774065,-5.037141,8.712529,2.668
2,21092028,3,965,7746,pedestrian,7801,bike,790.2,791.8,1.6,-7.928314,6.178733,-7.998929,6.129831,2.592
2,21092028,3,955,7756,pedestrian,7807,bike,789,792,3,-10.190274,2.628295,-10.380025,2.903741,3.411
2,21092028,3,966,7749,pedestrian,7813,bike,790.8,792.4,1.6,-5.048001,8.703344,-5.125223,8.641637,2.61
2,21092028,3,943,7698,pedestrian,7808,bike,786.6,793,6.4,-5.061918,8.692593,-4.612838,8.780375,2.65
2,21092028,3,960,7739,pedestrian,7831,bike,789.8,793.2,3.4,-11.055772,3.925539,-11.084205,3.827098,0.593
2,21092028,3,959,7776,pedestrian,7831,bike,789.8,794,4.2,-11.034888,3.940243,-10.950622,3.999573,0.5
2,21092028,3,946,7683,pedestrian,7808,bike,787.4,795,7.6,-4.932717,8.795784,-4.491296,8.713574,2.527
2,21092028,3,963,7736,pedestrian,7831,bike,789.8,795,5.2,-11.058888,3.912508,-11.066982,3.855141,0.998
2,21092028,3,967,7756,pedestrian,7790,bike,794.6,795.8,1.2,-10.472786,3.032272,-10.420642,2.960901,3.417
2,21092028,3,968,7716,pedestrian,7813,bike,794.6,796.4,1.8,-5.663598,8.235925,-5.760631,8.176154,2.079
2,21092028,3,970,7736,pedestrian,7807,bike,796.6,797.8,1.2,-11.024219,3.64461,-11.076859,3.694879,4.201
2,21092028,3,969,7769,pedestrian,7797,bike,796,799.8,3.8,-8.928126,5.484488,-9.311348,5.224341,2.664
2,21092028,3,971,7769,pedestrian,7801,bike,797.2,801,3.8,-9.003631,5.432139,-9.388139,5.173297,2.653
2,21092028,3,974,7757,pedestrian,7781,bike,800,801.4,1.4,-9.53457,-1.719924,-9.622668,-1.822214,3.47
2,21092028,3,972,7760,pedestrian,7797,bike,799.6,801.6,2,-9.447403,5.057692,-9.550599,4.998067,0.204
2,21092028,3,977,7781,bike,7800,pedestrian,800.6,801.6,1,-9.562212,-1.799208,-9.641448,-1.832236,4.446
2,21092028,3,973,7719,pedestrian,7781,bike,799.8,801.8,2,-9.547893,-1.657718,-9.685074,-1.799646,1.066
2,21092028,3,976,7766,pedestrian,7797,bike,800.2,802,1.8,-9.529371,5.000255,-9.60098,4.949836,0.418
2,21092028,3,975,7760,pedestrian,7801,bike,800.2,802.4,2.2,-9.434916,5.066527,-9.540107,5.021966,0.427
2,21092028,3,978,7766,pedestrian,7801,bike,800.8,802.8,2,-9.512877,5.011868,-9.582457,4.962877,0.165
2,21092028,3,979,7705,pedestrian,7781,bike,802,803.8,1.8,-9.939464,-1.927182,-10.048436,-2.003244,0.103
2,21092028,3,980,7738,pedestrian,7813,bike,802.2,804,1.8,-6.66695,7.146418,-6.718461,7.051114,2.364
2,21092028,3,983,7759,pedestrian,7790,bike,803.4,804.4,1,-9.31524,1.347171,-9.271621,1.284742,3.948
2,21092028,3,981,7741,pedestrian,7813,bike,802.8,804.6,1.8,-6.719797,7.059275,-6.78106,6.978324,2.724
2,21092028,3,982,7751,pedestrian,7781,bike,803.4,805.2,1.8,-10.184296,-2.098074,-10.283589,-2.16738,0.159
2,21092028,3,985,7767,pedestrian,7797,bike,804,806,2,-10.099097,4.599119,-10.192943,4.533044,0.375
2,21092028,3,986,7772,pedestrian,7797,bike,804.6,806.6,2,-10.183891,4.539417,-10.277737,4.473341,0.402
2,21092028,3,987,7767,pedestrian,7801,bike,804.6,806.6,2,-10.066439,4.622113,-10.162112,4.554751,0.256
2,21092028,3,984,7799,bike,7818,pedestrian,803.6,807.2,3.6,-3.56995,8.305214,-3.544067,8.302788,0.196
2,21092028,3,995,7746,pedestrian,7813,bike,805.8,807.4,1.6,-7.163396,6.709814,-7.243976,6.654016,2.612
2,21092028,3,990,7776,pedestrian,7797,bike,805.2,807.6,2.4,-10.268685,4.479715,-10.331791,4.435283,0.038
2,21092028,3,991,7772,pedestrian,7801,bike,805.2,807.8,2.6,-10.1509,4.562645,-10.225434,4.510167,0.299
2,21092028,3,989,7808,bike,7818,pedestrian,804.8,808.4,3.6,-3.637159,8.316603,-3.614238,8.309336,0.09
2,21092028,3,1001,7742,pedestrian,7826,car,807.6,808.6,1,-3.81323,5.720617,-3.768258,5.679746,4.085
2,21092028,3,988,7748,pedestrian,7831,bike,804.8,808.8,4,-10.486085,4.326647,-10.488369,4.325038,0.192
2,21092028,3,993,7784,pedestrian,7797,bike,805.6,808.8,3.2,-10.341236,4.428633,-10.385303,4.397606,0.123
2,21092028,3,994,7776,pedestrian,7801,bike,805.8,809,3.2,-10.233089,4.504778,-10.280932,4.471092,0.052
2,21092028,3,996,7780,pedestrian,7813,bike,806,809,3,-7.193831,6.688683,-7.491796,6.481976,2.603
2,21092028,3,1003,7742,pedestrian,7830,car,809,809.6,0.6,-3.910279,5.742342,-3.878522,5.736383,4.77
2,21092028,3,999,7778,pedestrian,7813,bike,807,809.8,2.8,-7.353751,6.577654,-7.63151,6.384966,2.605
2,21092028,3,997,7748,pedestrian,7807,bike,806,810,4,-10.53713,4.290707,-10.549156,4.28224,0.089
2,21092028,3,998,7784,pedestrian,7801,bike,806.4,810,3.6,-10.316914,4.445758,-10.341025,4.428781,0.099
2,21092028,3,1000,7799,bike,7827,pedestrian,807.4,810.8,3.4,-3.299695,8.312075,-3.290796,8.313744,0.006
2,21092028,3,1002,7808,bike,7827,pedestrian,808.6,812,3.4,-3.377432,8.297452,-3.371111,8.298701,0.022
2,21092028,3,1004,7791,pedestrian,7815,car,811.2,812.2,1,-11.236389,2.800605,-11.321168,2.82582,4.313
2,21092028,3,1005,7736,pedestrian,7815,car,811.4,813,1.6,-11.259515,2.798714,-11.423673,2.740945,2.817
2,21092028,3,1006,7739,pedestrian,7815,car,812,813.6,1.6,-11.409291,2.630924,-11.580534,2.551709,3.723
2,21092028,3,1007,7750,pedestrian,7826,car,813,814.8,1.8,-2.814904,5.134342,-2.740185,4.982254,2.44
2,21092028,3,1013,7761,pedestrian,7830,car,815,816,1,-2.749439,5.103286,-2.708017,5.02138,4.254
2,21092028,3,1010,7750,pedestrian,7830,car,814.2,816.2,2,-2.861737,5.133076,-2.764222,4.944892,0.898
2,21092028,3,1015,7776,pedestrian,7831,bike,816,816.2,0.2,-9.949006,4.704796,-9.949006,4.704796,4.794
2,21092028,3,1008,7769,pedestrian,7831,bike,813.2,816.6,3.4,-10.097122,4.60051,-10.108291,4.592646,0.431
2,21092028,3,1012,7736,pedestrian,7820,car,814.6,816.8,2.2,-11.255436,2.714511,-11.521598,2.635278,0.851
2,21092028,3,1014,7766,pedestrian,7813,bike,815.6,817,1.4,-8.76606,5.597023,-8.819553,5.560014,2.591
2,21092028,3,1011,7769,pedestrian,7807,bike,814.2,817.4,3.2,-10.156385,4.558784,-10.163209,4.553979,0.007
2,21092028,3,1016,7760,pedestrian,7813,bike,816.2,818.2,2,-8.841977,5.470709,-8.948197,5.394695,0.467
2,21092028,3,992,7748,pedestrian,7797,bike,805.6,818.8,13.2,-10.340161,4.429389,-11.051518,3.928534,1.267
2,21092028,3,1020,7748,pedestrian,7801,bike,818.6,819.6,1,-10.987578,3.973553,-11.062179,3.904556,2.013
2,21092028,3,1019,7776,pedestrian,7807,bike,818.4,820.6,2.2,-9.8537,4.7719,-9.76313,4.835669,3.305
2,21092028,3,1021,7767,pedestrian,7813,bike,819.6,821.6,2,-9.401464,5.088816,-9.533055,5.032174,0.745
2,21092028,3,1022,7772,pedestrian,7813,bike,820.2,822,1.8,-9.490523,5.027607,-9.582598,4.962778,0.099
2,21092028,3,1023,7776,pedestrian,7813,bike,820.6,822.4,1.8,-9.565449,4.974853,-9.65817,4.909569,0.478
2,21092028,3,1026,7772,pedestrian,7831,bike,822.4,822.8,0.4,-9.576748,4.97227,-9.569789,4.981322,4.9
2,21092028,3,1025,7784,pedestrian,7813,bike,821.6,823.4,1.8,-9.731143,4.85819,-9.817287,4.797537,0.554
2,21092028,3,958,7784,pedestrian,7831,bike,789.8,824.8,35,-11.064132,3.917287,-9.578662,4.96555,0
2,21092028,3,1024,7683,pedestrian,7843,bike,821.6,825.6,4,-3.292573,8.313395,-3.327459,8.306947,0.076
2,21092028,3,1027,7698,pedestrian,7843,bike,822.8,826,3.2,-3.367345,8.299446,-3.353874,8.302002,0.067
2,21092028,3,1017,7776,pedestrian,7831,bike,816.4,826.2,9.8,-9.928568,4.719186,-9.358201,5.152033,0.239
2,21092028,3,1028,7772,pedestrian,7831,bike,823.2,826.6,3.4,-9.548912,5.008478,-9.290355,5.23931,2.338
2,21092028,3,1029,7684,pedestrian,7843,bike,823.6,827.4,3.8,-3.422267,8.29671,-3.440762,8.297494,0.033
2,21092028,3,1031,7767,pedestrian,7831,bike,824.8,827.4,2.6,-9.4137,5.156229,-9.152357,5.327857,2.654
2,21092028,3,1030,7744,pedestrian,7843,bike,824.6,828.6,4,-3.49039,8.301317,-3.509678,8.303681,0.096
2,21092028,3,1032,7790,bike,7800,pedestrian,825.2,829.2,4,-8.803793,-1.134485,-8.830176,-1.152901,0.016
2,21092028,3,1033,7749,pedestrian,7843,bike,825.6,829.6,4,-3.55849,8.305917,-3.57781,8.30672,0.24
2,21092028,3,1035,7665,pedestrian,7831,bike,827.2,829.6,2.4,-8.947101,5.352747,-8.843088,5.470291,0.355
2,21092028,3,1036,7675,pedestrian,7831,bike,827.4,829.6,2.2,-8.904306,5.32797,-8.781186,5.416453,3.44
2,21092028,3,1038,7712,pedestrian,7831,bike,827.4,829.8,2.4,-8.904306,5.32797,-8.773258,5.440923,3.44
2,21092028,3,1037,7667,pedestrian,7831,bike,827.4,830,2.6,-8.902142,5.324913,-8.787501,5.496699,1.877
2,21092028,3,1018,7784,pedestrian,7807,bike,817.8,830.4,12.6,-9.945758,4.707083,-9.311699,5.225726,0.009
2,21092028,3,1041,7769,pedestrian,7813,bike,828.6,831,2.4,-10.865115,4.059777,-11.061788,3.918082,1.261
2,21092028,3,1043,7791,pedestrian,7813,bike,829.2,831,1.8,-10.949601,4.000292,-10.991251,3.970967,0.277
2,21092028,3,1034,7683,pedestrian,7848,bike,826.8,831,4.2,-3.043489,8.344232,-3.073772,8.365134,0.141
2,21092028,3,1046,7778,pedestrian,7831,bike,830,831.4,1.4,-8.638018,5.686065,-8.566308,5.735734,2.571
2,21092028,3,1040,7776,pedestrian,7807,bike,828.4,831.6,3.2,-9.430516,5.145251,-9.130772,5.342613,2.642
2,21092028,3,1039,7698,pedestrian,7848,bike,827.8,831.8,4,-3.103188,8.341302,-3.116058,8.352347,0.09
2,21092028,3,1048,7780,pedestrian,7831,bike,830.4,831.8,1.4,-8.561409,5.739268,-8.489314,5.789205,2.578
2,21092028,3,1056,7742,pedestrian,7837,car,831.6,831.8,0.2,-5.083087,6.345477,-5.083087,6.345477,4.859
2,21092028,3,1042,7684,pedestrian,7848,bike,828.6,832.4,3.8,-3.147986,8.339482,-3.156655,8.338921,0.039
2,21092028,3,1044,7772,pedestrian,7807,bike,829.2,833,3.8,-9.304833,5.228641,-8.983331,5.446159,2.655
2,21092028,3,1049,7665,pedestrian,7807,bike,830.6,833,2.4,-9.054293,5.321271,-8.961229,5.401179,0.395
2,21092028,3,1047,7767,pedestrian,7807,bike,830.2,833.2,3,-9.16177,5.322512,-8.933505,5.404984,1.63
2,21092028,3,1050,7667,pedestrian,7807,bike,830.8,833.2,2.4,-9.01661,5.34789,-8.925009,5.4113,0.465
2,21092028,3,1045,7744,pedestrian,7848,bike,829.6,833.6,4,-3.213784,8.328156,-3.22233,8.326551,0.208
2,21092028,3,1053,7712,pedestrian,7807,bike,831.2,833.6,2.4,-8.968364,5.378229,-8.873651,5.448004,0
2,21092028,3,1052,7675,pedestrian,7807,bike,831.2,833.8,2.6,-8.936659,5.333461,-8.840113,5.472198,0.376
2,21092028,3,1051,7749,pedestrian,7848,bike,830.8,834.6,3.8,-3.280768,8.31568,-3.28743,8.31441,0.047
2,21092028,3,1057,7778,pedestrian,7807,bike,833,834.6,1.6,-8.801865,5.572307,-8.733398,5.619718,2.561
2,21092028,3,1058,7780,pedestrian,7807,bike,833.6,835.2,1.6,-8.718273,5.630347,-8.649806,5.677757,2.597
2,21092028,3,1055,7716,pedestrian,7843,bike,831.6,835.4,3.8,-3.930109,8.418806,-3.946761,8.426911,0.19
2,21092028,3,1059,7710,pedestrian,7837,car,834.4,835.6,1.2,-4.437886,5.88214,-4.295591,5.818623,4.327
2,21092028,3,1060,7706,pedestrian,7837,car,835.2,835.8,0.6,-4.268893,5.803322,-4.212336,5.782993,4.571
2,21092028,3,1062,7697,pedestrian,7837,car,835.4,836.2,0.8,-4.19474,5.781501,-4.107497,5.768316,4.608
2,21092028,3,1061,7728,pedestrian,7834,car,835.2,836.6,1.4,-8.572929,5.105443,-8.738065,5.049181,2.926
2,21092028,3,1063,7687,pedestrian,7837,car,836,836.8,0.8,-4.044501,5.759307,-3.956511,5.748926,4.697
2,21092028,3,1065,7750,pedestrian,7837,car,837.2,838.2,1,-3.767513,5.6935,-3.70484,5.649753,3.872
2,21092028,3,1066,7710,pedestrian,7842,car,839.6,840.2,0.6,-4.231953,5.787671,-4.174271,5.777084,4.609
2,21092028,3,1064,7716,pedestrian,7848,bike,836.8,840.8,4,-3.646296,8.319519,-3.655127,8.322304,0.242
2,21092028,3,1067,7706,pedestrian,7842,car,839.8,840.8,1,-4.140588,5.77151,-4.018533,5.757084,4.632
2,21092028,3,1069,7750,pedestrian,7842,car,840.6,841,0.4,-3.957105,5.7483,-3.937328,5.746229,4.741
2,21092028,3,1009,7737,pedestrian,7790,bike,814.2,841.8,27.6,-8.133445,-0.666637,-9.688128,-1.806577,0.802
2,21092028,3,1068,7697,pedestrian,7842,car,840.6,842,1.4,-3.9563,5.748185,-3.785193,5.686468,4.688
2,21092028,3,1070,7687,pedestrian,7842,car,841.2,842.6,1.4,-3.806138,5.71699,-3.653415,5.618142,3.852
2,21092028,3,1054,7760,pedestrian,7831,bike,831.4,846.2,14.8,-8.343166,5.817729,-7.561369,6.320408,0.256
2,21092028,3,1071,7758,pedestrian,7790,bike,844.6,846.2,1.6,-10.449012,-2.282845,-10.554459,-2.356447,0.263
2,21092028,3,1076,7639,pedestrian,7851,car,846,846.4,0.4,-4.280853,0.928292,-4.266346,0.938242,4.969
2,21092028,3,1073,7763,pedestrian,7790,bike,845,846.6,1.6,-10.53264,-2.341217,-10.636918,-2.414003,0.585
2,21092028,3,1075,7759,pedestrian,7834,car,846,846.8,0.8,-10.52525,2.956193,-10.580896,2.899049,4.318
2,21092028,3,1078,7655,pedestrian,7851,car,846.6,846.8,0.2,-4.186586,0.994128,-4.186586,0.994128,4.918
2,21092028,3,1072,7760,pedestrian,7807,bike,844.6,847,2.4,-7.758152,6.223394,-7.560462,6.294686,1.163
2,21092028,3,1074,7775,pedestrian,7790,bike,845.4,847,1.6,-10.614743,-2.398525,-10.721715,-2.473191,0.552
2,21092028,3,1077,7738,pedestrian,7843,bike,846.4,848.4,2,-4.82676,8.851986,-4.895393,8.813234,2.695
2,21092028,3,1079,7741,pedestrian,7843,bike,847.2,848.8,1.6,-4.891228,8.826288,-4.967019,8.76891,2.686
2,21092028,3,1080,7777,pedestrian,7790,bike,847.4,849.2,1.8,-10.999361,-2.666988,-11.069989,-2.716286,0.59
2,21092028,3,1081,7785,pedestrian,7790,bike,848.2,849.4,1.2,-11.11058,-2.706139,-11.183419,-2.79546,0.043
2,21092028,3,1082,7750,pedestrian,7844,car,849.4,850.2,0.8,-4.446637,5.886627,-4.406944,5.870699,4.255
2,21092028,3,1083,7746,pedestrian,7843,bike,850.2,851.6,1.4,-5.349672,8.46198,-5.419991,8.413182,2.54
2,21092028,3,1084,7750,pedestrian,7847,car,851.2,852.2,1,-4.556108,5.942373,-4.502929,5.916209,4.073
2,21092028,3,1085,7783,pedestrian,7831,bike,851.4,853,1.6,-6.660413,7.165132,-6.632487,7.27656,2.622
2,21092028,3,1087,7786,pedestrian,7831,bike,851.8,853.4,1.6,-6.63079,7.257259,-6.607499,7.369635,2.461
2,21092028,3,1091,7787,pedestrian,7851,car,853.2,853.8,0.6,-2.925985,1.876948,-2.900567,1.894296,4.517
2,21092028,3,1086,7827,pedestrian,7843,bike,851.6,854.6,3,-5.59713,8.281644,-5.89672,8.076894,2.028
2,21092028,3,1088,7783,pedestrian,7807,bike,852.6,854.6,2,-6.685895,7.096188,-6.645719,7.213487,2.628
2,21092028,3,1093,7750,pedestrian,7849,car,853.6,854.8,1.2,-4.672346,6.014723,-4.611071,5.976909,4.048
2,21092028,3,1092,7786,pedestrian,7807,bike,853.4,855.2,1.8,-6.646851,7.204488,-6.624118,7.316952,2.533
2,21092028,3,1090,7818,pedestrian,7843,bike,852.6,855.4,2.8,-5.756473,8.172205,-6.031054,7.976932,1.861
2,21092028,3,1095,7710,pedestrian,7844,car,853.8,856.2,2.4,-3.606563,5.59532,-3.359997,5.431942,3.365
2,21092028,3,1089,7738,pedestrian,7848,bike,852.6,856.4,3.8,-4.526185,8.732749,-4.529636,8.734646,0.101
2,21092028,3,1096,7706,pedestrian,7844,car,854.4,856.4,2,-3.494933,5.52472,-3.330492,5.410954,3.358
2,21092028,3,1099,7766,pedestrian,7843,bike,855,856.4,1.4,-6.152503,7.892655,-6.204321,7.850699,2.102
2,21092028,3,1098,7697,pedestrian,7844,car,855,857.2,2.2,-3.400838,5.45917,-3.202763,5.312782,3.419
2,21092028,3,1094,7741,pedestrian,7848,bike,853.6,857.6,4,-4.579725,8.762176,-4.588031,8.766741,0.195
2,21092028,3,1101,7818,pedestrian,7831,bike,856.2,857.8,1.6,-6.067569,7.950226,-5.985555,8.014373,1.932
2,21092028,3,1097,7766,pedestrian,7831,bike,854.4,858.2,3.8,-6.348972,7.739993,-5.920962,8.058907,2.044
2,21092028,3,1100,7687,pedestrian,7844,car,855.8,858.2,2.4,-3.267967,5.364402,-3.065506,5.186045,3.319
2,21092028,3,1102,7827,pedestrian,7831,bike,856.6,858.2,1.6,-5.994025,8.004539,-5.90789,8.068036,1.904
2,21092028,3,1103,7710,pedestrian,7847,car,856.8,858.4,1.6,-3.48522,5.51818,-3.364771,5.435275,3.372
2,21092028,3,1104,7706,pedestrian,7847,car,857.2,859.2,2,-3.419513,5.472547,-3.232508,5.340649,3.405
2,21092028,3,1111,7816,pedestrian,7844,car,859.2,859.6,0.4,-2.72228,5.086096,-2.71275,5.068218,4.925
2,21092028,3,1105,7807,bike,7818,pedestrian,858,859.8,1.8,-6.15675,7.885146,-6.079858,7.945692,2.038
2,21092028,3,1106,7697,pedestrian,7847,car,858,860.4,2.4,-3.285782,5.377218,-3.070941,5.189816,3.435
2,21092028,3,1107,7807,bike,7827,pedestrian,858.4,860.4,2,-6.083627,7.937927,-5.997123,8.006041,2.007
2,21092028,3,1110,7746,pedestrian,7848,bike,859,860.6,1.6,-4.927924,8.797492,-4.998199,8.743906,2.636
2,21092028,3,1109,7687,pedestrian,7847,car,858.8,861,2.2,-3.151703,5.279978,-2.982209,5.092366,3.063
2,21092028,3,1113,7816,pedestrian,7847,car,860.4,862.2,1.8,-2.816975,5.139643,-2.739792,4.989749,2.541
2,21092028,3,1112,7786,pedestrian,7843,bike,859.6,862.8,3.2,-6.676907,7.130669,-6.930247,6.869492,2.573
2,21092028,3,1114,7710,pedestrian,7849,car,860.4,862.8,2.4,-3.407323,5.463735,-3.182771,5.293955,3.427
2,21092028,3,1108,7766,pedestrian,7807,bike,858.8,863.4,4.6,-6.029956,7.977663,-5.543015,8.31961,1.968
2,21092028,3,1115,7783,pedestrian,7843,bike,860.8,863.4,2.6,-6.786995,6.9682,-7.027547,6.803965,2.586
2,21092028,3,1116,7706,pedestrian,7849,car,861.4,863.8,2.4,-3.249617,5.351405,-3.043956,5.165852,3.204
2,21092028,3,1117,7697,pedestrian,7849,car,862,864.4,2.4,-3.14827,5.275228,-2.964822,5.07182,3.094
2,21092028,3,1119,7766,pedestrian,7848,bike,863.2,864.8,1.6,-5.542019,8.320319,-5.599451,8.286961,2.361
2,21092028,3,1118,7687,pedestrian,7849,car,863,865.2,2.2,-3.023187,5.134627,-2.857566,4.949089,3.271
2,21092028,3,1121,7816,pedestrian,7849,car,863.4,865.8,2.4,-2.90072,5.106057,-2.779328,4.880724,1.283
2,21092028,3,1122,7772,pedestrian,7843,bike,864.8,866.4,1.6,-7.445607,6.51388,-7.528104,6.45676,2.644
2,21092028,3,1123,7784,pedestrian,7843,bike,865.4,866.8,1.4,-7.533542,6.452841,-7.605742,6.402846,2.594
2,21092028,3,1126,7763,pedestrian,7834,car,866.4,866.8,0.4,-9.731244,-1.641669,-9.748689,-1.653739,4.97
2,21092028,3,1127,7775,pedestrian,7834,car,866.8,867.2,0.4,-9.820804,-1.703969,-9.838249,-1.716039,4.974
2,21092028,3,1124,7767,pedestrian,7843,bike,865.8,867.4,1.6,-7.546031,6.294373,-7.640508,6.182489,3.686
2,21092028,3,1125,7776,pedestrian,7843,bike,865.8,868,2.2,-7.572322,6.332452,-7.718179,6.188391,1.047
2,21092028,3,1129,7777,pedestrian,7834,car,867.8,868,0.2,-10.035596,-1.853362,-10.035596,-1.853362,4.945
2,21092028,3,1130,7785,pedestrian,7834,car,868.4,868.6,0.2,-10.163952,-1.942637,-10.163952,-1.942637,4.983
2,21092028,3,1131,7827,pedestrian,7848,bike,868.8,871.6,2.8,-6.390649,7.706827,-6.577899,7.45344,2.54
2,21092028,3,1132,7818,pedestrian,7848,bike,869.8,872.4,2.6,-6.515879,7.56987,-6.621216,7.304233,2.478
2,21092028,3,1135,7834,car,7865,pedestrian,872,872.8,0.8,-11.16529,-2.469095,-11.237094,-2.506717,1.614
2,21092028,3,1136,7834,car,7864,pedestrian,872.2,872.8,0.6,-11.206642,-2.424497,-11.256158,-2.444176,3.988
2,21092028,3,1137,7834,car,7867,pedestrian,872.6,872.8,0.2,-11.234033,-2.516759,-11.234033,-2.516759,1.364
2,21092028,3,1134,7697,pedestrian,7851,car,871.8,873.2,1.4,-2.753671,5.011606,-2.815343,5.152835,3.812
2,21092028,3,1133,7687,pedestrian,7851,car,871.6,873.4,1.8,-2.721476,5.023646,-2.795307,5.196556,2.219
2,21092028,3,1138,7791,pedestrian,7843,bike,873,874.4,1.4,-8.796404,5.575965,-8.865253,5.528136,2.553
2,21092028,3,1139,7838,pedestrian,7862,car,874,874.4,0.4,-4.396845,0.847024,-4.371903,0.864363,4.978
2,21092028,3,1140,7836,pedestrian,7862,car,874.8,875.2,0.4,-4.242603,0.955012,-4.217661,0.972351,4.928
2,21092028,3,1142,7787,pedestrian,7862,car,874.8,875.2,0.4,-4.238246,0.958102,-4.224928,0.967197,4.943
2,21092028,3,1141,7772,pedestrian,7848,bike,874.8,876.4,1.6,-6.969997,6.84396,-7.043196,6.793532,2.663
2,21092028,3,1143,7784,pedestrian,7848,bike,875.2,876.8,1.6,-7.039989,6.795477,-7.110678,6.746625,2.614
2,21092028,3,1144,7798,pedestrian,7843,bike,875.8,877.2,1.4,-9.260514,5.25833,-9.315919,5.221355,2.664
2,21092028,3,1120,7746,pedestrian,7831,bike,863.2,878,14.8,-4.890796,8.809004,-4.043612,8.468443,0.771
2,21092028,3,1145,7764,pedestrian,7870,bike,875.8,878.6,2.8,-2.883383,8.374016,-2.89038,8.416219,1.887
2,21092028,3,1146,7786,pedestrian,7848,bike,876.4,879.2,2.8,-7.215919,6.673352,-7.457732,6.505626,2.615
2,21092028,3,1147,7783,pedestrian,7848,bike,877.2,880,2.8,-7.34294,6.585158,-7.584753,6.417433,2.612
2,21092028,3,1150,7823,pedestrian,7862,car,879.6,880.6,1,-3.288133,1.623513,-3.193843,1.688983,4.607
2,21092028,3,1148,7738,pedestrian,7870,bike,878.4,882.2,3.8,-3.097449,8.341669,-3.10877,8.354661,0.008
2,21092028,3,1151,7811,pedestrian,7843,bike,880.4,882.2,1.8,-10.003603,4.666355,-10.093376,4.603147,0.351
2,21092028,3,1149,7741,pedestrian,7870,bike,879.4,883,3.6,-3.156983,8.338849,-3.156446,8.339557,0.188
2,21092028,3,1152,7810,pedestrian,7843,bike,880.8,883.2,2.4,-10.078999,4.61327,-10.146716,4.565592,0.212
2,21092028,3,1154,7817,pedestrian,7843,bike,881.6,885,3.4,-10.207867,4.522536,-10.202911,4.526026,0.089
2,21092028,3,1156,7791,pedestrian,7848,bike,883.2,885,1.8,-8.261023,5.947705,-8.342158,5.891521,2.569
2,21092028,3,1158,7798,pedestrian,7848,bike,885.2,886.6,1.4,-8.55286,5.745073,-8.599561,5.712774,2.56
2,21092028,3,1157,7822,pedestrian,7843,bike,883.4,887.2,3.8,-10.342141,4.427995,-10.316874,4.445786,0.029
2,21092028,3,1160,7733,pedestrian,7862,car,887.2,888,0.8,-1.811095,2.648043,-1.765903,2.678678,4.268
2,21092028,3,1159,7746,pedestrian,7870,bike,886.2,890,3.8,-3.586079,8.304816,-3.595206,8.307156,0.158
2,21092028,3,1161,7766,pedestrian,7870,bike,888.2,892,3.8,-3.716945,8.3419,-3.725439,8.344593,0.08
2,21092028,3,1162,7811,pedestrian,7848,bike,891,893,2,-9.430242,5.069294,-9.538981,5.021072,0.466
2,21092028,3,1164,7810,pedestrian,7848,bike,891.6,893.4,1.8,-9.514237,5.01091,-9.590523,4.957198,0.139
2,21092028,3,1165,7817,pedestrian,7848,bike,892.2,894,1.8,-9.598586,4.951521,-9.673639,4.898678,0.248
2,21092028,3,1163,7829,pedestrian,7843,bike,891.6,895.2,3.6,-10.718094,4.163293,-10.722141,4.160443,0.039
2,21092028,3,1166,7822,pedestrian,7848,bike,893.4,895.2,1.8,-9.779009,4.824489,-9.854107,4.771613,0.325
2,21092028,3,1153,7780,pedestrian,7843,bike,881.4,898.2,16.8,-10.177175,4.544146,-11.054469,3.926456,0.816
2,21092028,3,1167,7675,pedestrian,7843,bike,896.6,898.2,1.6,-10.9898,3.971988,-11.060726,3.922051,1.143
2,21092028,3,1168,7728,pedestrian,7843,bike,897,898.2,1.2,-11.00431,3.947348,-11.071564,3.873357,3.078
2,21092028,3,1169,7829,pedestrian,7848,bike,897.6,899.4,1.8,-10.420103,4.373104,-10.501092,4.316081,0.039
2,21092028,3,1170,7805,pedestrian,7858,car,897.8,899.4,1.6,-3.07866,5.200161,-3.029753,5.149404,3.116
2,21092028,3,1128,7746,pedestrian,7807,bike,867,903.4,36.4,-4.79631,8.787032,-2.778419,8.425009,2.336
2,21092028,3,1155,7766,pedestrian,7807,bike,882,903.4,21.4,-4.143567,8.522458,-2.838012,8.396811,1.221
2,21092028,3,1172,7675,pedestrian,7848,bike,902.4,904.2,1.8,-11.097026,3.811518,-11.043778,3.638461,4.044
2,21092028,3,1171,7780,pedestrian,7848,bike,901.4,904.4,3,-11.001091,3.955184,-11.021299,3.680255,1.555
2,21092028,3,1173,7805,pedestrian,7869,car,904,905,1,-3.445719,5.491274,-3.388785,5.452477,3.387
2,21092028,3,1174,7772,pedestrian,7870,bike,912.2,913.8,1.6,-5.503106,8.348501,-5.583205,8.298013,2.359
2,21092028,3,1175,7784,pedestrian,7870,bike,912.6,914.2,1.6,-5.578686,8.294522,-5.656505,8.24713,2.209
2,21092028,3,1176,7800,pedestrian,7848,bike,914.6,916,1.4,-9.797851,2.052673,-9.749761,1.984021,3.679
2,21092028,3,1177,7760,pedestrian,7866,car,916.2,917.6,1.4,-4.637461,5.990482,-4.492341,5.911655,4.048
2,21092028,3,1178,7805,pedestrian,7866,car,917.4,918.2,0.8,-4.40428,5.866946,-4.364081,5.851176,4.284
2,21092028,3,1179,7791,pedestrian,7870,bike,919.6,921.2,1.6,-6.592879,7.401357,-6.618616,7.315023,2.39
2,21092028,3,1180,7798,pedestrian,7870,bike,920,921.6,1.6,-6.624402,7.315795,-6.640352,7.2253,2.566
2,21092028,3,1181,7811,pedestrian,7870,bike,927.4,929,1.6,-7.590549,6.413258,-7.664847,6.361825,2.606
2,21092028,3,1182,7810,pedestrian,7870,bike,927.8,929.4,1.6,-7.665997,6.360864,-7.739593,6.309913,2.596
2,21092028,3,1183,7817,pedestrian,7870,bike,928,929.8,1.8,-7.659423,6.291848,-7.743016,6.219451,0.531
2,21092028,3,1184,7822,pedestrian,7870,bike,928.8,930.2,1.4,-7.807353,6.262738,-7.868038,6.220723,2.587
2,21092028,3,1185,7761,pedestrian,7848,bike,928.8,931.2,2.4,-8.159213,-0.065194,-8.103184,-0.273925,0.587
2,21092028,3,1186,7851,car,7854,pedestrian,931.2,932.8,1.6,-11.351618,2.665576,-11.481933,2.670115,1.275
2,21092028,3,1187,7829,pedestrian,7870,bike,934.4,936.2,1.8,-8.687529,5.578939,-8.774321,5.518755,0.112
2,21092028,3,1191,7783,pedestrian,7870,bike,938.4,943,4.6,-9.349413,5.1613,-9.45943,5.049499,2.287
2,21092028,3,1192,7783,pedestrian,7870,bike,943.2,943.6,0.4,-9.478376,5.036159,-9.481717,5.033807,4.655
2,21092028,3,1193,7848,bike,7874,pedestrian,943.2,944.6,1.4,-9.554965,-1.793474,-9.663636,-1.82735,4.13
2,21092028,3,1195,7809,pedestrian,7848,bike,943.8,945.4,1.6,-9.758781,-1.801065,-9.820959,-1.844465,0.552
2,21092028,3,1194,7783,pedestrian,7870,bike,943.8,946.6,2.8,-9.504239,5.01795,-9.58104,4.963875,3.217
2,21092028,3,1196,7812,pedestrian,7848,bike,947.2,949,1.8,-10.284369,-2.167925,-10.367587,-2.22601,0.202
2,21092028,3,1189,7786,pedestrian,7870,bike,938.2,949.8,11.6,-9.318751,5.221247,-9.582091,4.963135,0.475
2,21092028,3,1197,7848,bike,7853,pedestrian,948.4,950.2,1.8,-10.460838,-2.2911,-10.544978,-2.349829,0.091
2,21092028,3,1198,7825,pedestrian,7848,bike,948.8,950.8,2,-10.535643,-2.343313,-10.629098,-2.408545,0.395
2,21092028,3,1199,7828,pedestrian,7848,bike,950,951.8,1.8,-10.711295,-2.465918,-10.785919,-2.518006,0.029
2,21092028,3,1201,7783,pedestrian,7870,bike,957.2,957.8,0.6,-9.943806,4.708457,-9.952897,4.702056,4.774
2,21092028,3,1200,7786,pedestrian,7870,bike,954.6,960.8,6.2,-9.765203,4.834209,-9.950608,4.703668,2.206
2,21092028,3,1202,7750,pedestrian,7870,bike,960.6,967,6.4,-9.764862,4.834449,-9.950726,4.703585,3.01
2,21092028,3,1203,7854,pedestrian,7870,bike,968.4,973,4.6,-10.197843,4.529594,-10.157154,4.558242,0.114
2,21092028,3,1204,7856,pedestrian,7870,bike,984.4,989.2,4.8,-10.729124,4.155527,-10.718074,4.163307,0.047
2,21092028,3,1205,7860,pedestrian,7870,bike,985.8,990.4,4.6,-10.774808,4.123361,-10.76945,4.127134,0.023
2,21092028,3,1206,7864,pedestrian,7870,bike,987.2,991.6,4.4,-10.821849,4.09024,-10.82084,4.090951,0.007
2,21092028,3,1207,7867,pedestrian,7870,bike,988.4,992.4,4,-10.871548,4.055248,-10.886082,4.045015,0.101
2,21092028,3,1188,7827,pedestrian,7870,bike,938,992.8,54.8,-9.280451,5.24565,-10.954869,3.996583,0
2,21092028,3,1190,7818,pedestrian,7870,bike,938.2,992.8,54.6,-9.318751,5.221247,-11.058246,3.923797,0
2,21092028,3,1208,7868,pedestrian,7870,bike,989.8,992.8,3,-10.925266,4.017426,-10.963742,3.990336,0.004
2,21092028,3,1209,7786,pedestrian,7870,bike,990.8,992.8,2,-10.989241,3.972382,-11.064268,3.904323,1.833
2,21092028,3,1210,7783,pedestrian,7870,bike,992.6,992.8,0.2,-11.078191,3.841768,-11.078191,3.841768,4.468
