run_id,seed,demand_factor,encounter_id,agent_1_id,agent_1_mode,agent_2_id,agent_2_mode,start_time_s,end_time_s,duration_s,start_x,start_y,end_x,end_y,minimum_distance_m
4,21092030,3,1,7469,pedestrian,7473,car,102.2,103,0.8,-2.914004,1.885392,-2.822412,1.949039,4.507
4,21092030,3,2,7483,pedestrian,7502,car,115.6,116.8,1.2,-2.720191,8.233435,-2.825324,8.161484,3.759
4,21092030,3,3,7465,pedestrian,7473,car,116.4,117.6,1.2,-2.705318,5.024761,-2.809458,5.126629,2.999
4,21092030,3,4,7483,pedestrian,7503,car,116.8,118.8,2,-2.665415,8.221706,-2.835326,8.099365,1.915
4,21092030,3,5,7501,pedestrian,7508,car,132.4,132.6,0.2,-6.21203,-1.291759,-6.21203,-1.291759,4.992
4,21092030,3,6,7516,car,7518,pedestrian,146.4,146.6,0.2,-11.502005,2.587146,-11.502005,2.587146,4.128
4,21092030,3,7,7504,pedestrian,7519,car,153,155,2,-2.650873,8.188353,-2.797559,8.062067,0.08
4,21092030,3,8,7504,pedestrian,7520,car,154.8,156.8,2,-2.620277,8.135131,-2.743404,8.017697,2.699
4,21092030,3,9,7487,pedestrian,7507,bike,167.4,171,3.6,-6.025553,7.985142,-6.356221,7.733327,2.102
4,21092030,3,10,7469,pedestrian,7510,car,181,182.4,1.4,-3.122938,5.253438,-3.088268,5.206655,3.048
4,21092030,3,11,7469,pedestrian,7519,car,182,183.2,1.2,-3.200655,5.316408,-3.148016,5.264013,3.406
4,21092030,3,12,7483,pedestrian,7510,car,182.4,185,2.6,-2.869114,5.124737,-2.771438,4.921152,0.371
4,21092030,3,13,7483,pedestrian,7519,car,183.4,186,2.6,-2.906878,5.126454,-2.777944,4.888803,0.945
4,21092030,3,14,7499,pedestrian,7508,car,187.2,188,0.8,-3.529541,1.454479,-3.445944,1.512557,4.684
4,21092030,3,15,7469,pedestrian,7520,car,188.6,189.8,1.2,-3.620441,5.603931,-3.57966,5.573363,3.605
4,21092030,3,18,7504,pedestrian,7508,car,205.4,206.4,1,-2.720731,5.015801,-2.797186,5.080716,3.729
4,21092030,3,17,7507,bike,7525,pedestrian,205,208.2,3.2,-10.150461,4.562955,-10.162096,4.554763,0.037
4,21092030,3,19,7469,pedestrian,7531,car,208.8,209.8,1,-4.972708,6.247756,-4.942545,6.212683,4.343
4,21092030,3,20,7469,pedestrian,7532,car,209.4,210.2,0.8,-5.004142,6.27339,-4.977631,6.24438,4.476
4,21092030,3,21,7469,pedestrian,7533,car,210,210.6,0.6,-5.022533,6.287524,-5.012421,6.276457,4.518
4,21092030,3,22,7489,pedestrian,7531,car,210.4,212.6,2.2,-4.710729,6.041549,-4.482427,5.907018,4.056
4,21092030,3,24,7489,pedestrian,7532,car,211.8,213.6,1.8,-4.607577,5.97106,-4.425724,5.880015,4.04
4,21092030,3,23,7507,bike,7530,pedestrian,211,214.2,3.2,-10.525237,4.299081,-10.538977,4.289406,0.013
4,21092030,3,25,7489,pedestrian,7533,car,212.6,214.4,1.8,-4.572686,5.951882,-4.367348,5.852791,4.172
4,21092030,3,26,7478,pedestrian,7531,car,216.2,219,2.8,-3.691029,5.646787,-3.404311,5.462458,3.539
4,21092030,3,16,7477,pedestrian,7507,bike,192.2,219.8,27.6,-9.35041,5.171061,-11.045459,3.9328,0.479
4,21092030,3,27,7476,pedestrian,7531,car,217.2,220,2.8,-3.523307,5.544633,-3.246859,5.351361,3.37
4,21092030,3,28,7478,pedestrian,7532,car,217.4,220,2.6,-3.625234,5.6069,-3.353455,5.427258,3.453
4,21092030,3,30,7478,pedestrian,7533,car,218.4,221,2.6,-3.566201,5.571052,-3.301042,5.389943,3.346
4,21092030,3,29,7476,pedestrian,7532,car,218.2,221.2,3,-3.46707,5.505551,-3.189713,5.301129,3.416
4,21092030,3,35,7464,pedestrian,7529,car,219.6,221.2,1.6,-10.55112,3.17027,-10.674391,3.051034,2.496
4,21092030,3,33,7480,pedestrian,7529,car,219.6,221.4,1.8,-10.525481,3.142859,-10.654766,2.994255,1.011
4,21092030,3,34,7474,pedestrian,7529,car,219.6,221.4,1.8,-10.538841,3.157142,-10.654766,2.994255,1.011
4,21092030,3,31,7476,pedestrian,7533,car,219.2,222.6,3.4,-3.409337,5.465274,-3.111255,5.228001,3.434
4,21092030,3,38,7466,pedestrian,7529,car,223.8,225.6,1.8,-11.231178,2.790742,-11.440069,2.715217,2.087
4,21092030,3,39,7462,pedestrian,7529,car,223.8,226,2.2,-11.246311,2.726506,-11.522772,2.639686,0.567
4,21092030,3,40,7501,pedestrian,7517,car,224.8,226.2,1.4,-2.669374,2.056768,-2.539896,2.146309,4.406
4,21092030,3,41,7489,pedestrian,7541,car,229.2,231.6,2.4,-3.456885,5.498412,-3.190983,5.300697,3.401
4,21092030,3,42,7525,pedestrian,7526,bike,231.6,233.4,1.8,-8.849696,5.465424,-8.923819,5.412243,0.051
4,21092030,3,43,7476,pedestrian,7541,car,232,234,2,-2.909279,5.121435,-2.721575,5.007815,1.499
4,21092030,3,44,7478,pedestrian,7541,car,232.4,234.2,1.8,-2.897813,5.048467,-2.746174,4.960713,0.869
4,21092030,3,46,7526,bike,7530,pedestrian,234.8,236.6,1.8,-9.344248,5.183925,-9.435075,5.141976,2.669
4,21092030,3,47,7525,pedestrian,7528,bike,235,237,2,-8.655518,5.601136,-8.737398,5.544358,0.386
4,21092030,3,45,7487,pedestrian,7526,bike,234.2,237.6,3.4,-9.267153,5.25425,-9.550679,5.00487,2.01
4,21092030,3,49,7544,pedestrian,7556,bike,236.2,240.2,4,-3.406678,8.296698,-3.607788,8.307291,4.08
4,21092030,3,50,7528,bike,7530,pedestrian,238.4,240.2,1.8,-9.167139,5.318131,-9.242742,5.269404,2.641
4,21092030,3,52,7487,pedestrian,7559,bike,241.8,243.6,1.8,-9.755832,4.840807,-9.677097,4.896243,0.288
4,21092030,3,32,7535,pedestrian,7553,bike,219.4,244.4,25,-2.876348,8.418764,-4.150022,8.526005,4.693
4,21092030,3,53,7489,pedestrian,7517,car,243.4,245.6,2.2,-2.652044,5.031426,-2.709339,5.24548,1.392
4,21092030,3,56,7480,pedestrian,7526,bike,246.2,247.2,1,-11.007287,3.942743,-11.069111,3.888018,2.387
4,21092030,3,58,7474,pedestrian,7526,bike,247,247.2,0.2,-11.082146,3.829451,-11.082146,3.829451,4.894
4,21092030,3,54,7469,pedestrian,7551,car,245.8,247.2,1.4,-7.328781,5.927029,-7.485564,5.879818,2.525
4,21092030,3,55,7544,pedestrian,7556,bike,246,249,3,-3.911232,8.41157,-4.050554,8.471336,4.32
4,21092030,3,59,7469,pedestrian,7537,bike,250.2,251.6,1.4,-7.589183,6.20237,-7.698459,6.183091,4.226
4,21092030,3,60,7525,pedestrian,7537,bike,250.8,252.8,2,-7.809818,6.187568,-7.885394,6.135161,0.251
4,21092030,3,62,7530,pedestrian,7537,bike,254.8,256.8,2,-8.361923,5.804723,-8.438769,5.751436,0.251
4,21092030,3,48,7546,pedestrian,7561,bike,235.2,259,23.8,-2.803665,8.411737,-4.133524,8.516968,1.757
4,21092030,3,37,7543,pedestrian,7556,bike,222.8,262.6,39.8,-2.828902,8.399795,-4.838017,8.788814,0
4,21092030,3,36,7535,pedestrian,7556,bike,222.8,263.2,40.4,-2.883137,8.374132,-4.969869,8.766631,2.109
4,21092030,3,63,7469,pedestrian,7559,bike,260,263.2,3.2,-8.183008,5.928787,-8.204493,5.913889,0.422
4,21092030,3,65,7474,pedestrian,7551,car,266.4,268,1.6,-11.246324,2.790931,-11.435751,2.722308,2.375
4,21092030,3,51,7487,pedestrian,7528,bike,241.2,268.2,27,-9.556692,4.981018,-11.049392,3.930031,0.934
4,21092030,3,64,7464,pedestrian,7551,car,266.2,268.2,2,-11.2343,2.730499,-11.482099,2.667187,0.377
4,21092030,3,57,7530,pedestrian,7559,bike,247,271,24,-8.945493,5.396453,-7.563528,6.311252,0.283
4,21092030,3,61,7544,pedestrian,7561,bike,253.6,271,17.4,-4.048528,8.470271,-5.110536,8.653465,2.643
4,21092030,3,66,7543,pedestrian,7561,bike,269.4,271.8,2.4,-5.040655,8.709124,-5.227491,8.559464,2.613
4,21092030,3,67,7535,pedestrian,7561,bike,269.8,272.8,3,-5.108334,8.655925,-5.376397,8.446619,2.635
4,21092030,3,69,7574,pedestrian,7575,car,279,279.4,0.4,-5.84699,-1.833781,-5.835643,-1.850164,4.792
4,21092030,3,68,7546,pedestrian,7567,bike,275.8,279.6,3.8,-4.77397,8.865395,-5.070493,8.685693,2.649
4,21092030,3,70,7544,pedestrian,7567,bike,280.6,283.2,2.6,-5.392914,8.428019,-5.636912,8.261369,2.426
4,21092030,3,71,7543,pedestrian,7567,bike,281.2,284,2.8,-5.497873,8.352206,-5.773059,8.167453,2.212
4,21092030,3,72,7535,pedestrian,7567,bike,282,284.8,2.8,-5.632103,8.257835,-5.905416,8.070452,2
4,21092030,3,73,7535,pedestrian,7559,bike,283.6,285.4,1.8,-5.856177,8.107196,-5.767869,8.164074,1.96
4,21092030,3,76,7563,car,7574,pedestrian,285.2,285.6,0.4,-6.130879,-1.412184,-6.149563,-1.384654,4.958
4,21092030,3,74,7543,pedestrian,7559,bike,284,285.8,1.8,-5.786607,8.158171,-5.692686,8.216451,2.055
4,21092030,3,75,7544,pedestrian,7559,bike,284.6,286.4,1.8,-5.69587,8.220623,-5.606309,8.275714,2.164
4,21092030,3,77,7546,pedestrian,7559,bike,286.6,288.4,1.8,-5.397418,8.43075,-5.313953,8.49077,2.584
4,21092030,3,79,7579,car,7585,pedestrian,293.2,293.8,0.6,-5.573999,-2.239388,-5.55812,-2.262267,4.644
4,21092030,3,78,7469,pedestrian,7580,bike,292.2,294,1.8,-10.091123,4.604733,-10.017047,4.65689,0.375
4,21092030,3,82,7559,bike,7565,pedestrian,298.8,302.6,3.8,-4.252356,8.58225,-4.248369,8.580058,0.158
4,21092030,3,84,7553,bike,7573,pedestrian,301,304,3,-10.550024,4.281628,-10.55876,4.275477,0.151
4,21092030,3,83,7469,pedestrian,7586,bike,300.8,304.2,3.4,-10.647519,4.212984,-10.663206,4.201939,0.118
4,21092030,3,86,7556,bike,7573,pedestrian,302.6,305,2.4,-10.453275,4.349748,-10.506494,4.312277,0.316
4,21092030,3,85,7546,pedestrian,7571,bike,302.2,305.2,3,-5.96278,8.030832,-6.253301,7.814469,2.013
4,21092030,3,90,7468,pedestrian,7563,car,306.2,306.8,0.6,-3.047281,1.792143,-3.016807,1.813018,4.55
4,21092030,3,88,7561,bike,7573,pedestrian,305.6,307.4,1.8,-10.286786,4.46697,-10.364793,4.412046,0.155
4,21092030,3,87,7544,pedestrian,7571,bike,305.2,307.6,2.4,-6.444389,7.653792,-6.598355,7.413408,2.676
4,21092030,3,89,7543,pedestrian,7571,bike,305.8,308.2,2.4,-6.526965,7.554922,-6.622967,7.295736,2.441
4,21092030,3,92,7476,pedestrian,7563,car,308.4,309,0.6,-2.600671,2.1047,-2.570828,2.125091,4.406
4,21092030,3,91,7535,pedestrian,7571,bike,306.4,309.2,2.8,-6.578392,7.430399,-6.678517,7.117019,2.492
4,21092030,3,93,7478,pedestrian,7563,car,308.8,309.4,0.6,-2.517153,2.162393,-2.487995,2.182117,4.394
4,21092030,3,94,7570,car,7585,pedestrian,309,309.4,0.4,-6.153497,-1.37859,-6.169843,-1.354517,4.965
4,21092030,3,96,7489,pedestrian,7563,car,309.2,310,0.8,-2.43275,2.220462,-2.389477,2.249726,4.386
4,21092030,3,95,7469,pedestrian,7556,bike,309,310.2,1.2,-10.98513,3.975277,-11.068625,3.8892,2.358
4,21092030,3,101,7469,pedestrian,7561,bike,310.6,311.2,0.6,-11.04243,3.888536,-11.076699,3.851669,3.978
4,21092030,3,99,7514,pedestrian,7553,bike,309.6,311.2,1.6,-11.103415,3.78297,-11.053634,3.640921,4.448
4,21092030,3,102,7468,pedestrian,7564,car,310.6,311.2,0.6,-3.275864,1.632091,-3.248242,1.650995,4.623
4,21092030,3,81,7469,pedestrian,7553,bike,297.6,311.6,14,-10.260102,4.485758,-11.019996,3.687567,0.543
4,21092030,3,103,7469,pedestrian,7596,bike,311.6,311.8,0.2,-11.084158,3.82731,-11.084158,3.82731,4.852
4,21092030,3,100,7567,bike,7573,pedestrian,310.6,312.4,1.8,-9.99738,4.670737,-10.083258,4.610271,0.137
4,21092030,3,104,7476,pedestrian,7564,car,312.8,313.6,0.8,-2.852121,1.928834,-2.811659,1.956501,4.518
4,21092030,3,105,7478,pedestrian,7564,car,313.2,314,0.8,-2.770676,1.985908,-2.730214,2.013575,4.461
4,21092030,3,108,7489,pedestrian,7564,car,313.8,314.4,0.6,-2.676666,2.051551,-2.650767,2.069233,4.425
4,21092030,3,106,7535,pedestrian,7580,bike,313.2,315,1.8,-6.842361,6.932569,-6.760222,7.000285,2.575
4,21092030,3,107,7543,pedestrian,7580,bike,313.6,315.4,1.8,-6.777558,6.981359,-6.71212,7.060468,2.752
4,21092030,3,97,7485,pedestrian,7595,bike,309.4,315.8,6.4,-2.792466,8.277836,-3.108465,8.354044,2.424
4,21092030,3,98,7577,pedestrian,7595,bike,309.4,316,6.6,-2.767942,8.42864,-3.115189,8.340874,2.857
4,21092030,3,109,7544,pedestrian,7580,bike,314.2,316.2,2,-6.721431,7.051006,-6.663359,7.15595,2.384
4,21092030,3,110,7546,pedestrian,7580,bike,316.2,317.8,1.6,-6.606372,7.374403,-6.568302,7.457495,2.422
4,21092030,3,112,7578,car,7597,pedestrian,318,318.8,0.8,-5.578959,-2.231193,-5.635463,-2.148223,4.671
4,21092030,3,111,7565,pedestrian,7582,bike,317.6,320,2.4,-5.000143,8.740822,-5.242283,8.5476,2.621
4,21092030,3,113,7559,bike,7583,pedestrian,318.8,322.6,3.8,-3.082017,8.363726,-3.086715,8.341775,0.012
4,21092030,3,80,7573,pedestrian,7586,bike,294.2,323,28.8,-11.0315,3.942628,-9.350931,5.169521,0.677
4,21092030,3,114,7573,pedestrian,7596,bike,321.6,324.4,2.8,-9.554232,4.997589,-9.305821,5.229477,1.742
4,21092030,3,115,7577,pedestrian,7598,car,323.8,325.2,1.4,-2.613565,8.121139,-2.734796,8.028321,2.949
4,21092030,3,116,7565,pedestrian,7580,bike,324.2,325.8,1.6,-5.455089,8.388854,-5.378052,8.439268,2.511
4,21092030,3,117,7571,bike,7573,pedestrian,324.4,325.8,1.4,-9.300834,5.232582,-9.366521,5.18807,2.67
4,21092030,3,118,7542,pedestrian,7553,bike,325.2,326.6,1.4,-9.608649,1.775922,-9.573971,1.726853,3.77
4,21092030,3,119,7570,car,7574,pedestrian,326.4,327,0.6,-4.140906,1.026256,-4.090558,1.061302,4.884
4,21092030,3,120,7468,pedestrian,7570,car,326.6,327,0.4,-4.097885,1.056436,-4.084787,1.065395,4.89
4,21092030,3,121,7468,pedestrian,7575,car,327.2,327.6,0.4,-4.126251,1.036549,-4.113153,1.045508,4.914
4,21092030,3,122,7574,pedestrian,7575,car,327.4,328.2,0.8,-4.082697,1.067106,-4.007176,1.119676,4.872
4,21092030,3,123,7476,pedestrian,7570,car,328.6,329.2,0.6,-3.720661,1.320659,-3.695112,1.338118,4.76
4,21092030,3,125,7478,pedestrian,7570,car,329.2,329.6,0.4,-3.629404,1.384387,-3.617014,1.392844,4.759
4,21092030,3,124,7476,pedestrian,7575,car,329.2,329.8,0.6,-3.749999,1.300083,-3.719431,1.321011,4.763
4,21092030,3,126,7478,pedestrian,7575,car,329.6,330.2,0.6,-3.667266,1.358005,-3.644814,1.373359,4.756
4,21092030,3,127,7489,pedestrian,7570,car,329.6,330.2,0.6,-3.549769,1.440204,-3.522298,1.459026,4.715
4,21092030,3,128,7489,pedestrian,7575,car,330.2,330.6,0.4,-3.57255,1.424187,-3.555294,1.436004,4.738
4,21092030,3,133,7469,pedestrian,7604,car,331.2,331.6,0.4,-11.597684,2.546859,-11.569302,2.546782,4.8
4,21092030,3,132,7497,pedestrian,7564,car,331,332.2,1.2,-2.763068,5.015491,-2.813518,5.140997,4.046
4,21092030,3,130,7486,pedestrian,7564,car,330.8,332.4,1.6,-2.738624,5.019719,-2.804663,5.177291,2.967
4,21092030,3,131,7535,pedestrian,7586,bike,331,332.4,1.4,-7.621508,6.391903,-7.531346,6.454352,2.616
4,21092030,3,129,7546,pedestrian,7582,bike,330.2,332.6,2.4,-6.946998,6.859864,-7.199429,6.684974,2.632
4,21092030,3,134,7543,pedestrian,7586,bike,331.4,332.8,1.4,-7.537757,6.450055,-7.447595,6.512504,2.597
4,21092030,3,135,7544,pedestrian,7586,bike,331.8,333.2,1.4,-7.455082,6.50746,-7.366541,6.568781,2.604
4,21092030,3,138,7566,car,7576,pedestrian,333,333.4,0.4,-9.094994,-1.199023,-9.105858,-1.206535,4.88
4,21092030,3,144,7468,pedestrian,7578,car,333.8,334,0.2,-4.456652,0.805092,-4.456652,0.805092,4.991
4,21092030,3,137,7535,pedestrian,7596,bike,332.8,334.4,1.6,-7.716559,6.325918,-7.630869,6.385267,2.599
4,21092030,3,141,7546,pedestrian,7586,bike,333,334.4,1.4,-7.224653,6.667442,-7.135862,6.728941,2.608
4,21092030,3,136,7544,pedestrian,7582,bike,332.2,334.6,2.4,-7.317662,6.602706,-7.570842,6.427084,2.598
4,21092030,3,142,7543,pedestrian,7596,bike,333.4,335,1.6,-7.630575,6.385609,-7.543143,6.44616,2.621
4,21092030,3,139,7543,pedestrian,7582,bike,333,335.4,2.4,-7.465561,6.500021,-7.710945,6.329812,2.614
4,21092030,3,145,7544,pedestrian,7596,bike,333.8,335.4,1.6,-7.55347,6.439153,-7.464416,6.50083,2.62
4,21092030,3,147,7476,pedestrian,7578,car,335.4,335.6,0.2,-4.073575,1.07335,-4.073575,1.07335,4.874
4,21092030,3,148,7478,pedestrian,7578,car,335.8,336,0.2,-3.98279,1.136879,-3.98279,1.136879,4.841
4,21092030,3,143,7535,pedestrian,7582,bike,333.8,336.2,2.4,-7.605668,6.402755,-7.855479,6.229453,2.606
4,21092030,3,149,7489,pedestrian,7578,car,336.2,336.4,0.2,-3.89239,1.200136,-3.89239,1.200136,4.816
4,21092030,3,140,7565,pedestrian,7584,bike,333,336.6,3.6,-5.721769,8.195949,-6.045867,7.965859,1.854
4,21092030,3,146,7546,pedestrian,7596,bike,335.2,336.8,1.6,-7.325583,6.597363,-7.241486,6.655594,2.63
4,21092030,3,150,7579,car,7597,pedestrian,336.8,337.2,0.4,-6.081266,-1.485805,-6.095573,-1.464768,4.925
4,21092030,3,153,7566,car,7589,pedestrian,338.6,339,0.4,-9.959329,-1.800328,-9.970846,-1.808295,4.959
4,21092030,3,152,7574,pedestrian,7578,car,338.4,339.4,1,-3.336986,1.589325,-3.214761,1.674298,4.617
4,21092030,3,155,7566,car,7592,pedestrian,339.2,339.4,0.2,-10.046977,-1.861292,-10.046977,-1.861292,4.95
4,21092030,3,151,7580,bike,7583,pedestrian,337,340.6,3.6,-4.217487,8.563085,-4.222162,8.565655,0.193
4,21092030,3,154,7573,pedestrian,7582,bike,339,340.6,1.6,-8.518988,5.69581,-8.606793,5.634923,0.027
4,21092030,3,156,7565,pedestrian,7586,bike,339.8,341.4,1.6,-6.214957,7.842366,-6.116864,7.918765,2.134
4,21092030,3,157,7566,car,7599,pedestrian,341.4,341.6,0.2,-10.379626,-2.092695,-10.379626,-2.092695,4.974
4,21092030,3,159,7542,pedestrian,7571,bike,343,344.2,1.2,-10.242863,2.703442,-10.203053,2.646826,3.468
4,21092030,3,158,7565,pedestrian,7596,bike,343,344.6,1.6,-6.350724,7.742301,-6.27258,7.805352,2.24
4,21092030,3,162,7474,pedestrian,7566,car,345.6,346.4,0.8,-11.196863,-2.426081,-11.236914,-2.478452,2.532
4,21092030,3,164,7501,pedestrian,7598,car,346.4,347,0.6,-4.007647,5.754556,-3.969345,5.750532,4.698
4,21092030,3,161,7580,bike,7587,pedestrian,345.4,349.4,4,-3.728584,8.34559,-3.711224,8.340086,0.211
4,21092030,3,165,7583,pedestrian,7586,bike,347,349.4,2.4,-4.801021,8.788648,-4.743771,8.852244,0.102
4,21092030,3,163,7553,bike,7576,pedestrian,345.8,350,4.2,-8.360955,-0.825385,-8.359139,-0.824118,0.072
4,21092030,3,166,7530,pedestrian,7598,car,348.4,350.2,1.8,-3.565144,5.570355,-3.358032,5.430435,3.343
4,21092030,3,167,7590,car,7609,pedestrian,348.6,350.2,1.6,-11.261899,2.714148,-11.423186,2.732136,0.915
4,21092030,3,168,7573,pedestrian,7584,bike,350.4,352.2,1.8,-7.85436,6.156681,-7.92335,6.108842,0.179
4,21092030,3,170,7583,pedestrian,7596,bike,351.4,352.8,1.4,-4.983453,8.755743,-4.918366,8.805209,2.648
4,21092030,3,172,7527,pedestrian,7598,car,352.4,352.8,0.4,-2.882989,4.934273,-2.868236,4.910447,4.838
4,21092030,3,171,7525,pedestrian,7570,car,351.8,353.2,1.4,-2.611228,5.089691,-2.654992,5.220163,3.597
4,21092030,3,173,7525,pedestrian,7575,car,352.6,353.6,1,-2.60781,5.129127,-2.633757,5.211076,4.212
4,21092030,3,169,7546,pedestrian,7584,bike,350.4,353.8,3.4,-7.884215,6.209352,-8.188498,5.998212,2.579
4,21092030,3,175,7608,pedestrian,7615,car,353.4,353.8,0.4,-5.95386,-1.675434,-5.944347,-1.689165,4.842
4,21092030,3,179,7579,car,7585,pedestrian,354.6,355,0.4,-4.390196,0.851714,-4.36752,0.867488,4.964
4,21092030,3,174,7544,pedestrian,7584,bike,353,356.2,3.2,-8.252112,5.953899,-8.535029,5.757589,2.579
4,21092030,3,177,7583,pedestrian,7600,bike,353.8,356.4,2.6,-4.969657,8.764747,-5.23543,8.553112,2.606
4,21092030,3,176,7565,pedestrian,7595,bike,353.6,357.2,3.6,-6.582551,7.419307,-6.735494,7.036283,2.536
4,21092030,3,178,7543,pedestrian,7584,bike,354,357.2,3.2,-8.398151,5.852491,-8.68173,5.655721,2.572
4,21092030,3,180,7586,bike,7587,pedestrian,354.6,358.2,3.6,-4.180744,8.542891,-4.143529,8.522437,0.237
4,21092030,3,181,7535,pedestrian,7584,bike,355,358.4,3.4,-8.543098,5.751843,-8.843708,5.543214,2.557
4,21092030,3,183,7580,bike,7602,pedestrian,358.4,361.8,3.4,-2.930669,8.409962,-2.912934,8.363235,1.496
4,21092030,3,184,7580,bike,7606,pedestrian,359.6,361.8,2.2,-2.864554,8.420577,-2.853469,8.391372,2.184
4,21092030,3,186,7571,bike,7576,pedestrian,360.6,361.8,1.2,-8.242328,-0.221853,-8.182139,-0.28394,4.476
4,21092030,3,182,7587,pedestrian,7596,bike,358.4,362.2,3.8,-4.35517,8.638757,-4.333584,8.626893,0.153
4,21092030,3,189,7501,pedestrian,7604,car,363,363.8,0.8,-4.809561,6.112856,-4.751823,6.072122,3.989
4,21092030,3,185,7553,bike,7589,pedestrian,359.8,364.6,4.8,-8.980562,-1.257869,-8.992385,-1.266122,0.111
4,21092030,3,187,7553,bike,7592,pedestrian,361.2,365.8,4.6,-9.042051,-1.300789,-9.051055,-1.307073,0.044
4,21092030,3,188,7553,bike,7588,pedestrian,362.2,367,4.8,-9.09774,-1.33966,-9.108624,-1.347256,0.122
4,21092030,3,195,7501,pedestrian,7611,car,366.6,367.4,0.8,-4.944908,6.223134,-4.899039,6.175765,4.232
4,21092030,3,193,7594,car,7618,pedestrian,366.2,367.8,1.6,-11.33998,2.671421,-11.450737,2.689049,0.94
4,21092030,3,190,7553,bike,7593,pedestrian,363.6,368,4.4,-9.153778,-1.378774,-9.162492,-1.384856,0.171
4,21092030,3,197,7571,bike,7589,pedestrian,367.2,369.2,2,-8.695759,-1.059078,-8.809751,-1.138644,0.519
4,21092030,3,191,7553,bike,7599,pedestrian,364.8,369.4,4.6,-9.207559,-1.416313,-9.21815,-1.423706,0.013
4,21092030,3,192,7586,bike,7602,pedestrian,366,369.4,3.4,-3.344324,8.30379,-3.311166,8.309929,0.142
4,21092030,3,199,7571,bike,7592,pedestrian,367.8,369.6,1.8,-8.785084,-1.121426,-8.88641,-1.192152,0.087
4,21092030,3,196,7586,bike,7606,pedestrian,366.8,370.2,3.4,-3.284861,8.314948,-3.238241,8.323694,0.156
4,21092030,3,198,7565,pedestrian,7600,bike,367.8,370.2,2.4,-7.098017,6.755221,-7.347196,6.582358,2.627
4,21092030,3,200,7571,bike,7588,pedestrian,368.2,370.2,2,-8.862303,-1.175325,-8.978064,-1.256126,0.534
4,21092030,3,206,7542,pedestrian,7622,bike,370,370.2,0.2,-11.081343,3.839957,-11.081343,3.839957,4.304
4,21092030,3,202,7571,bike,7593,pedestrian,368.8,370.6,1.8,-8.956376,-1.240988,-9.054507,-1.309483,0.29
4,21092030,3,194,7553,bike,7601,pedestrian,366.2,370.8,4.6,-9.264365,-1.455964,-9.271302,-1.460805,0.13
4,21092030,3,204,7571,bike,7599,pedestrian,369.4,371.2,1.8,-9.044565,-1.302544,-9.142209,-1.370699,0.319
4,21092030,3,207,7609,pedestrian,7622,bike,370,371.4,1.4,-11.0655,3.91114,-10.948936,4.00076,1.315
4,21092030,3,205,7571,bike,7601,pedestrian,369.8,371.8,2,-9.122002,-1.356594,-9.217747,-1.423424,0.228
4,21092030,3,203,7546,pedestrian,7595,bike,369,372,3,-8.751123,5.607395,-9.03502,5.407616,2.553
4,21092030,3,201,7553,bike,7603,pedestrian,368.6,372.8,4.2,-9.382104,-1.538145,-9.377895,-1.535207,0.055
4,21092030,3,212,7584,bike,7609,pedestrian,371.8,373.4,1.6,-10.926286,4.016708,-10.993946,3.969069,0.331
4,21092030,3,209,7571,bike,7603,pedestrian,370.8,373.8,3,-9.28579,-1.470918,-9.326761,-1.499516,0.085
4,21092030,3,208,7596,bike,7602,pedestrian,370.6,374.2,3.6,-3.603214,8.305841,-3.587156,8.304538,0.259
4,21092030,3,211,7596,bike,7606,pedestrian,371.4,375.4,4,-3.546766,8.303438,-3.517725,8.30302,0.198
4,21092030,3,213,7483,pedestrian,7553,bike,372.2,375.4,3.2,-9.534557,-1.658031,-9.63905,-1.83015,2.907
4,21092030,3,160,7504,pedestrian,7553,bike,344.8,375.8,31,-8.23275,-0.735899,-9.692705,-1.802914,0.949
4,21092030,3,218,7483,pedestrian,7571,bike,374.2,376,1.8,-9.523002,-1.716103,-9.608481,-1.82864,3.785
4,21092030,3,217,7553,bike,7607,pedestrian,374,376.2,2.2,-9.666395,-1.73658,-9.755536,-1.7988,0.21
4,21092030,3,216,7504,pedestrian,7571,bike,374,376.6,2.6,-9.541819,-1.660983,-9.673496,-1.814311,1.077
4,21092030,3,220,7577,pedestrian,7611,car,375,376.6,1.6,-2.855908,5.140058,-2.761716,4.971271,1.262
4,21092030,3,221,7495,pedestrian,7611,car,375.8,376.6,0.8,-2.875344,4.916563,-2.813002,4.869846,4.599
4,21092030,3,219,7571,bike,7607,pedestrian,374.6,376.8,2.2,-9.636791,-1.715916,-9.722793,-1.775945,0.45
4,21092030,3,222,7553,bike,7614,pedestrian,377,379.2,2.2,-10.075272,-2.021975,-10.16567,-2.085073,0.145
4,21092030,3,223,7571,bike,7614,pedestrian,377.8,380,2.2,-10.051946,-2.005694,-10.139206,-2.066601,0.468
4,21092030,3,224,7535,pedestrian,7622,bike,378.2,380.2,2,-9.668323,4.902421,-9.56652,4.974098,0.308
4,21092030,3,215,7535,pedestrian,7595,bike,372.6,380.4,7.8,-9.318921,5.215564,-9.579025,4.965294,1.065
4,21092030,3,225,7543,pedestrian,7622,bike,378.6,380.6,2,-9.59664,4.952891,-9.490422,5.027678,0.197
4,21092030,3,226,7544,pedestrian,7622,bike,379,381.2,2.2,-9.550336,5.007411,-9.405063,5.086393,0.423
4,21092030,3,228,7546,pedestrian,7622,bike,380,381.8,1.8,-9.427763,5.146911,-9.328724,5.201195,2.701
4,21092030,3,235,7619,pedestrian,7628,car,381.8,382,0.2,-6.201705,-1.307107,-6.201705,-1.307107,4.983
4,21092030,3,214,7543,pedestrian,7595,bike,372.4,382.8,10.4,-9.281135,5.24526,-9.578544,4.965633,0
4,21092030,3,233,7543,pedestrian,7600,bike,381.6,382.8,1.2,-9.53735,4.994637,-9.578544,4.965633,4.036
4,21092030,3,237,7468,pedestrian,7628,car,382.4,383,0.6,-6.127975,-1.416799,-6.099686,-1.458481,4.932
4,21092030,3,234,7553,bike,7624,pedestrian,381.6,383.6,2,-10.683204,-2.446311,-10.74867,-2.492006,0.207
4,21092030,3,236,7571,bike,7624,pedestrian,382.2,384.2,2,-10.64868,-2.422213,-10.707868,-2.463526,0.083
4,21092030,3,238,7553,bike,7625,pedestrian,382.6,385,2.4,-10.824785,-2.545134,-10.88752,-2.588923,0.151
4,21092030,3,246,7495,pedestrian,7613,car,383.4,385,1.6,-2.850202,5.142254,-2.719144,5.048407,3.38
4,21092030,3,230,7544,pedestrian,7600,bike,380.8,385.2,4.4,-9.401802,5.088514,-9.581276,4.963709,1.097
4,21092030,3,245,7522,pedestrian,7613,car,383.4,385.2,1.8,-2.87251,5.125365,-2.717672,5.022349,2.257
4,21092030,3,247,7515,pedestrian,7613,car,383.4,385.2,1.8,-2.87897,5.120475,-2.729959,5.013047,1.355
4,21092030,3,240,7522,pedestrian,7579,car,383.2,385.4,2.2,-2.69765,5.016483,-2.773042,5.219406,1.046
4,21092030,3,242,7495,pedestrian,7579,car,383.2,385.4,2.2,-2.672651,5.035409,-2.751512,5.235258,0.268
4,21092030,3,243,7515,pedestrian,7579,car,383.2,385.4,2.2,-2.703018,5.012418,-2.779511,5.214508,1.945
4,21092030,3,241,7571,bike,7625,pedestrian,383.2,385.6,2.4,-10.796623,-2.525477,-10.84994,-2.562692,0.221
4,21092030,3,244,7553,bike,7626,pedestrian,383.4,385.8,2.4,-10.924216,-2.614537,-10.990268,-2.660641,0.022
4,21092030,3,239,7629,bike,7630,pedestrian,383,386,3,-11.190119,-2.666609,-11.093919,-2.728094,3.345
4,21092030,3,249,7553,bike,7627,pedestrian,384.8,386.4,1.6,-11.060783,-2.70986,-11.119391,-2.750769,0.206
4,21092030,3,250,7553,bike,7630,pedestrian,385,386.4,1.4,-11.102274,-2.697174,-11.17247,-2.787818,0.638
4,21092030,3,248,7571,bike,7626,pedestrian,384,386.4,2.4,-10.887541,-2.588938,-10.953593,-2.635042,0.45
4,21092030,3,251,7571,bike,7627,pedestrian,385.6,387.2,1.6,-11.035897,-2.69249,-11.105557,-2.741113,0.186
4,21092030,3,252,7571,bike,7630,pedestrian,385.8,387.2,1.4,-11.091233,-2.726219,-11.157742,-2.777538,0.182
4,21092030,3,255,7628,car,7633,pedestrian,388.2,388.6,0.4,-5.5256,-2.310839,-5.519105,-2.320152,4.616
4,21092030,3,229,7546,pedestrian,7595,bike,380.4,388.8,8.4,-9.445474,5.135182,-9.721725,4.864821,1.4
4,21092030,3,254,7565,pedestrian,7622,bike,387.8,389.4,1.6,-8.206425,5.985754,-8.12983,6.038803,2.576
4,21092030,3,256,7634,pedestrian,7637,car,389,389.8,0.8,-11.232698,-2.543007,-11.167212,-2.517773,1.001
4,21092030,3,257,7636,pedestrian,7637,car,389,389.8,0.8,-11.237869,-2.526024,-11.172006,-2.50017,1.05
4,21092030,3,258,7635,pedestrian,7637,car,389,389.8,0.8,-11.239531,-2.520572,-11.178654,-2.478362,1.175
4,21092030,3,259,7615,car,7633,pedestrian,390.2,391.2,1,-5.585445,-2.221481,-5.656029,-2.11753,4.676
4,21092030,3,261,7626,pedestrian,7637,car,391.2,391.4,0.2,-10.700316,-2.315797,-10.700316,-2.315797,4.999
4,21092030,3,262,7468,pedestrian,7615,car,391.8,392.2,0.4,-5.781112,-1.931441,-5.791109,-1.916982,4.761
4,21092030,3,264,7546,pedestrian,7595,bike,392,392.2,0.2,-9.882017,4.751962,-9.882017,4.751962,4.992
4,21092030,3,265,7625,pedestrian,7637,car,392.2,392.4,0.2,-10.495677,-2.173429,-10.495677,-2.173429,4.983
4,21092030,3,266,7546,pedestrian,7595,bike,392.6,392.8,0.2,-9.909197,4.732825,-9.909197,4.732825,4.957
4,21092030,3,267,7476,pedestrian,7615,car,392.8,393.2,0.4,-5.927545,-1.713782,-5.937322,-1.699653,4.837
4,21092030,3,268,7544,pedestrian,7600,bike,392.8,393.4,0.6,-9.811077,4.801909,-9.835983,4.784374,4.758
4,21092030,3,269,7478,pedestrian,7615,car,393.4,393.6,0.2,-5.993797,-1.615752,-5.993797,-1.615752,4.87
4,21092030,3,271,7489,pedestrian,7615,car,393.8,394.2,0.4,-6.050011,-1.532244,-6.059424,-1.518665,4.911
4,21092030,3,273,7624,pedestrian,7637,car,394.4,394.8,0.4,-10.048045,-1.862017,-10.021603,-1.843654,4.949
4,21092030,3,263,7587,pedestrian,7616,bike,391.8,395.2,3.4,-5.634016,8.256408,-5.941474,8.043525,1.966
4,21092030,3,260,7595,bike,7609,pedestrian,391,395.4,4.4,-10.039404,4.641148,-10.026345,4.650343,0.134
4,21092030,3,270,7544,pedestrian,7600,bike,393.6,396,2.4,-9.864656,4.764186,-9.948913,4.704862,3.172
4,21092030,3,274,7583,pedestrian,7622,bike,395.2,396.8,1.6,-7.032228,6.800971,-6.959835,6.850954,2.632
4,21092030,3,272,7600,bike,7609,pedestrian,393.8,398.8,5,-9.906813,4.734503,-9.864249,4.764472,0.216
4,21092030,3,276,7610,pedestrian,7637,car,398.4,399,0.6,-9.226506,-1.290465,-9.173745,-1.253826,4.877
4,21092030,3,275,7595,bike,7618,pedestrian,396.2,399.8,3.6,-10.25497,4.489371,-10.224355,4.510927,0.284
4,21092030,3,277,7600,bike,7618,pedestrian,399.2,402.8,3.6,-10.065938,4.622466,-10.037119,4.642757,0.028
4,21092030,3,278,7587,pedestrian,7622,bike,402.2,404,1.8,-6.245807,7.820222,-6.158572,7.888471,2.121
4,21092030,3,280,7602,pedestrian,7622,bike,407.6,409.4,1.8,-5.398687,8.429911,-5.311428,8.492812,2.585
4,21092030,3,281,7606,pedestrian,7622,bike,408.2,409.8,1.6,-5.326538,8.483464,-5.247323,8.54432,2.646
4,21092030,3,282,7608,pedestrian,7615,car,409.6,409.8,0.2,-4.368532,0.866816,-4.368532,0.866816,4.963
4,21092030,3,279,7583,pedestrian,7616,bike,406.8,410.4,3.6,-7.518182,6.463489,-7.862582,6.224521,2.595
4,21092030,3,283,7597,pedestrian,7615,car,410.2,410.6,0.4,-4.24523,0.953195,-4.221713,0.969518,4.937
4,21092030,3,210,7544,pedestrian,7595,bike,371.4,413.2,41.8,-9.124911,5.3469,-10.914815,4.024784,0
4,21092030,3,253,7543,pedestrian,7595,bike,386.8,413.4,26.6,-9.766379,4.833381,-11.056239,3.92521,1.228
4,21092030,3,284,7595,bike,7632,pedestrian,411.2,413.4,2.2,-10.929724,4.014287,-10.976442,3.981394,0.29
4,21092030,3,285,7535,pedestrian,7595,bike,411.6,413.4,1.8,-10.962422,3.991265,-11.063651,3.897348,2.314
4,21092030,3,286,7612,pedestrian,7629,bike,412.4,414.4,2,-9.615617,-1.701137,-9.537255,-1.64644,3.557
4,21092030,3,288,7600,bike,7632,pedestrian,414.6,418.4,3.8,-10.762766,4.13184,-10.756528,4.136232,0.284
4,21092030,3,287,7629,bike,7630,pedestrian,414.4,418.6,4.2,-9.725126,-1.777574,-9.526618,-1.691837,3.096
4,21092030,3,289,7617,pedestrian,7622,bike,415,418.6,3.6,-4.494811,8.715506,-4.495158,8.715697,0.266
4,21092030,3,290,7609,pedestrian,7616,bike,416.6,418.8,2.2,-8.957314,5.416445,-9.063771,5.314475,0.243
4,21092030,3,291,7616,bike,7618,pedestrian,417.2,418.8,1.6,-9.047181,5.401284,-9.107303,5.358963,2.716
4,21092030,3,227,7546,pedestrian,7600,bike,380,421.2,41.2,-9.272658,5.250683,-11.042999,3.934532,0
4,21092030,3,293,7486,pedestrian,7615,car,421.4,422.2,0.8,-2.010519,2.510913,-1.963283,2.542955,4.279
4,21092030,3,294,7505,pedestrian,7615,car,421.8,422.6,0.8,-1.926832,2.568502,-1.880743,2.599749,4.249
4,21092030,3,295,7497,pedestrian,7615,car,422.2,423.2,1,-1.843302,2.625984,-1.782926,2.666898,4.232
4,21092030,3,297,7525,pedestrian,7615,car,422.8,423.6,0.8,-1.742783,2.695138,-1.699577,2.724377,4.225
4,21092030,3,298,7530,pedestrian,7615,car,424.2,424.8,0.6,-1.477818,2.88418,-1.451268,2.907178,4.487
4,21092030,3,296,7499,pedestrian,7629,bike,422.2,426,3.8,-9.20146,-1.412056,-9.224933,-1.42844,0.088
4,21092030,3,299,7616,bike,7632,pedestrian,428.8,432.6,3.8,-10.055106,4.630093,-10.052482,4.63194,0.151
4,21092030,3,301,7548,pedestrian,7615,car,434.4,436,1.6,-2.733446,5.002908,-2.803734,5.168619,3.234
4,21092030,3,302,7538,pedestrian,7615,car,434.4,436,1.6,-2.724285,5.018854,-2.790234,5.17884,2.359
4,21092030,3,300,7622,bike,7639,pedestrian,434.2,437.8,3.6,-3.369773,8.298966,-3.368949,8.299118,0.12
4,21092030,3,304,7574,pedestrian,7647,car,443.6,444.2,0.6,-5.034524,6.301242,-5.014844,6.278047,4.537
4,21092030,3,303,7515,pedestrian,7622,bike,440.6,444.6,4,-2.964123,8.349371,-2.899398,8.368352,0.167
4,21092030,3,232,7627,pedestrian,7629,bike,381.6,446.8,65.2,-11.195563,-2.76367,-8.187948,-0.704627,0.546
4,21092030,3,305,7515,pedestrian,7660,bike,444.2,447.2,3,-2.90247,8.364984,-2.895582,8.414682,1.713
4,21092030,3,306,7612,pedestrian,7629,bike,444.8,447.6,2.8,-8.186376,-0.685979,-8.078986,-0.524195,2.702
4,21092030,3,231,7626,pedestrian,7629,bike,381.6,449,67.4,-11.139081,-2.764512,-8.0817,-0.450696,0.244
4,21092030,3,292,7565,pedestrian,7616,bike,421,449.8,28.8,-9.596897,4.95271,-11.050003,3.929601,0.913
4,21092030,3,307,7612,pedestrian,7629,bike,448.8,450.2,1.4,-8.118113,-0.396669,-8.203252,-0.278821,4.58
4,21092030,3,308,7625,pedestrian,7629,bike,448.8,451,2.2,-8.06141,-0.261796,-8.11982,-0.074756,2.237
4,21092030,3,311,7568,pedestrian,7647,car,454.2,454.8,0.6,-2.792352,5.134729,-2.750159,5.107354,4.753
4,21092030,3,310,7558,pedestrian,7647,car,453.8,455.8,2,-2.909917,5.094054,-2.73094,4.975297,0.383
4,21092030,3,309,7617,pedestrian,7640,bike,452.2,456.2,4,-6.242092,7.827601,-6.535812,7.529886,2.345
4,21092030,3,313,7618,pedestrian,7640,bike,457,458.8,1.8,-6.650981,7.187997,-6.675038,7.125927,2.611
4,21092030,3,314,7486,pedestrian,7628,car,460.6,461.2,0.6,-3.577045,1.421129,-3.55415,1.436809,4.709
4,21092030,3,315,7505,pedestrian,7628,car,461,461.8,0.8,-3.502323,1.473563,-3.466841,1.49789,4.689
4,21092030,3,316,7497,pedestrian,7628,car,461.6,462.4,0.8,-3.417602,1.53281,-3.381965,1.557247,4.664
4,21092030,3,319,7525,pedestrian,7628,car,462.2,462.8,0.6,-3.327706,1.595727,-3.30746,1.609527,4.631
4,21092030,3,317,7628,car,7633,pedestrian,461.6,463,1.4,-3.415997,1.533948,-3.286685,1.623982,4.642
4,21092030,3,320,7530,pedestrian,7628,car,462.6,463.4,0.8,-3.253139,1.648051,-3.220387,1.670442,4.614
4,21092030,3,318,7583,pedestrian,7668,bike,462.2,465.6,3.4,-10.65303,4.209103,-10.648096,4.212577,0.231
4,21092030,3,322,7606,pedestrian,7640,bike,464.4,468.4,4,-7.499052,6.476773,-7.839847,6.240307,2.596
4,21092030,3,323,7602,pedestrian,7640,bike,465.8,469.6,3.8,-7.677641,6.352787,-7.997964,6.130514,2.584
4,21092030,3,324,7610,pedestrian,7629,bike,467.4,470.4,3,-10.11629,2.520118,-10.324005,2.821955,3.448
4,21092030,3,325,7619,pedestrian,7628,car,469.2,470.8,1.6,-2.230761,2.35942,-2.091292,2.454861,4.305
4,21092030,3,326,7632,pedestrian,7640,bike,469.6,471.6,2,-8.148233,5.952902,-8.220502,5.902788,0.359
4,21092030,3,327,7608,pedestrian,7628,car,470,471.8,1.8,-2.098005,2.450785,-1.945121,2.555343,4.277
4,21092030,3,329,7542,pedestrian,7674,car,471,472,1,-11.24426,-2.505057,-11.169592,-2.482747,1.679
4,21092030,3,328,7597,pedestrian,7628,car,471,472.6,1.6,-1.950124,2.552455,-1.814491,2.645234,4.251
4,21092030,3,330,7495,pedestrian,7628,car,471.6,472.6,1,-1.866618,2.609831,-1.819989,2.641417,4.251
4,21092030,3,335,7583,pedestrian,7677,bike,473.2,473.8,0.6,-11.073702,3.874291,-11.047475,3.88178,2.827
4,21092030,3,336,7666,pedestrian,7674,car,474,474.2,0.2,-10.644231,-2.276784,-10.644231,-2.276784,4.995
4,21092030,3,334,7593,pedestrian,7677,bike,473.2,474.8,1.6,-11.053895,3.904311,-11.014848,3.931769,1.314
4,21092030,3,333,7661,pedestrian,7677,bike,473.2,476.6,3.4,-11.078376,3.853287,-10.955825,3.99591,3.728
4,21092030,3,337,7583,pedestrian,7629,bike,475.4,476.6,1.2,-11.023768,3.64984,-11.079777,3.697351,4.16
4,21092030,3,339,7593,pedestrian,7629,bike,475.6,477.2,1.6,-11.020486,3.724418,-11.098899,3.790933,2.596
4,21092030,3,341,7585,pedestrian,7662,car,476.2,477.2,1,-3.45579,5.498191,-3.401547,5.461398,3.351
4,21092030,3,345,7655,pedestrian,7674,car,477.2,477.6,0.4,-10.095479,-1.895002,-10.074935,-1.880741,4.951
4,21092030,3,321,7648,pedestrian,7660,bike,464.2,479.4,15.2,-3.896368,8.405309,-4.80826,8.78434,2.678
4,21092030,3,342,7629,bike,7659,pedestrian,476.2,479.6,3.4,-10.987725,3.865728,-10.950422,3.999714,2.822
4,21092030,3,343,7587,pedestrian,7640,bike,476.4,480.2,3.8,-9.06084,5.391803,-9.37914,5.179229,2.638
4,21092030,3,347,7486,pedestrian,7644,car,480.4,480.6,0.2,-4.352587,0.877924,-4.352587,0.877924,4.964
4,21092030,3,344,7501,pedestrian,7668,bike,476.8,481,4.2,-9.826144,4.791301,-9.833308,4.786258,0.241
4,21092030,3,348,7574,pedestrian,7664,car,480.6,481.2,0.6,-7.440954,6.069033,-7.489278,6.057526,4.853
4,21092030,3,349,7505,pedestrian,7644,car,480.8,481.2,0.4,-4.275581,0.931957,-4.263561,0.940192,4.952
4,21092030,3,350,7497,pedestrian,7644,car,481.2,481.6,0.4,-4.202456,0.983238,-4.186555,0.994226,4.906
4,21092030,3,351,7525,pedestrian,7644,car,481.8,482.2,0.4,-4.110843,1.047342,-4.100116,1.05466,4.896
4,21092030,3,346,7640,bike,7651,pedestrian,480.4,482.4,2,-9.56345,4.97626,-9.631476,4.928364,0.245
4,21092030,3,353,7530,pedestrian,7644,car,482.4,482.8,0.4,-4.024325,1.107831,-4.01352,1.115205,4.858
4,21092030,3,352,7618,pedestrian,7660,bike,481.8,483.4,1.6,-5.397038,8.424893,-5.461141,8.383612,2.47
4,21092030,3,354,7587,pedestrian,7668,bike,483.4,485.2,1.8,-9.506238,5.067279,-9.376622,5.123317,1.223
4,21092030,3,312,7651,pedestrian,7668,bike,456.8,485.4,28.6,-10.98736,3.973707,-9.348469,5.16972,0.551
4,21092030,3,361,7681,car,7682,pedestrian,487.4,488,0.6,-5.557774,-2.263606,-5.533562,-2.298638,4.638
4,21092030,3,359,7602,pedestrian,7668,bike,487.2,488.8,1.6,-8.845613,5.541932,-8.755172,5.604583,2.601
4,21092030,3,356,7639,pedestrian,7660,bike,485.6,489,3.4,-5.965466,8.028862,-6.282941,7.793154,2.026
4,21092030,3,362,7606,pedestrian,7668,bike,487.8,489.2,1.4,-8.756842,5.603555,-8.676653,5.659112,2.576
4,21092030,3,360,7628,car,7641,pedestrian,487.4,489.4,2,-2.601343,5.13453,-2.745162,5.240949,2.955
4,21092030,3,363,7585,pedestrian,7665,car,488.6,489.4,0.8,-4.23983,5.791747,-4.209117,5.786238,4.636
4,21092030,3,364,7585,pedestrian,7670,car,489.4,490,0.6,-4.284063,5.810323,-4.255583,5.798948,4.491
4,21092030,3,366,7585,pedestrian,7672,car,490,490.8,0.8,-4.311051,5.823368,-4.279347,5.811064,4.418
4,21092030,3,357,7501,pedestrian,7677,bike,487.2,491.6,4.4,-10.310205,4.450481,-10.316806,4.445834,0.075
4,21092030,3,358,7640,bike,7656,pedestrian,487.2,491.6,4.4,-10.212086,4.519565,-10.214123,4.518131,0.147
4,21092030,3,369,7585,pedestrian,7671,car,490.8,491.6,0.8,-4.36622,5.849047,-4.318447,5.829803,4.345
4,21092030,3,371,7495,pedestrian,7644,car,491,491.8,0.8,-2.622633,2.089459,-2.586017,2.114446,4.423
4,21092030,3,367,7574,pedestrian,7668,bike,490.4,492,1.6,-8.246753,5.884585,-8.171511,5.936759,0.129
4,21092030,3,375,7617,pedestrian,7668,bike,491.2,492.6,1.4,-8.139245,6.032414,-8.064922,6.083891,2.608
4,21092030,3,374,7667,pedestrian,7683,car,491.2,492.8,1.6,-2.640534,8.177599,-2.802041,8.0584,0.67
4,21092030,3,368,7593,pedestrian,7615,car,490.8,493.2,2.4,-11.247958,2.757175,-11.488944,2.661315,0.026
4,21092030,3,370,7583,pedestrian,7615,car,490.8,493.6,2.8,-11.271468,2.697665,-11.581571,2.584178,2.15
4,21092030,3,365,7640,bike,7659,pedestrian,490,494.6,4.6,-10.340826,4.428921,-10.348447,4.423556,0.041
4,21092030,3,372,7640,bike,7661,pedestrian,491.2,495.6,4.4,-10.397219,4.389216,-10.400275,4.387064,0.216
4,21092030,3,373,7501,pedestrian,7629,bike,491.2,495.6,4.4,-10.495338,4.320132,-10.502958,4.314767,0.023
4,21092030,3,378,7682,pedestrian,7684,car,495,495.6,0.6,-5.866529,-1.805039,-5.853485,-1.823739,4.795
4,21092030,3,379,7585,pedestrian,7673,car,496.4,497.4,1,-4.710735,6.04162,-4.662556,6.009529,4.004
4,21092030,3,380,7684,car,7685,pedestrian,496.8,497.4,0.6,-5.679267,-2.082954,-5.664362,-2.10446,4.699
4,21092030,3,332,7659,pedestrian,7677,bike,473.2,498,24.8,-11.065341,3.911854,-10.02745,4.649565,1.288
4,21092030,3,376,7640,bike,7663,pedestrian,493.8,498.2,4.4,-10.505224,4.313172,-10.514544,4.30661,0.063
4,21092030,3,377,7587,pedestrian,7677,bike,495,498.6,3.6,-9.979561,4.683282,-9.949101,4.704729,0.113
4,21092030,3,381,7585,pedestrian,7675,car,497.8,498.8,1,-4.777695,6.088727,-4.7293,6.056489,3.944
4,21092030,3,384,7576,pedestrian,7672,car,500,500.6,0.6,-2.854877,4.896474,-2.815566,4.870162,4.7
4,21092030,3,387,7576,pedestrian,7672,car,501,501.8,0.8,-2.797339,4.867602,-2.784623,4.873795,4.747
4,21092030,3,386,7639,pedestrian,7668,bike,500.6,502,1.4,-6.637589,7.231661,-6.623085,7.321322,2.517
4,21092030,3,385,7576,pedestrian,7671,car,500.4,502.8,2.4,-2.88178,4.93896,-2.773248,4.89946,3.921
4,21092030,3,382,7587,pedestrian,7629,bike,499.2,503.8,4.6,-10.167386,4.551038,-10.184246,4.539167,0.14
4,21092030,3,388,7628,car,7667,pedestrian,501.8,503.8,2,-2.538675,7.441456,-2.37527,7.479502,2.704
4,21092030,3,389,7610,pedestrian,7664,car,503.6,505.4,1.8,-11.244523,2.795012,-11.44013,2.713648,2.163
4,21092030,3,390,7651,pedestrian,7660,bike,503.8,505.4,1.6,-8.370626,5.871606,-8.438098,5.824891,2.595
4,21092030,3,392,7648,pedestrian,7668,bike,504.2,505.8,1.6,-6.165298,7.878642,-6.085462,7.941565,2.107
4,21092030,3,355,7501,pedestrian,7640,bike,483.4,506.2,22.8,-9.956363,4.699616,-11.05865,3.923513,1.044
4,21092030,3,383,7659,pedestrian,7677,bike,499.6,506.4,6.8,-9.951907,4.702753,-9.687076,4.889217,4.382
4,21092030,3,338,7629,bike,7663,pedestrian,475.6,506.6,31,-11.023619,3.71034,-9.98982,4.676059,0
4,21092030,3,396,7539,pedestrian,7687,car,505.4,506.8,1.4,-2.664495,8.216591,-2.801146,8.205546,3.826
4,21092030,3,397,7654,pedestrian,7668,bike,505.4,507,1.6,-5.95836,8.031002,-5.880597,8.086305,1.914
4,21092030,3,391,7602,pedestrian,7677,bike,504,507.2,3.2,-9.592408,4.955871,-9.556571,4.981103,0.278
4,21092030,3,394,7562,pedestrian,7687,car,505.2,507.2,2,-2.62405,8.176965,-2.821347,8.142414,1.402
4,21092030,3,398,7554,pedestrian,7687,car,505.6,507.4,1.8,-2.622832,8.069684,-2.807229,8.05618,2.655
4,21092030,3,393,7606,pedestrian,7677,bike,505,507.8,2.8,-9.561288,4.989569,-9.471931,5.040697,0.401
4,21092030,3,399,7576,pedestrian,7673,car,506,507.8,1.8,-2.862761,5.137667,-2.711608,5.038986,3.051
4,21092030,3,402,7609,pedestrian,7683,car,507.4,508.4,1,-4.984616,6.256919,-4.885424,6.166055,4.252
4,21092030,3,331,7656,pedestrian,7677,bike,473.2,508.6,35.4,-10.970506,3.985573,-9.358751,5.15816,0.476
4,21092030,3,403,7574,pedestrian,7677,bike,507.4,509,1.6,-9.366221,5.187791,-9.309027,5.227443,2.716
4,21092030,3,400,7617,pedestrian,7660,bike,506.6,510,3.4,-8.797316,5.57532,-9.122712,5.348678,2.579
4,21092030,3,408,7629,bike,7663,pedestrian,510,510.2,0.2,-9.830491,4.788241,-9.830491,4.788241,4.97
4,21092030,3,404,7554,pedestrian,7691,car,508.4,510.4,2,-2.626858,8.17668,-2.833315,8.160531,2.033
4,21092030,3,406,7617,pedestrian,7677,bike,509.2,510.8,1.6,-9.092107,5.369301,-9.023861,5.417295,2.658
4,21092030,3,407,7554,pedestrian,7693,car,509.2,511,1.8,-2.660668,8.193032,-2.826417,8.18609,2.957
4,21092030,3,411,7629,bike,7663,pedestrian,510.8,511,0.2,-9.796872,4.811911,-9.796872,4.811911,4.89
4,21092030,3,401,7602,pedestrian,7629,bike,507.4,511.8,4.4,-9.745768,4.847893,-9.764918,4.834409,0.074
4,21092030,3,409,7656,pedestrian,7660,bike,510.2,511.8,1.6,-9.329597,5.213493,-9.406024,5.161728,2.725
4,21092030,3,414,7629,bike,7663,pedestrian,511.6,511.8,0.2,-9.764383,4.834786,-9.764383,4.834786,4.868
4,21092030,3,405,7606,pedestrian,7629,bike,508.6,512.8,4.2,-9.696303,4.88272,-9.717366,4.86789,0.004
4,21092030,3,412,7574,pedestrian,7629,bike,511.4,514.2,2.8,-9.581248,4.963728,-9.588705,4.958479,0.154
4,21092030,3,340,7629,bike,7661,pedestrian,476,514.4,38.4,-11.007831,3.828694,-9.568003,4.973055,0.042
4,21092030,3,413,7659,pedestrian,7660,bike,511.4,515.2,3.8,-9.492062,5.026523,-9.547407,5.015051,0.154
4,21092030,3,395,7629,bike,7659,pedestrian,505.2,515.8,10.6,-9.914793,4.728885,-9.359368,5.155842,0.507
4,21092030,3,417,7617,pedestrian,7629,bike,514.6,516.2,1.6,-9.376372,5.18131,-9.305166,5.229882,2.719
4,21092030,3,415,7660,bike,7661,pedestrian,513.2,516.4,3.2,-9.611153,4.942673,-9.62157,4.935339,0.215
4,21092030,3,418,7587,pedestrian,7695,bike,515,517,2,-10.863049,4.061232,-10.765538,4.129888,0.438
4,21092030,3,416,7660,bike,7663,pedestrian,514.4,517.2,2.8,-9.684341,4.891143,-9.732981,4.856896,0.07
4,21092030,3,420,7606,pedestrian,7660,bike,517.2,518,0.8,-9.931167,4.717356,-9.950809,4.703527,4.601
4,21092030,3,419,7629,bike,7656,pedestrian,515.4,518.2,2.8,-9.247909,5.265983,-8.992946,5.426704,2.664
4,21092030,3,423,7681,car,7690,pedestrian,518.2,518.8,0.6,-5.996066,-1.612123,-6.034912,-1.555036,4.879
4,21092030,3,421,7587,pedestrian,7698,bike,517.8,519.4,1.6,-10.970552,3.985541,-10.87334,4.053986,0.301
4,21092030,3,424,7602,pedestrian,7695,bike,518.8,520.8,2,-10.286351,4.467276,-10.191712,4.53391,0.384
4,21092030,3,425,7639,pedestrian,7677,bike,519.4,521,1.6,-7.558421,6.435714,-7.489351,6.483519,2.616
4,21092030,3,426,7606,pedestrian,7695,bike,519.4,521.2,1.8,-10.202343,4.526425,-10.119548,4.58472,0.007
4,21092030,3,422,7651,pedestrian,7677,bike,518.2,521.6,3.4,-7.737655,6.311266,-7.409104,6.539222,2.594
4,21092030,3,427,7574,pedestrian,7695,bike,519.8,521.8,2,-10.129678,4.577588,-10.036285,4.643344,0.561
4,21092030,3,428,7602,pedestrian,7698,bike,521,522.6,1.6,-10.381023,4.400619,-10.286045,4.467492,0.458
4,21092030,3,429,7606,pedestrian,7698,bike,521.4,523,1.6,-10.300096,4.457599,-10.209849,4.52114,0.412
4,21092030,3,430,7574,pedestrian,7698,bike,521.8,523.6,1.8,-10.2239,4.511247,-10.110623,4.591004,0.077
4,21092030,3,431,7617,pedestrian,7695,bike,522.4,524.4,2,-9.733746,4.856358,-9.643883,4.919628,0.469
4,21092030,3,432,7648,pedestrian,7677,bike,523.6,525,1.4,-6.935994,6.865844,-6.880365,6.905401,2.58
4,21092030,3,433,7617,pedestrian,7698,bike,524,525.6,1.6,-9.818418,4.796741,-9.727155,4.860998,0.145
4,21092030,3,434,7654,pedestrian,7677,bike,524.2,525.8,1.6,-6.836439,6.93678,-6.77593,6.977811,2.594
4,21092030,3,436,7629,bike,7639,pedestrian,524.6,526.2,1.6,-7.830813,6.246578,-7.759537,6.295934,2.611
4,21092030,3,435,7663,pedestrian,7695,bike,524.4,527.4,3,-9.476693,5.111151,-9.198412,5.298136,2.672
4,21092030,3,442,7700,pedestrian,7702,car,527.8,528.4,0.6,-11.262244,-2.446061,-11.226016,-2.40453,4.134
4,21092030,3,438,7659,pedestrian,7695,bike,526.4,529.2,2.8,-9.146353,5.304769,-8.903747,5.426351,0.498
4,21092030,3,443,7602,pedestrian,7701,bike,528,529.8,1.8,-10.715402,4.165188,-10.629262,4.225838,0.008
4,21092030,3,445,7661,pedestrian,7698,bike,528.6,530,1.4,-9.022831,5.415787,-8.952961,5.464681,4.131
4,21092030,3,446,7629,bike,7648,pedestrian,528.6,530,1.4,-7.225713,6.666693,-7.167702,6.706842,2.608
4,21092030,3,441,7501,pedestrian,7678,car,527.8,530.2,2.4,-11.245818,2.720647,-11.528413,2.633286,0.825
4,21092030,3,444,7606,pedestrian,7701,bike,528.4,530.4,2,-10.641405,4.217288,-10.543169,4.286455,0.423
4,21092030,3,450,7629,bike,7654,pedestrian,529,530.6,1.6,-7.151085,6.718571,-7.088379,6.761909,2.659
4,21092030,3,448,7574,pedestrian,7701,bike,529,530.8,1.8,-10.558714,4.27551,-10.467843,4.339491,0.119
4,21092030,3,451,7692,pedestrian,7702,car,531.2,531.4,0.2,-10.455641,-2.145569,-10.455641,-2.145569,4.987
4,21092030,3,449,7629,bike,7651,pedestrian,529,532.4,3.4,-7.150788,6.718778,-6.816123,6.9487,2.619
4,21092030,3,453,7495,pedestrian,7681,car,532.4,532.8,0.4,-4.202834,0.982895,-4.182989,0.996542,4.932
4,21092030,3,452,7617,pedestrian,7701,bike,531.4,533.2,1.8,-10.19291,4.533067,-10.111016,4.590727,0.336
4,21092030,3,454,7632,pedestrian,7694,car,533.2,533.6,0.4,-5.101323,6.366083,-5.082744,6.342816,4.907
4,21092030,3,455,7577,pedestrian,7702,car,535,535.4,0.4,-9.687118,-1.610918,-9.672225,-1.600617,4.934
4,21092030,3,458,7676,pedestrian,7702,car,536.8,537.4,0.6,-9.321576,-1.356612,-9.271375,-1.321759,4.89
4,21092030,3,457,7609,pedestrian,7691,car,536.4,538.6,2.2,-3.582001,5.580786,-3.354138,5.427794,3.345
4,21092030,3,456,7639,pedestrian,7695,bike,535.8,539.2,3.4,-8.422489,5.835742,-8.437737,5.82501,2.583
4,21092030,3,460,7538,pedestrian,7681,car,538.6,539.2,0.6,-2.712759,2.026394,-2.673662,2.053267,4.453
4,21092030,3,459,7609,pedestrian,7693,car,537.4,539.6,2.2,-3.531018,5.549547,-3.305403,5.393083,3.353
4,21092030,3,461,7548,pedestrian,7681,car,539,539.6,0.6,-2.62472,2.087976,-2.581422,2.117722,4.415
4,21092030,3,462,7550,pedestrian,7681,car,539.2,539.8,0.6,-2.572375,2.124305,-2.537196,2.148249,4.402
4,21092030,3,463,7568,pedestrian,7681,car,539.6,540.2,0.6,-2.473675,2.192338,-2.437104,2.217125,4.401
4,21092030,3,467,7573,pedestrian,7681,car,540,540.6,0.6,-2.382292,2.255169,-2.346137,2.279668,4.363
4,21092030,3,410,7574,pedestrian,7660,bike,510.4,541,30.6,-9.361778,5.145981,-11.056414,3.925087,1.167
4,21092030,3,465,7606,pedestrian,7660,bike,539.6,541,1.4,-10.990729,3.971334,-11.064079,3.890645,2.686
4,21092030,3,469,7547,pedestrian,7681,car,540.4,541,0.6,-2.291117,2.317856,-2.255077,2.342275,4.333
4,21092030,3,470,7558,pedestrian,7681,car,540.8,541.4,0.6,-2.193335,2.385129,-2.15588,2.41053,4.32
4,21092030,3,468,7667,pedestrian,7691,car,540.2,542.2,2,-2.852361,5.141544,-2.768195,4.957069,1.062
4,21092030,3,473,7658,pedestrian,7681,car,541.4,542.6,1.2,-2.044496,2.487541,-1.89582,2.589244,4.277
4,21092030,3,471,7667,pedestrian,7693,car,540.8,542.8,2,-2.877032,5.137905,-2.769821,4.926892,0.625
4,21092030,3,464,7639,pedestrian,7698,bike,539.6,543.2,3.6,-8.620991,5.697907,-8.645314,5.680873,2.561
4,21092030,3,437,7661,pedestrian,7695,bike,526.4,543.4,17,-9.167818,5.318562,-8.107247,6.054636,2.562
4,21092030,3,472,7609,pedestrian,7694,car,541.4,543.4,2,-3.338359,5.4147,-3.133764,5.248318,3.45
4,21092030,3,476,7667,pedestrian,7694,car,543.8,545.2,1.4,-2.910143,5.026188,-2.830146,4.883479,3.797
4,21092030,3,474,7639,pedestrian,7701,bike,542,545.6,3.6,-8.741987,5.613887,-8.760345,5.600989,2.58
4,21092030,3,479,7486,pedestrian,7684,car,546,546.2,0.2,-6.114979,-1.435944,-6.114979,-1.435944,4.933
4,21092030,3,478,7684,car,7703,pedestrian,545.8,546.4,0.6,-6.10539,-1.449918,-6.133318,-1.408785,4.939
4,21092030,3,475,7648,pedestrian,7695,bike,543.6,546.8,3.2,-8.096829,6.061863,-8.114576,6.049395,2.575
4,21092030,3,480,7505,pedestrian,7684,car,546.4,546.8,0.4,-6.166782,-1.358829,-6.174734,-1.347324,4.98
4,21092030,3,477,7654,pedestrian,7695,bike,544.6,547.8,3.2,-8.045611,6.097428,-8.067627,6.081999,2.578
4,21092030,3,482,7632,pedestrian,7674,car,548,549.6,1.6,-4.451391,5.888513,-4.281745,5.812663,4.311
4,21092030,3,486,7530,pedestrian,7713,car,550,550.2,0.2,-6.216448,-1.285308,-6.216448,-1.285308,4.987
4,21092030,3,481,7648,pedestrian,7698,bike,547.4,550.8,3.4,-8.318529,5.907925,-8.341835,5.89159,2.568
4,21092030,3,487,7497,pedestrian,7713,car,550.6,551,0.4,-6.134878,-1.40648,-6.119914,-1.428444,4.957
4,21092030,3,483,7654,pedestrian,7698,bike,548.6,551.8,3.2,-8.274493,5.938498,-8.299407,5.921061,2.572
4,21092030,3,490,7505,pedestrian,7713,car,551.2,551.8,0.6,-6.052334,-1.529119,-6.019881,-1.576853,4.89
4,21092030,3,491,7486,pedestrian,7713,car,551.8,552.6,0.8,-5.968913,-1.65308,-5.921392,-1.722935,4.853
4,21092030,3,484,7648,pedestrian,7701,bike,549.4,552.8,3.4,-8.437095,5.8256,-8.464817,5.806203,2.566
4,21092030,3,492,7711,pedestrian,7713,car,552.6,553.2,0.6,-5.864491,-1.808103,-5.844806,-1.836594,4.792
4,21092030,3,488,7585,pedestrian,7695,bike,550.6,553.4,2.8,-7.724581,6.200967,-7.662431,6.289762,0.032
4,21092030,3,447,7656,pedestrian,7695,bike,528.8,554,25.2,-8.752704,5.533744,-7.550671,6.316962,0.478
4,21092030,3,489,7654,pedestrian,7701,bike,550.6,554,3.4,-8.393119,5.856133,-8.420841,5.836736,2.566
4,21092030,3,494,7713,car,7716,pedestrian,555,555.8,0.8,-5.546884,-2.279717,-5.514917,-2.32613,4.649
4,21092030,3,493,7661,pedestrian,7695,bike,554,557.6,3.6,-7.415874,6.534679,-7.047704,6.790142,2.608
4,21092030,3,496,7609,pedestrian,7674,car,556.6,558.4,1.8,-2.865139,5.127807,-2.717989,5.034811,2.684
4,21092030,3,497,7589,pedestrian,7674,car,557.2,558.8,1.6,-2.891379,4.980841,-2.781823,4.904747,2.873
4,21092030,3,500,7592,pedestrian,7674,car,557.8,558.8,1,-2.862205,4.907492,-2.797285,4.871458,4.382
4,21092030,3,495,7585,pedestrian,7698,bike,555.2,559.2,4,-7.953758,6.087756,-7.980102,6.069488,0.118
4,21092030,3,485,7705,pedestrian,7714,bike,549.6,559.4,9.8,-2.808563,8.409419,-3.467105,8.300748,0.903
4,21092030,3,501,7606,pedestrian,7687,car,557.8,559.8,2,-11.241791,2.79668,-11.445144,2.716931,2.621
4,21092030,3,499,7602,pedestrian,7687,car,557.6,560.2,2.6,-11.232715,2.742151,-11.517411,2.646541,0.381
4,21092030,3,498,7585,pedestrian,7701,bike,557.4,561.4,4,-8.073984,6.004387,-8.106067,5.982141,0.178
4,21092030,3,502,7677,bike,7705,pedestrian,558.8,562,3.2,-3.656567,8.322798,-3.691636,8.333891,0.204
4,21092030,3,439,7663,pedestrian,7698,bike,526.8,562.2,35.4,-9.363234,5.190231,-7.786398,6.203808,2.596
4,21092030,3,503,7651,pedestrian,7704,bike,561.2,562.6,1.4,-5.58387,8.291683,-5.664379,8.242223,2.245
4,21092030,3,440,7659,pedestrian,7698,bike,527.8,563.4,35.6,-9.125412,5.277547,-7.55612,6.331463,0.086
4,21092030,3,504,7629,bike,7705,pedestrian,561.4,564.6,3.2,-3.867831,8.392703,-3.899837,8.406077,0.253
4,21092030,3,506,7656,pedestrian,7706,car,563.8,564.6,0.8,-7.322404,5.910428,-7.365297,5.86372,4.738
4,21092030,3,505,7639,pedestrian,7717,bike,563.6,565.4,1.8,-9.805977,4.805501,-9.722553,4.864238,0.079
4,21092030,3,507,7684,car,7685,pedestrian,565.2,565.6,0.4,-4.391375,0.850807,-4.371054,0.864939,4.97
4,21092030,3,508,7659,pedestrian,7701,bike,566.4,567,0.6,-7.641929,6.176493,-7.605204,6.190024,4.849
4,21092030,3,509,7648,pedestrian,7717,bike,566.4,568,1.6,-9.410248,5.158722,-9.33326,5.201729,2.728
4,21092030,3,466,7663,pedestrian,7701,bike,539.8,568.2,28.4,-8.871199,5.449765,-7.557806,6.321539,0.423
4,21092030,3,510,7654,pedestrian,7717,bike,566.8,568.2,1.4,-9.351748,5.197814,-9.295842,5.235735,2.666
4,21092030,3,512,7661,pedestrian,7704,bike,567.2,568.6,1.4,-6.599437,7.383569,-6.62184,7.300359,2.428
4,21092030,3,513,7538,pedestrian,7684,car,568.2,568.6,0.4,-3.918587,1.181895,-3.907177,1.189707,4.837
4,21092030,3,511,7576,pedestrian,7720,car,567,569,2,-2.625319,8.154178,-2.829797,8.123942,0.816
4,21092030,3,514,7548,pedestrian,7684,car,568.6,569.2,0.6,-3.844505,1.233872,-3.819853,1.250794,4.794
4,21092030,3,516,7550,pedestrian,7684,car,569.2,569.8,0.6,-3.759501,1.293315,-3.734522,1.310468,4.769
4,21092030,3,517,7568,pedestrian,7684,car,569.6,570.2,0.6,-3.679435,1.349535,-3.659276,1.363271,4.764
4,21092030,3,519,7547,pedestrian,7684,car,570.2,570.8,0.6,-3.594773,1.408735,-3.574774,1.422358,4.715
4,21092030,3,515,7661,pedestrian,7698,bike,568.8,571.2,2.4,-6.615412,7.331149,-6.475349,7.622916,2.75
4,21092030,3,521,7573,pedestrian,7684,car,570.8,571.4,0.6,-3.510476,1.467676,-3.486119,1.484389,4.709
4,21092030,3,518,7585,pedestrian,7717,bike,570,571.8,1.8,-8.787287,5.509764,-8.706647,5.565681,0.493
4,21092030,3,522,7558,pedestrian,7684,car,571.2,572,0.8,-3.434808,1.520778,-3.400578,1.544212,4.685
4,21092030,3,524,7716,pedestrian,7723,car,572.2,572.8,0.6,-5.967336,-1.655425,-5.948579,-1.682633,4.849
4,21092030,3,525,7718,pedestrian,7723,car,572.8,573.2,0.4,-5.90357,-1.749936,-5.894191,-1.76354,4.831
4,21092030,3,520,7651,pedestrian,7695,bike,570.6,573.8,3.2,-5.217737,8.567319,-4.920843,8.803107,2.605
4,21092030,3,526,7719,pedestrian,7723,car,573.2,573.8,0.6,-5.849851,-1.829835,-5.832432,-1.855026,4.786
4,21092030,3,528,7721,pedestrian,7723,car,573.8,574.2,0.4,-5.789097,-1.919805,-5.780788,-1.931797,4.78
4,21092030,3,523,7576,pedestrian,7677,bike,571.2,574.6,3.4,-2.917766,8.337008,-2.900792,8.347363,0.013
4,21092030,3,527,7695,bike,7705,pedestrian,573.2,576,2.8,-4.767283,8.785994,-4.756311,8.85911,0.07
4,21092030,3,530,7663,pedestrian,7702,car,575,576.8,1.8,-7.509704,5.88281,-7.32093,5.955067,1.772
4,21092030,3,532,7698,bike,7705,pedestrian,578.2,579.4,1.2,-5.045565,8.705787,-4.991044,8.748126,2.666
4,21092030,3,529,7576,pedestrian,7629,bike,574.4,580.6,6.2,-3.081973,8.342404,-2.820482,8.404098,1.078
4,21092030,3,533,7682,pedestrian,7684,car,578.4,580.6,2.2,-2.298327,2.312991,-2.080239,2.462405,4.313
4,21092030,3,534,7597,pedestrian,7709,car,579,580.8,1.8,-3.249711,5.351383,-3.178168,5.288821,3.477
4,21092030,3,536,7608,pedestrian,7709,car,579.6,581.4,1.8,-3.171598,5.295728,-3.10408,5.221653,3.207
4,21092030,3,537,7597,pedestrian,7710,car,579.8,581.4,1.6,-3.269189,5.365437,-3.204083,5.313512,3.45
4,21092030,3,531,7661,pedestrian,7701,bike,577.8,581.6,3.8,-6.240991,7.823446,-5.8529,8.10567,1.951
4,21092030,3,538,7608,pedestrian,7710,car,580.4,582.2,1.8,-3.187302,5.307034,-3.125864,5.240185,3.338
4,21092030,3,541,7607,pedestrian,7709,car,581.8,583.2,1.4,-2.817102,5.139643,-2.723332,5.085388,4.418
4,21092030,3,540,7632,pedestrian,7709,car,581.4,583.8,2.4,-2.896427,5.121327,-2.718772,5.027332,2.062
4,21092030,3,539,7651,pedestrian,7714,bike,580.4,584.2,3.8,-4.556315,8.749309,-4.541283,8.741047,0.001
4,21092030,3,542,7632,pedestrian,7710,car,582.4,584.2,1.8,-2.8646,5.131298,-2.709486,5.035126,2.865
4,21092030,3,544,7701,bike,7705,pedestrian,583.4,584.8,1.4,-5.398927,8.429121,-5.347224,8.46397,2.557
4,21092030,3,543,7585,pedestrian,7704,bike,583.2,585.6,2.4,-9.303553,5.2309,-9.534599,5.025089,2.006
4,21092030,3,546,7661,pedestrian,7714,bike,589.8,591.4,1.6,-5.330756,8.477234,-5.384428,8.440109,2.603
4,21092030,3,548,7706,car,7730,pedestrian,591.2,591.8,0.6,-11.497578,2.569958,-11.537124,2.550004,4.866
4,21092030,3,547,7705,pedestrian,7717,bike,590.8,592.2,1.4,-5.916534,8.062329,-5.864473,8.098144,1.837
4,21092030,3,549,7713,car,7729,pedestrian,592.6,593.4,0.8,-5.931001,-1.708722,-5.980898,-1.635287,4.851
4,21092030,3,551,7597,pedestrian,7720,car,593.4,594.4,1,-3.797949,5.711576,-3.740447,5.671059,3.929
4,21092030,3,552,7608,pedestrian,7720,car,593.8,594.8,1,-3.712652,5.660049,-3.663993,5.625137,3.794
4,21092030,3,553,7597,pedestrian,7702,car,594.6,595.4,0.8,-3.841622,5.733348,-3.794095,5.694618,4.316
4,21092030,3,555,7608,pedestrian,7702,car,595,595.8,0.8,-3.76466,5.690575,-3.722268,5.66048,3.913
4,21092030,3,557,7627,pedestrian,7684,car,596.8,598.8,2,-2.736435,5.00723,-2.800782,5.180466,2.773
4,21092030,3,558,7612,pedestrian,7684,car,596.8,599,2.2,-2.721972,5.027064,-2.783608,5.217101,1.849
4,21092030,3,554,7705,pedestrian,7714,bike,595,599.4,4.4,-6.061211,7.959264,-6.471448,7.618888,2.215
4,21092030,3,545,7654,pedestrian,7704,bike,589,599.8,10.8,-10.354742,4.419123,-11.042115,3.935154,1.326
4,21092030,3,563,7648,pedestrian,7704,bike,599,599.8,0.8,-11.012591,3.93354,-11.060144,3.882799,3.531
4,21092030,3,560,7612,pedestrian,7720,car,598.2,599.8,1.6,-2.858035,5.134747,-2.722091,5.043544,3.034
4,21092030,3,561,7627,pedestrian,7720,car,598.2,600,1.8,-2.878132,5.119531,-2.716053,5.020685,1.989
4,21092030,3,562,7626,pedestrian,7720,car,598.4,600.2,1.8,-2.909662,5.029457,-2.770942,4.940296,1.696
4,21092030,3,564,7635,pedestrian,7720,car,599,600.2,1.2,-2.883165,4.940779,-2.795356,4.887868,3.806
4,21092030,3,566,7612,pedestrian,7702,car,599.2,600.4,1.2,-2.829165,5.143423,-2.724227,5.069118,4.002
4,21092030,3,567,7627,pedestrian,7702,car,599.2,600.6,1.4,-2.847063,5.129885,-2.717639,5.043762,3.203
4,21092030,3,565,7626,pedestrian,7702,car,599.2,601,1.8,-2.907577,5.059295,-2.755565,4.954038,0.849
4,21092030,3,568,7635,pedestrian,7702,car,599.6,601,1.4,-2.894839,4.979823,-2.780828,4.90463,2.895
4,21092030,3,559,7651,pedestrian,7731,bike,598,601.2,3.2,-3.496892,8.300232,-3.517091,8.301592,0.294
4,21092030,3,570,7597,pedestrian,7725,car,601.6,602.2,0.6,-4.185359,5.77789,-4.150971,5.773869,4.577
4,21092030,3,571,7608,pedestrian,7725,car,602,602.6,0.6,-4.086954,5.764714,-4.057087,5.761731,4.652
4,21092030,3,569,7633,pedestrian,7695,bike,600.6,605.6,5,-3.123833,8.339658,-2.853701,8.421829,3.39
4,21092030,3,550,7651,pedestrian,7695,bike,593,607.6,14.6,-3.807804,8.370707,-2.908923,8.362,3.786
4,21092030,3,573,7658,pedestrian,7725,car,608.2,609.4,1.2,-2.988718,5.094288,-2.937998,5.040369,3.238
4,21092030,3,576,7638,pedestrian,7725,car,609.8,610.2,0.4,-2.833992,4.878042,-2.815802,4.869345,4.847
4,21092030,3,574,7636,pedestrian,7725,car,608.6,610.4,1.8,-2.899269,5.02914,-2.763042,4.939401,1.527
4,21092030,3,575,7643,pedestrian,7725,car,608.8,610.4,1.6,-2.895479,4.989446,-2.770307,4.92384,2.311
4,21092030,3,535,7651,pedestrian,7698,bike,579,611.4,32.4,-4.832299,8.783111,-2.799672,8.41621,1.73
4,21092030,3,572,7661,pedestrian,7731,bike,608,611.4,3.4,-4.242496,8.576831,-4.26566,8.589562,0.08
4,21092030,3,577,7703,pedestrian,7713,car,613,613.8,0.8,-3.754807,1.296683,-3.682937,1.346619,4.77
4,21092030,3,578,7495,pedestrian,7723,car,616.4,616.8,0.4,-5.808092,-1.891334,-5.817315,-1.877965,4.79
4,21092030,3,579,7723,car,7737,pedestrian,617.2,618,0.8,-5.907943,-1.74297,-5.956222,-1.671801,4.842
4,21092030,3,580,7723,car,7735,pedestrian,618.4,619,0.6,-6.047161,-1.536337,-6.077273,-1.492017,4.907
4,21092030,3,581,7696,pedestrian,7713,car,619,620.4,1.4,-2.591306,2.111205,-2.446223,2.210716,4.386
4,21092030,3,583,7701,bike,7727,pedestrian,620.2,620.8,0.6,-2.783807,8.43084,-2.778243,8.426622,4.234
4,21092030,3,582,7690,pedestrian,7713,car,619.8,621.2,1.4,-2.441878,2.214213,-2.298538,2.312261,4.356
4,21092030,3,584,7597,pedestrian,7734,car,621.6,622.4,0.8,-4.951739,6.230088,-4.908285,6.18558,4.229
4,21092030,3,586,7608,pedestrian,7734,car,622,622.8,0.8,-4.870252,6.16268,-4.823502,6.122231,3.966
4,21092030,3,587,7656,pedestrian,7734,car,622.2,623.6,1.4,-4.823127,6.124391,-4.674224,6.017975,3.947
4,21092030,3,585,7661,pedestrian,7739,bike,622,625.2,3.2,-3.401803,8.294315,-3.422116,8.294959,0.142
4,21092030,3,589,7609,pedestrian,7713,car,624.4,625.2,0.8,-1.560702,2.820727,-1.520658,2.855166,4.364
4,21092030,3,588,7685,pedestrian,7713,car,624,625.4,1.4,-1.626394,2.775181,-1.487507,2.880392,4.298
4,21092030,3,590,7592,pedestrian,7713,car,624.8,625.6,0.8,-1.482151,2.879679,-1.44107,2.914838,4.51
4,21092030,3,591,7658,pedestrian,7734,car,625.6,626,0.4,-4.043203,5.759372,-4.025164,5.757534,4.698
4,21092030,3,593,7717,bike,7727,pedestrian,626.2,630.8,4.6,-3.029009,8.380198,-2.968461,8.34826,0.585
4,21092030,3,556,7661,pedestrian,7717,bike,596,631.2,35.2,-5.103649,8.658992,-2.869104,8.383731,1.915
4,21092030,3,594,7661,pedestrian,7743,bike,627.8,631.6,3.8,-3.029397,8.345495,-2.977206,8.395831,0.355
4,21092030,3,595,7676,pedestrian,7726,car,631.4,632.8,1.4,-10.515873,2.997139,-10.610463,2.922331,3.161
4,21092030,3,596,7661,pedestrian,7747,bike,632.4,633.6,1.2,-2.814853,8.406443,-2.821499,8.425858,2.78
4,21092030,3,598,7749,pedestrian,7751,car,636.8,637,0.2,-11.206348,-2.640044,-11.206348,-2.640044,4.739
4,21092030,3,599,7750,pedestrian,7751,car,636.8,637.4,0.6,-11.224886,-2.571776,-11.180221,-2.554903,1.872
4,21092030,3,600,7585,pedestrian,7726,car,637,637.8,0.8,-11.480172,2.58741,-11.540714,2.550234,4.676
4,21092030,3,601,7705,pedestrian,7731,bike,638.4,641,2.6,-8.797985,5.574859,-9.119321,5.350949,2.579
4,21092030,3,602,7741,pedestrian,7751,car,641,641.4,0.4,-10.273602,-2.018933,-10.247153,-2.000567,4.967
4,21092030,3,603,7641,pedestrian,7751,car,643.8,644,0.2,-9.693321,-1.615242,-9.693321,-1.615242,4.921
4,21092030,3,604,7711,pedestrian,7723,car,644.4,645.8,1.4,-2.983407,1.836895,-2.850964,1.928957,4.506
4,21092030,3,606,7738,pedestrian,7751,car,646.8,647.4,0.6,-9.055425,-1.171432,-9.000237,-1.133104,4.872
4,21092030,3,597,7727,pedestrian,7747,bike,634.8,647.6,12.8,-3.130469,8.339757,-3.608712,8.307584,1.945
4,21092030,3,605,7609,pedestrian,7723,car,646.6,647.6,1,-2.596853,2.107364,-2.546224,2.141893,4.397
4,21092030,3,607,7592,pedestrian,7723,car,647.2,648,0.8,-2.50707,2.169316,-2.469009,2.195083,4.416
4,21092030,3,609,7588,pedestrian,7723,car,648,649,1,-2.353907,2.274756,-2.305065,2.307789,4.344
4,21092030,3,608,7626,pedestrian,7713,car,647.6,649.2,1.6,-2.490607,7.415141,-2.370594,7.541494,2.733
4,21092030,3,610,7601,pedestrian,7723,car,648.6,649.4,0.8,-2.264352,2.336264,-2.226238,2.362068,4.361
4,21092030,3,611,7624,pedestrian,7723,car,649,650,1,-2.18657,2.389817,-2.13674,2.423536,4.308
4,21092030,3,612,7676,pedestrian,7731,bike,649.8,650.4,0.6,-10.987236,3.919249,-11.032846,3.901784,2.282
4,21092030,3,614,7547,pedestrian,7753,car,651.4,651.8,0.4,-6.217564,-1.28371,-6.200842,-1.308334,4.994
4,21092030,3,613,7703,pedestrian,7723,car,650.4,652,1.6,-1.946911,2.554643,-1.791456,2.661023,4.245
4,21092030,3,616,7568,pedestrian,7753,car,652.2,652.4,0.2,-6.119863,-1.428643,-6.119863,-1.428643,4.935
4,21092030,3,615,7607,pedestrian,7723,car,652.2,653.2,1,-1.622663,2.777746,-1.573712,2.815493,4.209
4,21092030,3,617,7573,pedestrian,7753,car,652.8,653.4,0.6,-6.036497,-1.552548,-6.005059,-1.598772,4.897
4,21092030,3,618,7632,pedestrian,7723,car,652.8,653.6,0.8,-1.531645,2.842742,-1.496491,2.873139,4.405
4,21092030,3,619,7550,pedestrian,7753,car,653.4,654,0.6,-5.954616,-1.674216,-5.92577,-1.716532,4.839
4,21092030,3,620,7548,pedestrian,7753,car,654,654.8,0.8,-5.872823,-1.795752,-5.824093,-1.867457,4.786
4,21092030,3,622,7538,pedestrian,7753,car,654.8,655.6,0.8,-5.775201,-1.940564,-5.728043,-2.009899,4.744
4,21092030,3,623,7753,car,7756,pedestrian,656.4,657,0.6,-5.563314,-2.255272,-5.543741,-2.283613,4.639
4,21092030,3,621,7727,pedestrian,7747,bike,654.4,659.8,5.4,-3.866747,8.392423,-4.050562,8.471341,2.969
4,21092030,3,624,7705,pedestrian,7762,bike,670.6,671.4,0.8,-11.055114,3.926002,-11.016593,3.940405,0.559
4,21092030,3,625,7682,pedestrian,7754,car,673.2,674.2,1,-4.721234,6.048967,-4.657825,6.006557,3.98
4,21092030,3,626,7727,pedestrian,7747,bike,676.2,676.4,0.2,-4.616853,8.782581,-4.616853,8.782581,4.985
4,21092030,3,592,7727,pedestrian,7743,bike,626.2,680,53.8,-2.871567,8.379607,-4.892635,8.807266,0.067
4,21092030,3,627,7727,pedestrian,7747,bike,676.6,681.2,4.6,-4.632178,8.791004,-4.920794,8.805309,2.274
4,21092030,3,628,7697,pedestrian,7739,bike,680.4,681.8,1.4,-10.694889,3.227542,-10.608477,3.190887,3.564
4,21092030,3,629,7663,pedestrian,7754,car,680.4,682,1.6,-3.06692,5.186724,-2.921479,5.021155,3.197
4,21092030,3,630,7666,pedestrian,7754,car,681,682.6,1.6,-2.914178,5.064159,-2.771856,4.962111,0.942
4,21092030,3,631,7659,pedestrian,7754,car,681,682.6,1.6,-2.964924,5.065557,-2.817342,4.902051,3.374
4,21092030,3,632,7669,pedestrian,7754,car,681.2,682.8,1.6,-2.908185,5.019238,-2.764559,4.924552,1.941
4,21092030,3,635,7658,pedestrian,7751,car,683.4,684,0.6,-7.389448,5.850009,-7.34822,5.879021,4.738
4,21092030,3,634,7608,pedestrian,7751,car,683.4,684.4,1,-7.390408,5.85139,-7.32259,5.930473,4.225
4,21092030,3,633,7597,pedestrian,7751,car,683.2,684.6,1.4,-7.424869,5.856806,-7.314238,5.962726,3.286
4,21092030,3,636,7597,pedestrian,7762,bike,690.8,691.4,0.6,-7.591167,6.202307,-7.562786,6.233343,4.782
4,21092030,3,637,7753,car,7766,pedestrian,694.6,695.2,0.6,-5.916809,-1.729777,-5.947976,-1.683961,4.842
4,21092030,3,638,7597,pedestrian,7769,bike,698,699.6,1.6,-7.836006,6.169408,-7.73081,6.242353,0.438
4,21092030,3,647,7739,bike,7752,pedestrian,699.4,700,0.6,-8.190826,-0.296476,-8.172147,-0.320678,4.578
4,21092030,3,639,7658,pedestrian,7769,bike,698.2,700.2,2,-7.790634,6.20087,-7.636416,6.307798,0.234
4,21092030,3,640,7739,bike,7749,pedestrian,698.4,700.2,1.8,-8.182362,-0.079713,-8.025964,-0.198651,2.4
4,21092030,3,641,7608,pedestrian,7769,bike,698.4,700.2,1.8,-7.740806,6.210172,-7.62085,6.318592,0.422
4,21092030,3,645,7597,pedestrian,7743,bike,699.2,701.8,2.6,-7.708642,6.257722,-7.796157,6.197041,3.364
4,21092030,3,648,7597,pedestrian,7747,bike,700,701.8,1.8,-7.736232,6.238592,-7.796157,6.197041,3.778
4,21092030,3,649,7685,pedestrian,7760,car,700.4,701.8,1.4,-3.106224,5.232958,-3.035959,5.156555,3.046
4,21092030,3,646,7658,pedestrian,7747,bike,699.4,704.4,5,-7.610026,6.326095,-7.794983,6.197855,1.01
4,21092030,3,650,7739,bike,7755,pedestrian,703.4,704.8,1.4,-8.427714,-0.871983,-8.507666,-0.927789,0.121
4,21092030,3,651,7685,pedestrian,7751,car,704.4,705.6,1.2,-3.288716,5.379282,-3.212033,5.320792,3.466
4,21092030,3,652,7727,pedestrian,7762,bike,704.4,706.2,1.8,-5.647868,8.253603,-5.535742,8.324832,2.256
4,21092030,3,654,7746,pedestrian,7762,bike,706.2,707.8,1.6,-5.347673,8.468407,-5.266742,8.528675,2.649
4,21092030,3,653,7690,pedestrian,7751,car,706.2,708,1.8,-2.88492,5.121689,-2.77605,4.937111,0.133
4,21092030,3,655,7679,pedestrian,7751,car,707,708,1,-2.878791,4.936548,-2.801668,4.882081,3.963
4,21092030,3,657,7778,pedestrian,7779,car,709,709.4,0.4,-5.890829,-1.769027,-5.881308,-1.78276,4.807
4,21092030,3,658,7727,pedestrian,7769,bike,710.6,712.2,1.6,-5.838526,8.120337,-5.726449,8.192723,1.988
4,21092030,3,661,7607,pedestrian,7753,car,712.6,712.8,0.2,-4.303539,0.912351,-4.303539,0.912351,4.948
4,21092030,3,659,7746,pedestrian,7769,bike,711.8,713.2,1.4,-5.614138,8.276461,-5.528264,8.330308,2.287
4,21092030,3,662,7632,pedestrian,7753,car,713,713.4,0.4,-4.22147,0.969875,-4.207642,0.979343,4.95
4,21092030,3,660,7739,bike,7767,pedestrian,712.6,714.4,1.8,-10.203394,-2.111404,-10.327535,-2.198054,0.07
4,21092030,3,663,7739,bike,7772,pedestrian,713.2,714.8,1.6,-10.302004,-2.180233,-10.411368,-2.256569,0.314
4,21092030,3,666,7612,pedestrian,7753,car,715.8,716.2,0.4,-3.700587,1.334533,-3.686256,1.344358,4.772
4,21092030,3,665,7685,pedestrian,7771,car,715.6,716.6,1,-3.833816,5.732527,-3.776919,5.683572,4.189
4,21092030,3,667,7627,pedestrian,7753,car,716.2,716.8,0.6,-3.620191,1.390871,-3.589847,1.411713,4.738
4,21092030,3,664,7739,bike,7780,pedestrian,715.6,717,1.4,-10.765573,-2.503804,-10.83939,-2.555328,0.024
4,21092030,3,668,7635,pedestrian,7753,car,716.6,717.2,0.6,-3.538769,1.447937,-3.507769,1.469244,4.699
4,21092030,3,669,7636,pedestrian,7753,car,717.6,718.2,0.6,-3.347102,1.58217,-3.318788,1.601572,4.636
4,21092030,3,670,7643,pedestrian,7753,car,718,718.6,0.6,-3.267533,1.637921,-3.241532,1.655683,4.616
4,21092030,3,673,7745,pedestrian,7787,car,718.6,718.8,0.2,-11.595136,2.557362,-11.595136,2.557362,4.616
4,21092030,3,671,7638,pedestrian,7753,car,718.4,719.2,0.8,-3.187091,1.694292,-3.14547,1.722792,4.621
4,21092030,3,672,7690,pedestrian,7771,car,718.6,719.8,1.2,-3.239796,5.344526,-3.172402,5.284307,3.467
4,21092030,3,674,7697,pedestrian,7787,car,718.8,720,1.2,-11.536317,2.617023,-11.433966,2.625489,2.607
4,21092030,3,676,7703,pedestrian,7771,car,720.8,722,1.2,-2.775171,5.114974,-2.716672,5.010554,3.658
4,21092030,3,675,7746,pedestrian,7770,bike,720.8,723,2.2,-5.907468,8.068261,-6.120369,7.911525,1.912
4,21092030,3,656,7765,pedestrian,7782,bike,708.4,723.2,14.8,-2.816612,8.405611,-3.486126,8.302194,0.945
4,21092030,3,678,7737,pedestrian,7753,car,722.4,723.6,1.2,-2.430316,2.222184,-2.325856,2.293505,4.367
4,21092030,3,677,7727,pedestrian,7770,bike,721.4,723.8,2.4,-6.024608,7.985919,-6.257407,7.811523,2.065
4,21092030,3,679,7735,pedestrian,7753,car,723,724.4,1.4,-2.319131,2.298646,-2.179371,2.394232,4.326
4,21092030,3,680,7729,pedestrian,7753,car,723.8,725,1.2,-2.171925,2.399874,-2.05717,2.478341,4.317
4,21092030,3,682,7719,pedestrian,7753,car,724.4,725.8,1.4,-2.050946,2.483134,-1.915444,2.575764,4.269
4,21092030,3,683,7718,pedestrian,7753,car,725.2,726.4,1.2,-1.909825,2.580138,-1.798351,2.656327,4.247
4,21092030,3,684,7721,pedestrian,7753,car,725.8,727.2,1.4,-1.79067,2.662132,-1.655459,2.754645,4.22
4,21092030,3,685,7716,pedestrian,7753,car,726.4,727.8,1.4,-1.67234,2.743553,-1.540697,2.840841,4.188
4,21092030,3,681,7762,bike,7765,pedestrian,724.4,728.2,3.8,-3.785768,8.36372,-3.765692,8.357355,0.041
4,21092030,3,642,7608,pedestrian,7743,bike,698.4,729.2,30.8,-7.565682,6.331591,-8.758316,5.529853,0
4,21092030,3,691,7608,pedestrian,7743,bike,729.6,729.8,0.2,-8.795377,5.504154,-8.795377,5.504154,4.847
4,21092030,3,689,7685,pedestrian,7781,car,729.4,730.2,0.8,-4.5874,5.959996,-4.528766,5.92855,4.1
4,21092030,3,693,7608,pedestrian,7743,bike,730.2,730.6,0.4,-8.831949,5.47786,-8.837911,5.473725,4.601
4,21092030,3,686,7765,pedestrian,7769,bike,727.4,730.8,3.4,-3.937028,8.421642,-3.907866,8.409217,0.014
4,21092030,3,688,7746,pedestrian,7774,bike,729.2,731.6,2.4,-6.168357,7.881247,-6.380637,7.710925,2.196
4,21092030,3,694,7608,pedestrian,7743,bike,731.4,731.8,0.4,-8.903279,5.426619,-8.909241,5.422485,4.634
4,21092030,3,692,7727,pedestrian,7774,bike,730,732.2,2.2,-6.300391,7.785038,-6.475585,7.613247,2.351
4,21092030,3,690,7743,bike,7764,pedestrian,729.4,732.6,3.2,-8.996861,5.432103,-9.034846,5.334873,0.042
4,21092030,3,695,7690,pedestrian,7781,car,732,732.6,0.6,-3.894537,5.740336,-3.853934,5.724632,4.746
4,21092030,3,643,7658,pedestrian,7743,bike,698.6,733.2,34.6,-7.612264,6.324544,-9.133424,5.280699,0
4,21092030,3,687,7597,pedestrian,7743,bike,727.8,733.2,5.4,-8.806902,5.495956,-9.147845,5.299693,0.376
4,21092030,3,696,7747,bike,7764,pedestrian,732.2,734.8,2.6,-8.86748,5.45239,-8.889008,5.437291,0.27
4,21092030,3,699,7703,pedestrian,7781,car,734.8,736,1.2,-3.222468,5.332032,-3.142827,5.255847,3.483
4,21092030,3,644,7608,pedestrian,7747,bike,699.2,736.4,37.2,-7.591612,6.338863,-9.140759,5.30387,0
4,21092030,3,697,7658,pedestrian,7747,bike,732.6,736.6,4,-8.940095,5.400262,-9.197619,5.299031,2.659
4,21092030,3,698,7597,pedestrian,7747,bike,733,736.8,3.8,-8.982941,5.41377,-9.246747,5.266738,2.679
4,21092030,3,701,7711,pedestrian,7781,car,736.6,737.6,1,-2.781219,5.116541,-2.722827,5.020792,3.538
4,21092030,3,703,7711,pedestrian,7753,car,738,739.8,1.8,-2.667154,5.024572,-2.809249,5.146017,2.128
4,21092030,3,704,7762,bike,7783,pedestrian,738.6,740.6,2,-2.867262,8.417407,-2.856005,8.389399,2.203
4,21092030,3,708,7609,pedestrian,7795,car,740.4,740.6,0.2,-6.188547,-1.326618,-6.188547,-1.326618,4.98
4,21092030,3,702,7764,pedestrian,7770,bike,737.8,740.8,3,-8.533377,5.685832,-8.52698,5.690267,0.004
4,21092030,3,705,7746,pedestrian,7776,bike,739.4,741.6,2.2,-6.468979,7.628838,-6.597829,7.416357,2.728
4,21092030,3,706,7727,pedestrian,7776,bike,740,742.2,2.2,-6.540956,7.520287,-6.622883,7.296715,2.33
4,21092030,3,707,7769,bike,7783,pedestrian,740.4,743.8,3.4,-2.982326,8.394386,-2.949949,8.349236,0.958
4,21092030,3,709,7764,pedestrian,7774,bike,743,744.8,1.8,-8.195956,5.919809,-8.284334,5.858525,0.109
4,21092030,3,700,7682,pedestrian,7770,bike,735.8,746.8,11,-8.334774,5.823548,-9.130426,5.310178,0.21
4,21092030,3,713,7609,pedestrian,7779,car,747.6,748,0.4,-5.956034,-1.671654,-5.966648,-1.656274,4.888
4,21092030,3,715,7592,pedestrian,7779,car,748,748.4,0.4,-6.010765,-1.590401,-6.021049,-1.575518,4.917
4,21092030,3,716,7588,pedestrian,7779,car,748.6,748.8,0.2,-6.079393,-1.488819,-6.079393,-1.488819,4.921
4,21092030,3,717,7601,pedestrian,7779,car,749,749.2,0.2,-6.139217,-1.399889,-6.139217,-1.399889,4.947
4,21092030,3,719,7624,pedestrian,7779,car,749.4,749.6,0.2,-6.196419,-1.314911,-6.196419,-1.314911,4.988
4,21092030,3,714,7682,pedestrian,7774,bike,747.8,750.6,2.8,-9.032979,5.411213,-9.34071,5.205072,2.652
4,21092030,3,718,7764,pedestrian,7776,bike,749.4,751.2,1.8,-7.803162,6.192183,-7.887552,6.133665,0.023
4,21092030,3,720,7743,bike,7775,car,749.4,751.4,2,-10.47459,3.325641,-10.475682,3.041553,1.095
4,21092030,3,712,7597,pedestrian,7770,bike,747.4,751.8,4.4,-9.425665,5.072487,-9.582,4.963199,1.934
4,21092030,3,723,7597,pedestrian,7774,bike,751,751.8,0.8,-9.567542,4.973379,-9.582,4.963199,4.485
4,21092030,3,711,7658,pedestrian,7770,bike,747,754.4,7.4,-9.358638,5.159105,-9.580832,4.964022,0
4,21092030,3,722,7658,pedestrian,7774,bike,750.2,754.4,4.2,-9.432601,5.067832,-9.580832,4.964022,1.827
4,21092030,3,727,7690,pedestrian,7792,car,756,756.6,0.6,-5.043885,6.309791,-5.021239,6.283726,4.562
4,21092030,3,710,7608,pedestrian,7770,bike,746.8,757,10.2,-9.326685,5.216085,-9.577581,4.966311,0
4,21092030,3,728,7624,pedestrian,7801,car,756.4,757,0.6,-5.98776,-1.624913,-5.953346,-1.675561,4.862
4,21092030,3,729,7796,pedestrian,7801,car,756.6,757,0.4,-5.957958,-1.669219,-5.948127,-1.683426,4.876
4,21092030,3,733,7690,pedestrian,7787,car,757.2,757.6,0.4,-5.085853,6.353871,-5.075719,6.33744,4.803
4,21092030,3,726,7597,pedestrian,7799,bike,756,757.8,1.8,-9.930915,4.717534,-9.824558,4.792418,0.162
4,21092030,3,731,7601,pedestrian,7801,car,757,757.8,0.8,-5.900727,-1.754256,-5.849681,-1.829362,4.814
4,21092030,3,734,7775,car,7804,pedestrian,757.4,758,0.6,-11.548072,2.574614,-11.587553,2.55027,3.778
4,21092030,3,730,7658,pedestrian,7799,bike,756.6,758.2,1.6,-9.840237,4.781378,-9.761757,4.836635,0.302
4,21092030,3,735,7588,pedestrian,7801,car,757.6,758.4,0.8,-5.815001,-1.881629,-5.764596,-1.955769,4.756
4,21092030,3,732,7608,pedestrian,7799,bike,757,758.6,1.6,-9.762886,4.83584,-9.684438,4.891075,0.438
4,21092030,3,737,7592,pedestrian,7801,car,758.4,759.2,0.8,-5.711927,-2.034539,-5.661842,-2.108195,4.719
4,21092030,3,736,7682,pedestrian,7799,bike,758,759.6,1.6,-9.597372,4.952376,-9.520624,5.006413,0.436
4,21092030,3,739,7703,pedestrian,7792,car,758.8,759.6,0.8,-4.485018,5.904597,-4.437553,5.885301,4.206
4,21092030,3,740,7609,pedestrian,7801,car,759,760,1,-5.625547,-2.162897,-5.558768,-2.261105,4.652
4,21092030,3,742,7703,pedestrian,7787,car,759.8,760.6,0.8,-4.535782,5.929066,-4.483611,5.907202,4.109
4,21092030,3,741,7682,pedestrian,7776,bike,759.8,760.8,1,-9.539857,4.992871,-9.580551,4.96422,3.908
4,21092030,3,743,7597,pedestrian,7774,bike,760.6,761.4,0.8,-9.934707,4.714863,-9.95001,4.704089,4.447
4,21092030,3,745,7608,pedestrian,7770,bike,762.6,762.8,0.2,-9.7934,4.814356,-9.7934,4.814356,4.988
4,21092030,3,744,7711,pedestrian,7792,car,762,763,1,-3.781622,5.70175,-3.725584,5.662433,3.898
4,21092030,3,746,7711,pedestrian,7787,car,762.8,763.8,1,-3.821261,5.725884,-3.761493,5.675931,4.08
4,21092030,3,738,7658,pedestrian,7774,bike,758.6,764,5.4,-9.766497,4.833298,-9.950576,4.703691,1.679
4,21092030,3,721,7608,pedestrian,7774,bike,749.8,766.6,16.8,-9.375102,5.121924,-9.947325,4.70598,0
4,21092030,3,747,7608,pedestrian,7770,bike,763.2,766.6,3.4,-9.825443,4.791795,-9.947325,4.70598,2.617
4,21092030,3,749,7608,pedestrian,7776,bike,764.4,766.6,2.2,-9.865513,4.763582,-9.947325,4.70598,3.307
4,21092030,3,750,7669,pedestrian,7809,bike,765.8,766.8,1,-2.789422,8.418477,-2.793258,8.429063,3.533
4,21092030,3,751,7743,bike,7761,pedestrian,766.2,767.2,1,-8.796474,0.588526,-8.768121,0.548302,4.186
4,21092030,3,756,7692,pedestrian,7792,car,766.8,768,1.2,-2.81908,5.129845,-2.721765,5.059578,3.758
4,21092030,3,754,7728,pedestrian,7792,car,766.6,768.2,1.6,-2.853553,5.132514,-2.710925,5.039258,3.119
4,21092030,3,752,7707,pedestrian,7792,car,766.4,768.4,2,-2.890417,5.133373,-2.709052,5.012296,2.155
4,21092030,3,753,7708,pedestrian,7792,car,766.6,768.4,1.8,-2.905812,5.076198,-2.745451,4.984739,0.141
4,21092030,3,755,7738,pedestrian,7792,car,766.8,768.6,1.8,-2.908332,5.020774,-2.758084,4.944224,1.593
4,21092030,3,761,7692,pedestrian,7787,car,767.6,768.6,1,-2.795273,5.131795,-2.743524,5.102364,4.475
4,21092030,3,760,7728,pedestrian,7787,car,767.4,769,1.6,-2.826597,5.139401,-2.720481,5.058312,3.865
4,21092030,3,758,7707,pedestrian,7787,car,767.2,769.2,2,-2.867223,5.139657,-2.703183,5.040539,3.175
4,21092030,3,757,7708,pedestrian,7787,car,767.2,769.4,2.2,-2.905874,5.106407,-2.713585,5.002124,1.413
4,21092030,3,759,7738,pedestrian,7787,car,767.4,769.4,2,-2.905815,5.052687,-2.742315,4.980373,0.149
4,21092030,3,724,7682,pedestrian,7774,bike,752,769.6,17.6,-9.446143,5.134762,-9.951708,4.702893,0
4,21092030,3,725,7682,pedestrian,7770,bike,752,769.6,17.6,-9.446143,5.134762,-9.951708,4.702893,0
4,21092030,3,762,7715,pedestrian,7787,car,768.4,769.6,1.2,-2.878887,4.93701,-2.783208,4.875925,3.817
4,21092030,3,764,7727,pedestrian,7799,bike,770.8,772.4,1.6,-7.434353,6.521848,-7.336343,6.589746,2.638
4,21092030,3,766,7656,pedestrian,7779,car,772,772.8,0.8,-2.715496,2.024474,-2.668161,2.056962,4.476
4,21092030,3,765,7746,pedestrian,7799,bike,771.2,773,1.8,-7.357088,6.5755,-7.241879,6.655321,2.604
4,21092030,3,769,7679,pedestrian,7810,car,773.4,774.2,0.8,-2.702271,8.014279,-2.745406,8.014524,4.519
4,21092030,3,768,7756,pedestrian,7779,car,773.2,774.4,1.2,-2.478987,2.188648,-2.355282,2.273251,4.368
4,21092030,3,772,7679,pedestrian,7810,car,774.4,774.6,0.2,-2.764379,8.018465,-2.764379,8.018465,4.982
4,21092030,3,770,7743,bike,7767,pedestrian,773.8,776.2,2.4,-8.00125,-0.566571,-8.188406,-0.647944,1.084
4,21092030,3,771,7743,bike,7780,pedestrian,774.2,776.4,2.2,-8.043073,-0.603682,-8.190917,-0.678215,0.236
4,21092030,3,775,7659,pedestrian,7779,car,775.8,776.6,0.8,-1.94652,2.554952,-1.898284,2.587677,4.256
4,21092030,3,763,7765,pedestrian,7782,bike,770.4,777.2,6.8,-5.759233,8.169916,-6.231322,7.830527,1.897
4,21092030,3,774,7743,bike,7768,pedestrian,775.4,777.2,1.8,-8.218802,-0.726163,-8.309169,-0.789239,0.149
4,21092030,3,776,7663,pedestrian,7779,car,776.2,777.2,1,-1.861043,2.613777,-1.796728,2.657409,4.234
4,21092030,3,777,7688,pedestrian,7779,car,776.8,777.6,0.8,-1.763516,2.680713,-1.714215,2.714177,4.218
4,21092030,3,779,7607,pedestrian,7795,car,777.8,778,0.2,-5.956797,-1.670698,-5.956797,-1.670698,4.848
4,21092030,3,778,7711,pedestrian,7802,car,777.4,778.4,1,-4.631527,5.986399,-4.566334,5.950492,4.04
4,21092030,3,780,7632,pedestrian,7795,car,778.2,778.4,0.2,-6.015827,-1.583073,-6.015827,-1.583073,4.879
4,21092030,3,767,7765,pedestrian,7788,bike,772.6,778.6,6,-5.870484,8.093661,-6.293105,7.785627,2.003
4,21092030,3,783,7765,pedestrian,7788,bike,779.2,779.4,0.2,-6.331183,7.757868,-6.331183,7.757868,4.883
4,21092030,3,781,7812,pedestrian,7814,bike,778.8,780,1.2,-11.202904,-2.736637,-11.103983,-2.696371,2.343
4,21092030,3,782,7765,pedestrian,7799,bike,779.2,780.8,1.6,-6.318479,7.767499,-6.23423,7.833312,2.202
4,21092030,3,773,7765,pedestrian,7790,bike,774.4,781.2,6.8,-5.944265,8.04322,-6.39547,7.694875,2.099
4,21092030,3,785,7679,pedestrian,7811,car,779.8,781.6,1.8,-2.666945,8.212377,-2.81381,8.196734,3.582
4,21092030,3,784,7743,bike,7789,pedestrian,779.8,781.8,2,-8.915023,-1.212124,-9.015689,-1.282388,0.38
4,21092030,3,787,7797,pedestrian,7811,car,780.6,782,1.4,-2.750191,8.227551,-2.832697,8.151012,3.958
4,21092030,3,786,7743,bike,7791,pedestrian,780.4,782.2,1.8,-8.998008,-1.270047,-9.088878,-1.333474,0.18
4,21092030,3,789,7711,pedestrian,7807,car,783.4,784.2,0.8,-4.891141,6.179016,-4.849513,6.140649,4.056
4,21092030,3,788,7797,pedestrian,7813,car,783.2,785.2,2,-2.643706,8.1773,-2.789348,8.050998,0.689
4,21092030,3,790,7743,bike,7793,pedestrian,783.8,785.6,1.8,-9.528247,-1.640153,-9.609221,-1.696672,0.368
4,21092030,3,792,7783,pedestrian,7799,bike,784.8,786.4,1.6,-5.358013,8.460612,-5.274934,8.522104,2.658
4,21092030,3,793,7743,bike,7798,pedestrian,785.2,787,1.8,-9.747332,-1.793074,-9.836927,-1.855611,0.094
4,21092030,3,796,7797,pedestrian,7818,car,786.8,787.2,0.4,-2.640763,8.044813,-2.658907,8.02948,4.801
4,21092030,3,794,7743,bike,7805,pedestrian,785.6,787.6,2,-9.823314,-1.846109,-9.924109,-1.916464,0.424
4,21092030,3,795,7776,bike,7806,pedestrian,786.4,790,3.6,-10.677105,4.192152,-10.657685,4.205826,0.016
4,21092030,3,797,7770,bike,7806,pedestrian,787.4,790.8,3.4,-10.623283,4.230048,-10.601937,4.245077,0.105
4,21092030,3,799,7798,pedestrian,7814,bike,790.8,791.2,0.4,-9.674569,-1.742285,-9.664445,-1.735219,4.868
4,21092030,3,798,7774,bike,7806,pedestrian,788.4,791.8,3.4,-10.558389,4.275738,-10.5536,4.27911,0.17
4,21092030,3,800,7743,bike,7812,pedestrian,791.2,793.2,2,-10.692106,-2.452524,-10.795343,-2.524584,0.475
4,21092030,3,805,7632,pedestrian,7801,car,793,793.6,0.6,-5.543661,-2.283672,-5.564058,-2.25415,4.633
4,21092030,3,748,7682,pedestrian,7776,bike,763.8,793.8,30,-9.763791,4.835203,-11.060686,3.922079,0.74
4,21092030,3,804,7608,pedestrian,7776,bike,792.4,793.8,1.4,-10.992264,3.970254,-11.060686,3.922079,1.146
4,21092030,3,806,7658,pedestrian,7776,bike,793.2,793.8,0.6,-11.038456,3.895713,-11.073804,3.86314,3.517
4,21092030,3,802,7743,bike,7815,pedestrian,791.8,793.8,2,-10.779238,-2.513342,-10.883068,-2.585815,0.174
4,21092030,3,803,7743,bike,7816,pedestrian,792.2,794.2,2,-10.850122,-2.562819,-10.957491,-2.637762,0.223
4,21092030,3,808,7682,pedestrian,7770,bike,793.6,794.4,0.8,-10.998526,3.965845,-11.049602,3.925726,1.948
4,21092030,3,810,7608,pedestrian,7770,bike,793.6,794.4,0.8,-10.998526,3.965845,-11.048505,3.930656,1.783
4,21092030,3,811,7658,pedestrian,7770,bike,794.2,794.4,0.2,-11.064204,3.860116,-11.064204,3.860116,4.571
4,21092030,3,791,7805,pedestrian,7814,bike,784.4,794.4,10,-10.067469,-2.016529,-9.535661,-1.76163,1.085
4,21092030,3,809,7743,bike,7821,pedestrian,793.6,795,1.4,-11.063873,-2.712017,-11.127358,-2.756329,0.173
4,21092030,3,813,7682,pedestrian,7774,bike,794.4,795.2,0.8,-10.999543,3.955032,-11.053499,3.90761,2.632
4,21092030,3,814,7608,pedestrian,7774,bike,794.4,795.2,0.8,-10.996878,3.967005,-11.048345,3.930768,1.791
4,21092030,3,816,7656,pedestrian,7795,car,795.6,796.2,0.6,-3.712671,1.326249,-3.677578,1.350351,4.751
4,21092030,3,817,7612,pedestrian,7801,car,795.8,796.2,0.4,-5.913706,-1.734493,-5.924245,-1.719219,4.865
4,21092030,3,807,7685,pedestrian,7782,bike,793.4,796.4,3,-7.558361,6.242313,-7.742431,6.214091,2.684
4,21092030,3,818,7627,pedestrian,7801,car,796.2,796.6,0.4,-5.97099,-1.649376,-5.981529,-1.634102,4.87
4,21092030,3,819,7635,pedestrian,7801,car,796.8,797,0.2,-6.038368,-1.549656,-6.038368,-1.549656,4.891
4,21092030,3,821,7636,pedestrian,7801,car,797.2,797.4,0.2,-6.095862,-1.464223,-6.095862,-1.464223,4.927
4,21092030,3,823,7643,pedestrian,7801,car,797.6,797.8,0.2,-6.153382,-1.378752,-6.153382,-1.378752,4.979
4,21092030,3,812,7685,pedestrian,7788,bike,794.2,798,3.8,-7.557155,6.271549,-7.79056,6.200922,1.44
4,21092030,3,822,7778,pedestrian,7795,car,797.4,798.2,0.8,-3.326221,1.596782,-3.245054,1.653167,4.637
4,21092030,3,824,7766,pedestrian,7795,car,798,798.8,0.8,-3.196112,1.687876,-3.118898,1.741457,4.596
4,21092030,3,815,7685,pedestrian,7790,bike,795,799.8,4.8,-7.557102,6.299985,-7.86297,6.150711,0.712
4,21092030,3,827,7659,pedestrian,7795,car,799.4,800,0.6,-2.885644,1.905307,-2.850073,1.929748,4.497
4,21092030,3,829,7663,pedestrian,7795,car,799.8,800.4,0.6,-2.797131,1.967294,-2.76156,1.991735,4.474
4,21092030,3,831,7688,pedestrian,7795,car,800.2,800.8,0.6,-2.709002,2.029008,-2.67599,2.051635,4.456
4,21092030,3,820,7746,pedestrian,7782,bike,796.8,801.8,5,-8.011491,6.120977,-8.326003,5.902737,2.578
4,21092030,3,825,7727,pedestrian,7782,bike,798.4,803.2,4.8,-8.168192,6.012169,-8.467887,5.804213,2.574
4,21092030,3,826,7746,pedestrian,7788,bike,798.4,803.6,5.2,-8.066427,6.082835,-8.385548,5.861391,2.577
4,21092030,3,828,7727,pedestrian,7788,bike,799.8,805,5.2,-8.210098,5.983068,-8.526021,5.763847,2.57
4,21092030,3,830,7746,pedestrian,7790,bike,800,805.4,5.4,-8.111531,6.05151,-8.443682,5.821025,2.571
4,21092030,3,832,7727,pedestrian,7790,bike,801.8,806.8,5,-8.27439,5.938426,-8.584155,5.723481,2.565
4,21092030,3,834,7690,pedestrian,7810,car,805.6,807.2,1.6,-7.342867,5.97765,-7.52555,5.905802,0.612
4,21092030,3,835,7764,pedestrian,7808,car,806.2,809.2,3,-4.538598,5.931897,-4.261087,5.804749,4.276
4,21092030,3,836,7638,pedestrian,7823,car,809,809.4,0.4,-5.882833,-1.780682,-5.864757,-1.807254,4.81
4,21092030,3,833,7799,bike,7803,pedestrian,805.6,809.8,4.2,-3.587368,8.307382,-3.545893,8.305252,0.011
4,21092030,3,837,7643,pedestrian,7823,car,809.4,810.2,0.8,-5.811926,-1.886208,-5.75864,-1.964507,4.776
4,21092030,3,838,7636,pedestrian,7823,car,810,810.8,0.8,-5.7239,-2.016865,-5.669674,-2.096581,4.716
4,21092030,3,839,7764,pedestrian,7811,car,810,811.4,1.4,-4.275847,5.806189,-4.130339,5.771468,4.587
4,21092030,3,842,7635,pedestrian,7823,car,810.6,811.6,1,-5.631058,-2.15478,-5.557448,-2.263042,4.653
4,21092030,3,840,7782,bike,7806,pedestrian,810.4,812.6,2.2,-9.340866,5.189827,-9.391807,5.170795,2.686
4,21092030,3,846,7656,pedestrian,7801,car,812.4,812.6,0.2,-4.403304,0.842492,-4.403304,0.842492,4.977
4,21092030,3,843,7764,pedestrian,7813,car,811.2,812.8,1.6,-4.19576,5.780288,-4.029596,5.75849,4.596
4,21092030,3,841,7788,bike,7806,pedestrian,810.6,813.2,2.6,-9.32693,5.204477,-9.344056,5.20301,2.676
4,21092030,3,844,7790,bike,7806,pedestrian,811.4,813.8,2.4,-9.305728,5.229441,-9.322083,5.217175,2.681
4,21092030,3,845,7764,pedestrian,7818,car,812.4,813.8,1.4,-4.123874,5.769415,-3.965629,5.750127,4.666
4,21092030,3,848,7796,pedestrian,7801,car,814,814.6,0.6,-4.080198,1.068783,-4.029599,1.103954,4.865
4,21092030,3,849,7764,pedestrian,7818,car,814.6,816,1.4,-3.863469,5.72591,-3.742724,5.669124,4.595
4,21092030,3,855,7729,pedestrian,7795,car,815.6,816.4,0.8,-2.613562,5.174077,-2.673101,5.23037,4.328
4,21092030,3,850,7721,pedestrian,7795,car,815,816.6,1.6,-2.656231,5.047741,-2.791139,5.177681,1.076
4,21092030,3,852,7716,pedestrian,7795,car,815,816.6,1.6,-2.678007,5.031254,-2.807732,5.165119,1.912
4,21092030,3,853,7718,pedestrian,7795,car,815.2,816.8,1.6,-2.624596,5.10392,-2.761085,5.233226,1.767
4,21092030,3,857,7659,pedestrian,7801,car,816.6,817.2,0.6,-3.562777,1.431097,-3.53122,1.452764,4.716
4,21092030,3,859,7663,pedestrian,7801,car,817,817.6,0.6,-3.478661,1.490038,-3.447104,1.511705,4.677
4,21092030,3,861,7688,pedestrian,7801,car,817.4,818,0.6,-3.393778,1.549523,-3.365547,1.568831,4.656
4,21092030,3,860,7785,pedestrian,7801,car,817.2,818.2,1,-3.429914,1.524252,-3.333226,1.591397,4.651
4,21092030,3,847,7799,bike,7817,pedestrian,812.4,818.6,6.2,-3.1375,8.344553,-2.795484,8.278454,2.716
4,21092030,3,854,7738,pedestrian,7799,bike,815.2,818.6,3.4,-2.945226,8.350488,-2.910213,8.362864,0.19
4,21092030,3,856,7728,pedestrian,7799,bike,815.8,818.6,2.8,-2.900523,8.319022,-2.899507,8.347272,0.107
4,21092030,3,858,7799,bike,7820,pedestrian,816.8,818.6,1.8,-2.854498,8.419485,-2.841179,8.395529,2.379
4,21092030,3,851,7783,pedestrian,7809,bike,815,819.4,4.4,-6.578472,7.428103,-6.765744,6.995986,2.544
4,21092030,3,864,7716,pedestrian,7808,car,819.4,822,2.6,-2.907432,5.048554,-2.816407,4.900957,3.169
4,21092030,3,870,7719,pedestrian,7808,car,820.6,822,1.4,-2.737627,5.098376,-2.705523,5.016332,4.453
4,21092030,3,863,7721,pedestrian,7808,car,819.2,822.2,3,-2.905455,5.083916,-2.798802,4.876584,2.39
4,21092030,3,862,7718,pedestrian,7808,car,819,822.4,3.4,-2.888019,5.128319,-2.7849,4.877749,0.974
4,21092030,3,865,7729,pedestrian,7808,car,819.4,822.4,3,-2.835243,5.132477,-2.764694,4.921154,1.12
4,21092030,3,869,7716,pedestrian,7811,car,820.6,822.4,1.8,-2.904344,5.008217,-2.833935,4.921088,3.455
4,21092030,3,878,7737,pedestrian,7811,car,821.8,822.4,0.6,-2.717253,5.073148,-2.705018,5.038708,4.806
4,21092030,3,868,7721,pedestrian,7811,car,820.4,822.6,2.2,-2.90619,5.042641,-2.815614,4.899995,2.8
4,21092030,3,872,7719,pedestrian,7811,car,821,822.6,1.6,-2.766237,5.113071,-2.719201,5.006319,3.66
4,21092030,3,876,7716,pedestrian,7813,car,821.4,822.8,1.4,-2.914097,5.004718,-2.846768,4.935528,3.426
4,21092030,3,866,7718,pedestrian,7811,car,820,823,3,-2.910478,5.110143,-2.797561,4.874071,1.91
4,21092030,3,875,7721,pedestrian,7813,car,821.4,823,1.6,-2.902989,5.01394,-2.826025,4.912761,3.469
4,21092030,3,879,7737,pedestrian,7813,car,821.8,823,1.2,-2.756621,5.114667,-2.714641,5.019235,4.019
4,21092030,3,867,7729,pedestrian,7811,car,820.2,823.2,3,-2.864644,5.127363,-2.776926,4.900376,0.326
4,21092030,3,873,7718,pedestrian,7813,car,821.2,823.2,2,-2.904794,5.054676,-2.805338,4.885035,2.807
4,21092030,3,874,7719,pedestrian,7813,car,821.4,823.2,1.8,-2.799647,5.133749,-2.725716,4.98521,3.013
4,21092030,3,883,7716,pedestrian,7818,car,822.2,823.4,1.2,-2.920997,5.013902,-2.856745,4.94766,3.37
4,21092030,3,882,7721,pedestrian,7818,car,822.2,823.6,1.4,-2.910079,5.000212,-2.826036,4.912772,3.427
4,21092030,3,884,7718,pedestrian,7818,car,822.2,823.6,1.4,-2.899467,5.007801,-2.824586,4.910954,3.513
4,21092030,3,881,7737,pedestrian,7818,car,822.2,823.8,1.6,-2.792081,5.131522,-2.720062,4.986549,3.18
4,21092030,3,885,7778,pedestrian,7801,car,822.8,824,1.2,-2.324824,2.294682,-2.203299,2.377787,4.333
4,21092030,3,887,7719,pedestrian,7813,car,823.4,824,0.6,-2.730643,4.972043,-2.73966,4.965216,4.903
4,21092030,3,871,7729,pedestrian,7813,car,821,824.4,3.4,-2.889604,5.117246,-2.794778,4.870121,0.754
4,21092030,3,877,7729,pedestrian,7818,car,821.6,824.4,2.8,-2.905099,5.106731,-2.796334,4.872533,1.717
4,21092030,3,888,7719,pedestrian,7813,car,824.2,824.4,0.2,-2.747122,4.955977,-2.747122,4.955977,4.989
4,21092030,3,886,7766,pedestrian,7801,car,823.4,824.6,1.2,-2.200008,2.380569,-2.080765,2.46209,4.32
4,21092030,3,890,7737,pedestrian,7818,car,824.6,825.2,0.6,-2.735662,4.968244,-2.747938,4.958949,4.868
4,21092030,3,880,7719,pedestrian,7818,car,822,825.4,3.4,-2.824314,5.136089,-2.761618,4.930815,2.262
4,21092030,3,801,7798,pedestrian,7814,bike,791.6,826.2,34.6,-9.639813,-1.718026,-8.033232,-0.558294,0.439
4,21092030,3,889,7703,pedestrian,7809,bike,824.4,826.8,2.4,-7.556098,6.273747,-7.748318,6.220011,1.912
4,21092030,3,893,7608,pedestrian,7810,car,826.6,826.8,0.2,-11.516333,2.558066,-11.516333,2.558066,4.969
4,21092030,3,891,7795,car,7817,pedestrian,826.4,827,0.6,-2.505534,7.644453,-2.454129,7.658868,4.641
4,21092030,3,892,7798,pedestrian,7814,bike,826.4,827.2,0.8,-8.032443,-0.518709,-8.081498,-0.451016,4.756
4,21092030,3,894,7761,pedestrian,7782,bike,827.4,829,1.6,-10.993588,3.969004,-11.072261,3.875,2.912
4,21092030,3,898,7761,pedestrian,7788,bike,829.4,829.8,0.4,-11.057769,3.868656,-11.074325,3.851484,4.201
4,21092030,3,896,7806,pedestrian,7809,bike,829.2,832,2.8,-8.295772,5.850594,-8.31877,5.834647,0.088
4,21092030,3,899,7793,pedestrian,7814,bike,831.6,833.2,1.6,-8.719618,0.47744,-8.835555,0.645641,4.187
4,21092030,3,900,7836,pedestrian,7839,car,835,835.2,0.2,-11.207785,-2.63475,-11.207785,-2.63475,4.51
4,21092030,3,901,7839,car,7840,pedestrian,835.4,836,0.6,-11.206702,-2.497809,-11.17031,-2.486733,2.584
4,21092030,3,902,7764,pedestrian,7801,car,837.2,838.8,1.6,-2.6293,5.074892,-2.681371,5.243247,2.721
4,21092030,3,903,7835,pedestrian,7839,car,838.6,839,0.4,-10.551204,-2.212051,-10.528694,-2.196416,4.993
4,21092030,3,905,7834,pedestrian,7839,car,839.6,840,0.4,-10.383362,-2.095278,-10.360853,-2.079643,4.972
4,21092030,3,904,7768,pedestrian,7814,bike,839.2,841.2,2,-9.69641,1.906052,-9.83827,2.111623,3.691
4,21092030,3,906,7830,pedestrian,7839,car,841.2,841.6,0.4,-10.1281,-1.917715,-10.106939,-1.90302,4.953
4,21092030,3,895,7765,pedestrian,7809,bike,827.6,843.6,16,-8.098778,6.060365,-8.98578,5.4412,2.579
4,21092030,3,897,7690,pedestrian,7809,bike,829.2,844.8,15.6,-8.298459,5.84873,-9.141895,5.313186,0.361
4,21092030,3,907,7829,pedestrian,7839,car,844.6,845.2,0.6,-9.564323,-1.525493,-9.52009,-1.49477,4.906
4,21092030,3,910,7825,pedestrian,7839,car,846.6,847.4,0.8,-9.230354,-1.293143,-9.163402,-1.246639,4.881
4,21092030,3,909,7685,pedestrian,7809,bike,846.2,848.8,2.6,-9.512549,5.012098,-9.582115,4.963119,3.433
4,21092030,3,912,7826,pedestrian,7844,car,848,849.2,1.2,-2.61317,8.091916,-2.657429,8.028301,4.167
4,21092030,3,913,7749,pedestrian,7844,car,848.6,850.2,1.6,-2.657729,8.028955,-2.778257,8.035982,3.607
4,21092030,3,911,7827,pedestrian,7844,car,848,850.4,2.4,-2.659455,8.195531,-2.809857,8.049932,0.357
4,21092030,3,914,7749,pedestrian,7846,bike,852,854.8,2.8,-2.792131,8.243934,-2.923857,8.337821,4.452
4,21092030,3,916,7727,pedestrian,7809,bike,855.6,857.2,1.6,-9.914658,4.72898,-9.952894,4.702059,4.097
4,21092030,3,917,7727,pedestrian,7845,bike,856,858.2,2.2,-10.09957,4.598786,-10.000836,4.668303,0.095
4,21092030,3,918,7685,pedestrian,7845,bike,856.6,859,2.4,-10.017705,4.656426,-9.909099,4.732894,0.279
4,21092030,3,919,7727,pedestrian,7814,bike,856.8,859,2.2,-10.122194,4.582857,-10.018101,4.656147,0.334
4,21092030,3,921,7685,pedestrian,7814,bike,857.2,859.8,2.6,-10.041071,4.639975,-9.931723,4.716965,0.297
4,21092030,3,920,7746,pedestrian,7845,bike,857.2,860,2.8,-9.941659,4.709969,-9.771905,4.82949,0.309
4,21092030,3,924,7746,pedestrian,7814,bike,858,860.8,2.8,-9.940826,4.710555,-9.776431,4.826304,0
4,21092030,3,929,7716,pedestrian,7841,car,860.2,860.8,0.6,-4.336584,5.835426,-4.290161,5.815976,4.394
4,21092030,3,925,7690,pedestrian,7845,bike,858.8,861,2.2,-9.729926,4.859047,-9.646073,4.918087,0.084
4,21092030,3,930,7718,pedestrian,7841,car,860.6,861,0.4,-4.232699,5.786802,-4.209188,5.783784,4.639
4,21092030,3,931,7737,pedestrian,7841,car,860.6,861,0.4,-4.201104,5.781992,-4.179942,5.777386,4.603
4,21092030,3,923,7749,pedestrian,7849,bike,857.8,861.4,3.6,-2.923602,8.348967,-2.947633,8.406126,1.146
4,21092030,3,932,7721,pedestrian,7841,car,861,861.4,0.4,-4.087988,5.765103,-4.065674,5.762778,4.692
4,21092030,3,926,7765,pedestrian,7845,bike,859.4,861.6,2.2,-9.650033,4.915298,-9.565743,4.974646,0.009
4,21092030,3,927,7690,pedestrian,7814,bike,859.4,861.6,2.2,-9.75383,4.842217,-9.683035,4.892062,0.383
4,21092030,3,933,7729,pedestrian,7841,car,861.4,861.8,0.4,-3.972633,5.750339,-3.949523,5.7479,4.765
4,21092030,3,928,7765,pedestrian,7814,bike,860,862.2,2.2,-9.676145,4.896913,-9.586496,4.960034,0.443
4,21092030,3,935,7719,pedestrian,7841,car,861.8,862.6,0.8,-3.859309,5.735865,-3.800179,5.694452,4.453
4,21092030,3,934,7703,pedestrian,7845,bike,861.8,863.6,1.8,-9.383117,5.176695,-9.317059,5.222233,2.68
4,21092030,3,938,7690,pedestrian,7809,bike,863.2,863.6,0.4,-9.942663,4.709262,-9.950316,4.703874,4.862
4,21092030,3,937,7703,pedestrian,7814,bike,862.6,864,1.4,-9.40778,5.160881,-9.324521,5.212716,2.737
4,21092030,3,939,7783,pedestrian,7845,bike,864.4,866.2,1.8,-9.040409,5.403966,-8.977165,5.450445,2.621
4,21092030,3,940,7783,pedestrian,7814,bike,864.8,866.4,1.6,-9.060995,5.390118,-8.99137,5.440555,2.643
4,21092030,3,942,7756,pedestrian,7841,car,866,867,1,-2.906515,4.996789,-2.8393,4.92837,3.454
4,21092030,3,944,7763,pedestrian,7841,car,866,867.2,1.2,-2.895738,4.988854,-2.782023,4.91075,2.782
4,21092030,3,941,7711,pedestrian,7845,bike,865.6,867.6,2,-8.840733,5.471838,-8.766784,5.523981,0.375
4,21092030,3,943,7711,pedestrian,7814,bike,866,868.4,2.4,-8.85185,5.464059,-8.796162,5.503609,0.067
4,21092030,3,945,7692,pedestrian,7823,car,868,868.8,0.8,-2.464095,2.198945,-2.410374,2.235412,4.393
4,21092030,3,946,7707,pedestrian,7823,car,868.4,869.2,0.8,-2.375051,2.260202,-2.32133,2.296669,4.387
4,21092030,3,947,7752,pedestrian,7823,car,868.8,869.6,0.8,-2.287979,2.320091,-2.234257,2.356558,4.336
4,21092030,3,948,7716,pedestrian,7844,car,869.6,870.6,1,-4.712455,6.042938,-4.651098,6.001571,3.988
4,21092030,3,949,7718,pedestrian,7844,car,870,871,1,-4.63305,5.987244,-4.569041,5.950694,4.053
4,21092030,3,950,7737,pedestrian,7844,car,870.2,871.2,1,-4.585347,5.959641,-4.532246,5.930497,4.031
4,21092030,3,951,7729,pedestrian,7844,car,870.8,871.6,0.8,-4.478942,5.901838,-4.432783,5.883192,4.197
4,21092030,3,952,7721,pedestrian,7844,car,871.2,872,0.8,-4.392579,5.861184,-4.342834,5.840718,4.338
4,21092030,3,953,7719,pedestrian,7844,car,871.8,872.4,0.6,-4.283276,5.81048,-4.250569,5.799911,4.457
4,21092030,3,954,7756,pedestrian,7844,car,876.2,877.4,1.2,-3.342592,5.417633,-3.271322,5.368577,3.437
4,21092030,3,955,7863,pedestrian,7865,car,877.2,877.6,0.4,-11.215915,-2.604811,-11.19563,-2.599107,3.223
4,21092030,3,956,7865,car,7866,pedestrian,877.6,878.2,0.6,-11.202782,-2.495091,-11.162922,-2.479816,2.775
4,21092030,3,958,7716,pedestrian,7847,car,878.8,879.8,1,-5.013327,6.281975,-4.969338,6.236217,4.477
4,21092030,3,960,7718,pedestrian,7847,car,879.2,880.2,1,-4.942015,6.222542,-4.902676,6.180088,4.203
4,21092030,3,962,7850,pedestrian,7865,car,880,880.2,0.2,-10.630091,-2.266937,-10.630091,-2.266937,4.994
4,21092030,3,959,7755,pedestrian,7864,car,879,880.6,1.6,-2.647397,8.18247,-2.820878,8.164077,2.244
4,21092030,3,961,7737,pedestrian,7847,car,879.6,880.8,1.2,-4.871715,6.164936,-4.815848,6.117282,3.963
4,21092030,3,963,7729,pedestrian,7847,car,880,881.2,1.2,-4.798883,6.10551,-4.737677,6.062316,3.94
4,21092030,3,964,7719,pedestrian,7847,car,880.6,881.8,1.2,-4.709608,6.040945,-4.646685,5.998741,4.003
4,21092030,3,966,7721,pedestrian,7847,car,881,882.2,1.2,-4.635638,5.988998,-4.565796,5.949995,4.051
4,21092030,3,957,7837,pedestrian,7846,bike,877.8,882.6,4.8,-4.396298,8.661362,-4.717572,8.78602,4.327
4,21092030,3,936,7832,pedestrian,7846,bike,862,883.4,21.4,-3.677069,8.329257,-4.938484,8.791278,2.316
4,21092030,3,965,7828,pedestrian,7846,bike,880.8,884.2,3.4,-4.779688,8.865755,-5.066561,8.688836,2.648
4,21092030,3,967,7718,pedestrian,7853,car,883.8,884.2,0.4,-5.055248,6.319463,-5.041586,6.302469,4.706
4,21092030,3,968,7737,pedestrian,7853,car,884,884.6,0.6,-5.005009,6.271509,-4.964992,6.233059,4.472
4,21092030,3,969,7729,pedestrian,7853,car,884.2,884.8,0.6,-4.9569,6.232093,-4.927222,6.201071,4.3
4,21092030,3,970,7719,pedestrian,7853,car,884.4,885.4,1,-4.877784,6.170397,-4.810542,6.113564,3.904
4,21092030,3,971,7721,pedestrian,7853,car,884.8,885.6,0.8,-4.794863,6.101119,-4.740129,6.063792,3.947
4,21092030,3,972,7803,pedestrian,7845,bike,884.8,886.8,2,-6.602669,7.391186,-6.55768,7.478373,2.411
4,21092030,3,975,7756,pedestrian,7847,car,885.6,886.8,1.2,-3.772756,5.696084,-3.712786,5.653746,3.889
4,21092030,3,976,7843,pedestrian,7865,car,886.4,887,0.6,-9.445445,-1.442782,-9.399891,-1.411155,4.895
4,21092030,3,974,7803,pedestrian,7814,bike,885.6,887.4,1.8,-6.607018,7.373396,-6.576626,7.440921,2.326
4,21092030,3,973,7824,pedestrian,7846,bike,885.2,887.8,2.6,-5.422971,8.406215,-5.700517,8.217141,2.307
4,21092030,3,980,7756,pedestrian,7853,car,888.2,888.8,0.6,-3.92313,5.743893,-3.880112,5.736602,4.756
4,21092030,3,977,7755,pedestrian,7872,bike,886.6,889,2.4,-2.881975,8.374682,-2.893953,8.41368,1.864
4,21092030,3,978,7820,pedestrian,7845,bike,887.2,889,1.8,-6.37133,7.720384,-6.313081,7.775582,2.253
4,21092030,3,983,7727,pedestrian,7809,bike,888.8,889,0.2,-10.967759,3.987507,-10.967759,3.987507,4.886
4,21092030,3,922,7837,pedestrian,7849,bike,857.8,889.6,31.8,-2.839052,8.394993,-5.092302,8.668127,0.595
4,21092030,3,979,7814,bike,7820,pedestrian,887.8,889.8,2,-6.39402,7.697879,-6.341921,7.754864,2.287
4,21092030,3,981,7832,pedestrian,7849,bike,888.2,890.4,2.2,-5.027104,8.719713,-5.239398,8.549942,2.622
4,21092030,3,908,7746,pedestrian,7809,bike,845.4,891,45.6,-9.399743,5.090099,-10.939569,4.007356,0
4,21092030,3,915,7685,pedestrian,7809,bike,853.6,891,37.4,-9.769594,4.831117,-11.046649,3.931962,1.114
4,21092030,3,984,7727,pedestrian,7809,bike,889.2,891,1.8,-10.983671,3.976304,-11.059578,3.901598,2.431
4,21092030,3,986,7793,pedestrian,7809,bike,890.6,891,0.4,-10.98848,3.85221,-11.005972,3.848021,4.314
4,21092030,3,982,7828,pedestrian,7849,bike,888.8,891.4,2.6,-5.137678,8.632419,-5.402735,8.426926,2.644
4,21092030,3,989,7719,pedestrian,7855,car,891.4,892,0.6,-5.06693,6.33384,-5.046045,6.305894,4.66
4,21092030,3,987,7826,pedestrian,7847,car,891,892.4,1.4,-2.905797,5.017226,-2.842868,4.883491,4.105
4,21092030,3,992,7721,pedestrian,7855,car,891.6,892.4,0.8,-5.017983,6.285101,-4.975595,6.242454,4.487
4,21092030,3,994,7656,pedestrian,7848,car,892.2,892.6,0.4,-5.566276,-2.25023,-5.578396,-2.232636,4.69
4,21092030,3,985,7820,pedestrian,7846,bike,890.6,892.8,2.2,-6.382581,7.715753,-6.554835,7.502333,2.467
4,21092030,3,988,7824,pedestrian,7845,bike,891,893,2,-5.877078,8.091508,-5.802959,8.140056,1.941
4,21092030,3,990,7822,pedestrian,7874,bike,891.6,893.2,1.6,-11.193629,-2.770794,-11.081952,-2.724636,0.984
4,21092030,3,993,7873,pedestrian,7874,bike,891.6,893.2,1.6,-11.216306,-2.687281,-11.107313,-2.666009,3.86
4,21092030,3,991,7814,bike,7824,pedestrian,891.6,893.6,2,-5.909037,8.067677,-5.835831,8.117527,1.857
4,21092030,3,998,7858,pedestrian,7875,car,893.6,893.8,0.2,-6.160678,-1.367975,-6.160678,-1.367975,4.967
4,21092030,3,1001,7862,pedestrian,7875,car,894,894.2,0.2,-6.09717,-1.462205,-6.09717,-1.462205,4.946
4,21092030,3,996,7806,pedestrian,7855,car,892.8,894.4,1.6,-4.780962,6.090922,-4.605692,5.972296,3.99
4,21092030,3,1004,7869,pedestrian,7875,car,894.4,894.8,0.4,-6.012487,-1.588347,-5.999612,-1.60701,4.9
4,21092030,3,995,7824,pedestrian,7849,bike,892.4,895.2,2.8,-5.78033,8.155538,-6.078185,7.94189,1.861
4,21092030,3,1000,7828,pedestrian,7845,bike,893.8,895.6,1.8,-5.51932,8.342406,-5.451185,8.385955,2.416
4,21092030,3,1007,7848,car,7869,pedestrian,895.2,895.8,0.6,-6.015501,-1.583281,-6.052827,-1.528372,4.891
4,21092030,3,1002,7814,bike,7828,pedestrian,894.4,896,1.6,-5.556819,8.316413,-5.471499,8.371308,2.452
4,21092030,3,1008,7756,pedestrian,7855,car,895.2,896,0.8,-4.296856,5.81617,-4.247252,5.800599,4.483
4,21092030,3,997,7803,pedestrian,7846,bike,893.2,896.2,3,-6.651026,7.189267,-6.870972,6.911214,2.687
4,21092030,3,1003,7832,pedestrian,7845,bike,894.4,896.2,1.8,-5.444917,8.395763,-5.380585,8.437185,2.499
4,21092030,3,1005,7837,pedestrian,7845,bike,894.8,896.6,1.8,-5.393296,8.433579,-5.320522,8.485414,2.623
4,21092030,3,1006,7814,bike,7832,pedestrian,895,896.6,1.6,-5.467019,8.379173,-5.377837,8.439439,2.47
4,21092030,3,1010,7848,car,7862,pedestrian,896.2,896.6,0.4,-6.158524,-1.371092,-6.177106,-1.343759,4.972
4,21092030,3,1009,7814,bike,7837,pedestrian,895.4,897.2,1.8,-5.389457,8.436313,-5.347436,8.463825,2.59
4,21092030,3,1011,7820,pedestrian,7849,bike,897.4,899.8,2.4,-6.58878,7.410943,-6.677228,7.119779,2.506
4,21092030,3,1012,7756,pedestrian,7864,car,900.2,901,0.8,-4.546852,5.935782,-4.497229,5.913387,4.108
4,21092030,3,1014,7806,pedestrian,7864,car,901.6,902.4,0.8,-4.237306,5.7913,-4.146722,5.773416,4.552
4,21092030,3,1013,7803,pedestrian,7849,bike,900.4,902.8,2.4,-6.892065,6.897807,-7.135623,6.72932,2.63
4,21092030,3,1018,7692,pedestrian,7848,car,910.8,911.2,0.4,-4.12218,1.039442,-4.104241,1.05177,4.898
4,21092030,3,1016,7845,bike,7857,pedestrian,908.2,911.6,3.4,-4.275981,8.595234,-4.31752,8.618064,0.229
4,21092030,3,1019,7756,pedestrian,7839,car,910.8,911.6,0.8,-4.995035,6.264002,-4.965256,6.232756,4.451
4,21092030,3,1020,7707,pedestrian,7848,car,911.2,911.6,0.4,-4.035407,1.100192,-4.015511,1.113908,4.863
4,21092030,3,1021,7752,pedestrian,7848,car,911.6,912,0.4,-3.944719,1.163719,-3.928738,1.174659,4.837
4,21092030,3,1017,7814,bike,7857,pedestrian,909.2,912.6,3.4,-4.342379,8.631727,-4.383083,8.654098,0.113
4,21092030,3,1022,7764,pedestrian,7848,car,914.6,915,0.4,-3.301991,1.613627,-3.286289,1.624368,4.66
4,21092030,3,1015,7857,pedestrian,7872,bike,903.8,915.2,11.4,-3.954869,8.430436,-4.771801,8.786786,3.235
4,21092030,3,1023,7711,pedestrian,7846,bike,918.8,919.2,0.4,-11.061386,3.861002,-11.080556,3.842635,4.205
4,21092030,3,999,7866,pedestrian,7874,bike,893.6,920.8,27.2,-10.820244,-2.541964,-9.532379,-1.705112,0.956
4,21092030,3,1027,7763,pedestrian,7848,car,923,923.4,0.4,-1.453854,2.901938,-1.438983,2.914792,4.536
4,21092030,3,1029,7851,car,7874,bike,923.6,923.8,0.2,-9.13717,-1.228352,-9.13717,-1.228352,4.872
4,21092030,3,1028,7766,pedestrian,7839,car,923,924.6,1.6,-2.904703,5.016307,-2.827043,4.912991,3.505
4,21092030,3,1024,7806,pedestrian,7839,car,922.6,925,2.4,-2.968979,5.069928,-2.780234,4.893989,3.454
4,21092030,3,1025,7778,pedestrian,7839,car,922.8,925,2.2,-2.907406,5.053921,-2.792723,4.867162,2.571
4,21092030,3,1032,7663,pedestrian,7875,car,924.8,925.2,0.4,-5.569525,-2.245385,-5.583098,-2.225671,4.7
4,21092030,3,1035,7688,pedestrian,7875,car,925.2,925.6,0.4,-5.632816,-2.151482,-5.644656,-2.134381,4.713
4,21092030,3,1026,7837,pedestrian,7861,bike,923,926.2,3.2,-6.52651,7.555771,-6.628954,7.266263,2.461
4,21092030,3,1039,7822,pedestrian,7851,car,926.4,926.8,0.4,-9.763319,-1.663972,-9.780981,-1.676199,4.953
4,21092030,3,1040,7851,car,7873,pedestrian,926.8,927.2,0.4,-9.851008,-1.724975,-9.869884,-1.738048,4.958
4,21092030,3,1031,7837,pedestrian,7872,bike,924.2,927.8,3.6,-6.541214,7.52455,-6.662847,7.164033,2.329
4,21092030,3,1030,7832,pedestrian,7861,bike,923.6,928.2,4.6,-6.568484,7.452272,-6.747267,7.01885,2.501
4,21092030,3,1034,7832,pedestrian,7872,bike,924.8,929.2,4.4,-6.594568,7.39262,-6.782612,6.977244,2.6
4,21092030,3,1033,7828,pedestrian,7861,bike,924.8,929.6,4.8,-6.633668,7.271364,-6.908679,6.883883,2.341
4,21092030,3,1038,7828,pedestrian,7872,bike,926.2,930.6,4.4,-6.650798,7.189309,-6.947004,6.858312,2.605
4,21092030,3,1037,7845,bike,7867,pedestrian,926.2,930.8,4.6,-3.391254,8.294719,-3.375801,8.297774,0.077
4,21092030,3,1041,7814,bike,7867,pedestrian,927.2,931.8,4.6,-3.440337,8.298641,-3.418854,8.295817,0.135
4,21092030,3,1042,7597,pedestrian,7851,car,932,932.2,0.2,-11.157924,-2.468579,-11.157924,-2.468579,4.998
4,21092030,3,1043,7658,pedestrian,7851,car,932,932.8,0.8,-11.158843,-2.465567,-11.218651,-2.532121,1.735
4,21092030,3,1044,7608,pedestrian,7851,car,932.2,932.8,0.6,-11.198356,-2.423531,-11.238205,-2.467974,2.895
4,21092030,3,1045,7785,pedestrian,7848,car,932.2,933.2,1,-2.734535,5.024913,-2.804637,5.092301,3.698
4,21092030,3,1036,7859,pedestrian,7874,bike,926.2,936.2,10,-8.619318,-1.005722,-8.038339,-0.541703,0.506
4,21092030,3,1046,7824,pedestrian,7861,bike,932.4,936.4,4,-7.465883,6.499798,-7.812163,6.259528,2.591
4,21092030,3,1047,7824,pedestrian,7872,bike,933.8,937.8,4,-7.536217,6.450967,-7.87723,6.214342,2.589
4,21092030,3,1050,7711,pedestrian,7870,car,936.4,938,1.6,-11.258452,2.794025,-11.430972,2.731924,2.578
4,21092030,3,1048,7765,pedestrian,7870,car,936.2,938.2,2,-11.248406,2.735605,-11.462531,2.689003,0.288
4,21092030,3,1051,7859,pedestrian,7874,bike,936.6,938.2,1.6,-8.052616,-0.489563,-8.147449,-0.357721,4.667
4,21092030,3,1049,7783,pedestrian,7870,car,936.2,938.4,2.2,-11.252727,2.717263,-11.515291,2.641237,0.584
4,21092030,3,1052,7703,pedestrian,7870,car,936.6,938.8,2.2,-11.340804,2.661318,-11.606537,2.565568,2.731
4,21092030,3,1053,7711,pedestrian,7871,car,936.8,938.8,2,-11.230132,2.782471,-11.447249,2.705941,1.831
4,21092030,3,1054,7765,pedestrian,7871,car,936.8,938.8,2,-11.245131,2.718807,-11.452233,2.689826,0.496
4,21092030,3,1055,7783,pedestrian,7871,car,937,939.2,2.2,-11.273011,2.704811,-11.541845,2.618345,1.222
4,21092030,3,1056,7703,pedestrian,7871,car,937.6,939.4,1.8,-11.398446,2.637642,-11.600376,2.552998,3.382
4,21092030,3,1060,7803,pedestrian,7872,bike,941,941.2,0.2,-8.497796,5.783296,-8.497796,5.783296,4.981
4,21092030,3,1061,7856,pedestrian,7875,car,941,941.4,0.4,-4.283955,0.926107,-4.254923,0.946261,4.951
4,21092030,3,1057,7820,pedestrian,7861,bike,938.8,942.4,3.6,-8.307703,5.915294,-8.599546,5.712795,2.572
4,21092030,3,1063,7848,car,7877,pedestrian,942.6,943.4,0.8,-2.50528,7.405634,-2.433803,7.429602,4.195
4,21092030,3,1058,7820,pedestrian,7872,bike,940,943.6,3.6,-8.354307,5.882932,-8.653095,5.675613,2.566
4,21092030,3,1059,7803,pedestrian,7861,bike,940,943.6,3.6,-8.463936,5.806812,-8.755779,5.604313,2.562
4,21092030,3,1062,7803,pedestrian,7872,bike,941.4,944.2,2.8,-8.521602,5.766773,-8.768503,5.595467,2.557
4,21092030,3,1064,7849,bike,7859,pedestrian,946.4,947.6,1.2,-8.130655,-0.071578,-8.040631,-0.143805,3.999
4,21092030,3,1065,7763,pedestrian,7875,car,947,947.6,0.6,-2.821935,1.949913,-2.785024,1.975221,4.469
4,21092030,3,1066,7766,pedestrian,7865,car,950.2,950.6,0.4,-3.914921,5.743013,-3.897502,5.741177,4.769
4,21092030,3,1067,7778,pedestrian,7865,car,950.6,950.8,0.2,-3.82657,5.734222,-3.82657,5.734222,4.935
4,21092030,3,1068,7849,bike,7868,pedestrian,952.8,954.4,1.6,-8.668971,-1.04038,-8.761511,-1.104973,0.221
4,21092030,3,1069,7803,pedestrian,7874,bike,976.2,978.4,2.2,-9.992274,4.674332,-9.894351,4.743278,0.17
4,21092030,3,1070,7820,pedestrian,7874,bike,976.8,979,2.2,-9.917422,4.727034,-9.8128,4.800696,0.381
4,21092030,3,1071,7824,pedestrian,7874,bike,977.4,979.4,2,-9.826174,4.79128,-9.74752,4.846659,0.384
4,21092030,3,1072,7828,pedestrian,7874,bike,981,982.6,1.6,-9.387382,5.174307,-9.324226,5.217629,2.708
4,21092030,3,1073,7832,pedestrian,7874,bike,981.4,983,1.6,-9.32549,5.21518,-9.264957,5.255464,2.678
4,21092030,3,1074,7837,pedestrian,7874,bike,981.8,983.4,1.6,-9.272456,5.249817,-9.213952,5.288117,2.65
4,21092030,3,1075,7857,pedestrian,7874,bike,983.6,985.2,1.6,-9.022108,5.416115,-8.974606,5.452216,2.628
4,21092030,3,1076,7716,pedestrian,7874,bike,984.6,986.8,2.2,-8.837769,5.474041,-8.736509,5.544974,0.396
4,21092030,3,1077,7737,pedestrian,7874,bike,985.2,987.4,2.2,-8.757348,5.530524,-8.65307,5.602833,0.352
4,21092030,3,1078,7729,pedestrian,7874,bike,985.6,987.8,2.2,-8.684551,5.581003,-8.58137,5.652552,0.432
4,21092030,3,1079,7721,pedestrian,7874,bike,986.2,988.4,2.2,-8.60526,5.635986,-8.501087,5.708222,0.22
4,21092030,3,1080,7718,pedestrian,7874,bike,986.8,989,2.2,-8.519747,5.695283,-8.421015,5.763747,0.377
4,21092030,3,1081,7719,pedestrian,7874,bike,987.4,989.6,2.2,-8.438511,5.751615,-8.338926,5.82067,0.426
4,21092030,3,1082,7756,pedestrian,7874,bike,988.2,990.2,2,-8.342113,5.81846,-8.257403,5.8772,0.353
4,21092030,3,1083,7867,pedestrian,7874,bike,1004.8,1006.8,2,-6.401265,7.689055,-6.325536,7.766888,2.293
4,21092030,3,1084,7767,pedestrian,7874,bike,1050,1054.6,4.6,-2.957084,8.349184,-2.93051,8.349453,0.018
4,21092030,3,1085,7791,pedestrian,7874,bike,1050.6,1054.6,4,-2.925607,8.346677,-2.879601,8.345872,0.208
4,21092030,3,1086,7789,pedestrian,7874,bike,1051.6,1054.6,3,-2.880558,8.304572,-2.84369,8.343347,0.214
4,21092030,3,1087,7798,pedestrian,7874,bike,1052.8,1054.6,1.8,-2.834001,8.271651,-2.80605,8.307846,1.592
