run_id,seed,demand_factor,encounter_id,agent_1_id,agent_1_mode,agent_2_id,agent_2_mode,start_time_s,end_time_s,duration_s,start_x,start_y,end_x,end_y,minimum_distance_m
9,21092035,3,1,7464,pedestrian,7465,car,22.8,23.2,0.4,-5.791898,-1.915684,-5.782294,-1.929592,4.791
9,21092035,3,2,7464,pedestrian,7471,car,37,37.2,0.2,-6.225963,-1.271236,-6.225963,-1.271236,4.999
9,21092035,3,3,7469,pedestrian,7471,car,39.8,40.4,0.6,-5.765879,-1.954585,-5.740293,-1.991709,4.738
9,21092035,3,4,7470,pedestrian,7471,car,40.2,40.8,0.6,-5.703905,-2.046551,-5.679945,-2.081225,4.706
9,21092035,3,5,7471,car,7473,pedestrian,40.8,41.2,0.4,-5.620841,-2.169584,-5.608526,-2.187425,4.694
9,21092035,3,6,7466,pedestrian,7476,bike,41.4,41.6,0.2,-11.083596,3.829833,-11.083596,3.829833,4.743
9,21092035,3,7,7469,pedestrian,7479,car,46,46.4,0.4,-5.95758,-1.669796,-5.947946,-1.68374,4.861
9,21092035,3,8,7470,pedestrian,7479,car,46.4,47,0.6,-5.901923,-1.752525,-5.882654,-1.780413,4.814
9,21092035,3,9,7473,pedestrian,7479,car,47,47.4,0.4,-5.837588,-1.847756,-5.828432,-1.860979,4.789
9,21092035,3,10,7469,pedestrian,7484,car,52,52.2,0.2,-6.135139,-1.40583,-6.135139,-1.40583,4.97
9,21092035,3,11,7470,pedestrian,7484,car,52.2,52.6,0.4,-6.088769,-1.475051,-6.075537,-1.494329,4.931
9,21092035,3,12,7473,pedestrian,7484,car,52.6,53,0.4,-6.028976,-1.563836,-6.015934,-1.582827,4.893
9,21092035,3,13,7465,car,7488,pedestrian,61.4,62.4,1,-5.658602,-2.113049,-5.724765,-2.015605,4.708
9,21092035,3,14,7488,pedestrian,7489,car,64.6,65,0.4,-5.805184,-1.895922,-5.795005,-1.910631,4.788
9,21092035,3,15,7471,car,7488,pedestrian,73.4,73.6,0.2,-6.144358,-1.392302,-6.144358,-1.392302,4.948
9,21092035,3,16,7461,bike,7466,pedestrian,74,76,2,-9.388216,5.107908,-9.502391,5.074863,1.229
9,21092035,3,17,7462,pedestrian,7476,bike,85.4,87.2,1.8,-5.655747,8.248137,-5.593963,8.284492,2.22
9,21092035,3,18,7479,car,7495,pedestrian,89.2,89.6,0.4,-6.13527,-1.405736,-6.151453,-1.381923,4.946
9,21092035,3,19,7484,car,7495,pedestrian,91,91.2,0.2,-6.199006,-1.311192,-6.199006,-1.311192,4.977
9,21092035,3,20,7489,car,7501,pedestrian,100.4,101,0.6,-5.788862,-1.919749,-5.823815,-1.868334,4.768
9,21092035,3,21,7466,pedestrian,7497,bike,100.6,103.4,2.8,-8.158939,6.018735,-7.86211,6.224698,2.58
9,21092035,3,22,7476,bike,7483,pedestrian,100.8,104.8,4,-4.296691,8.606617,-4.313478,8.615843,0.167
9,21092035,3,24,7469,pedestrian,7484,car,105.6,105.8,0.2,-4.413409,0.83539,-4.413409,0.83539,4.977
9,21092035,3,23,7462,pedestrian,7485,bike,105,108.8,3.8,-6.527306,7.55443,-6.660139,7.170208,2.335
9,21092035,3,26,7464,pedestrian,7479,car,109,110,1,-3.619474,1.391525,-3.526538,1.456084,4.713
9,21092035,3,25,7462,pedestrian,7490,bike,106.4,110.2,3.8,-6.562107,7.473476,-6.703074,7.071864,2.475
9,21092035,3,27,7462,pedestrian,7497,bike,109.6,111,1.4,-6.67831,7.113866,-6.649319,7.194368,2.599
9,21092035,3,28,7464,pedestrian,7484,car,110,111,1,-3.571387,1.425167,-3.478451,1.489726,4.705
9,21092035,3,30,7516,car,7517,pedestrian,113.4,114.2,0.8,-11.239531,-2.520572,-11.176631,-2.496592,1.175
9,21092035,3,29,7466,pedestrian,7485,bike,113.2,115,1.8,-7.317431,6.602864,-7.379954,6.559611,2.626
9,21092035,3,31,7466,pedestrian,7490,bike,113.8,115.6,1.8,-7.291567,6.620828,-7.340831,6.586767,2.652
9,21092035,3,33,7502,pedestrian,7516,car,117,117.2,0.2,-10.455084,-2.145202,-10.455084,-2.145202,4.982
9,21092035,3,34,7488,pedestrian,7489,car,117.2,117.4,0.2,-4.440705,0.816236,-4.440705,0.816236,4.99
9,21092035,3,32,7503,pedestrian,7521,bike,116.6,118,1.4,-11.069853,3.891583,-10.96946,3.98631,2.098
9,21092035,3,35,7473,pedestrian,7489,car,119.4,120,0.6,-3.979413,1.139316,-3.92775,1.175216,4.844
9,21092035,3,37,7470,pedestrian,7489,car,120,120.6,0.6,-3.846435,1.232515,-3.794825,1.268377,4.795
9,21092035,3,36,7483,pedestrian,7497,bike,119.6,121,1.4,-5.213677,8.570649,-5.144275,8.627104,2.635
9,21092035,3,38,7469,pedestrian,7489,car,120.6,121.4,0.8,-3.720651,1.320611,-3.644955,1.373185,4.763
9,21092035,3,39,7464,pedestrian,7489,car,124.4,125.6,1.2,-2.929646,1.874565,-2.804664,1.961354,4.505
9,21092035,3,40,7518,pedestrian,7524,car,126.6,127,0.4,-5.967798,-1.654689,-5.954431,-1.674074,4.878
9,21092035,3,42,7476,bike,7511,pedestrian,130.4,132.6,2.2,-2.843852,8.423209,-2.856577,8.38877,2.239
9,21092035,3,43,7485,bike,7503,pedestrian,133.8,135.8,2,-10.02536,4.651037,-10.091126,4.604731,0.139
9,21092035,3,44,7490,bike,7503,pedestrian,134.6,136.6,2,-9.996607,4.671281,-10.058104,4.627982,0.1
9,21092035,3,45,7462,pedestrian,7521,bike,137,138.6,1.6,-8.190796,5.996612,-8.132905,6.036681,2.602
9,21092035,3,46,7485,bike,7508,pedestrian,137.4,139.6,2.2,-10.498909,4.317617,-10.579115,4.261146,0.024
9,21092035,3,47,7490,bike,7508,pedestrian,138,140.2,2.2,-10.464989,4.3415,-10.545194,4.285029,0.35
9,21092035,3,48,7499,car,7529,pedestrian,139,140.4,1.4,-11.247226,2.755896,-11.382154,2.781952,2.515
9,21092035,3,49,7497,bike,7511,pedestrian,140.2,143.6,3.4,-3.525918,8.302056,-3.52796,8.30402,0.159
9,21092035,3,50,7497,bike,7513,pedestrian,142.4,145.6,3.2,-3.380184,8.296907,-3.385486,8.295859,0.185
9,21092035,3,51,7497,bike,7519,pedestrian,143.4,146.6,3.2,-3.302115,8.311605,-3.311406,8.309948,0.145
9,21092035,3,52,7483,pedestrian,7521,bike,150,151.8,1.8,-6.609115,7.36076,-6.576072,7.436309,2.353
9,21092035,3,53,7497,bike,7523,pedestrian,150.2,152,1.8,-2.860018,8.418173,-2.848757,8.392908,2.279
9,21092035,3,54,7497,bike,7525,pedestrian,151.2,152,0.8,-2.79361,8.430475,-2.788894,8.421234,3.786
9,21092035,3,41,7511,pedestrian,7526,bike,130.2,158.8,28.6,-2.781257,8.42234,-4.739745,8.781467,2.508
9,21092035,3,55,7523,pedestrian,7538,car,159,159.6,0.6,-2.78865,8.215698,-2.824658,8.188449,4.797
9,21092035,3,56,7466,pedestrian,7526,bike,159.6,161,1.4,-5.139173,8.631201,-5.212502,8.57155,2.619
9,21092035,3,59,7523,pedestrian,7539,bike,161.6,162.2,0.6,-2.784515,8.259175,-2.793146,8.248669,3.836
9,21092035,3,60,7511,pedestrian,7521,bike,163.2,164.8,1.6,-4.932684,8.795733,-4.878633,8.836256,2.672
9,21092035,3,57,7466,pedestrian,7521,bike,161,166,5,-5.209194,8.574168,-4.811989,8.853894,2.599
9,21092035,3,61,7513,pedestrian,7521,bike,163.6,166.4,2.8,-4.808207,8.788003,-4.780506,8.86581,0.652
9,21092035,3,62,7519,pedestrian,7521,bike,164,167.2,3.2,-4.736157,8.783629,-4.732555,8.84609,0.025
9,21092035,3,63,7531,pedestrian,7539,bike,168.2,169.2,1,-3.148988,8.342438,-3.2059,8.32964,4.774
9,21092035,3,65,7531,pedestrian,7539,bike,170.6,172.4,1.8,-3.308725,8.310353,-3.416885,8.296804,4.532
9,21092035,3,66,7501,pedestrian,7524,car,173.8,174.4,0.6,-3.771243,1.285175,-3.711695,1.326515,4.765
9,21092035,3,69,7462,pedestrian,7543,bike,174.6,176.8,2.2,-10.276586,4.569043,-10.269297,4.5766,3.349
9,21092035,3,71,7483,pedestrian,7526,bike,174.8,177.2,2.4,-7.580467,6.420257,-7.839269,6.240708,2.593
9,21092035,3,72,7503,pedestrian,7526,bike,175.6,177.2,1.6,-7.702927,6.261685,-7.790295,6.201105,0.31
9,21092035,3,67,7521,bike,7525,pedestrian,174.2,178,3.8,-4.191411,8.548753,-4.203951,8.555646,0.03
9,21092035,3,74,7495,pedestrian,7524,car,178.6,179.4,0.8,-2.583843,2.11635,-2.494518,2.177553,4.408
9,21092035,3,77,7508,pedestrian,7526,bike,179.6,181.2,1.6,-8.447507,5.745377,-8.53989,5.681315,0.35
9,21092035,3,79,7531,pedestrian,7539,bike,181.8,182.2,0.4,-4.028568,8.461977,-4.042517,8.46778,4.92
9,21092035,3,75,7466,pedestrian,7539,bike,179,182.6,3.6,-4.065022,8.479288,-4.076057,8.485353,0.086
9,21092035,3,76,7521,bike,7530,pedestrian,179,182.8,3.8,-3.94502,8.425919,-3.964327,8.43361,0.012
9,21092035,3,78,7521,bike,7531,pedestrian,180.2,183.8,3.6,-3.893804,8.402817,-3.908734,8.409278,0.221
9,21092035,3,80,7503,pedestrian,7534,car,181.8,183.8,2,-7.383799,6.05043,-7.511304,5.889506,0.965
9,21092035,3,70,7535,pedestrian,7545,bike,174.6,185.4,10.8,-2.820199,8.403913,-3.652079,8.321334,1.524
9,21092035,3,83,7526,bike,7529,pedestrian,185.4,187,1.6,-9.508475,5.014967,-9.599988,4.950534,0.441
9,21092035,3,81,7466,pedestrian,7545,bike,184.4,187.6,3.2,-3.792451,8.365839,-3.842963,8.382227,0.001
9,21092035,3,82,7521,bike,7535,pedestrian,185,188.6,3.6,-3.633059,8.315303,-3.657674,8.323108,0.231
9,21092035,3,68,7529,pedestrian,7543,bike,174.2,189.4,15.2,-10.264911,4.482372,-9.345291,5.172648,0.596
9,21092035,3,84,7466,pedestrian,7547,bike,187.2,190.8,3.6,-3.6425,8.318297,-3.662845,8.324747,0.122
9,21092035,3,58,7530,pedestrian,7539,bike,161.6,193.4,31.8,-2.763316,8.43083,-4.801819,8.78203,2.507
9,21092035,3,86,7483,pedestrian,7543,bike,192.4,193.8,1.4,-8.620599,5.698166,-8.54222,5.752458,2.563
9,21092035,3,88,7462,pedestrian,7526,bike,194,194.4,0.4,-11.058007,3.867398,-11.077784,3.84789,4.119
9,21092035,3,87,7525,pedestrian,7539,bike,193.2,196.2,3,-5.019332,8.72569,-5.313284,8.494263,2.618
9,21092035,3,85,7531,pedestrian,7545,bike,191.4,198.6,7.2,-4.369439,8.6466,-4.933911,8.794805,2.68
9,21092035,3,90,7508,pedestrian,7543,bike,197,198.8,1.8,-7.728773,6.220421,-7.554462,6.279702,1.918
9,21092035,3,89,7530,pedestrian,7545,bike,196.8,199.4,2.6,-4.809946,8.856759,-5.09203,8.668347,2.641
9,21092035,3,64,7466,pedestrian,7521,bike,169,201.8,32.8,-4.643489,8.797221,-2.863156,8.385176,1.823
9,21092035,3,91,7525,pedestrian,7545,bike,199.8,201.8,2,-5.360021,8.453687,-5.608681,8.280733,2.427
9,21092035,3,92,7511,pedestrian,7543,bike,202,203.4,1.4,-6.874768,6.907619,-6.801036,6.958744,2.561
9,21092035,3,93,7513,pedestrian,7543,bike,202.6,204,1.4,-6.770657,6.985558,-6.718576,7.051604,2.735
9,21092035,3,94,7519,pedestrian,7543,bike,203.2,204.6,1.4,-6.702518,7.064392,-6.662993,7.142848,2.392
9,21092035,3,73,7535,pedestrian,7547,bike,177,207.8,30.8,-2.897565,8.367305,-4.997792,8.744188,2.691
9,21092035,3,97,7534,car,7555,pedestrian,206.4,208.2,1.8,-11.250032,2.713588,-11.409417,2.74412,1.065
9,21092035,3,98,7462,pedestrian,7534,car,206.8,208.2,1.4,-11.266614,2.821543,-11.40452,2.764906,3.739
9,21092035,3,95,7519,pedestrian,7539,bike,204.6,208.4,3.8,-6.667062,7.148556,-7.016146,6.811718,2.546
9,21092035,3,96,7513,pedestrian,7539,bike,206.4,209.4,3,-6.861898,6.917956,-7.181467,6.697454,2.616
9,21092035,3,100,7519,pedestrian,7545,bike,208,210,2,-6.860171,6.91905,-7.113492,6.744698,2.638
9,21092035,3,102,7525,pedestrian,7543,bike,208.8,210.2,1.4,-5.968735,8.023445,-5.892385,8.078828,1.856
9,21092035,3,99,7511,pedestrian,7539,bike,207.6,210.6,3,-7.064671,6.778381,-7.38112,6.558809,2.606
9,21092035,3,101,7513,pedestrian,7545,bike,208.6,210.6,2,-6.997586,6.824856,-7.254066,6.647018,2.64
9,21092035,3,106,7530,pedestrian,7543,bike,210.2,211.6,1.4,-5.718823,8.204192,-5.642229,8.250882,2.147
9,21092035,3,104,7511,pedestrian,7545,bike,209.4,211.8,2.4,-7.17546,6.701447,-7.450737,6.510474,2.619
9,21092035,3,103,7531,pedestrian,7547,bike,209.2,212,2.8,-5.406528,8.418134,-5.714585,8.207581,2.316
9,21092035,3,107,7531,pedestrian,7543,bike,210.6,212,1.4,-5.639041,8.259426,-5.562448,8.306116,2.243
9,21092035,3,105,7530,pedestrian,7547,bike,210,213,3,-5.554118,8.311548,-5.8859,8.084946,2.066
9,21092035,3,108,7535,pedestrian,7543,bike,212.6,214,1.4,-5.279323,8.519735,-5.208587,8.575401,2.65
9,21092035,3,110,7529,pedestrian,7539,bike,213.8,215.2,1.4,-8.093728,6.06388,-8.162403,6.016319,2.584
9,21092035,3,109,7525,pedestrian,7547,bike,212.6,215.4,2.8,-6.016271,7.992017,-6.307349,7.775418,2.078
9,21092035,3,111,7529,pedestrian,7545,bike,214.4,215.8,1.4,-8.073476,6.077954,-8.130737,6.038306,2.576
9,21092035,3,112,7483,pedestrian,7558,bike,223.4,224.8,1.4,-10.213536,4.611894,-10.154317,4.65493,3.29
9,21092035,3,113,7529,pedestrian,7547,bike,223.4,224.8,1.4,-7.58306,6.41845,-7.657587,6.366848,2.622
9,21092035,3,114,7519,pedestrian,7547,bike,225,227.8,2.8,-7.868718,6.220112,-8.175437,6.00728,2.582
9,21092035,3,116,7503,pedestrian,7553,car,226.6,228.4,1.8,-4.900691,6.187881,-4.724071,6.052868,3.901
9,21092035,3,115,7513,pedestrian,7547,bike,226,228.8,2.8,-8.041587,6.100081,-8.348267,5.887275,2.586
9,21092035,3,117,7483,pedestrian,7539,bike,226.8,229.2,2.4,-10.266693,4.578265,-10.506797,4.411668,3.446
9,21092035,3,118,7511,pedestrian,7547,bike,227,229.8,2.8,-8.214638,5.979922,-8.521135,5.767243,2.568
9,21092035,3,119,7483,pedestrian,7545,bike,228,230,2,-10.337663,4.529636,-10.53979,4.389332,3.493
9,21092035,3,120,7539,bike,7555,pedestrian,230.2,232,1.8,-10.808122,4.099905,-10.900896,4.034584,0.122
9,21092035,3,121,7545,bike,7555,pedestrian,230.8,232.4,1.6,-10.777238,4.12165,-10.864094,4.060496,0.181
9,21092035,3,122,7511,pedestrian,7558,bike,233.2,234.6,1.4,-8.716397,5.631643,-8.660875,5.670077,2.556
9,21092035,3,123,7513,pedestrian,7558,bike,233.6,235.2,1.6,-8.642722,5.682813,-8.578493,5.727272,2.59
9,21092035,3,124,7519,pedestrian,7558,bike,234.2,235.8,1.6,-8.559976,5.740261,-8.495421,5.784947,2.575
9,21092035,3,125,7464,pedestrian,7553,car,236,237.4,1.4,-3.184502,5.305024,-3.122798,5.238801,3.31
9,21092035,3,126,7469,pedestrian,7553,car,237.8,239,1.2,-2.946777,5.044312,-2.89533,4.990699,3.346
9,21092035,3,127,7473,pedestrian,7553,car,238,239.6,1.6,-2.900993,5.008917,-2.822437,4.908923,3.479
9,21092035,3,128,7547,bike,7555,pedestrian,239.2,241,1.8,-10.351755,4.421226,-10.452281,4.350448,0.077
9,21092035,3,129,7525,pedestrian,7558,bike,242,243.6,1.6,-7.383719,6.556992,-7.31443,6.604949,2.603
9,21092035,3,131,7483,pedestrian,7547,bike,242.6,243.8,1.2,-10.965608,4.016594,-11.059327,3.923987,1.172
9,21092035,3,130,7530,pedestrian,7558,bike,242.4,244,1.6,-7.306639,6.610524,-7.241422,6.65565,2.618
9,21092035,3,132,7531,pedestrian,7558,bike,243,244.6,1.6,-7.226536,6.666127,-7.159503,6.712522,2.645
9,21092035,3,133,7535,pedestrian,7558,bike,245.4,247,1.6,-6.859808,6.919136,-6.794038,6.963391,2.557
9,21092035,3,134,7529,pedestrian,7558,bike,248.8,251.8,3,-6.593353,7.417638,-6.399607,7.697128,2.594
9,21092035,3,135,7508,pedestrian,7563,car,250.8,252.2,1.4,-4.964986,6.241424,-4.827739,6.125428,4.084
9,21092035,3,136,7540,pedestrian,7545,bike,252,252.6,0.6,-8.134622,-0.375715,-8.109158,-0.409389,4.639
9,21092035,3,137,7464,pedestrian,7563,car,254.8,255.4,0.6,-4.111624,5.767897,-4.075445,5.764111,4.635
9,21092035,3,138,7469,pedestrian,7563,car,256.2,257.2,1,-3.800197,5.713417,-3.741735,5.671527,3.948
9,21092035,3,139,7473,pedestrian,7563,car,256.6,257.8,1.2,-3.714131,5.661195,-3.642218,5.610699,3.789
9,21092035,3,140,7503,pedestrian,7563,car,261,262.6,1.6,-2.899724,5.034574,-2.766562,4.957899,1.297
9,21092035,3,141,7495,pedestrian,7563,car,261.2,262.6,1.4,-2.787034,5.12146,-2.719884,4.995215,3.315
9,21092035,3,142,7545,bike,7564,pedestrian,261.4,262.8,1.4,-9.858771,-1.870858,-9.96606,-1.945746,0.228
9,21092035,3,143,7545,bike,7569,pedestrian,262.2,263.6,1.4,-10.050135,-2.004429,-10.152271,-2.07572,0.29
9,21092035,3,144,7536,pedestrian,7545,bike,263.6,265,1.4,-10.366079,-2.224958,-10.472722,-2.299395,0.561
9,21092035,3,145,7545,bike,7571,pedestrian,264.2,265.8,1.6,-10.501427,-2.319431,-10.627969,-2.407757,0.672
9,21092035,3,146,7545,bike,7576,pedestrian,266.4,267.8,1.4,-10.971035,-2.647216,-11.079868,-2.723181,0.479
9,21092035,3,148,7545,bike,7580,pedestrian,266.8,267.8,1,-11.06073,-2.709824,-11.133286,-2.760467,0.629
9,21092035,3,151,7545,bike,7583,pedestrian,267,267.8,0.8,-11.110503,-2.744565,-11.177573,-2.79138,0.459
9,21092035,3,149,7561,pedestrian,7582,car,266.8,268.2,1.4,-2.713797,8.234485,-2.825798,8.154056,3.586
9,21092035,3,147,7488,pedestrian,7582,car,266.6,268.4,1.8,-2.617715,8.072366,-2.807323,8.055694,2.623
9,21092035,3,150,7529,pedestrian,7568,bike,267,268.4,1.4,-5.631062,8.259086,-5.721126,8.203343,2.182
9,21092035,3,152,7523,pedestrian,7552,car,268,268.8,0.8,-1.902631,2.585082,-1.855489,2.617021,4.275
9,21092035,3,153,7565,car,7584,pedestrian,269,269.8,0.8,-5.5351,-2.296382,-5.592637,-2.211682,4.643
9,21092035,3,158,7523,pedestrian,7554,car,272,272.8,0.8,-2.111505,2.441441,-2.067375,2.471326,4.325
9,21092035,3,159,7523,pedestrian,7557,car,272.4,273.4,1,-2.136706,2.424136,-2.09265,2.453907,4.331
9,21092035,3,154,7470,pedestrian,7587,bike,271,273.8,2.8,-2.901364,8.365508,-2.899753,8.411926,1.71
9,21092035,3,160,7561,pedestrian,7586,car,272.6,273.8,1.2,-2.618128,8.105569,-2.738832,8.025972,3.13
9,21092035,3,162,7511,pedestrian,7589,bike,273.8,275.2,1.4,-11.048616,3.998927,-10.966402,4.02005,2.038
9,21092035,3,164,7513,pedestrian,7589,bike,274,275.4,1.4,-11.017876,4.063231,-10.940124,4.089575,3.568
9,21092035,3,165,7519,pedestrian,7589,bike,274.4,275.6,1.2,-10.944162,4.113262,-10.901017,4.145013,3.85
9,21092035,3,166,7464,pedestrian,7573,car,275.4,276.2,0.8,-5.032463,6.300853,-4.996209,6.260686,4.557
9,21092035,3,161,7558,bike,7560,pedestrian,273,277,4,-4.061437,8.477361,-4.049165,8.470606,0.139
9,21092035,3,167,7469,pedestrian,7573,car,276.4,277.4,1,-4.840517,6.137928,-4.784113,6.095047,3.942
9,21092035,3,156,7488,pedestrian,7587,bike,271,277.8,6.8,-2.798842,8.2928,-3.072731,8.365088,1.004
9,21092035,3,168,7473,pedestrian,7573,car,276.8,277.8,1,-4.760187,6.076457,-4.701142,6.036827,3.967
9,21092035,3,163,7558,bike,7559,pedestrian,274,278.2,4.2,-4.007843,8.451898,-3.985227,8.443367,0.03
9,21092035,3,169,7501,pedestrian,7552,car,279.6,281.2,1.6,-2.678468,5.02049,-2.812868,5.138425,2.527
9,21092035,3,171,7495,pedestrian,7573,car,282.2,283.4,1.2,-3.587989,5.584008,-3.516235,5.53317,3.546
9,21092035,3,172,7555,pedestrian,7568,bike,282.4,284,1.6,-8.31977,5.833953,-8.422732,5.762556,0.292
9,21092035,3,173,7525,pedestrian,7589,bike,283.4,285,1.6,-9.5719,5.049644,-9.504058,5.099015,2.814
9,21092035,3,170,7558,bike,7567,pedestrian,281.2,285.4,4.2,-3.584663,8.306103,-3.57002,8.30635,0.092
9,21092035,3,174,7530,pedestrian,7589,bike,283.8,285.4,1.6,-9.497123,5.100379,-9.428844,5.149104,2.741
9,21092035,3,175,7531,pedestrian,7589,bike,284,286,2,-9.47095,5.118329,-9.345573,5.203673,2.697
9,21092035,3,176,7508,pedestrian,7573,car,284.6,286.8,2.2,-3.132481,5.262416,-2.935261,5.037782,3.111
9,21092035,3,178,7501,pedestrian,7573,car,285.6,286.8,1.2,-2.97837,5.081096,-2.91898,5.017369,3.27
9,21092035,3,177,7535,pedestrian,7589,bike,285.6,287.2,1.6,-9.223707,5.281877,-9.157433,5.324526,2.673
9,21092035,3,179,7535,pedestrian,7568,bike,286.2,288.6,2.4,-9.101709,5.363212,-9.387456,5.173885,2.643
9,21092035,3,181,7531,pedestrian,7568,bike,288,290.2,2.2,-9.457906,5.12999,-9.710427,4.955021,2.835
9,21092035,3,180,7558,bike,7574,pedestrian,287.2,291,3.8,-3.230509,8.325076,-3.231989,8.324727,0.148
9,21092035,3,182,7530,pedestrian,7568,bike,288.8,291,2.2,-9.614162,5.023728,-9.863483,4.850447,2.954
9,21092035,3,183,7525,pedestrian,7568,bike,289.6,291.6,2,-9.768884,4.918052,-9.993874,4.761702,3.079
9,21092035,3,185,7495,pedestrian,7586,car,291.8,292.2,0.4,-4.120993,5.769312,-4.098539,5.766938,4.65
9,21092035,3,186,7523,pedestrian,7565,car,292.4,293,0.6,-3.136264,1.729736,-3.10278,1.752695,4.583
9,21092035,3,184,7558,bike,7577,pedestrian,290,294,4,-3.060594,8.37013,-3.050203,8.343688,0.204
9,21092035,3,189,7501,pedestrian,7586,car,294.6,295.6,1,-3.396695,5.456201,-3.322857,5.405266,3.408
9,21092035,3,188,7568,bike,7579,pedestrian,294.4,296,1.6,-10.695833,4.178966,-10.803638,4.103063,0.343
9,21092035,3,191,7518,pedestrian,7586,car,297,298,1,-2.92288,5.016147,-2.861103,4.952903,3.38
9,21092035,3,192,7495,pedestrian,7572,car,297.6,298.6,1,-4.447069,5.886362,-4.400713,5.867971,4.237
9,21092035,3,187,7555,pedestrian,7589,bike,294,298.8,4.8,-7.905932,6.120919,-7.548148,6.310159,0.536
9,21092035,3,190,7529,pedestrian,7587,bike,295,299,4,-4.152521,8.527379,-4.135836,8.518209,0.18
9,21092035,3,193,7555,pedestrian,7591,car,301.4,302.8,1.4,-7.411026,6.051837,-7.530118,5.929829,2.187
9,21092035,3,194,7501,pedestrian,7572,car,301.6,302.8,1.2,-3.751907,5.683726,-3.701881,5.647737,3.867
9,21092035,3,196,7518,pedestrian,7572,car,304.6,306,1.4,-3.288999,5.379528,-3.2307,5.337979,3.452
9,21092035,3,157,7583,pedestrian,7588,bike,271.8,306.6,34.8,-11.103041,-2.739356,-9.542147,-1.776476,1.237
9,21092035,3,198,7495,pedestrian,7595,car,309.8,310.4,0.6,-5.002644,6.270053,-4.97079,6.237939,4.479
9,21092035,3,155,7567,pedestrian,7587,bike,271,310.8,39.8,-2.88216,8.374594,-4.930866,8.797253,1.475
9,21092035,3,197,7529,pedestrian,7602,bike,307.6,311,3.4,-3.403749,8.294888,-3.417734,8.296003,0.029
9,21092035,3,201,7501,pedestrian,7595,car,312.4,313,0.6,-4.362594,5.847731,-4.321087,5.83064,4.362
9,21092035,3,200,7560,pedestrian,7589,bike,312,313.6,1.6,-5.764616,8.172774,-5.687141,8.220396,2.119
9,21092035,3,203,7598,pedestrian,7607,car,313.4,313.8,0.4,-6.077901,-1.491066,-6.070948,-1.501082,4.928
9,21092035,3,202,7559,pedestrian,7589,bike,312.4,314.2,1.8,-5.692562,8.222883,-5.601138,8.279416,2.189
9,21092035,3,199,7529,pedestrian,7606,bike,310.8,314.6,3.8,-3.19887,8.330948,-3.189281,8.332797,0.112
9,21092035,3,205,7518,pedestrian,7595,car,314.4,315.2,0.8,-3.807319,5.716631,-3.754645,5.673468,4.011
9,21092035,3,207,7601,pedestrian,7607,car,315.2,315.8,0.6,-5.885296,-1.777174,-5.86903,-1.800762,4.806
9,21092035,3,204,7559,pedestrian,7587,bike,314,317,3,-5.594451,8.283747,-5.88177,8.088009,2.037
9,21092035,3,208,7567,pedestrian,7589,bike,316,317.8,1.8,-5.165054,8.609628,-5.084118,8.674877,2.609
9,21092035,3,206,7560,pedestrian,7587,bike,314.8,318,3.2,-5.729968,8.190103,-6.03384,7.974725,1.867
9,21092035,3,209,7540,pedestrian,7591,car,317.4,318.4,1,-10.511886,2.979017,-10.589881,2.90821,3.923
9,21092035,3,210,7574,pedestrian,7589,bike,317.8,319.6,1.8,-4.90762,8.8156,-4.843218,8.853942,2.689
9,21092035,3,212,7601,pedestrian,7610,car,320.2,320.6,0.4,-5.993111,-1.617054,-5.984003,-1.630274,4.867
9,21092035,3,211,7577,pedestrian,7589,bike,319.4,323.2,3.8,-4.643914,8.797454,-4.639678,8.795126,0.125
9,21092035,3,213,7610,car,7614,pedestrian,324,324.6,0.6,-5.563548,-2.254821,-5.548801,-2.27603,4.632
9,21092035,3,214,7577,pedestrian,7602,bike,330,332.4,2.4,-4.961767,8.770929,-5.200874,8.580894,2.613
9,21092035,3,217,7530,pedestrian,7552,car,333.6,335,1.4,-11.259588,2.806951,-11.407997,2.748818,2.98
9,21092035,3,216,7525,pedestrian,7552,car,333.4,335.4,2,-11.248141,2.748267,-11.483054,2.666528,0.397
9,21092035,3,215,7574,pedestrian,7602,bike,333.2,336,2.8,-5.515979,8.339103,-5.819116,8.134591,2.166
9,21092035,3,219,7518,pedestrian,7609,car,335.6,336.2,0.6,-5.005565,6.272843,-4.979476,6.246192,4.477
9,21092035,3,218,7567,pedestrian,7602,bike,335,337.6,2.6,-5.839645,8.114878,-6.104751,7.922654,1.881
9,21092035,3,220,7576,pedestrian,7588,bike,336.6,339.4,2.8,-8.18393,-0.69555,-8.063013,-0.529787,2.206
9,21092035,3,221,7579,pedestrian,7587,bike,337.4,339.8,2.4,-8.977768,5.410041,-9.086672,5.29915,0.287
9,21092035,3,195,7580,pedestrian,7588,bike,302.4,340.2,37.8,-9.724339,-1.777025,-8.044388,-0.50319,0.258
9,21092035,3,223,7576,pedestrian,7588,bike,340.2,341.2,1,-8.093121,-0.43245,-8.153918,-0.348505,4.639
9,21092035,3,222,7559,pedestrian,7602,bike,339.6,342.4,2.8,-6.584532,7.414271,-6.698849,7.079499,2.535
9,21092035,3,224,7560,pedestrian,7602,bike,340.4,343.4,3,-6.638033,7.250493,-6.8277,6.94356,2.353
9,21092035,3,225,7467,pedestrian,7609,car,345.2,347,1.8,-2.908704,5.050203,-2.762725,4.928144,1.419
9,21092035,3,226,7480,pedestrian,7609,car,345.4,347,1.6,-2.900547,5.013099,-2.769036,4.914604,2.054
9,21092035,3,227,7494,pedestrian,7609,car,345.8,347,1.2,-2.885202,4.935751,-2.787296,4.875379,3.98
9,21092035,3,231,7624,pedestrian,7628,car,348.6,349.2,0.6,-11.215467,-2.606464,-11.180263,-2.596196,3.293
9,21092035,3,234,7555,pedestrian,7613,car,349,349.4,0.4,-5.090953,6.351923,-5.07429,6.331332,4.957
9,21092035,3,230,7483,pedestrian,7628,car,348.6,349.6,1,-11.247867,-2.493224,-11.176634,-2.472799,2.137
9,21092035,3,233,7625,pedestrian,7628,car,348.6,349.6,1,-11.232749,-2.542818,-11.162399,-2.522074,0.998
9,21092035,3,228,7577,pedestrian,7606,bike,348.4,352.2,3.8,-5.816556,8.130488,-6.158183,7.883666,1.886
9,21092035,3,229,7589,bike,7612,pedestrian,348.4,352.2,3.8,-2.992526,8.392102,-2.991795,8.346933,0.668
9,21092035,3,235,7566,pedestrian,7628,car,352.6,352.8,0.2,-10.505454,-2.180231,-10.505454,-2.180231,4.984
9,21092035,3,236,7574,pedestrian,7606,bike,353.4,356.2,2.8,-6.503787,7.586613,-6.617846,7.3195,2.573
9,21092035,3,238,7567,pedestrian,7606,bike,354.2,357.4,3.2,-6.57152,7.449695,-6.675465,7.125634,2.464
9,21092035,3,237,7579,pedestrian,7602,bike,354.2,358.6,4.4,-8.277342,5.863374,-8.284388,5.858488,0.241
9,21092035,3,242,7496,pedestrian,7613,car,361.2,362.2,1,-2.809366,5.136463,-2.733657,5.090949,4.444
9,21092035,3,240,7510,pedestrian,7613,car,361,362.6,1.6,-2.845435,5.134963,-2.7159,5.053606,3.814
9,21092035,3,239,7464,pedestrian,7627,bike,360.8,362.8,2,-8.894562,5.432859,-8.789621,5.508145,0.447
9,21092035,3,241,7527,pedestrian,7613,car,361.2,363,1.8,-2.899166,5.039503,-2.766516,4.964618,1.038
9,21092035,3,243,7469,pedestrian,7627,bike,361.4,363.2,1.8,-8.806716,5.496166,-8.714321,5.56036,0.12
9,21092035,3,244,7520,pedestrian,7613,car,361.4,363.2,1.8,-2.902548,4.987585,-2.766743,4.924053,2.415
9,21092035,3,246,7473,pedestrian,7627,bike,362,363.8,1.8,-8.718021,5.557795,-8.62841,5.619933,0.362
9,21092035,3,245,7559,pedestrian,7606,bike,361.6,365,3.4,-7.381973,6.558057,-7.684002,6.348525,2.595
9,21092035,3,248,7495,pedestrian,7606,bike,363.4,365.8,2.4,-7.557142,6.281497,-7.753584,6.225986,1.589
9,21092035,3,247,7560,pedestrian,7606,bike,362.8,366,3.2,-7.54894,6.442142,-7.832086,6.245696,2.595
9,21092035,3,250,7607,car,7631,pedestrian,365.6,366.6,1,-5.877789,-1.787648,-5.933437,-1.705635,4.825
9,21092035,3,249,7579,pedestrian,7606,bike,364.8,367,2.2,-7.822713,6.178626,-7.924299,6.108183,0.043
9,21092035,3,254,7629,pedestrian,7637,car,367.2,367.4,0.2,-6.229171,-1.266353,-6.229171,-1.266353,4.996
9,21092035,3,257,7630,pedestrian,7637,car,367.6,367.8,0.2,-6.175626,-1.345923,-6.175626,-1.345923,4.967
9,21092035,3,258,7523,pedestrian,7637,car,367.8,368.2,0.4,-6.148654,-1.38601,-6.13264,-1.40958,4.956
9,21092035,3,260,7630,pedestrian,7639,car,368.2,368.4,0.2,-6.196408,-1.314993,-6.196408,-1.314993,4.977
9,21092035,3,261,7523,pedestrian,7607,car,368.2,368.4,0.2,-6.129241,-1.414705,-6.129241,-1.414705,4.941
9,21092035,3,259,7610,car,7631,pedestrian,368,368.8,0.8,-5.966558,-1.655918,-6.011218,-1.590132,4.869
9,21092035,3,263,7631,pedestrian,7637,car,368.8,369.2,0.4,-6.019054,-1.578513,-6.010062,-1.591501,4.904
9,21092035,3,264,7523,pedestrian,7639,car,368.8,369.2,0.4,-6.115026,-1.435954,-6.09688,-1.462643,4.943
9,21092035,3,265,7523,pedestrian,7610,car,369.2,369.6,0.4,-6.091366,-1.470861,-6.09923,-1.459516,4.932
9,21092035,3,266,7631,pedestrian,7639,car,369.4,369.6,0.2,-6.03212,-1.558925,-6.03212,-1.558925,4.888
9,21092035,3,255,7560,pedestrian,7627,bike,367.2,370.4,3.2,-7.899058,6.199197,-7.876503,6.214711,2.584
9,21092035,3,256,7495,pedestrian,7627,bike,367.4,370.6,3.2,-7.832016,6.172175,-7.817123,6.182502,0.343
9,21092035,3,232,7473,pedestrian,7602,bike,348.6,371,22.4,-7.93578,6.100222,-9.150786,5.306184,0.059
9,21092035,3,251,7469,pedestrian,7602,bike,366.2,371,4.8,-8.864916,5.454446,-9.177321,5.312294,1.973
9,21092035,3,262,7559,pedestrian,7627,bike,368.2,371,2.8,-7.83085,6.24655,-7.80259,6.266041,2.584
9,21092035,3,252,7464,pedestrian,7602,bike,366.6,371.6,5,-8.951628,5.411078,-9.289303,5.238772,2.648
9,21092035,3,253,7579,pedestrian,7627,bike,366.8,372.2,5.4,-7.920678,6.110694,-7.56454,6.317249,0.341
9,21092035,3,267,7567,pedestrian,7627,bike,372.8,374.4,1.6,-7.337019,6.589424,-7.253663,6.647144,2.647
9,21092035,3,269,7574,pedestrian,7627,bike,373.4,374.8,1.4,-7.24898,6.650537,-7.176846,6.700493,2.607
9,21092035,3,268,7473,pedestrian,7606,bike,373.2,376.8,3.6,-9.050534,5.399007,-9.393087,5.170042,2.646
9,21092035,3,272,7577,pedestrian,7627,bike,375.2,376.8,1.6,-6.939725,6.863066,-6.859469,6.91955,2.618
9,21092035,3,273,7464,pedestrian,7588,bike,375.2,376.8,1.6,-9.470581,5.118553,-9.382815,5.179229,2.765
9,21092035,3,270,7469,pedestrian,7606,bike,374,377.2,3.2,-9.1697,5.316513,-9.462193,5.124495,2.671
9,21092035,3,274,7469,pedestrian,7588,bike,375.6,377.2,1.6,-9.403212,5.163414,-9.316186,5.222917,2.709
9,21092035,3,275,7473,pedestrian,7588,bike,376,377.4,1.4,-9.34575,5.202063,-9.275372,5.248924,2.679
9,21092035,3,271,7464,pedestrian,7606,bike,375,378.2,3.2,-9.311435,5.225886,-9.598074,5.031569,2.736
9,21092035,3,277,7575,pedestrian,7587,bike,376.6,378.8,2.2,-8.195896,-0.087019,-8.043248,-0.218063,1.528
9,21092035,3,279,7587,bike,7600,pedestrian,377.2,378.8,1.6,-8.257348,-0.199838,-8.138075,-0.282782,3.575
9,21092035,3,276,7587,bike,7605,pedestrian,376.6,379,2.4,-8.21803,-0.102128,-8.043678,-0.241862,0.85
9,21092035,3,278,7587,bike,7599,pedestrian,376.8,379,2.2,-8.246987,-0.145442,-8.066922,-0.257712,1.153
9,21092035,3,280,7464,pedestrian,7640,bike,379.8,381.4,1.6,-9.676691,4.977994,-9.605248,5.029679,2.888
9,21092035,3,281,7469,pedestrian,7640,bike,380.4,382,1.6,-9.591896,5.035968,-9.520212,5.087812,2.86
9,21092035,3,282,7495,pedestrian,7588,bike,380.6,382.4,1.8,-8.495693,5.711963,-8.398768,5.779174,0.159
9,21092035,3,283,7560,pedestrian,7588,bike,380.8,382.4,1.6,-8.504503,5.778794,-8.416118,5.840024,2.571
9,21092035,3,284,7473,pedestrian,7640,bike,381,382.6,1.6,-9.5071,5.093942,-9.434202,5.145537,2.761
9,21092035,3,285,7559,pedestrian,7588,bike,381.4,383,1.6,-8.413896,5.841698,-8.325511,5.902928,2.571
9,21092035,3,286,7587,bike,7608,pedestrian,382.4,384.2,1.8,-8.397547,-0.850926,-8.481636,-0.90962,0.475
9,21092035,3,288,7501,pedestrian,7588,bike,383.8,385.6,1.8,-7.953764,6.087752,-7.857838,6.154269,0.091
9,21092035,3,287,7555,pedestrian,7626,car,383.4,386,2.6,-3.36432,5.433147,-3.121118,5.237139,3.451
9,21092035,3,290,7567,pedestrian,7588,bike,384.6,386.2,1.6,-7.863459,6.22391,-7.774978,6.285206,2.643
9,21092035,3,291,7574,pedestrian,7588,bike,385.2,386.6,1.4,-7.771847,6.287512,-7.696692,6.339569,2.588
9,21092035,3,292,7518,pedestrian,7588,bike,385.2,387.2,2,-7.694805,6.187777,-7.574512,6.342582,1.623
9,21092035,3,293,7495,pedestrian,7640,bike,385.8,387.6,1.8,-8.739223,5.543093,-8.659729,5.598216,0.12
9,21092035,3,294,7560,pedestrian,7640,bike,386.2,387.8,1.6,-8.726483,5.62464,-8.653351,5.675293,2.577
9,21092035,3,296,7577,pedestrian,7588,bike,386.8,388.2,1.4,-7.49325,6.480955,-7.419699,6.531882,2.607
9,21092035,3,295,7559,pedestrian,7640,bike,386.6,388.4,1.8,-8.654815,5.674416,-8.568303,5.734344,2.561
9,21092035,3,297,7612,pedestrian,7627,bike,387.8,389.4,1.6,-5.23314,8.554968,-5.160894,8.613796,2.639
9,21092035,3,289,7634,pedestrian,7654,bike,384,390,6,-2.774487,8.425543,-3.084458,8.342591,1.725
9,21092035,3,298,7587,bike,7625,pedestrian,388.2,390,1.8,-9.338645,-1.507811,-9.423804,-1.567252,0.432
9,21092035,3,300,7611,pedestrian,7657,car,389.8,391.2,1.4,-11.252289,-2.478717,-11.171027,-2.470557,2.58
9,21092035,3,299,7501,pedestrian,7640,bike,389.2,391.2,2,-8.225591,5.899259,-8.137285,5.960493,0.237
9,21092035,3,305,7657,car,7658,pedestrian,391.2,391.4,0.2,-11.158871,-2.464645,-11.158871,-2.464645,4.985
9,21092035,3,301,7567,pedestrian,7640,bike,390.2,392,1.8,-8.116008,6.048551,-8.032318,6.106517,2.579
9,21092035,3,302,7587,bike,7633,pedestrian,390.2,392,1.8,-9.652889,-1.727153,-9.735655,-1.784923,0.137
9,21092035,3,303,7574,pedestrian,7640,bike,390.8,392.6,1.8,-8.031621,6.107142,-7.947243,6.165587,2.581
9,21092035,3,304,7518,pedestrian,7640,bike,391,393,2,-7.953776,6.087743,-7.86798,6.147236,0.376
9,21092035,3,307,7634,pedestrian,7656,car,392.2,393.4,1.2,-2.733803,8.236967,-2.827064,8.15968,3.945
9,21092035,3,310,7508,pedestrian,7607,car,393.4,394,0.6,-3.551153,1.439265,-3.531357,1.452761,4.701
9,21092035,3,308,7577,pedestrian,7640,bike,392.6,394.2,1.6,-7.770425,6.288503,-7.699877,6.337353,2.627
9,21092035,3,312,7646,pedestrian,7657,car,394.2,394.4,0.2,-10.640121,-2.273921,-10.640121,-2.273921,4.994
9,21092035,3,311,7508,pedestrian,7610,car,394,394.6,0.6,-3.581613,1.417933,-3.564658,1.429465,4.716
9,21092035,3,316,7587,bike,7657,car,395.6,395.8,0.2,-10.484959,-2.165992,-10.484959,-2.165992,4.992
9,21092035,3,306,7577,pedestrian,7615,bike,391.6,396,4.4,-7.579618,6.420841,-7.935355,6.17399,2.589
9,21092035,3,313,7587,bike,7645,pedestrian,394.4,396.2,1.8,-10.318354,-2.191646,-10.401691,-2.249815,0.047
9,21092035,3,314,7587,bike,7646,pedestrian,395.2,397,1.8,-10.441374,-2.277514,-10.527374,-2.337541,0.211
9,21092035,3,320,7645,pedestrian,7657,car,396.6,397.4,0.8,-10.355942,-2.076205,-10.304819,-2.040682,4.97
9,21092035,3,318,7587,bike,7648,pedestrian,396,397.8,1.8,-10.571945,-2.368652,-10.661393,-2.431087,0.041
9,21092035,3,319,7587,bike,7650,pedestrian,396.4,398.4,2,-10.646689,-2.420823,-10.74889,-2.49216,0.438
9,21092035,3,322,7587,bike,7647,pedestrian,397,398.8,1.8,-10.732593,-2.480784,-10.820452,-2.54211,0.177
9,21092035,3,323,7598,pedestrian,7607,car,397.8,399.4,1.6,-2.877333,1.911158,-2.737037,2.008755,4.475
9,21092035,3,325,7555,pedestrian,7635,car,398.4,400,1.6,-2.854338,5.14237,-2.718475,5.057437,3.532
9,21092035,3,326,7588,bike,7612,pedestrian,398.6,400.2,1.6,-5.813243,8.13918,-5.728411,8.191201,1.992
9,21092035,3,330,7555,pedestrian,7644,car,399.8,400.4,0.6,-2.782638,5.12606,-2.728495,5.085164,4.553
9,21092035,3,327,7506,pedestrian,7635,car,398.8,400.6,1.8,-2.906352,4.999979,-2.777537,4.904477,2.676
9,21092035,3,328,7598,pedestrian,7610,car,399,400.6,1.6,-2.818653,1.952254,-2.675516,2.051815,4.45
9,21092035,3,329,7542,pedestrian,7635,car,399.4,400.6,1.2,-2.87707,4.921162,-2.793494,4.8702,4.262
9,21092035,3,324,7587,bike,7658,pedestrian,398.2,401.2,3,-10.926144,-2.615882,-10.939883,-2.625472,0.14
9,21092035,3,331,7506,pedestrian,7644,car,399.8,401.4,1.6,-2.888141,5.010306,-2.767655,4.917025,2.133
9,21092035,3,332,7542,pedestrian,7644,car,400,401.4,1.4,-2.881924,4.952071,-2.780397,4.889652,3.635
9,21092035,3,333,7587,bike,7659,pedestrian,400.2,403,2.8,-11.115033,-2.670409,-11.178862,-2.790492,0.396
9,21092035,3,335,7574,pedestrian,7617,bike,403,403.2,0.2,-8.41552,5.840427,-8.41552,5.840427,4.928
9,21092035,3,336,7567,pedestrian,7615,bike,403.2,403.4,0.2,-8.533662,5.758394,-8.533662,5.758394,4.844
9,21092035,3,337,7574,pedestrian,7617,bike,403.4,403.8,0.4,-8.436471,5.82588,-8.444881,5.820042,4.805
9,21092035,3,340,7612,pedestrian,7640,bike,405.4,407.2,1.8,-6.180393,7.867716,-6.107965,7.9252,2.046
9,21092035,3,309,7577,pedestrian,7617,bike,393.2,408.4,15.2,-7.657435,6.366815,-8.533525,5.758639,2.589
9,21092035,3,342,7577,pedestrian,7617,bike,408.6,409.2,0.6,-8.553866,5.744516,-8.574207,5.730393,4.929
9,21092035,3,343,7577,pedestrian,7617,bike,409.4,409.6,0.2,-8.58919,5.719985,-8.58919,5.719985,4.787
9,21092035,3,341,7627,bike,7636,pedestrian,407,410.6,3.6,-3.712318,8.340433,-3.703013,8.337482,0.242
9,21092035,3,334,7577,pedestrian,7619,bike,400.6,411.2,10.6,-8.01336,6.119682,-8.667445,5.665648,2.575
9,21092035,3,350,7503,pedestrian,7637,car,412.4,412.6,0.2,-6.004778,-1.599463,-6.004778,-1.599463,4.874
9,21092035,3,351,7503,pedestrian,7639,car,412.8,413.2,0.4,-5.97552,-1.642603,-5.986245,-1.627099,4.872
9,21092035,3,339,7574,pedestrian,7617,bike,404,413.6,9.6,-8.465144,5.805973,-9.036027,5.407062,2.553
9,21092035,3,352,7637,car,7661,pedestrian,413.6,414,0.4,-6.157989,-1.371939,-6.174416,-1.347746,4.969
9,21092035,3,345,7518,pedestrian,7617,bike,409.8,414.4,4.6,-8.777037,5.516871,-9.140734,5.313141,0.318
9,21092035,3,346,7567,pedestrian,7617,bike,410.2,414.6,4.4,-8.843267,5.543413,-9.183474,5.308266,2.628
9,21092035,3,347,7574,pedestrian,7619,bike,410.4,415,4.6,-8.747006,5.610256,-9.107375,5.359093,2.55
9,21092035,3,356,7639,car,7661,pedestrian,414.8,415,0.2,-6.212239,-1.291573,-6.212239,-1.291573,4.986
9,21092035,3,348,7518,pedestrian,7619,bike,411.6,415.6,4,-8.879652,5.443742,-9.18935,5.304447,0.749
9,21092035,3,317,7574,pedestrian,7615,bike,395.8,416,20.2,-8.095579,6.062584,-9.154181,5.327514,2.554
9,21092035,3,349,7567,pedestrian,7619,bike,411.6,416,4.4,-8.905361,5.500297,-9.248233,5.265765,2.666
9,21092035,3,315,7518,pedestrian,7615,bike,395.2,416.4,21.2,-7.998711,6.056584,-9.197728,5.29896,0.271
9,21092035,3,338,7567,pedestrian,7615,bike,403.6,417.2,13.6,-8.547878,5.748519,-9.302917,5.229872,2.569
9,21092035,3,353,7501,pedestrian,7617,bike,413.8,417.4,3.6,-9.25146,5.264254,-9.579068,5.044561,2.716
9,21092035,3,354,7627,bike,7651,pedestrian,414.2,417.8,3.6,-3.252291,8.321015,-3.24443,8.322439,0.175
9,21092035,3,355,7588,bike,7636,pedestrian,414.2,417.8,3.6,-4.111533,8.504852,-4.098545,8.497713,0.114
9,21092035,3,358,7617,bike,7643,pedestrian,416.4,418.2,1.8,-9.587244,4.959507,-9.648127,4.916641,0.04
9,21092035,3,357,7501,pedestrian,7619,bike,415.2,419,3.8,-9.323508,5.218116,-9.656066,4.992115,2.771
9,21092035,3,360,7619,bike,7643,pedestrian,417,419,2,-9.540828,4.992188,-9.602945,4.948452,0.386
9,21092035,3,361,7615,bike,7643,pedestrian,417.6,419.8,2.2,-9.505824,5.016833,-9.568738,4.982275,0.158
9,21092035,3,362,7495,pedestrian,7617,bike,417.8,420.8,3,-9.810026,4.890054,-10.059866,4.716499,3.101
9,21092035,3,359,7501,pedestrian,7615,bike,416.4,421,4.6,-9.385665,5.177347,-9.764195,4.918192,2.829
9,21092035,3,363,7559,pedestrian,7617,bike,418.8,421.8,3,-9.94898,4.79519,-10.205102,4.617481,3.208
9,21092035,3,367,7584,pedestrian,7607,car,420.2,422.2,2,-2.66689,5.02372,-2.810234,5.112094,2.73
9,21092035,3,364,7495,pedestrian,7619,bike,419.2,422.6,3.4,-9.857571,4.85774,-10.137456,4.663611,3.146
9,21092035,3,371,7584,pedestrian,7610,car,421.2,422.6,1.4,-2.710209,5.018327,-2.800525,5.07249,3.69
9,21092035,3,365,7560,pedestrian,7617,bike,419.8,422.8,3,-10.093738,4.696488,-10.351845,4.517467,3.33
9,21092035,3,372,7584,pedestrian,7656,car,421.4,423.4,2,-2.894172,5.112662,-2.786265,4.897236,1.107
9,21092035,3,366,7636,pedestrian,7640,bike,420,423.8,3.8,-4.420373,8.674594,-4.420563,8.674698,0.042
9,21092035,3,368,7559,pedestrian,7619,bike,420.4,423.8,3.4,-10.013195,4.751439,-10.297835,4.554166,3.272
9,21092035,3,370,7588,bike,7651,pedestrian,421,424.6,3.6,-3.667838,8.32633,-3.6554,8.322387,0.07
9,21092035,3,369,7495,pedestrian,7615,bike,421,424.8,3.8,-9.936613,4.803666,-10.23355,4.598014,3.214
9,21092035,3,373,7560,pedestrian,7619,bike,421.6,424.8,3.2,-10.174125,4.641629,-10.440044,4.457301,3.39
9,21092035,3,374,7559,pedestrian,7615,bike,422.4,426,3.6,-10.10573,4.688221,-10.387594,4.493053,3.343
9,21092035,3,375,7560,pedestrian,7615,bike,423.8,427.4,3.6,-10.276354,4.57178,-10.558218,4.376612,3.472
9,21092035,3,376,7640,bike,7651,pedestrian,427.4,431.2,3.8,-4.02798,8.460792,-4.029751,8.461948,0.08
9,21092035,3,377,7631,pedestrian,7637,car,431,431.6,0.6,-4.120464,1.040657,-4.078815,1.069534,4.879
9,21092035,3,378,7467,pedestrian,7674,car,431.6,432.2,0.6,-2.662458,8.022141,-2.708666,8.011898,4.81
9,21092035,3,380,7630,pedestrian,7637,car,431.8,432.4,0.6,-3.981735,1.137721,-3.945096,1.163045,4.846
9,21092035,3,381,7631,pedestrian,7639,car,432,432.6,0.6,-4.080034,1.068898,-4.038115,1.097967,4.877
9,21092035,3,321,7636,pedestrian,7660,bike,397,433,36,-2.919888,8.356742,-5.02889,8.719146,2.679
9,21092035,3,382,7629,pedestrian,7637,car,432.4,433.2,0.8,-3.865978,1.218824,-3.801929,1.263257,4.802
9,21092035,3,383,7630,pedestrian,7639,car,432.6,433.2,0.6,-3.964278,1.150001,-3.920163,1.18057,4.833
9,21092035,3,385,7622,pedestrian,7637,car,433,433.8,0.8,-3.752987,1.297965,-3.688294,1.342854,4.78
9,21092035,3,386,7629,pedestrian,7639,car,433.2,434,0.8,-3.845069,1.233439,-3.78187,1.277381,4.789
9,21092035,3,387,7614,pedestrian,7637,car,433.6,434.6,1,-3.634342,1.381116,-3.55133,1.438666,4.72
9,21092035,3,388,7622,pedestrian,7639,car,434,434.6,0.6,-3.714323,1.324954,-3.664977,1.359177,4.752
9,21092035,3,379,7636,pedestrian,7662,bike,431.6,434.8,3.2,-4.819235,8.852113,-5.107944,8.655565,2.633
9,21092035,3,390,7601,pedestrian,7637,car,434.4,435.2,0.8,-3.499144,1.475676,-3.434451,1.520565,4.689
9,21092035,3,389,7614,pedestrian,7639,car,434.4,435.4,1,-3.61279,1.396187,-3.529506,1.454043,4.712
9,21092035,3,384,7612,pedestrian,7654,bike,432.8,435.8,3,-7.181433,6.697296,-7.480725,6.489654,2.603
9,21092035,3,392,7601,pedestrian,7639,car,435.2,436.2,1,-3.480564,1.488751,-3.394308,1.548603,4.67
9,21092035,3,393,7510,pedestrian,7676,car,435.2,436.2,1,-2.637821,8.043894,-2.731006,8.018253,4.206
9,21092035,3,391,7467,pedestrian,7676,car,434.8,436.6,1.8,-2.615829,8.110407,-2.805447,8.066201,1.616
9,21092035,3,394,7584,pedestrian,7628,car,435.4,436.6,1.2,-3.557758,5.565258,-3.510147,5.529693,3.499
9,21092035,3,397,7502,pedestrian,7607,car,436,437.6,1.6,-2.542484,7.545907,-2.45415,7.65633,3.439
9,21092035,3,396,7480,pedestrian,7607,car,435.8,438,2.2,-2.543724,7.505498,-2.402534,7.630937,1.008
9,21092035,3,395,7494,pedestrian,7607,car,435.8,438.2,2.4,-2.543724,7.505498,-2.375195,7.614875,1.008
9,21092035,3,399,7480,pedestrian,7610,car,437.2,439.2,2,-2.553491,7.509289,-2.424183,7.653834,2.702
9,21092035,3,398,7494,pedestrian,7610,car,437.2,439.4,2.2,-2.54971,7.500979,-2.384487,7.614768,0.997
9,21092035,3,402,7585,pedestrian,7628,car,440.8,441.2,0.4,-2.718768,5.075293,-2.710593,5.057383,4.843
9,21092035,3,400,7643,pedestrian,7654,bike,439.6,441.4,1.8,-8.244915,5.88586,-8.322027,5.832388,0.167
9,21092035,3,401,7505,pedestrian,7637,car,440.8,441.6,0.8,-2.326099,2.293753,-2.285563,2.321198,4.341
9,21092035,3,404,7520,pedestrian,7637,car,441.2,442,0.8,-2.244895,2.349655,-2.206129,2.37587,4.341
9,21092035,3,403,7505,pedestrian,7639,car,441.2,442.2,1,-2.367056,2.265716,-2.313008,2.302309,4.346
9,21092035,3,405,7520,pedestrian,7639,car,441.8,442.6,0.8,-2.27411,2.329537,-2.232222,2.35788,4.346
9,21092035,3,344,7651,pedestrian,7666,bike,409.6,446,36.4,-2.851683,8.389016,-4.950038,8.782187,0.524
9,21092035,3,406,7467,pedestrian,7640,bike,445.2,450,4.8,-2.989791,8.347191,-2.934373,8.351414,0.141
9,21092035,3,407,7527,pedestrian,7640,bike,445.8,450,4.2,-2.960995,8.349573,-2.845675,8.343487,0.1
9,21092035,3,408,7496,pedestrian,7640,bike,446.6,450,3.4,-2.910416,8.328794,-2.892396,8.346772,0.21
9,21092035,3,409,7474,pedestrian,7640,bike,447.6,450,2.4,-2.866872,8.295185,-2.837491,8.342911,0.01
9,21092035,3,410,7640,bike,7670,pedestrian,448,450,2,-2.849013,8.421278,-2.841533,8.395344,2.377
9,21092035,3,411,7510,pedestrian,7640,bike,448.6,450,1.4,-2.823327,8.261573,-2.80764,8.307058,1.677
9,21092035,3,412,7502,pedestrian,7640,bike,448.8,450,1.2,-2.814691,8.255021,-2.784565,8.252902,4.194
9,21092035,3,413,7494,pedestrian,7640,bike,449.4,450,0.6,-2.794698,8.24925,-2.784565,8.252902,4.194
9,21092035,3,414,7636,pedestrian,7666,bike,449.4,452.2,2.8,-5.678379,8.226002,-5.962049,8.028299,1.921
9,21092035,3,415,7643,pedestrian,7660,bike,451,452.8,1.8,-7.555592,6.323561,-7.642203,6.188368,3.08
9,21092035,3,416,7584,pedestrian,7674,car,452,452.8,0.8,-4.693518,6.029767,-4.654656,6.003903,4.013
9,21092035,3,417,7643,pedestrian,7662,bike,452.2,453.2,1,-7.558731,6.265026,-7.612843,6.189939,4.228
9,21092035,3,418,7670,pedestrian,7689,bike,452.8,454.4,1.6,-2.916636,8.358281,-2.977842,8.347851,4.21
9,21092035,3,429,7579,pedestrian,7674,car,454.2,455,0.8,-4.226094,5.788645,-4.143105,5.772946,4.56
9,21092035,3,430,7584,pedestrian,7676,car,454.4,455.4,1,-4.848182,6.145946,-4.798177,6.104759,3.894
9,21092035,3,427,7577,pedestrian,7654,bike,453.4,455.6,2.2,-10.468252,4.44063,-10.673759,4.297927,3.583
9,21092035,3,431,7518,pedestrian,7654,bike,454.4,456.6,2.2,-10.626063,4.332873,-10.828455,4.19223,3.704
9,21092035,3,433,7574,pedestrian,7654,bike,455.2,457.4,2.2,-10.760585,4.241196,-10.968111,4.097158,3.811
9,21092035,3,434,7567,pedestrian,7654,bike,456.2,457.8,1.6,-10.917148,4.134264,-11.038377,4.020704,3.207
9,21092035,3,421,7467,pedestrian,7689,bike,452.8,457.8,5,-2.878756,8.376205,-2.856128,8.420538,1.942
9,21092035,3,428,7651,pedestrian,7667,bike,454,458,4,-5.200715,8.581799,-5.548535,8.322068,2.558
9,21092035,3,435,7564,pedestrian,7637,car,456.4,458.2,1.8,-2.708898,5.02797,-2.774117,5.201565,1.436
9,21092035,3,436,7569,pedestrian,7637,car,456.6,458.2,1.6,-2.744422,5.021563,-2.799582,5.182285,2.966
9,21092035,3,439,7564,pedestrian,7639,car,456.8,459,2.2,-2.684474,5.013358,-2.762233,5.223597,0.931
9,21092035,3,440,7569,pedestrian,7639,car,457,459,2,-2.725277,5.015136,-2.784449,5.206968,2.266
9,21092035,3,441,7585,pedestrian,7674,car,457.8,459,1.2,-3.455652,5.497509,-3.387419,5.451411,3.381
9,21092035,3,444,7579,pedestrian,7676,car,458.2,459,0.8,-4.029019,5.757413,-3.942416,5.747124,4.704
9,21092035,3,422,7496,pedestrian,7689,bike,452.8,459.4,6.6,-2.913627,8.359705,-2.926705,8.410669,1.669
9,21092035,3,437,7651,pedestrian,7669,bike,456.8,460,3.2,-5.342164,8.468065,-5.646499,8.254466,2.406
9,21092035,3,438,7612,pedestrian,7660,bike,456.8,460,3.2,-8.477157,5.797634,-8.786237,5.583157,2.567
9,21092035,3,445,7597,pedestrian,7674,car,459,460.2,1.2,-3.226519,5.334787,-3.168521,5.283212,3.498
9,21092035,3,423,7480,pedestrian,7689,bike,452.8,460.6,7.8,-2.781758,8.252705,-2.980058,8.347425,1.432
9,21092035,3,425,7474,pedestrian,7689,bike,452.8,460.6,7.8,-2.919688,8.348692,-2.995509,8.390087,0.876
9,21092035,3,426,7510,pedestrian,7689,bike,452.8,460.6,7.8,-2.842685,8.343276,-2.980014,8.347422,0.008
9,21092035,3,442,7612,pedestrian,7662,bike,458,461.2,3.2,-8.536272,5.756581,-8.858658,5.532457,2.556
9,21092035,3,446,7585,pedestrian,7676,car,460.2,461.4,1.2,-3.591347,5.586428,-3.521279,5.536541,3.568
9,21092035,3,420,7494,pedestrian,7689,bike,452.8,462,9.2,-2.833335,8.342619,-3.068312,8.366723,0
9,21092035,3,447,7597,pedestrian,7676,car,461.4,462.4,1,-3.363203,5.432411,-3.309209,5.39546,3.416
9,21092035,3,449,7671,car,7687,pedestrian,462.4,463,0.6,-5.900638,-1.753885,-5.934662,-1.703811,4.826
9,21092035,3,419,7502,pedestrian,7689,bike,452.8,463.2,10.4,-2.798611,8.292259,-3.120394,8.35158,0
9,21092035,3,424,7527,pedestrian,7689,bike,452.8,463.2,10.4,-2.859594,8.344465,-3.120394,8.35158,0.489
9,21092035,3,451,7508,pedestrian,7671,car,463.2,463.6,0.4,-6.008022,-1.594451,-6.017941,-1.580105,4.905
9,21092035,3,450,7480,pedestrian,7689,bike,462.6,463.8,1.2,-3.095999,8.341064,-3.1538,8.338479,4.836
9,21092035,3,454,7687,pedestrian,7691,car,464,464.6,0.6,-5.9821,-1.633476,-5.972255,-1.647548,4.86
9,21092035,3,443,7675,pedestrian,7689,bike,458,464.8,6.8,-2.870088,8.419814,-3.207031,8.329416,3.569
9,21092035,3,453,7508,pedestrian,7691,car,463.6,464.8,1.2,-6.017094,-1.581499,-5.957015,-1.670135,4.863
9,21092035,3,448,7636,pedestrian,7667,bike,462.2,465.6,3.4,-6.307015,7.78026,-6.546852,7.512758,2.343
9,21092035,3,452,7636,pedestrian,7669,bike,463.6,466.8,3.2,-6.370241,7.727875,-6.573432,7.461024,2.469
9,21092035,3,455,7675,pedestrian,7689,bike,465.2,468.8,3.6,-3.236472,8.323879,-3.41809,8.297187,4.167
9,21092035,3,457,7506,pedestrian,7637,car,469,470.6,1.6,-2.552952,7.535216,-2.436631,7.650193,3.043
9,21092035,3,456,7542,pedestrian,7637,car,469,471,2,-2.540492,7.507829,-2.374875,7.62159,0.992
9,21092035,3,459,7506,pedestrian,7639,car,470,471.2,1.2,-2.53763,7.574079,-2.45563,7.654763,3.678
9,21092035,3,458,7542,pedestrian,7639,car,469.8,471.6,1.8,-2.536714,7.510681,-2.389147,7.633947,1.072
9,21092035,3,460,7675,pedestrian,7689,bike,471,472.4,1.4,-3.539407,8.30514,-3.608369,8.307475,4.792
9,21092035,3,462,7608,pedestrian,7660,bike,474.2,474.6,0.4,-11.061854,3.862882,-11.078427,3.845769,4.196
9,21092035,3,461,7612,pedestrian,7666,bike,473.2,476,2.8,-9.366834,5.189715,-9.657965,4.990711,2.787
9,21092035,3,463,7505,pedestrian,7671,car,480.2,480.4,0.2,-4.227603,0.965502,-4.227603,0.965502,4.921
9,21092035,3,464,7520,pedestrian,7671,car,480.6,481,0.4,-4.144415,1.023794,-4.131478,1.032616,4.912
9,21092035,3,465,7675,pedestrian,7689,bike,480.6,481.2,0.6,-4.031698,8.463295,-4.051188,8.471685,4.92
9,21092035,3,468,7555,pedestrian,7671,car,486.8,487.6,0.8,-2.904669,1.892082,-2.861036,1.921969,4.508
9,21092035,3,469,7549,pedestrian,7671,car,487.4,488,0.6,-2.807088,1.960228,-2.779698,1.978948,4.467
9,21092035,3,470,7661,pedestrian,7671,car,487.6,489,1.4,-2.749091,2.001007,-2.597604,2.106203,4.427
9,21092035,3,472,7597,pedestrian,7693,car,489.2,489.6,0.4,-5.080176,6.344069,-5.074045,6.332449,4.839
9,21092035,3,474,7634,pedestrian,7671,car,490,490.8,0.8,-2.274819,2.329165,-2.234102,2.356688,4.33
9,21092035,3,467,7506,pedestrian,7704,bike,486.2,491,4.8,-2.818836,8.339724,-2.977529,8.347906,0.09
9,21092035,3,473,7653,pedestrian,7671,car,489.8,491,1.2,-2.329386,2.291536,-2.20981,2.373303,4.337
9,21092035,3,475,7631,pedestrian,7671,car,490.4,491.6,1.2,-2.203352,2.378277,-2.087701,2.457319,4.314
9,21092035,3,476,7629,pedestrian,7671,car,491,492.2,1.2,-2.083566,2.460681,-1.971091,2.537519,4.292
9,21092035,3,477,7630,pedestrian,7671,car,491.6,493,1.4,-1.967047,2.540817,-1.824853,2.638037,4.247
9,21092035,3,466,7542,pedestrian,7704,bike,486.2,493.2,7,-2.797298,8.289177,-3.108153,8.354879,1.996
9,21092035,3,478,7622,pedestrian,7671,car,492.2,493.6,1.4,-1.841013,2.627558,-1.706844,2.719207,4.222
9,21092035,3,479,7614,pedestrian,7671,car,493,494,1,-1.701588,2.723347,-1.610907,2.787222,4.195
9,21092035,3,480,7601,pedestrian,7671,car,493.6,494.6,1,-1.580311,2.806786,-1.493339,2.875623,4.33
9,21092035,3,432,7673,pedestrian,7689,bike,454.6,495,40.4,-2.792009,8.429867,-4.805228,8.781896,1.624
9,21092035,3,481,7584,pedestrian,7690,car,494.2,496,1.8,-7.332803,5.914412,-7.497982,5.878939,2.695
9,21092035,3,482,7670,pedestrian,7689,bike,495.4,499.2,3.8,-5.095459,8.666026,-5.408194,8.422784,2.638
9,21092035,3,483,7612,pedestrian,7667,bike,496,499.2,3.2,-10.615144,4.340493,-10.902301,4.141833,3.731
9,21092035,3,484,7612,pedestrian,7669,bike,497.6,500.6,3,-10.705571,4.278704,-10.97675,4.091058,3.788
9,21092035,3,485,7598,pedestrian,7693,car,499.2,500.6,1.4,-3.256501,5.356365,-3.19213,5.301588,3.497
9,21092035,3,489,7576,pedestrian,7693,car,501.4,503.2,1.8,-2.833088,5.137835,-2.7098,5.064311,3.833
9,21092035,3,487,7580,pedestrian,7693,car,501.2,503.4,2.2,-2.867866,5.136897,-2.708501,5.040286,2.758
9,21092035,3,488,7592,pedestrian,7693,car,501.4,503.8,2.4,-2.901428,5.06793,-2.731406,4.972582,0.376
9,21092035,3,490,7594,pedestrian,7693,car,501.8,503.8,2,-2.892306,4.999242,-2.76455,4.939963,1.771
9,21092035,3,486,7643,pedestrian,7657,car,501,504.4,3.4,-4.595749,5.965305,-4.283508,5.813607,4.177
9,21092035,3,494,7678,car,7682,pedestrian,504.4,505.2,0.8,-4.106746,1.050222,-4.036983,1.098769,4.876
9,21092035,3,493,7576,pedestrian,7671,car,504.4,505.8,1.4,-2.603274,5.095937,-2.658924,5.229125,3.78
9,21092035,3,492,7580,pedestrian,7671,car,504.4,506,1.6,-2.625197,5.080127,-2.682472,5.242358,2.834
9,21092035,3,491,7592,pedestrian,7671,car,504.2,506.2,2,-2.664597,5.02123,-2.742527,5.229481,0.357
9,21092035,3,495,7594,pedestrian,7671,car,504.4,506.2,1.8,-2.709571,5.016987,-2.773693,5.206409,1.498
9,21092035,3,496,7555,pedestrian,7678,car,506,506.4,0.4,-3.838202,1.238197,-3.826063,1.246497,4.823
9,21092035,3,497,7549,pedestrian,7678,car,506.4,507,0.6,-3.763374,1.290646,-3.737397,1.308451,4.768
9,21092035,3,499,7634,pedestrian,7678,car,508.6,509.2,0.6,-3.379682,1.559356,-3.357438,1.574513,4.647
9,21092035,3,498,7666,bike,7672,pedestrian,507.8,509.8,2,-8.197077,-0.093788,-8.040024,-0.210576,1.607
9,21092035,3,500,7666,bike,7683,pedestrian,510.6,512.8,2.2,-8.01038,-0.551049,-8.190101,-0.622138,1.924
9,21092035,3,501,7666,bike,7692,pedestrian,512.4,514.2,1.8,-8.274137,-0.764786,-8.36262,-0.826548,0.151
9,21092035,3,504,7720,pedestrian,7724,bike,515.4,515.8,0.4,-11.098038,-2.735864,-11.092917,-2.73229,4.61
9,21092035,3,506,7598,pedestrian,7707,car,515.8,516.4,0.6,-4.170619,5.775524,-4.1306,5.771336,4.588
9,21092035,3,503,7719,pedestrian,7724,bike,515.4,517.8,2.4,-11.151659,-2.773291,-11.093224,-2.732504,1.811
9,21092035,3,507,7666,bike,7698,pedestrian,516.2,517.8,1.6,-8.893814,-1.19732,-8.964623,-1.246744,0.09
9,21092035,3,511,7598,pedestrian,7712,car,520.6,521.4,0.8,-4.430586,5.878678,-4.376612,5.856606,4.287
9,21092035,3,510,7643,pedestrian,7707,car,519.4,521.6,2.2,-3.329369,5.408191,-3.0719,5.190162,3.466
9,21092035,3,508,7722,pedestrian,7724,bike,516.4,522.2,5.8,-11.216521,-2.686491,-11.090604,-2.730675,2.022
9,21092035,3,512,7598,pedestrian,7714,car,521.6,522.2,0.6,-4.471105,5.898244,-4.431065,5.881777,4.191
9,21092035,3,471,7695,pedestrian,7704,bike,489,522.8,33.8,-2.886573,8.417141,-4.804772,8.78379,2.554
9,21092035,3,513,7612,pedestrian,7690,car,521.6,523.6,2,-11.252278,2.798181,-11.438182,2.7173,2.385
9,21092035,3,519,7569,pedestrian,7726,car,524.4,525.6,1.2,-2.666494,8.22064,-2.802718,8.19865,3.781
9,21092035,3,515,7666,bike,7701,pedestrian,522.6,525.8,3.2,-9.513713,-1.630008,-9.541055,-1.649093,0.094
9,21092035,3,514,7651,pedestrian,7689,bike,522,526,4,-8.303497,5.918214,-8.653606,5.675257,2.57
9,21092035,3,518,7666,bike,7702,pedestrian,523.6,526.2,2.6,-9.553756,-1.657958,-9.618887,-1.703419,0.178
9,21092035,3,517,7632,pedestrian,7666,bike,523.6,526.4,2.8,-9.524775,-1.698845,-9.631012,-1.835443,3.794
9,21092035,3,520,7666,bike,7705,pedestrian,524.4,526.6,2.2,-9.599641,-1.689986,-9.695627,-1.756984,0.032
9,21092035,3,509,7561,pedestrian,7666,bike,518.2,526.8,8.6,-9.244301,-1.441959,-9.694638,-1.807687,0.653
9,21092035,3,516,7666,bike,7700,pedestrian,523.2,526.8,3.6,-9.529714,-1.659488,-9.71732,-1.772125,0.032
9,21092035,3,521,7666,bike,7711,pedestrian,525.2,526.8,1.6,-9.658438,-1.731026,-9.727997,-1.779578,0.151
9,21092035,3,522,7684,pedestrian,7712,car,527.4,529.2,1.8,-2.886467,5.113137,-2.781632,4.908192,0.756
9,21092035,3,523,7643,pedestrian,7712,car,527.6,529.2,1.6,-2.907016,5.027741,-2.764918,4.944046,1.661
9,21092035,3,524,7666,bike,7713,pedestrian,527.8,529.6,1.8,-10.084671,-2.028536,-10.185819,-2.099137,0.218
9,21092035,3,525,7684,pedestrian,7714,car,528,529.8,1.8,-2.897789,5.091734,-2.789788,4.883998,1.565
9,21092035,3,526,7643,pedestrian,7714,car,528,529.8,1.8,-2.914003,5.056953,-2.748616,4.958436,1.02
9,21092035,3,527,7666,bike,7716,pedestrian,528.2,530,1.8,-10.162511,-2.082868,-10.263659,-2.153469,0.325
9,21092035,3,529,7666,bike,7720,pedestrian,528.8,530.6,1.8,-10.253816,-2.146599,-10.353196,-2.215966,0.142
9,21092035,3,532,7666,bike,7719,pedestrian,529.2,531,1.8,-10.330914,-2.200413,-10.430294,-2.26978,0.362
9,21092035,3,533,7666,bike,7723,pedestrian,529.8,531.6,1.8,-10.420555,-2.262982,-10.519474,-2.332028,0.35
9,21092035,3,528,7680,pedestrian,7704,bike,528.4,531.8,3.4,-5.841648,8.113295,-6.133217,7.901931,1.891
9,21092035,3,530,7584,pedestrian,7689,bike,528.8,532.4,3.6,-9.207412,5.292364,-9.516563,5.0872,2.707
9,21092035,3,536,7666,bike,7721,pedestrian,530.8,532.6,1.8,-10.592079,-2.382705,-10.68775,-2.449484,0.42
9,21092035,3,531,7677,pedestrian,7704,bike,529.2,532.8,3.6,-5.963237,8.030456,-6.281846,7.793928,2.034
9,21092035,3,537,7643,pedestrian,7678,car,531.2,533.2,2,-2.651992,5.04056,-2.702626,5.235838,1.617
9,21092035,3,534,7636,pedestrian,7689,bike,529.8,533.6,3.8,-9.349801,5.200859,-9.681781,4.97453,2.791
9,21092035,3,539,7666,bike,7722,pedestrian,531.8,533.6,1.8,-10.757311,-2.498037,-10.862208,-2.571255,0.211
9,21092035,3,535,7675,pedestrian,7704,bike,530.4,533.8,3.4,-6.132127,7.90773,-6.418947,7.672285,2.195
9,21092035,3,538,7673,pedestrian,7704,bike,531.6,534.6,3,-6.294876,7.789026,-6.517643,7.555381,2.326
9,21092035,3,540,7666,bike,7731,pedestrian,533.2,534.8,1.6,-10.999584,-2.667144,-11.075912,-2.72042,0.347
9,21092035,3,542,7505,pedestrian,7708,car,535.4,535.6,0.2,-6.179138,-1.340726,-6.179138,-1.340726,4.97
9,21092035,3,543,7689,bike,7710,pedestrian,535.8,537.8,2,-10.119477,4.58477,-10.193056,4.532964,0.395
9,21092035,3,544,7670,pedestrian,7704,bike,536,540,4,-6.684144,7.114759,-7.000029,6.82247,2.542
9,21092035,3,545,7636,pedestrian,7732,bike,540.4,543.2,2.8,-10.033828,4.734231,-10.019621,4.747047,3.179
9,21092035,3,546,7584,pedestrian,7732,bike,541.6,544.2,2.6,-9.983372,4.768693,-9.969076,4.781522,3.132
9,21092035,3,547,7520,pedestrian,7736,car,545.2,546,0.8,-5.934356,-1.704259,-5.889557,-1.77021,4.832
9,21092035,3,548,7505,pedestrian,7736,car,546,547,1,-5.838161,-1.847149,-5.778429,-1.935083,4.771
9,21092035,3,552,7736,car,7741,pedestrian,548,548.6,0.6,-5.607708,-2.189247,-5.591243,-2.213016,4.656
9,21092035,3,502,7721,pedestrian,7724,bike,515.4,549,33.6,-11.206764,-2.722422,-9.746718,-1.792645,0
9,21092035,3,550,7651,pedestrian,7732,bike,546.6,549.8,3.2,-9.709888,4.955245,-9.715099,4.954878,2.934
9,21092035,3,553,7720,pedestrian,7724,bike,548.8,550,1.2,-9.573651,-1.671844,-9.539075,-1.647711,3.95
9,21092035,3,555,7694,car,7713,pedestrian,550.2,550.6,0.4,-9.267028,-1.318732,-9.278641,-1.326765,4.884
9,21092035,3,556,7694,car,7716,pedestrian,550.8,551.2,0.4,-9.355284,-1.380114,-9.366033,-1.387544,4.913
9,21092035,3,557,7694,car,7720,pedestrian,551.4,551.8,0.4,-9.443539,-1.441496,-9.454247,-1.448897,4.904
9,21092035,3,558,7694,car,7719,pedestrian,551.8,552.2,0.4,-9.519276,-1.494214,-9.530068,-1.501673,4.906
9,21092035,3,541,7710,pedestrian,7732,bike,534.8,552.4,17.6,-10.350283,4.422263,-9.33762,5.189975,0.729
9,21092035,3,559,7694,car,7724,bike,552.4,552.8,0.4,-9.599983,-1.550327,-9.615812,-1.561302,4.913
9,21092035,3,561,7694,car,7721,pedestrian,553,553.2,0.2,-9.692476,-1.614667,-9.692476,-1.614667,4.917
9,21092035,3,560,7694,car,7723,pedestrian,553,553.4,0.4,-9.694649,-1.616183,-9.710478,-1.627159,4.92
9,21092035,3,562,7505,pedestrian,7709,car,554.6,555.2,0.6,-5.51618,-2.324317,-5.527285,-2.308373,4.621
9,21092035,3,505,7723,pedestrian,7724,bike,515.4,555.2,39.8,-11.187884,-2.791949,-9.537069,-1.64631,0
9,21092035,3,564,7694,car,7722,pedestrian,555,555.4,0.4,-10.019872,-1.842455,-10.031953,-1.850814,4.958
9,21092035,3,566,7520,pedestrian,7709,car,555.2,556,0.8,-5.56811,-2.247242,-5.581193,-2.228714,4.662
9,21092035,3,567,7694,car,7731,pedestrian,555.6,556,0.4,-10.105317,-1.901875,-10.121146,-1.912851,4.953
9,21092035,3,563,7585,pedestrian,7732,bike,554.6,556.4,1.8,-8.803674,5.4984,-8.732981,5.547421,0.142
9,21092035,3,568,7694,car,7734,pedestrian,556.2,556.4,0.2,-10.200646,-1.968195,-10.200646,-1.968195,4.961
9,21092035,3,565,7597,pedestrian,7732,bike,555.2,557,1.8,-8.723029,5.554322,-8.653684,5.602408,0.103
9,21092035,3,569,7694,car,7735,pedestrian,557,557.2,0.2,-10.321342,-2.052147,-10.321342,-2.052147,4.969
9,21092035,3,576,7741,pedestrian,7747,car,560.8,561,0.2,-6.028164,-1.564639,-6.028164,-1.564639,4.91
9,21092035,3,574,7709,car,7741,pedestrian,560.2,561.4,1.2,-5.999289,-1.607321,-6.060557,-1.516965,4.891
9,21092035,3,577,7560,pedestrian,7694,car,561.8,562.2,0.4,-11.234431,-2.410684,-11.248682,-2.426836,4.485
9,21092035,3,575,7670,pedestrian,7732,bike,560.6,562.4,1.8,-7.982446,6.141291,-7.905469,6.194597,2.581
9,21092035,3,573,7704,bike,7710,pedestrian,559.6,562.8,3.2,-8.977828,5.43,-9.050181,5.324418,0.283
9,21092035,3,570,7728,pedestrian,7746,bike,558.2,563,4.8,-2.927722,8.353035,-2.909758,8.32761,0.21
9,21092035,3,549,7597,pedestrian,7704,bike,546.2,563.2,17,-8.060791,6.013536,-9.148562,5.31636,0.322
9,21092035,3,571,7729,pedestrian,7746,bike,558.2,563.6,5.4,-2.87142,8.379676,-2.931627,8.349522,0.082
9,21092035,3,572,7585,pedestrian,7704,bike,559,563.6,4.6,-8.870293,5.450368,-9.21881,5.285084,2.057
9,21092035,3,578,7673,pedestrian,7732,bike,563.2,565,1.8,-7.611627,6.398774,-7.534517,6.452151,2.594
9,21092035,3,581,7675,pedestrian,7732,bike,563.8,565.4,1.6,-7.530578,6.455039,-7.463107,6.501744,2.604
9,21092035,3,582,7729,pedestrian,7748,car,564,565.4,1.4,-2.726347,8.225907,-2.826692,8.173253,4.138
9,21092035,3,579,7576,pedestrian,7748,car,563.6,565.8,2.2,-2.620751,8.07975,-2.816641,8.0556,2.441
9,21092035,3,580,7728,pedestrian,7748,car,563.6,565.8,2.2,-2.682071,8.21808,-2.831648,8.08885,1.827
9,21092035,3,583,7677,pedestrian,7732,bike,564.4,566,1.6,-7.447494,6.51272,-7.379697,6.559651,2.627
9,21092035,3,584,7680,pedestrian,7732,bike,565,566.6,1.6,-7.363792,6.57083,-7.296321,6.617535,2.634
9,21092035,3,585,7695,pedestrian,7732,bike,568.4,570.2,1.8,-6.864283,6.916143,-6.791958,6.964861,2.534
9,21092035,3,587,7579,pedestrian,7691,car,572.6,573.8,1.2,-1.965314,2.542036,-1.924328,2.569703,4.263
9,21092035,3,586,7696,pedestrian,7732,bike,572.4,574,1.6,-6.573284,7.465288,-6.535875,7.537268,2.712
9,21092035,3,588,7594,pedestrian,7691,car,573.2,574.6,1.4,-1.888401,2.594951,-1.837976,2.629014,4.242
9,21092035,3,589,7579,pedestrian,7708,car,573.4,574.6,1.2,-1.994574,2.521879,-1.953588,2.549546,4.271
9,21092035,3,590,7594,pedestrian,7708,car,573.8,575.2,1.4,-1.913389,2.57776,-1.875434,2.603323,4.257
9,21092035,3,591,7651,pedestrian,7704,bike,574.2,575.8,1.6,-10.934055,4.094512,-11.043026,3.981073,1.635
9,21092035,3,592,7592,pedestrian,7691,car,574.8,576,1.2,-1.698002,2.725855,-1.660207,2.751307,4.21
9,21092035,3,594,7592,pedestrian,7708,car,575.4,576.4,1,-1.729213,2.704399,-1.698977,2.724761,4.21
9,21092035,3,595,7681,pedestrian,7691,car,575.4,576.6,1.2,-1.621124,2.778747,-1.585511,2.807121,4.202
9,21092035,3,593,7697,pedestrian,7732,bike,575,576.8,1.8,-6.244662,7.821014,-6.167735,7.881385,2.115
9,21092035,3,596,7681,pedestrian,7708,car,576,577.2,1.2,-1.660496,2.751728,-1.624122,2.777478,4.189
9,21092035,3,597,7643,pedestrian,7691,car,577.4,577.8,0.4,-1.394547,2.946862,-1.397337,2.955563,4.774
9,21092035,3,598,7643,pedestrian,7708,car,577.8,578.2,0.4,-1.419061,2.92839,-1.409687,2.941369,4.723
9,21092035,3,554,7721,pedestrian,7724,bike,549.2,583.2,34,-9.723733,-1.776601,-8.216098,-0.724275,2.283
9,21092035,3,600,7716,pedestrian,7724,bike,581.8,583.8,2,-8.200383,-0.642166,-8.109873,-0.521382,3.748
9,21092035,3,599,7720,pedestrian,7724,bike,581.4,584.2,2.8,-8.184448,-0.691211,-8.041682,-0.539432,1.294
9,21092035,3,551,7719,pedestrian,7724,bike,547,584.8,37.8,-9.720994,-1.77469,-8.038581,-0.511724,0.577
9,21092035,3,601,7720,pedestrian,7724,bike,584.4,585.4,1,-8.044711,-0.50088,-8.113722,-0.405488,4.704
9,21092035,3,602,7716,pedestrian,7724,bike,585.2,586.2,1,-8.15069,-0.350639,-8.219453,-0.255132,4.54
9,21092035,3,604,7634,pedestrian,7754,car,585.8,586.8,1,-5.715082,-2.03001,-5.646587,-2.130837,4.7
9,21092035,3,603,7713,pedestrian,7724,bike,585.4,587,1.6,-8.184967,-0.281057,-8.249354,-0.128148,3.341
9,21092035,3,605,7549,pedestrian,7754,car,586.6,587.8,1.2,-5.610249,-2.185604,-5.520596,-2.317718,4.646
9,21092035,3,606,7549,pedestrian,7736,car,587.4,588,0.6,-5.539222,-2.290279,-5.553417,-2.269929,4.629
9,21092035,3,607,7634,pedestrian,7736,car,587.8,588.4,0.6,-5.593446,-2.209601,-5.608566,-2.187858,4.685
9,21092035,3,608,7634,pedestrian,7747,car,588.6,589,0.4,-5.570706,-2.243586,-5.5847,-2.223306,4.707
9,21092035,3,614,7698,pedestrian,7757,bike,593,593.6,0.6,-11.00769,3.828461,-10.983085,3.865858,4.743
9,21092035,3,615,7601,pedestrian,7691,car,593,594.4,1.4,-2.734855,5.013208,-2.797963,5.064924,4.103
9,21092035,3,610,7630,pedestrian,7691,car,592.6,594.8,2.2,-2.692012,5.01346,-2.803419,5.113106,3.182
9,21092035,3,611,7614,pedestrian,7691,car,592.8,594.8,2,-2.714393,5.015442,-2.809394,5.100328,3.433
9,21092035,3,609,7653,pedestrian,7691,car,592.6,595,2.4,-2.657178,5.039833,-2.807764,5.133717,2.055
9,21092035,3,620,7601,pedestrian,7708,car,593.4,595,1.6,-2.742861,5.012214,-2.789176,5.03328,4.478
9,21092035,3,624,7585,pedestrian,7757,bike,594,595,1,-10.883231,4.155171,-10.83925,4.187094,3.802
9,21092035,3,613,7630,pedestrian,7708,car,593,595.4,2.4,-2.694081,5.011659,-2.805228,5.080018,3.361
9,21092035,3,612,7631,pedestrian,7691,car,592.8,595.6,2.8,-2.612095,5.091858,-2.789726,5.203931,0.964
9,21092035,3,617,7648,pedestrian,7691,car,593,595.6,2.6,-2.742867,4.996051,-2.799116,5.196822,3.1
9,21092035,3,621,7661,pedestrian,7691,car,593.4,595.6,2.2,-2.603423,5.151213,-2.744014,5.23796,3.175
9,21092035,3,626,7597,pedestrian,7757,bike,594.4,595.6,1.2,-10.805606,4.20792,-10.751999,4.24692,3.775
9,21092035,3,616,7653,pedestrian,7708,car,593,595.8,2.8,-2.667888,5.031489,-2.809586,5.100635,2.738
9,21092035,3,619,7614,pedestrian,7708,car,593.2,595.8,2.6,-2.721463,5.009539,-2.809586,5.100635,4.023
9,21092035,3,618,7631,pedestrian,7708,car,593.2,596.2,3,-2.622259,5.083829,-2.794639,5.175298,0.376
9,21092035,3,625,7650,pedestrian,7708,car,594.2,596.2,2,-2.78078,5.020025,-2.812357,5.161884,3.961
9,21092035,3,628,7629,pedestrian,7708,car,595,596.2,1.2,-2.630399,5.205362,-2.698571,5.245857,4.317
9,21092035,3,622,7648,pedestrian,7708,car,593.4,596.4,3,-2.7426,5.012772,-2.780818,5.211128,2.098
9,21092035,3,623,7661,pedestrian,7708,car,593.6,596.4,2.8,-2.595904,5.129513,-2.766668,5.22173,1.943
9,21092035,3,629,7579,pedestrian,7709,car,595.8,596.8,1,-2.951527,1.859256,-2.916946,1.882851,4.518
9,21092035,3,627,7710,pedestrian,7748,car,595,597,2,-7.331779,5.992384,-7.441475,5.853071,2.415
9,21092035,3,630,7594,pedestrian,7709,car,596.4,597.4,1,-2.87364,1.913795,-2.839059,1.937391,4.501
9,21092035,3,631,7592,pedestrian,7709,car,597,598,1,-2.794095,1.969511,-2.75994,1.992804,4.482
9,21092035,3,632,7681,pedestrian,7709,car,597.8,598.8,1,-2.706789,2.030498,-2.670942,2.054992,4.449
9,21092035,3,633,7643,pedestrian,7709,car,598.2,599.4,1.2,-2.641036,2.076665,-2.594595,2.108306,4.411
9,21092035,3,634,7670,pedestrian,7757,bike,600,601.6,1.6,-9.847662,4.86124,-9.765145,4.920777,3.042
9,21092035,3,635,7599,pedestrian,7709,car,601.4,602.4,1,-2.226874,2.362121,-2.201665,2.37897,4.326
9,21092035,3,636,7673,pedestrian,7757,bike,602.4,603.8,1.4,-9.453413,5.130282,-9.381688,5.180049,2.717
9,21092035,3,637,7675,pedestrian,7757,bike,602.6,604.2,1.6,-9.40888,5.159485,-9.324074,5.217783,2.738
9,21092035,3,638,7677,pedestrian,7757,bike,603.2,604.8,1.6,-9.306891,5.227282,-9.224081,5.281698,2.681
9,21092035,3,639,7680,pedestrian,7757,bike,603.6,605.2,1.6,-9.236281,5.27365,-9.156464,5.325139,2.674
9,21092035,3,641,7625,pedestrian,7709,car,605.8,607,1.2,-1.654835,2.755598,-1.617684,2.782761,4.203
9,21092035,3,642,7597,pedestrian,7724,bike,606.4,607.2,0.8,-11.026669,3.635871,-11.066401,3.679783,4.321
9,21092035,3,640,7695,pedestrian,7757,bike,605.8,607.4,1.6,-8.8767,5.519649,-8.798081,5.574788,2.582
9,21092035,3,643,7605,pedestrian,7709,car,606.4,607.4,1,-1.577308,2.808922,-1.551376,2.831772,4.273
9,21092035,3,646,7633,pedestrian,7709,car,607,608,1,-1.502271,2.86436,-1.476148,2.888469,4.446
9,21092035,3,644,7598,pedestrian,7757,bike,606.6,608.4,1.8,-8.690875,5.576618,-8.597736,5.641203,0.308
9,21092035,3,648,7600,pedestrian,7760,car,607.8,609.6,1.8,-2.63799,8.05408,-2.794167,8.041638,3.475
9,21092035,3,647,7575,pedestrian,7760,car,607.2,609.8,2.6,-2.607475,8.120004,-2.835777,8.088886,0.834
9,21092035,3,649,7763,pedestrian,7764,bike,609,610.2,1.2,-11.20757,-2.719453,-11.10209,-2.694214,2.784
9,21092035,3,651,7696,pedestrian,7757,bike,610.2,611.8,1.6,-8.144183,6.028982,-8.06058,6.086892,2.623
9,21092035,3,652,7670,pedestrian,7724,bike,611.4,612.6,1.2,-10.379122,4.498754,-10.30811,4.54978,3.416
9,21092035,3,656,7600,pedestrian,7767,bike,611.6,612.6,1,-2.781758,8.252705,-2.810924,8.254756,4.137
9,21092035,3,653,7691,car,7744,pedestrian,611.4,614.2,2.8,-2.555629,7.52649,-2.365643,7.575041,0.704
9,21092035,3,659,7653,pedestrian,7750,car,612.8,614.2,1.4,-3.631748,5.610631,-3.586292,5.576778,3.622
9,21092035,3,666,7768,pedestrian,7770,car,614,614.4,0.4,-11.213049,-2.615366,-11.194503,-2.611914,3.673
9,21092035,3,661,7653,pedestrian,7755,car,613.4,614.6,1.2,-3.672523,5.635818,-3.613568,5.593631,3.704
9,21092035,3,664,7579,pedestrian,7736,car,614,614.6,0.6,-3.713542,1.325621,-3.688094,1.343057,4.758
9,21092035,3,660,7661,pedestrian,7750,car,613.4,614.8,1.4,-3.548905,5.560109,-3.504705,5.526395,3.466
9,21092035,3,662,7673,pedestrian,7724,bike,613.6,614.8,1.2,-9.969307,4.778692,-9.898216,4.829769,3.123
9,21092035,3,657,7708,car,7744,pedestrian,612.2,615,2.8,-2.547172,7.508757,-2.353626,7.559341,0.267
9,21092035,3,668,7661,pedestrian,7755,car,614,615,1,-3.59017,5.58557,-3.518517,5.53519,3.517
9,21092035,3,672,7770,car,7771,pedestrian,614.6,615,0.4,-11.190341,-2.486465,-11.176029,-2.468258,3.391
9,21092035,3,663,7697,pedestrian,7757,bike,613.6,615.2,1.6,-7.578055,6.422081,-7.491466,6.482044,2.65
9,21092035,3,667,7675,pedestrian,7724,bike,614,615.2,1.2,-9.891629,4.831683,-9.825191,4.879684,3.061
9,21092035,3,671,7579,pedestrian,7747,car,614.6,615.2,0.6,-3.724728,1.31766,-3.706871,1.32985,4.776
9,21092035,3,674,7594,pedestrian,7736,car,614.6,615.2,0.6,-3.624653,1.387743,-3.596739,1.406928,4.747
9,21092035,3,665,7682,pedestrian,7750,car,614,615.6,1.6,-3.456087,5.497634,-3.40549,5.463554,3.368
9,21092035,3,669,7677,pedestrian,7724,bike,614.4,615.6,1.2,-9.805099,4.890527,-9.735663,4.940511,2.999
9,21092035,3,676,7592,pedestrian,7736,car,615,615.6,0.6,-3.546055,1.442872,-3.518107,1.46208,4.701
9,21092035,3,678,7594,pedestrian,7747,car,615,615.6,0.6,-3.653686,1.367567,-3.638849,1.377648,4.736
9,21092035,3,677,7600,pedestrian,7766,car,615,615.8,0.8,-2.710696,8.229906,-2.794498,8.217212,4.489
9,21092035,3,654,7575,pedestrian,7767,bike,611.6,616.2,4.6,-2.795399,8.284719,-3.023519,8.344923,2.582
9,21092035,3,670,7682,pedestrian,7755,car,614.6,616.2,1.6,-3.465638,5.505153,-3.447738,5.490315,3.343
9,21092035,3,673,7645,pedestrian,7766,car,614.6,616.2,1.6,-2.632785,8.186659,-2.824449,8.147979,1.748
9,21092035,3,675,7680,pedestrian,7724,bike,614.8,616.2,1.4,-9.723146,4.946346,-9.640311,5.006003,2.909
9,21092035,3,679,7592,pedestrian,7747,car,615.6,616.2,0.6,-3.562965,1.430988,-3.54626,1.442393,4.729
9,21092035,3,680,7681,pedestrian,7736,car,615.6,616.2,0.6,-3.452199,1.508516,-3.428019,1.525052,4.676
9,21092035,3,681,7643,pedestrian,7736,car,616,616.6,0.6,-3.375622,1.562212,-3.350804,1.5792,4.654
9,21092035,3,658,7732,bike,7752,pedestrian,612.8,616.8,4,-3.223711,8.326362,-3.222008,8.326617,0.118
9,21092035,3,685,7681,pedestrian,7747,car,616.2,616.8,0.6,-3.47366,1.493405,-3.446795,1.511845,4.689
9,21092035,3,645,7752,pedestrian,7762,bike,606.6,617,10.4,-2.805741,8.410755,-3.459776,8.300501,2.289
9,21092035,3,686,7643,pedestrian,7747,car,616.6,617.2,0.6,-3.397083,1.547101,-3.38305,1.55661,4.658
9,21092035,3,688,7599,pedestrian,7736,car,616.8,617.4,0.6,-3.23619,1.659872,-3.21545,1.673969,4.615
9,21092035,3,690,7764,bike,7770,car,617.2,617.4,0.2,-10.620676,-2.260389,-10.620676,-2.260389,4.993
9,21092035,3,683,7695,pedestrian,7724,bike,616.2,617.6,1.4,-9.446106,5.134761,-9.363862,5.191692,2.709
9,21092035,3,684,7622,pedestrian,7750,car,616.2,617.8,1.6,-3.183,5.303976,-3.134578,5.249693,3.364
9,21092035,3,691,7599,pedestrian,7747,car,617.4,618,0.6,-3.271404,1.635176,-3.250665,1.649273,4.614
9,21092035,3,689,7622,pedestrian,7755,car,616.8,618.4,1.6,-3.219678,5.330005,-3.15619,5.268452,3.491
9,21092035,3,695,7758,pedestrian,7770,car,618.2,618.4,0.2,-10.45993,-2.148569,-10.45993,-2.148569,4.98
9,21092035,3,692,7598,pedestrian,7724,bike,617.8,619,1.2,-9.155183,5.326752,-9.084345,5.374736,2.703
9,21092035,3,696,7728,pedestrian,7750,car,618.6,621,2.4,-2.815728,5.129476,-2.75288,4.954788,1.98
9,21092035,3,698,7672,pedestrian,7750,car,619.8,621,1.2,-2.862658,4.899139,-2.796517,4.868758,4.551
9,21092035,3,682,7575,pedestrian,7732,bike,616.2,621.8,5.6,-3.025627,8.345738,-2.878036,8.377097,0.118
9,21092035,3,687,7600,pedestrian,7732,bike,616.8,621.8,5,-2.982816,8.346972,-2.914641,8.359776,0.036
9,21092035,3,694,7645,pedestrian,7732,bike,617.8,621.8,4,-2.932468,8.349591,-2.906518,8.347765,0.119
9,21092035,3,697,7728,pedestrian,7755,car,619,621.8,2.8,-2.844172,5.142483,-2.766409,4.934202,1.224
9,21092035,3,699,7672,pedestrian,7755,car,620,621.8,1.8,-2.867424,4.912809,-2.785476,4.893262,3.948
9,21092035,3,700,7696,pedestrian,7724,bike,620.6,621.8,1.2,-8.620933,5.697926,-8.549084,5.747704,2.63
9,21092035,3,701,7625,pedestrian,7736,car,621.4,622.2,0.8,-2.462588,2.199887,-2.427361,2.223697,4.377
9,21092035,3,703,7605,pedestrian,7736,car,621.8,622.6,0.8,-2.384513,2.253651,-2.349286,2.277461,4.369
9,21092035,3,702,7625,pedestrian,7747,car,621.8,622.8,1,-2.488683,2.181969,-2.458756,2.202101,4.383
9,21092035,3,704,7633,pedestrian,7736,car,622.2,623.2,1,-2.306737,2.307207,-2.259768,2.338954,4.334
9,21092035,3,705,7605,pedestrian,7747,car,622.4,623.2,0.8,-2.415908,2.232054,-2.37515,2.259585,4.389
9,21092035,3,706,7633,pedestrian,7747,car,622.8,623.8,1,-2.337832,2.285818,-2.291163,2.317357,4.407
9,21092035,3,708,7697,pedestrian,7724,bike,623.8,625.2,1.4,-8.006247,6.124751,-7.917478,6.186257,2.604
9,21092035,3,709,7749,pedestrian,7770,car,624.4,625.2,0.8,-9.42794,-1.430597,-9.36439,-1.386467,4.897
9,21092035,3,707,7672,pedestrian,7709,car,623,625.6,2.6,-2.734988,5.002853,-2.782433,5.212034,2.374
9,21092035,3,710,7653,pedestrian,7760,car,632.8,634,1.2,-4.840995,6.139714,-4.79601,6.103287,3.92
9,21092035,3,711,7661,pedestrian,7760,car,633.4,634.4,1,-4.761167,6.077163,-4.722681,6.051688,3.948
9,21092035,3,693,7763,pedestrian,7764,bike,617.8,634.6,16.8,-10.616828,-2.399981,-9.707328,-1.765151,2.567
9,21092035,3,712,7653,pedestrian,7766,car,633.4,634.6,1.2,-4.867784,6.161448,-4.831683,6.128227,3.893
9,21092035,3,713,7682,pedestrian,7760,car,633.8,635,1.2,-4.690426,6.027423,-4.639048,5.993229,4.014
9,21092035,3,714,7661,pedestrian,7766,car,633.8,635.2,1.4,-4.790187,6.097361,-4.748352,6.069988,3.929
9,21092035,3,650,7758,pedestrian,7764,bike,610.2,635.4,25.2,-10.87442,-2.579779,-9.526802,-1.694878,0.964
9,21092035,3,715,7682,pedestrian,7766,car,634.4,635.4,1,-4.723931,6.050804,-4.677749,6.02007,3.982
9,21092035,3,718,7622,pedestrian,7760,car,636.6,637.2,0.6,-4.232319,5.789893,-4.208798,5.781345,4.587
9,21092035,3,719,7622,pedestrian,7766,car,637.2,638,0.8,-4.262006,5.799793,-4.234178,5.792369,4.538
9,21092035,3,717,7752,pedestrian,7757,bike,636.2,639.8,3.6,-4.465898,8.699615,-4.450598,8.691206,0.211
9,21092035,3,720,7643,pedestrian,7754,car,640.6,640.8,0.2,-4.403003,0.842755,-4.403003,0.842755,4.998
9,21092035,3,721,7599,pedestrian,7754,car,641,641.4,0.4,-4.321344,0.899964,-4.308433,0.908768,4.987
9,21092035,3,724,7625,pedestrian,7754,car,644.4,644.8,0.4,-3.663586,1.36046,-3.649341,1.370211,4.773
9,21092035,3,722,7724,bike,7752,pedestrian,642.2,645,2.8,-4.776612,8.785374,-4.713096,8.835419,0.186
9,21092035,3,725,7605,pedestrian,7754,car,644.8,645.2,0.4,-3.580892,1.418402,-3.566647,1.428153,4.732
9,21092035,3,723,7684,pedestrian,7764,bike,642.6,645.8,3.2,-8.74109,-1.090719,-8.75721,-1.10197,0.221
9,21092035,3,726,7633,pedestrian,7754,car,645.2,645.8,0.6,-3.498198,1.476344,-3.469709,1.495846,4.688
9,21092035,3,655,7752,pedestrian,7767,bike,611.6,646.8,35.2,-2.935341,8.349628,-4.930229,8.797886,1.932
9,21092035,3,729,7692,pedestrian,7760,car,646.2,647.2,1,-2.862137,4.90192,-2.80187,4.873108,4.484
9,21092035,3,727,7683,pedestrian,7760,car,645.4,647.4,2,-2.898624,4.986818,-2.76671,4.911935,2.57
9,21092035,3,728,7683,pedestrian,7766,car,645.8,648,2.2,-2.909241,5.015509,-2.764887,4.937458,2.289
9,21092035,3,730,7692,pedestrian,7766,car,646.4,648,1.6,-2.870073,4.91939,-2.785883,4.892387,3.998
9,21092035,3,732,7622,pedestrian,7773,car,647.6,648.6,1,-4.782239,6.091788,-4.724848,6.053285,3.941
9,21092035,3,733,7710,pedestrian,7773,car,648,649.4,1.4,-4.709376,6.040801,-4.561546,5.94617,4.023
9,21092035,3,734,7741,pedestrian,7754,car,649.2,650.6,1.4,-2.699739,2.035569,-2.552345,2.137635,4.412
9,21092035,3,735,7646,pedestrian,7754,car,651,651.8,0.8,-2.348586,2.278402,-2.305385,2.307651,4.353
9,21092035,3,731,7697,pedestrian,7746,bike,647.4,652.6,5.2,-8.87866,5.518838,-9.253734,5.26218,2.661
9,21092035,3,737,7749,pedestrian,7764,bike,653,654.4,1.4,-8.196898,-0.628831,-8.12201,-0.533915,3.956
9,21092035,3,736,7687,pedestrian,7736,car,652.6,654.6,2,-2.499533,7.395807,-2.367563,7.551678,2.707
9,21092035,3,716,7753,pedestrian,7764,bike,636.2,655,18.8,-9.190173,-1.404178,-8.028977,-0.548327,0.475
9,21092035,3,738,7687,pedestrian,7747,car,653.2,655,1.8,-2.505603,7.414924,-2.379004,7.560047,1.922
9,21092035,3,740,7625,pedestrian,7756,car,654.6,655,0.4,-4.206019,0.980713,-4.192152,0.990202,4.935
9,21092035,3,742,7605,pedestrian,7756,car,655,655.4,0.4,-4.129344,1.0344,-4.115477,1.04389,4.909
9,21092035,3,744,7633,pedestrian,7756,car,655.6,655.8,0.2,-4.029766,1.103986,-4.029766,1.103986,4.856
9,21092035,3,743,7753,pedestrian,7764,bike,655.2,656,0.8,-8.043539,-0.503008,-8.096314,-0.429909,4.73
9,21092035,3,741,7647,pedestrian,7781,car,655,656.2,1.2,-2.681081,8.21334,-2.815359,8.194253,3.601
9,21092035,3,745,7749,pedestrian,7764,bike,656,657,1,-8.156014,-0.343069,-8.223424,-0.249327,4.533
9,21092035,3,746,7598,pedestrian,7785,bike,656,657.6,1.6,-11.044363,4.021442,-10.960432,4.044091,2.569
9,21092035,3,739,7757,bike,7765,pedestrian,654,657.8,3.8,-3.361276,8.300612,-3.331527,8.306181,0
9,21092035,3,749,7696,pedestrian,7785,bike,660,661.6,1.6,-10.499539,4.416577,-10.441243,4.45906,3.515
9,21092035,3,747,7724,bike,7765,pedestrian,658.2,662,3.8,-3.579157,8.307018,-3.532821,8.303057,0.12
9,21092035,3,752,7646,pedestrian,7756,car,661.4,662.2,0.8,-2.88561,1.905407,-2.843697,1.934097,4.51
9,21092035,3,751,7697,pedestrian,7762,bike,661,663.2,2.2,-9.477854,5.116764,-9.706147,4.957897,2.841
9,21092035,3,748,7647,pedestrian,7757,bike,658.4,663.8,5.4,-3.058664,8.343148,-2.826147,8.402463,0.421
9,21092035,3,754,7687,pedestrian,7787,car,664.8,666.8,2,-2.63173,8.143349,-2.826942,8.126371,0.649
9,21092035,3,753,7696,pedestrian,7746,bike,662.6,667,4.4,-10.493065,4.423807,-10.816182,4.200621,3.65
9,21092035,3,755,7697,pedestrian,7785,bike,665.2,667,1.8,-9.802707,4.891968,-9.732628,4.942805,2.979
9,21092035,3,756,7744,pedestrian,7754,car,665.8,667.6,1.8,-2.612444,5.091168,-2.750831,5.224492,1.766
9,21092035,3,758,7648,pedestrian,7756,car,667,667.8,0.8,-1.821949,2.640559,-1.778594,2.66993,4.253
9,21092035,3,760,7650,pedestrian,7756,car,667.4,668.2,0.8,-1.739517,2.697293,-1.695636,2.727028,4.232
9,21092035,3,759,7741,pedestrian,7756,car,667,668.6,1.6,-1.803608,2.653289,-1.634317,2.770493,4.215
9,21092035,3,762,7658,pedestrian,7756,car,667.8,668.6,0.8,-1.658426,2.753096,-1.613886,2.784674,4.207
9,21092035,3,764,7729,pedestrian,7756,car,668.2,669,0.8,-1.576664,2.809364,-1.539831,2.84051,4.308
9,21092035,3,765,7664,pedestrian,7756,car,668.8,669.4,0.6,-1.483395,2.879681,-1.457047,2.902404,4.469
9,21092035,3,761,7687,pedestrian,7724,bike,667.6,669.8,2.2,-2.88283,8.305264,-2.84276,8.343282,0.05
9,21092035,3,763,7696,pedestrian,7762,bike,668,669.8,1.8,-10.763233,4.239135,-10.949322,4.109756,3.806
9,21092035,3,757,7687,pedestrian,7789,bike,666.4,672.8,6.4,-2.786424,8.263656,-3.150203,8.340491,3.217
9,21092035,3,766,7710,pedestrian,7775,car,672.2,674.4,2.2,-3.372303,5.43875,-3.141066,5.255708,3.445
9,21092035,3,768,7744,pedestrian,7775,car,675.2,676.2,1,-2.896584,4.973428,-2.840516,4.887431,4.328
9,21092035,3,769,7696,pedestrian,7794,bike,676.2,677.2,1,-11.064113,3.917374,-11.011791,3.935279,1.089
9,21092035,3,767,7752,pedestrian,7774,bike,674.4,677.6,3.2,-6.047103,7.969676,-6.344137,7.747032,2.11
9,21092035,3,770,7697,pedestrian,7767,bike,676.8,678.8,2,-10.165305,4.647516,-10.365958,4.507922,3.362
9,21092035,3,771,7696,pedestrian,7764,bike,677.6,679.2,1.6,-11.022106,3.750043,-11.078574,3.840925,1.973
9,21092035,3,772,7697,pedestrian,7794,bike,680.4,681.8,1.4,-10.437219,4.459431,-10.377429,4.502651,3.468
9,21092035,3,773,7710,pedestrian,7781,car,681.4,683,1.6,-2.935243,5.030303,-2.788922,4.884399,3.485
9,21092035,3,774,7697,pedestrian,7764,bike,681.8,683,1.2,-10.502004,4.415127,-10.429662,4.466997,3.538
9,21092035,3,750,7765,pedestrian,7780,bike,660.2,690.2,30,-3.447854,8.299891,-4.948781,8.783232,2.293
9,21092035,3,778,7752,pedestrian,7785,bike,689.8,691.8,2,-6.65949,7.173043,-6.635688,7.261909,2.597
9,21092035,3,775,7661,pedestrian,7774,bike,686.6,692.2,5.6,-7.552795,6.305392,-7.796024,6.197133,0.138
9,21092035,3,779,7653,pedestrian,7794,bike,695,697,2,-8.249891,5.882409,-8.17047,5.937482,0.384
9,21092035,3,780,7700,pedestrian,7782,car,695,697.2,2.2,-2.90165,5.055713,-2.740979,4.961947,0.652
9,21092035,3,781,7711,pedestrian,7782,car,695.2,697.2,2,-2.901375,5.014689,-2.757634,4.949338,1.469
9,21092035,3,782,7653,pedestrian,7764,bike,695.6,697.6,2,-8.278073,5.862867,-8.207703,5.911663,0.423
9,21092035,3,783,7682,pedestrian,7794,bike,696.2,698,1.8,-8.087756,5.994837,-8.018315,6.04299,0.13
9,21092035,3,784,7661,pedestrian,7794,bike,696.8,698.6,1.8,-8.007203,6.050695,-7.936841,6.099486,0.237
9,21092035,3,785,7682,pedestrian,7764,bike,696.8,698.6,1.8,-8.126723,5.967817,-8.057282,6.015969,0.031
9,21092035,3,787,7661,pedestrian,7764,bike,697.4,699.2,1.8,-8.044897,6.024557,-7.970009,6.076487,0.013
9,21092035,3,786,7765,pedestrian,7789,bike,697.2,699.6,2.4,-5.093587,8.667511,-5.320213,8.488648,2.646
9,21092035,3,788,7700,pedestrian,7787,car,698.2,699.8,1.6,-2.853497,5.143097,-2.721756,5.061952,3.604
9,21092035,3,789,7711,pedestrian,7787,car,698.2,700,1.8,-2.874011,5.127567,-2.720631,5.037379,2.917
9,21092035,3,790,7622,pedestrian,7754,car,700.6,701.8,1.2,-7.33761,5.886939,-7.453316,5.845748,4.236
9,21092035,3,791,7765,pedestrian,7785,bike,701.2,703,1.8,-5.392035,8.434419,-5.320577,8.485394,2.582
9,21092035,3,792,7752,pedestrian,7794,bike,702.6,704.4,1.8,-7.209283,6.678123,-7.131713,6.731815,2.613
9,21092035,3,793,7752,pedestrian,7764,bike,703.2,705,1.8,-7.239376,6.657219,-7.161261,6.711299,2.617
9,21092035,3,777,7682,pedestrian,7774,bike,687,708.8,21.8,-7.555713,6.242618,-8.794688,5.504632,1.689
9,21092035,3,796,7682,pedestrian,7774,bike,709.2,710.8,1.6,-8.831838,5.477937,-8.910479,5.421627,3.636
9,21092035,3,795,7709,car,7807,pedestrian,709,711.2,2.2,-11.236204,2.728448,-11.375341,2.7879,2.3
9,21092035,3,776,7653,pedestrian,7774,bike,686.6,712.2,25.6,-7.594325,6.336981,-9.151354,5.30396,0.183
9,21092035,3,798,7709,car,7772,pedestrian,712,713,1,-11.550507,2.549663,-11.611638,2.555204,4.629
9,21092035,3,800,7765,pedestrian,7794,bike,713.8,715.6,1.8,-5.923896,8.056692,-5.842216,8.113494,1.853
9,21092035,3,801,7622,pedestrian,7789,bike,714.4,716.4,2,-7.715239,6.253148,-7.795829,6.197268,3.378
9,21092035,3,802,7764,bike,7765,pedestrian,714.4,716.4,2,-5.947298,8.039282,-5.864844,8.097468,1.903
9,21092035,3,803,7774,bike,7807,pedestrian,723.8,725.4,1.6,-11.088654,3.834078,-11.028344,3.77176,1.847
9,21092035,3,805,7749,pedestrian,7797,car,727,728.6,1.6,-10.532775,3.126985,-10.661559,3.015175,1.014
9,21092035,3,804,7753,pedestrian,7797,car,727,728.8,1.8,-10.505992,3.092994,-10.656722,2.974419,0.608
9,21092035,3,806,7749,pedestrian,7774,bike,728,729.6,1.6,-10.634912,3.206175,-10.571053,3.147413,3.503
9,21092035,3,807,7753,pedestrian,7774,bike,728.4,730,1.6,-10.587975,3.173823,-10.514655,3.083601,3.447
9,21092035,3,808,7785,bike,7796,pedestrian,728.6,733.2,4.6,-3.582345,8.306968,-3.574184,8.304591,0.165
9,21092035,3,809,7741,pedestrian,7805,car,733,734.6,1.6,-2.837847,5.127515,-2.747654,4.962632,1.712
9,21092035,3,813,7754,car,7800,pedestrian,739.4,739.8,0.4,-8.967234,-1.108667,-8.981241,-1.119858,4.871
9,21092035,3,814,7754,car,7803,pedestrian,740,740.2,0.2,-9.063558,-1.177135,-9.063558,-1.177135,4.867
9,21092035,3,799,7752,pedestrian,7789,bike,713.4,740.6,27.2,-7.565038,6.430959,-8.990383,5.437844,2.564
9,21092035,3,810,7794,bike,7796,pedestrian,736.4,740.6,4.2,-3.938593,8.422465,-3.922463,8.415642,0.018
9,21092035,3,794,7752,pedestrian,7780,bike,708.2,741.4,33.2,-7.321087,6.600329,-9.030467,5.410762,2.601
9,21092035,3,811,7622,pedestrian,7789,bike,736.6,741.6,5,-8.76798,5.523152,-9.140625,5.300039,0.158
9,21092035,3,812,7764,bike,7796,pedestrian,737.6,741.8,4.2,-3.993956,8.446294,-3.976154,8.438733,0.14
9,21092035,3,816,7754,car,7799,pedestrian,741.6,741.8,0.2,-9.375649,-1.394251,-9.375649,-1.394251,4.891
9,21092035,3,797,7622,pedestrian,7780,bike,710.2,742.2,32,-7.557231,6.3207,-9.14156,5.320105,0.028
9,21092035,3,817,7774,bike,7783,pedestrian,742.4,743.4,1,-9.083559,1.008171,-9.058033,0.972145,4.054
9,21092035,3,820,7701,pedestrian,7785,bike,744.2,745.4,1.2,-2.80973,8.252192,-2.795203,8.278852,2.977
9,21092035,3,823,7711,pedestrian,7785,bike,745,745.4,0.4,-2.783564,8.239385,-2.781536,8.246776,4.468
9,21092035,3,818,7701,pedestrian,7823,car,743.8,745.8,2,-2.636373,8.168533,-2.835834,8.146763,1.552
9,21092035,3,819,7711,pedestrian,7823,car,743.8,746,2.2,-2.615496,8.122514,-2.83981,8.101679,0.255
9,21092035,3,825,7754,car,7811,pedestrian,745.8,746,0.2,-10.197609,-1.966081,-10.197609,-1.966081,4.96
9,21092035,3,822,7701,pedestrian,7824,car,744.6,746.4,1.8,-2.660027,8.185297,-2.826978,8.170123,2.207
9,21092035,3,827,7754,car,7816,pedestrian,746.2,746.4,0.2,-10.281091,-2.024171,-10.281091,-2.024171,4.985
9,21092035,3,821,7711,pedestrian,7824,car,744.4,746.6,2.2,-2.613765,8.150887,-2.832573,8.110327,0.715
9,21092035,3,824,7789,bike,7807,pedestrian,745,746.8,1.8,-9.925567,4.721299,-10.018696,4.655729,0.092
9,21092035,3,826,7780,bike,7807,pedestrian,746.2,748,1.8,-9.866751,4.762711,-9.934209,4.715214,0.096
9,21092035,3,828,7741,pedestrian,7812,car,748.4,749.4,1,-3.367289,5.435519,-3.304463,5.392271,3.415
9,21092035,3,831,7774,bike,7788,pedestrian,750.2,751.4,1.2,-8.265518,-0.18764,-8.269152,-0.181361,4.454
9,21092035,3,836,7721,pedestrian,7812,car,750.8,751.8,1,-2.811185,5.132513,-2.720964,5.074361,4.177
9,21092035,3,832,7731,pedestrian,7812,car,750.4,752.2,1.8,-2.898491,5.129641,-2.715192,5.016488,1.991
9,21092035,3,837,7715,pedestrian,7812,car,751.2,752.4,1.2,-2.887184,4.950244,-2.791322,4.882632,3.735
9,21092035,3,833,7661,pedestrian,7789,bike,750.4,752.6,2.2,-10.877095,4.161549,-11.054874,3.978312,3.659
9,21092035,3,829,7774,bike,7779,pedestrian,749.6,752.8,3.2,-8.237272,-0.120481,-8.057415,-0.249168,0.357
9,21092035,3,830,7774,bike,7790,pedestrian,749.8,752.8,3,-8.258118,-0.15777,-8.083368,-0.266869,1.867
9,21092035,3,835,7682,pedestrian,7789,bike,750.8,753.6,2.8,-10.951129,4.044821,-11.024679,3.762574,0.037
9,21092035,3,838,7653,pedestrian,7789,bike,751.4,753.8,2.4,-11.020156,3.923524,-11.029036,3.67542,2.236
9,21092035,3,841,7741,pedestrian,7813,car,752.8,754,1.2,-3.606994,5.595541,-3.539757,5.548075,3.587
9,21092035,3,843,7661,pedestrian,7780,bike,753.8,755.2,1.4,-10.962342,4.027244,-11.054735,3.926547,1.444
9,21092035,3,848,7682,pedestrian,7780,bike,755,755.2,0.2,-11.073975,3.840053,-11.073975,3.840053,4.951
9,21092035,3,846,7774,bike,7800,pedestrian,754.4,756.4,2,-8.121172,-0.658101,-8.219529,-0.72667,0.31
9,21092035,3,847,7774,bike,7803,pedestrian,755,756.8,1.8,-8.20552,-0.716892,-8.294087,-0.778712,0.384
9,21092035,3,834,7701,pedestrian,7794,bike,750.6,757.2,6.6,-3.132198,8.339251,-2.798451,8.429715,3.637
9,21092035,3,842,7794,bike,7809,pedestrian,753.2,757.8,4.6,-2.99609,8.390292,-2.950574,8.349667,0.871
9,21092035,3,839,7711,pedestrian,7794,bike,751.6,758,6.4,-3.086785,8.343163,-2.81053,8.411331,1.278
9,21092035,3,845,7794,bike,7810,pedestrian,754.4,758,3.6,-2.928835,8.409193,-2.917131,8.360889,1.585
9,21092035,3,850,7715,pedestrian,7813,car,756.6,758.2,1.6,-2.854771,5.132259,-2.715484,5.040018,3.052
9,21092035,3,851,7774,bike,7799,pedestrian,756.6,758.4,1.8,-8.44902,-0.886855,-8.532283,-0.944972,0.171
9,21092035,3,852,7737,pedestrian,7813,car,756.6,758.4,1.8,-2.897446,5.095267,-2.739104,4.994233,0.681
9,21092035,3,853,7742,pedestrian,7813,car,756.8,758.6,1.8,-2.905927,5.027973,-2.764524,4.938752,1.604
9,21092035,3,854,7763,pedestrian,7813,car,757.2,758.6,1.4,-2.889271,4.965152,-2.777765,4.910347,2.956
9,21092035,3,855,7741,pedestrian,7814,car,757.6,758.6,1,-3.862114,5.736137,-3.815707,5.701599,4.497
9,21092035,3,844,7764,bike,7809,pedestrian,754.2,758.8,4.6,-3.0427,8.376532,-2.994595,8.347749,0.488
9,21092035,3,840,7711,pedestrian,7764,bike,752.2,759.6,7.4,-3.134319,8.341004,-2.766607,8.431525,3.048
9,21092035,3,849,7764,bike,7810,pedestrian,755.4,759.6,4.2,-2.961733,8.401395,-2.90455,8.347627,0.841
9,21092035,3,815,7796,pedestrian,7815,bike,740.6,760,19.4,-3.924126,8.417181,-4.897091,8.819898,1.65
9,21092035,3,857,7774,bike,7802,pedestrian,758.6,760.4,1.8,-8.77382,-1.113564,-8.854199,-1.169669,0.413
9,21092035,3,858,7783,pedestrian,7789,bike,761.6,762.6,1,-9.94626,2.269801,-9.915852,2.22674,3.594
9,21092035,3,856,7796,pedestrian,7819,bike,758.6,762.8,4.2,-4.712577,8.835123,-5.014899,8.730399,2.67
9,21092035,3,859,7774,bike,7811,pedestrian,762,763.8,1.8,-9.29304,-1.475979,-9.38036,-1.536928,0.003
9,21092035,3,861,7810,pedestrian,7828,car,762.6,764.2,1.6,-2.686371,8.227173,-2.835646,8.110185,2.476
9,21092035,3,860,7774,bike,7816,pedestrian,762.4,764.4,2,-9.368763,-1.528833,-9.464966,-1.595983,0.368
9,21092035,3,862,7768,pedestrian,7814,car,763,765.2,2.2,-2.912909,5.111854,-2.711999,5.013666,1.48
9,21092035,3,863,7774,bike,7817,pedestrian,765.8,767.8,2,-9.895311,-1.896363,-10.000466,-1.969761,0.383
9,21092035,3,864,7774,bike,7818,pedestrian,766.4,768.4,2,-9.982075,-1.956924,-10.088641,-2.031307,0.351
9,21092035,3,865,7774,bike,7820,pedestrian,767,768.8,1.8,-10.071662,-2.019456,-10.164024,-2.083924,0.041
9,21092035,3,866,7788,pedestrian,7789,bike,768.2,769,0.8,-9.163505,1.125293,-9.141942,1.094841,4.044
9,21092035,3,867,7774,bike,7826,pedestrian,768.8,770.6,1.8,-10.362201,-2.222251,-10.436886,-2.274381,0.076
9,21092035,3,868,7774,bike,7830,pedestrian,772.8,774.6,1.8,-10.987085,-2.658419,-11.0664,-2.713781,0.227
9,21092035,3,869,7789,bike,7799,pedestrian,774.8,775.6,0.8,-8.374639,-0.028286,-8.349058,-0.0647,4.424
9,21092035,3,870,7789,bike,7802,pedestrian,776.6,777.2,0.6,-8.168634,-0.327271,-8.151088,-0.350115,4.579
9,21092035,3,871,7741,pedestrian,7828,car,779.6,780.2,0.6,-5.022017,6.289789,-4.994844,6.260472,4.526
9,21092035,3,875,7729,pedestrian,7838,car,780.6,780.8,0.2,-6.20758,-1.298389,-6.20758,-1.298389,4.986
9,21092035,3,872,7807,pedestrian,7815,bike,779.8,781.4,1.6,-8.094293,5.990305,-8.175105,5.934268,0.224
9,21092035,3,878,7658,pedestrian,7838,car,781.2,781.6,0.4,-6.116928,-1.433153,-6.103111,-1.453357,4.955
9,21092035,3,874,7789,bike,7811,pedestrian,780.6,782.4,1.8,-8.416493,-0.864151,-8.517855,-0.934901,0.177
9,21092035,3,876,7807,pedestrian,7819,bike,780.8,782.4,1.6,-8.022674,6.039968,-8.107021,5.981479,0.315
9,21092035,3,879,7650,pedestrian,7838,car,781.8,782.4,0.6,-6.032688,-1.558254,-5.998642,-1.608325,4.881
9,21092035,3,873,7765,pedestrian,7815,bike,780.2,782.8,2.6,-8.205427,5.986309,-8.462402,5.808021,2.571
9,21092035,3,877,7789,bike,7816,pedestrian,781,782.8,1.8,-8.495727,-0.919456,-8.597088,-0.990206,0.334
9,21092035,3,881,7648,pedestrian,7838,car,782.4,783.2,0.8,-5.945241,-1.688187,-5.894173,-1.763293,4.839
9,21092035,3,880,7765,pedestrian,7819,bike,782.2,784.6,2.4,-8.293766,5.924974,-8.534882,5.757691,2.58
9,21092035,3,882,7789,bike,7818,pedestrian,785.2,786.8,1.6,-9.205554,-1.414914,-9.296333,-1.478277,0.518
9,21092035,3,883,7789,bike,7820,pedestrian,785.6,787.4,1.8,-9.283809,-1.469536,-9.388833,-1.542842,0.091
9,21092035,3,885,7622,pedestrian,7841,bike,788.2,788.6,0.4,-11.072635,3.879085,-11.053987,3.887447,2.623
9,21092035,3,884,7783,pedestrian,7841,bike,788.2,789,0.8,-11.063508,3.920092,-11.003792,3.962137,0.998
9,21092035,3,886,7752,pedestrian,7841,bike,788.2,789.2,1,-11.057098,3.954025,-10.981733,3.987552,1.031
9,21092035,3,887,7789,bike,7830,pedestrian,789.8,791.6,1.8,-10.018904,-1.98263,-10.11226,-2.047793,0.124
9,21092035,3,889,7815,bike,7827,pedestrian,792.2,794,1.8,-10.248118,4.494196,-10.340111,4.429425,0.09
9,21092035,3,890,7789,bike,7835,pedestrian,792.4,794.2,1.8,-10.475236,-2.30115,-10.568292,-2.366102,0.124
9,21092035,3,892,7788,pedestrian,7823,car,793.4,794.2,0.8,-10.535365,2.929132,-10.586735,2.898417,4.539
9,21092035,3,891,7819,bike,7827,pedestrian,793.2,794.8,1.6,-10.208072,4.522391,-10.292084,4.46324,0.159
9,21092035,3,893,7788,pedestrian,7824,car,793.6,794.8,1.2,-10.534782,2.944185,-10.600708,2.921768,3.455
9,21092035,3,894,7789,bike,7836,pedestrian,793.8,795.6,1.8,-10.703786,-2.460677,-10.807532,-2.533091,0.356
9,21092035,3,895,7789,bike,7842,pedestrian,795.6,797.2,1.6,-11.028209,-2.687124,-11.115918,-2.748344,0.173
9,21092035,3,896,7815,bike,7837,pedestrian,797,797.4,0.4,-11.041554,3.900844,-11.057062,3.896181,2.992
9,21092035,3,897,7819,bike,7837,pedestrian,797.8,798.4,0.6,-11.017602,3.942732,-11.047559,3.931321,1.538
9,21092035,3,898,7776,pedestrian,7833,car,800.8,802.4,1.6,-2.844134,5.12735,-2.753389,4.95143,1.397
9,21092035,3,900,7765,pedestrian,7841,bike,807.6,809,1.4,-9.508981,5.092403,-9.414251,5.158633,2.744
9,21092035,3,888,7827,pedestrian,7841,bike,790.4,809.4,19,-10.523036,4.30063,-9.337185,5.184235,0.816
9,21092035,3,899,7809,pedestrian,7831,bike,805,809.6,4.6,-4.753836,8.857754,-5.031206,8.71731,2.657
9,21092035,3,901,7776,pedestrian,7834,car,811.8,813.2,1.4,-3.24758,5.349922,-3.192217,5.302734,3.468
9,21092035,3,902,7796,pedestrian,7841,bike,820.2,821.4,1.2,-6.996435,6.825193,-6.916987,6.880706,2.665
9,21092035,3,903,7683,pedestrian,7848,car,821.2,821.4,0.2,-6.18948,-1.325339,-6.18948,-1.325339,4.973
9,21092035,3,905,7683,pedestrian,7838,car,822.6,822.8,0.2,-6.143222,-1.394032,-6.143222,-1.394032,4.95
9,21092035,3,904,7742,pedestrian,7847,car,822,823.2,1.2,-2.663653,8.207466,-2.827043,8.173722,3.069
9,21092035,3,906,7848,car,7851,pedestrian,825.4,825.8,0.4,-5.571531,-2.242881,-5.56133,-2.257599,4.675
9,21092035,3,907,7796,pedestrian,7831,bike,825.8,829.2,3.4,-7.082129,6.766244,-7.367145,6.568511,2.612
9,21092035,3,908,7809,pedestrian,7841,bike,828.4,830,1.6,-5.670321,8.23831,-5.550681,8.314058,2.301
9,21092035,3,909,7825,pedestrian,7841,bike,829.6,831,1.4,-5.439735,8.399865,-5.349431,8.462217,2.528
9,21092035,3,910,7832,pedestrian,7841,bike,830.2,831.4,1.2,-5.337546,8.475188,-5.271593,8.524776,2.687
9,21092035,3,911,7741,pedestrian,7831,bike,830.4,832.2,1.8,-7.568427,6.221876,-7.706376,6.186271,3.819
9,21092035,3,912,7827,pedestrian,7831,bike,833.2,835.2,2,-8.063062,6.011961,-8.135516,5.96172,0.093
9,21092035,3,913,7831,bike,7837,pedestrian,837.6,839.6,2,-8.672607,5.589286,-8.740048,5.54252,0.239
9,21092035,3,914,7719,pedestrian,7838,car,840.6,841,0.4,-3.698028,1.336402,-3.683684,1.346212,4.769
9,21092035,3,915,7723,pedestrian,7838,car,841,841.4,0.4,-3.615847,1.393958,-3.600263,1.404647,4.729
9,21092035,3,918,7822,pedestrian,7838,car,845,846.2,1.2,-2.795411,1.968542,-2.671587,2.054542,4.464
9,21092035,3,920,7715,pedestrian,7838,car,846,846.6,0.6,-2.605388,2.101428,-2.574382,2.122609,4.402
9,21092035,3,921,7763,pedestrian,7838,car,846.4,847,0.6,-2.522686,2.158571,-2.496084,2.176528,4.386
9,21092035,3,916,7832,pedestrian,7844,bike,844.6,847.4,2.8,-5.897536,8.074742,-6.09495,7.929713,1.879
9,21092035,3,922,7768,pedestrian,7838,car,846.8,847.4,0.6,-2.439495,2.215805,-2.412521,2.234022,4.375
9,21092035,3,917,7825,pedestrian,7844,bike,845,848.2,3.2,-5.958796,8.033445,-6.215129,7.842453,1.999
9,21092035,3,919,7809,pedestrian,7844,bike,846,849.2,3.2,-6.094716,7.934864,-6.351003,7.738176,2.144
9,21092035,3,923,7810,pedestrian,7838,car,850.2,851,0.8,-1.741108,2.69624,-1.698775,2.724863,4.225
9,21092035,3,924,7821,pedestrian,7838,car,850.4,851.6,1.2,-1.70749,2.71932,-1.586927,2.805826,4.211
9,21092035,3,925,7806,pedestrian,7838,car,851,852.2,1.2,-1.582022,2.805646,-1.462669,2.899074,4.387
9,21092035,3,926,7804,pedestrian,7838,car,851.8,852.2,0.4,-1.43494,2.915986,-1.411698,2.934453,4.648
9,21092035,3,927,7799,pedestrian,7831,bike,855.4,855.6,0.2,-11.073272,3.845499,-11.073272,3.845499,4.671
9,21092035,3,928,7799,pedestrian,7861,bike,855.8,856,0.2,-11.083312,3.83111,-11.083312,3.83111,4.687
9,21092035,3,930,7710,pedestrian,7848,car,859.2,859.6,0.4,-5.925494,-1.717037,-5.936656,-1.700872,4.859
9,21092035,3,931,7705,pedestrian,7848,car,859.6,860,0.4,-5.984459,-1.629483,-5.995621,-1.613317,4.9
9,21092035,3,932,7702,pedestrian,7848,car,860,860.4,0.4,-6.043424,-1.541928,-6.053889,-1.526814,4.942
9,21092035,3,929,7837,pedestrian,7853,car,859,860.8,1.8,-7.397677,6.045354,-7.52244,5.890975,1.273
9,21092035,3,933,7796,pedestrian,7844,bike,867,870.2,3.2,-8.767671,5.59591,-9.042851,5.402467,2.552
9,21092035,3,934,7741,pedestrian,7861,bike,868.6,870.6,2,-9.435392,5.141929,-9.370395,5.187349,2.726
9,21092035,3,935,7796,pedestrian,7861,bike,871.4,873.4,2,-9.091581,5.369483,-9.018213,5.421766,2.683
9,21092035,3,938,7799,pedestrian,7849,car,872.8,874.4,1.6,-11.257089,2.801925,-11.414823,2.743977,2.805
9,21092035,3,937,7765,pedestrian,7849,car,872.6,874.8,2.2,-11.246631,2.743253,-11.486184,2.666836,0.081
9,21092035,3,936,7741,pedestrian,7844,bike,871.6,875,3.4,-9.435399,5.14473,-9.746753,4.930189,2.843
9,21092035,3,939,7843,pedestrian,7848,car,874.8,875,0.2,-4.347498,0.881503,-4.347498,0.881503,4.959
9,21092035,3,940,7715,pedestrian,7848,car,876.4,876.8,0.4,-4.001522,1.12379,-3.984852,1.135228,4.849
9,21092035,3,941,7763,pedestrian,7848,car,876.8,877.2,0.4,-3.91459,1.184673,-3.89792,1.19611,4.827
9,21092035,3,942,7768,pedestrian,7848,car,877.2,877.6,0.4,-3.827658,1.245555,-3.813028,1.255546,4.807
9,21092035,3,943,7810,pedestrian,7848,car,878.8,879.4,0.6,-3.470377,1.49586,-3.439879,1.51672,4.676
9,21092035,3,944,7741,pedestrian,7868,bike,884.4,885.6,1.2,-10.222633,4.605711,-10.156695,4.653239,3.346
9,21092035,3,945,7700,pedestrian,7866,car,884.6,885.6,1,-5.64459,-2.134612,-5.576232,-2.235173,4.662
9,21092035,3,946,7809,pedestrian,7861,bike,886,888.2,2.2,-7.286502,6.624506,-7.197253,6.68631,2.609
9,21092035,3,948,7796,pedestrian,7868,bike,887,888.4,1.4,-9.731643,4.940582,-9.646481,5.001608,2.915
9,21092035,3,947,7825,pedestrian,7861,bike,886.4,888.8,2.4,-7.238145,6.658078,-7.119421,6.740357,2.62
9,21092035,3,949,7832,pedestrian,7861,bike,887,889.2,2.2,-7.177175,6.700424,-7.078126,6.769023,2.628
9,21092035,3,950,7776,pedestrian,7868,bike,895.4,897,1.6,-8.119057,5.973133,-8.030576,6.034488,0.175
9,21092035,3,951,7622,pedestrian,7876,car,897.8,898.6,0.8,-11.266599,-2.431777,-11.199521,-2.405399,4.538
9,21092035,3,953,7876,car,7877,pedestrian,898,898.6,0.6,-11.21886,-2.506239,-11.181086,-2.465874,2.008
9,21092035,3,952,7809,pedestrian,7868,bike,898,899.6,1.6,-7.689989,6.344365,-7.584702,6.417312,2.635
9,21092035,3,954,7825,pedestrian,7868,bike,898.6,900,1.4,-7.592221,6.412237,-7.501972,6.474758,2.601
9,21092035,3,956,7873,pedestrian,7876,car,900,900.2,0.2,-10.690928,-2.309263,-10.690928,-2.309263,4.998
9,21092035,3,955,7832,pedestrian,7868,bike,899,900.6,1.6,-7.51605,6.465123,-7.407375,6.540418,2.6
9,21092035,3,957,7869,pedestrian,7876,car,901.8,902,0.2,-10.319044,-2.05055,-10.319044,-2.05055,4.968
9,21092035,3,958,7865,pedestrian,7876,car,903,903.4,0.4,-10.063603,-1.872828,-10.037963,-1.855027,4.957
9,21092035,3,959,7837,pedestrian,7867,car,903.8,905.4,1.6,-4.774212,6.086245,-4.595728,5.966769,3.991
9,21092035,3,960,7827,pedestrian,7867,car,907.2,908.2,1,-4.043312,5.759206,-3.92398,5.744848,4.692
9,21092035,3,961,7858,pedestrian,7861,bike,908.8,912,3.2,-4.791215,8.790945,-4.7642,8.863445,0.366
9,21092035,3,962,7860,pedestrian,7861,bike,909.2,913,3.8,-4.72122,8.783805,-4.720675,8.839571,0.174
9,21092035,3,963,7779,pedestrian,7867,car,913,915.4,2.4,-2.904172,5.084782,-2.73311,4.968877,0.321
9,21092035,3,964,7790,pedestrian,7867,car,913.2,915.4,2.2,-2.896051,5.051956,-2.751808,4.954721,0.305
9,21092035,3,965,7800,pedestrian,7867,car,914,915.4,1.4,-2.89391,4.958864,-2.787487,4.886861,3.533
9,21092035,3,966,7858,pedestrian,7868,bike,914.4,915.8,1.4,-5.023237,8.723695,-4.945889,8.783608,2.669
9,21092035,3,967,7860,pedestrian,7868,bike,915,916.4,1.4,-4.933219,8.795309,-4.857952,8.850475,2.694
9,21092035,3,968,7837,pedestrian,7871,car,916.6,919.2,2.6,-3.905846,5.741648,-3.615048,5.594005,3.902
9,21092035,3,969,7827,pedestrian,7871,car,920.6,923.4,2.8,-3.227589,5.335682,-2.980235,5.090106,3.019
9,21092035,3,970,7803,pedestrian,7871,car,922.8,924,1.2,-2.816528,5.134761,-2.720111,5.081929,4.285
9,21092035,3,971,7851,pedestrian,7855,car,927.2,928.8,1.6,-2.097111,2.451338,-1.950193,2.551923,4.279
9,21092035,3,972,7843,pedestrian,7855,car,928,929.8,1.8,-1.961562,2.544627,-1.798218,2.656416,4.248
9,21092035,3,973,7837,pedestrian,7870,car,928.6,930.8,2.2,-3.12956,5.259666,-2.917437,5.017381,3.128
9,21092035,3,974,7827,pedestrian,7870,car,929.6,931.4,1.8,-2.905475,5.101456,-2.731972,4.992905,0.762
9,21092035,3,975,7807,pedestrian,7855,car,931.2,932,0.8,-1.463176,2.894036,-1.435765,2.918543,4.525
9,21092035,3,976,7860,pedestrian,7874,bike,935.6,939,3.4,-5.797714,8.143576,-6.117108,7.913867,1.89
9,21092035,3,977,7858,pedestrian,7874,bike,936.6,940.2,3.6,-5.95335,8.03715,-6.28795,7.789299,2.037
9,21092035,3,978,7816,pedestrian,7855,car,944.2,945.8,1.6,-2.605066,5.130971,-2.680236,5.241911,3.883
9,21092035,3,979,7807,pedestrian,7866,car,947.6,948.2,0.6,-2.380031,2.256673,-2.351259,2.27614,4.352
9,21092035,3,980,7832,pedestrian,7874,bike,962.4,965.2,2.8,-9.512241,5.093426,-9.75559,4.924142,2.892
9,21092035,3,981,7825,pedestrian,7874,bike,963.4,966,2.6,-9.659696,4.992704,-9.882961,4.837343,2.978
9,21092035,3,982,7809,pedestrian,7874,bike,964.2,966.8,2.6,-9.785454,4.906971,-10.007107,4.752677,3.088
9,21092035,3,985,7804,pedestrian,7876,car,971.6,973,1.4,-2.548476,7.543291,-2.43596,7.655061,3.175
9,21092035,3,983,7803,pedestrian,7876,car,971.4,973.2,1.8,-2.54031,7.465242,-2.387085,7.608142,0.802
9,21092035,3,984,7790,pedestrian,7876,car,971.4,973.2,1.8,-2.554536,7.497335,-2.391386,7.617595,1.073
9,21092035,3,987,7790,pedestrian,7866,car,973.8,975.2,1.4,-2.543234,7.537725,-2.434957,7.646714,2.843
9,21092035,3,986,7803,pedestrian,7866,car,973.6,975.4,1.8,-2.551844,7.499367,-2.390045,7.606466,1.073
9,21092035,3,988,7846,pedestrian,7855,car,1015,1017.4,2.4,-11.346649,2.658408,-11.589979,2.546902,3.353
